{
  "detector": {
    "detected_exceeded": false,
    "actual_err": 9.399652481079102e-05,
    "predicted_bound": 0.00018262945086462424,
    "elapsed_sec": 3.8123209476470947
  },
  "analyzer_report": {
    "component_estimates": {
      "input_storage_error": 9.399652481079102e-05,
      "statistics_computation_error": 9.399652481079102e-05,
      "output_storage_error": 0.0001421123743057251,
      "weight_storage_error": 9.399652481079102e-05,
      "bias_storage_error": 9.399652481079102e-05
    },
    "component_ratios": {
      "input_storage_error": 0.18142598291581583,
      "statistics_computation_error": 0.18142598291581583,
      "output_storage_error": 0.27429606833673675,
      "weight_storage_error": 0.18142598291581583,
      "bias_storage_error": 0.18142598291581583
    },
    "primary_source": "demote",
    "suggestion": "\u4e3b\u8981\u8bef\u5dee\u6765\u6e90\u4e3a\u8f93\u51fa\u964d\u7cbe\u5ea6\u3002\u5efa\u8bae\uff1a\u5ef6\u8fdf\u964d\u7cbe\u5ea6\u6216\u63d0\u9ad8\u8f93\u51fa\u7cbe\u5ea6\uff1b\u68c0\u67e5LayerNorm\u8f93\u51fa\u7684\u6570\u503c\u8303\u56f4\u3002",
    "statistics_errors": {
      "mean_error": 2.964725354104303e-09,
      "var_error": 9.912071163853398e-13,
      "std_error": 2.3283064365386963e-10
    },
    "norm_behavior_stats": {
      "normal": 10
    },
    "top_elements_summary": [
      {
        "coord": [
          7,
          230,
          274
        ],
        "element_error": 9.399652481079102e-05,
        "x_original": 0.0004454966401681304,
        "y_ref": 0.1389440894126892,
        "y_mixed": 0.1390380859375,
        "norm_behavior": "normal",
        "storage_error": 1.076841726899147e-07,
        "weight_error": 0.0,
        "bias_error": 0.0,
        "demote_error": 6.031990051269531e-05,
        "local_mean_error": 1.1409611033741385e-09,
        "local_std_error": 0.0
      },
      {
        "coord": [
          7,
          473,
          454
        ],
        "element_error": 9.3802809715271e-05,
        "x_original": 0.0004652806674130261,
        "y_ref": 0.14822162687778473,
        "y_mixed": 0.1483154296875,
        "norm_behavior": "normal",
        "storage_error": 1.1239899322390556e-07,
        "weight_error": 0.0,
        "bias_error": 0.0,
        "demote_error": 5.848705768585205e-05,
        "local_mean_error": 6.434675015043467e-10,
        "local_std_error": 0.0
      },
      {
        "coord": [
          3,
          273,
          253
        ],
        "element_error": 8.909404277801514e-05,
        "x_original": 0.00040902121691033244,
        "y_ref": 0.13028199970722198,
        "y_mixed": 0.13037109375,
        "norm_behavior": "normal",
        "storage_error": 1.0506482794880867e-07,
        "weight_error": 0.0,
        "bias_error": 0.0,
        "demote_error": 5.589425563812256e-05,
        "local_mean_error": 1.1141310096718371e-11,
        "local_std_error": 0.0
      },
      {
        "coord": [
          0,
          64,
          335
        ],
        "element_error": 8.359551429748535e-05,
        "x_original": 0.00042405276326462626,
        "y_ref": 0.13309511542320251,
        "y_mixed": 0.1331787109375,
        "norm_behavior": "normal",
        "storage_error": 9.388895705342293e-08,
        "weight_error": 0.0,
        "bias_error": 0.0,
        "demote_error": 5.410611629486084e-05,
        "local_mean_error": 5.611582309938967e-10,
        "local_std_error": 0.0
      },
      {
        "coord": [
          7,
          57,
          82
        ],
        "element_error": 8.307397365570068e-05,
        "x_original": 0.00040829472709447145,
        "y_ref": 0.1293114572763443,
        "y_mixed": 0.12939453125,
        "norm_behavior": "normal",
        "storage_error": 1.1629890650510788e-07,
        "weight_error": 0.0,
        "bias_error": 0.0,
        "demote_error": 4.616379737854004e-05,
        "local_mean_error": 4.673665898735635e-10,
        "local_std_error": 0.0
      },
      {
        "coord": [
          3,
          450,
          233
        ],
        "element_error": 8.131563663482666e-05,
        "x_original": -0.00040567765245214105,
        "y_ref": -0.12736009061336517,
        "y_mixed": -0.12744140625,
        "norm_behavior": "normal",
        "storage_error": 1.1076917871832848e-07,
        "weight_error": 0.0,
        "bias_error": 0.0,
        "demote_error": 4.6372413635253906e-05,
        "local_mean_error": 1.864464138634503e-10,
        "local_std_error": 0.0
      },
      {
        "coord": [
          3,
          372,
          132
        ],
        "element_error": 8.040666580200195e-05,
        "x_original": 0.0004166459839325398,
        "y_ref": 0.132121741771698,
        "y_mixed": 0.1322021484375,
        "norm_behavior": "normal",
        "storage_error": 1.0969233699142933e-07,
        "weight_error": 0.0,
        "bias_error": 0.0,
        "demote_error": 4.5880675315856934e-05,
        "local_mean_error": 4.6202330850064754e-10,
        "local_std_error": 2.3283064365386963e-10
      },
      {
        "coord": [
          4,
          215,
          680
        ],
        "element_error": 8.021295070648193e-05,
        "x_original": -0.0004161361139267683,
        "y_ref": -0.13032923638820648,
        "y_mixed": -0.1302490234375,
        "norm_behavior": "normal",
        "storage_error": 9.569339454174042e-08,
        "weight_error": 0.0,
        "bias_error": 0.0,
        "demote_error": 4.982948303222656e-05,
        "local_mean_error": 4.602043190971017e-10,
        "local_std_error": 0.0
      },
      {
        "coord": [
          5,
          238,
          361
        ],
        "element_error": 7.894635200500488e-05,
        "x_original": -0.00041734555270522833,
        "y_ref": -0.131670743227005,
        "y_mixed": -0.131591796875,
        "norm_behavior": "normal",
        "storage_error": 1.130392774939537e-07,
        "weight_error": 0.0,
        "bias_error": 0.0,
        "demote_error": 4.32431697845459e-05,
        "local_mean_error": 4.155253918725066e-11,
        "local_std_error": 0.0
      },
      {
        "coord": [
          7,
          202,
          175
        ],
        "element_error": 7.873773574829102e-05,
        "x_original": -0.0004704830644186586,
        "y_ref": -0.1502252221107483,
        "y_mixed": -0.150146484375,
        "norm_behavior": "normal",
        "storage_error": 8.320785127580166e-08,
        "weight_error": 0.0,
        "bias_error": 0.0,
        "demote_error": 5.2675604820251465e-05,
        "local_mean_error": 7.516973710153252e-10,
        "local_std_error": 0.0
      }
    ]
  }
}