{
  "detector": {
    "detected_exceeded": false,
    "actual_err": 0.0015501976013183594,
    "predicted_bound": 0.0017052173614501955,
    "elapsed_sec": 2.5078864097595215
  },
  "analyzer_report": {
    "component_estimates": {
      "input_storage_error": 0.0015501976013183594,
      "max_subtraction_error": 0.0015501976013183594,
      "exponential_error": 0.0015501976013183594,
      "sum_accumulation_error": 0.0015501976013183594,
      "output_storage_error": 0.0015501976013183594
    },
    "component_ratios": {
      "input_storage_error": 0.2,
      "max_subtraction_error": 0.2,
      "exponential_error": 0.2,
      "sum_accumulation_error": 0.2,
      "output_storage_error": 0.2
    },
    "primary_source": "storage",
    "suggestion": "\u5206\u6790\u7ed3\u679c\u4e0d\u660e\u786e\uff1b\u8bf7\u68c0\u67e5\u8f93\u5165\u5206\u5e03\u6216\u589e\u52a0MC\u91c7\u6837\u3002 \u68c0\u6d4b\u5230\u6781\u5c0f\u7684exp\u503c\uff0c\u53ef\u80fd\u5bfc\u81f4\u4e0b\u6ea2\u548c\u7cbe\u5ea6\u635f\u5931\u3002 100.0%\u7684top\u8bef\u5dee\u6765\u81eamax logit\u4f4d\u7f6e\uff0c\u8fd9\u901a\u5e38\u5bf9softmax\u8f93\u51fa\u5f71\u54cd\u6700\u5927\u3002",
    "input_stats": {
      "min": -15.42210578918457,
      "max": 26.744461059570312,
      "mean": 1.0783166885375977,
      "std": 6.351600646972656,
      "range": 42.16656494140625
    },
    "stability_stats": {
      "max_shifted_logit": 0.0,
      "min_shifted_logit": -41.28356170654297,
      "max_exp_val": 1.0,
      "min_exp_val": 1.177001290661144e-18,
      "exp_sum_max": 2.123591899871826,
      "exp_sum_min": 1.0234661102294922
    },
    "max_logit_error_ratio": 1.0,
    "top_elements_summary": [
      {
        "coord": [
          6,
          373
        ],
        "element_error": 0.0015501976013183594,
        "x_original": 24.12543487548828,
        "y_ref": 0.5830931663513184,
        "y_mixed": 0.58154296875,
        "storage_error": 0.00043487548828125,
        "demote_error": 0.00012189149856567383,
        "logit_analysis": {
          "softmax_position": 373,
          "softmax_dim_size": 512,
          "is_max_logit": true,
          "distance_from_max": 0.0
        }
      },
      {
        "coord": [
          6,
          159
        ],
        "element_error": 0.0014324486255645752,
        "x_original": 23.446388244628906,
        "y_ref": 0.2956866919994354,
        "y_mixed": 0.297119140625,
        "storage_error": 0.00673675537109375,
        "demote_error": 3.382563591003418e-05,
        "logit_analysis": {
          "softmax_position": 159,
          "softmax_dim_size": 512,
          "is_max_logit": true,
          "distance_from_max": 0.0
        }
      },
      {
        "coord": [
          3,
          198
        ],
        "element_error": 0.0012785494327545166,
        "x_original": 23.159881591796875,
        "y_ref": 0.2981535494327545,
        "y_mixed": 0.296875,
        "storage_error": 0.003631591796875,
        "demote_error": 3.1501054763793945e-05,
        "logit_analysis": {
          "softmax_position": 198,
          "softmax_dim_size": 512,
          "is_max_logit": true,
          "distance_from_max": 0.0
        }
      },
      {
        "coord": [
          0,
          508
        ],
        "element_error": 0.0012176185846328735,
        "x_original": 24.823143005371094,
        "y_ref": 0.20837710797786713,
        "y_mixed": 0.2095947265625,
        "storage_error": 0.00498199462890625,
        "demote_error": 5.120038986206055e-05,
        "logit_analysis": {
          "softmax_position": 508,
          "softmax_dim_size": 512,
          "is_max_logit": true,
          "distance_from_max": 0.0
        }
      },
      {
        "coord": [
          5,
          460
        ],
        "element_error": 0.001023620367050171,
        "x_original": 26.4464111328125,
        "y_ref": 0.47090020775794983,
        "y_mixed": 0.471923828125,
        "storage_error": 0.0067138671875,
        "demote_error": 3.597140312194824e-05,
        "logit_analysis": {
          "softmax_position": 460,
          "softmax_dim_size": 512,
          "is_max_logit": true,
          "distance_from_max": 0.0
        }
      },
      {
        "coord": [
          3,
          221
        ],
        "element_error": 0.0009291768074035645,
        "x_original": 23.684757232666016,
        "y_ref": 0.5039536356925964,
        "y_mixed": 0.5048828125,
        "storage_error": 0.002742767333984375,
        "demote_error": 0.00017219781875610352,
        "logit_analysis": {
          "softmax_position": 221,
          "softmax_dim_size": 512,
          "is_max_logit": true,
          "distance_from_max": 0.0
        }
      },
      {
        "coord": [
          0,
          152
        ],
        "element_error": 0.0008655935525894165,
        "x_original": 24.50679588317871,
        "y_ref": 0.15186657011508942,
        "y_mixed": 0.1510009765625,
        "storage_error": 0.0067958831787109375,
        "demote_error": 1.3262033462524414e-06,
        "logit_analysis": {
          "softmax_position": 152,
          "softmax_dim_size": 512,
          "is_max_logit": true,
          "distance_from_max": 0.0
        }
      },
      {
        "coord": [
          0,
          321
        ],
        "element_error": 0.0006585121154785156,
        "x_original": 25.861454010009766,
        "y_ref": 0.5885491371154785,
        "y_mixed": 0.587890625,
        "storage_error": 0.002079010009765625,
        "demote_error": 7.593631744384766e-05,
        "logit_analysis": {
          "softmax_position": 321,
          "softmax_dim_size": 512,
          "is_max_logit": true,
          "distance_from_max": 0.0
        }
      },
      {
        "coord": [
          2,
          205
        ],
        "element_error": 0.0005348920822143555,
        "x_original": 26.181907653808594,
        "y_ref": 0.9003440141677856,
        "y_mixed": 0.90087890625,
        "storage_error": 0.00559234619140625,
        "demote_error": 0.00012671947479248047,
        "logit_analysis": {
          "softmax_position": 205,
          "softmax_dim_size": 512,
          "is_max_logit": true,
          "distance_from_max": 0.0
        }
      },
      {
        "coord": [
          7,
          365
        ],
        "element_error": 0.0004824921488761902,
        "x_original": 23.43023109436035,
        "y_ref": 0.08728606253862381,
        "y_mixed": 0.0877685546875,
        "storage_error": 0.0072689056396484375,
        "demote_error": 1.0989606380462646e-05,
        "logit_analysis": {
          "softmax_position": 365,
          "softmax_dim_size": 512,
          "is_max_logit": true,
          "distance_from_max": 0.0
        }
      }
    ]
  }
}