{
  "detector": {
    "detected_exceeded": false,
    "actual_err": 0.00010810792446136475,
    "predicted_bound": 0.0002014644691371359,
    "elapsed_sec": 3.7877867221832275
  },
  "analyzer_report": {
    "component_estimates": {
      "input_storage_error": 0.00010810792446136475,
      "statistics_computation_error": 0.00010810792446136475,
      "output_storage_error": 0.00014941394329071045,
      "weight_storage_error": 0.00010810792446136475,
      "bias_storage_error": 0.00010810792446136475
    },
    "component_ratios": {
      "input_storage_error": 0.18580172612492638,
      "statistics_computation_error": 0.18580172612492638,
      "output_storage_error": 0.2567930955002945,
      "weight_storage_error": 0.18580172612492638,
      "bias_storage_error": 0.18580172612492638
    },
    "primary_source": "demote",
    "suggestion": "\u4e3b\u8981\u8bef\u5dee\u6765\u6e90\u4e3a\u8f93\u51fa\u964d\u7cbe\u5ea6\u3002\u5efa\u8bae\uff1a\u5ef6\u8fdf\u964d\u7cbe\u5ea6\u6216\u63d0\u9ad8\u8f93\u51fa\u7cbe\u5ea6\uff1b\u68c0\u67e5LayerNorm\u8f93\u51fa\u7684\u6570\u503c\u8303\u56f4\u3002",
    "statistics_errors": {
      "mean_error": 3.5524863051250577e-09,
      "var_error": 9.627854069549358e-13,
      "std_error": 2.3283064365386963e-10
    },
    "norm_behavior_stats": {
      "normal": 10
    },
    "top_elements_summary": [
      {
        "coord": [
          1,
          334,
          489
        ],
        "element_error": 0.00010810792446136475,
        "x_original": -0.0004894248559139669,
        "y_ref": -0.15416084229946136,
        "y_mixed": -0.154052734375,
        "norm_behavior": "normal",
        "storage_error": 1.8993159756064415e-07,
        "weight_error": 0.0,
        "bias_error": 0.0,
        "demote_error": 4.7832727432250977e-05,
        "local_mean_error": 7.706830729148351e-10,
        "local_std_error": 0.0
      },
      {
        "coord": [
          0,
          103,
          284
        ],
        "element_error": 9.509921073913574e-05,
        "x_original": -0.0004004302900284529,
        "y_ref": -0.12820079922676086,
        "y_mixed": -0.1282958984375,
        "norm_behavior": "normal",
        "storage_error": 1.1292286217212677e-07,
        "weight_error": 0.0,
        "bias_error": 0.0,
        "demote_error": 5.964934825897217e-05,
        "local_mean_error": 7.244125299621373e-10,
        "local_std_error": 0.0
      },
      {
        "coord": [
          7,
          344,
          171
        ],
        "element_error": 9.466707706451416e-05,
        "x_original": 0.00043881323654204607,
        "y_ref": 0.13796685636043549,
        "y_mixed": 0.1380615234375,
        "norm_behavior": "normal",
        "storage_error": 1.153675839304924e-07,
        "weight_error": 0.0,
        "bias_error": 0.0,
        "demote_error": 5.804002285003662e-05,
        "local_mean_error": 5.140918801771477e-10,
        "local_std_error": 0.0
      },
      {
        "coord": [
          0,
          82,
          312
        ],
        "element_error": 9.398162364959717e-05,
        "x_original": 0.00040019111474975944,
        "y_ref": 0.1257605105638504,
        "y_mixed": 0.1258544921875,
        "norm_behavior": "normal",
        "storage_error": 1.1367956176400185e-07,
        "weight_error": 0.0,
        "bias_error": 0.0,
        "demote_error": 5.796551704406738e-05,
        "local_mean_error": 2.4874680093489587e-10,
        "local_std_error": 0.0
      },
      {
        "coord": [
          4,
          482,
          686
        ],
        "element_error": 9.02712345123291e-05,
        "x_original": 0.00040874333353713155,
        "y_ref": 0.12753167748451233,
        "y_mixed": 0.12744140625,
        "norm_behavior": "normal",
        "storage_error": 9.388895705342293e-08,
        "weight_error": 0.0,
        "bias_error": 0.0,
        "demote_error": 6.058812141418457e-05,
        "local_mean_error": 8.003553375601768e-11,
        "local_std_error": 0.0
      },
      {
        "coord": [
          2,
          140,
          326
        ],
        "element_error": 8.997321128845215e-05,
        "x_original": -0.0004354732809588313,
        "y_ref": -0.13894811272621155,
        "y_mixed": -0.1390380859375,
        "norm_behavior": "normal",
        "storage_error": 1.1746305972337723e-07,
        "weight_error": 0.0,
        "bias_error": 0.0,
        "demote_error": 5.294382572174072e-05,
        "local_mean_error": 3.4424374462105334e-10,
        "local_std_error": 0.0
      },
      {
        "coord": [
          4,
          497,
          703
        ],
        "element_error": 8.994340896606445e-05,
        "x_original": -0.00043308475869707763,
        "y_ref": -0.13534384965896606,
        "y_mixed": -0.13525390625,
        "norm_behavior": "normal",
        "storage_error": 1.1661904864013195e-07,
        "weight_error": 0.0,
        "bias_error": 0.0,
        "demote_error": 5.2809715270996094e-05,
        "local_mean_error": 8.276401786133647e-10,
        "local_std_error": 0.0
      },
      {
        "coord": [
          3,
          302,
          525
        ],
        "element_error": 8.788704872131348e-05,
        "x_original": 0.0004264176241122186,
        "y_ref": 0.1337011754512787,
        "y_mixed": 0.1337890625,
        "norm_behavior": "normal",
        "storage_error": 1.1321390047669411e-07,
        "weight_error": 0.0,
        "bias_error": 0.0,
        "demote_error": 5.219876766204834e-05,
        "local_mean_error": 2.823981049004942e-10,
        "local_std_error": 0.0
      },
      {
        "coord": [
          6,
          324,
          300
        ],
        "element_error": 8.732080459594727e-05,
        "x_original": 0.00041256326949223876,
        "y_ref": 0.12935978174209595,
        "y_mixed": 0.1292724609375,
        "norm_behavior": "normal",
        "storage_error": 9.9127646535635e-08,
        "weight_error": 0.0,
        "bias_error": 0.0,
        "demote_error": 5.626678466796875e-05,
        "local_mean_error": 8.594724931754172e-10,
        "local_std_error": 0.0
      },
      {
        "coord": [
          7,
          96,
          332
        ],
        "element_error": 8.378922939300537e-05,
        "x_original": -0.00042519959970377386,
        "y_ref": -0.133018359541893,
        "y_mixed": -0.1329345703125,
        "norm_behavior": "normal",
        "storage_error": 9.927316568791866e-08,
        "weight_error": 0.0,
        "bias_error": 0.0,
        "demote_error": 5.2303075790405273e-05,
        "local_mean_error": 3.092281986027956e-10,
        "local_std_error": 0.0
      }
    ]
  }
}