{
  "detector": {
    "detected_exceeded": false,
    "actual_err": 5.392730236053467e-05,
    "predicted_bound": 0.00013487219985108823,
    "elapsed_sec": 3.8646011352539062
  },
  "meta": {
    "distribution": "adversarial_sum",
    "bias": true,
    "batch_size": 32,
    "in_features": 1024,
    "out_features": 4096
  },
  "analyzer_report": {
    "component_estimates": {
      "input_storage_error": 5.392730236053467e-05,
      "weight_storage_error": 5.392730236053467e-05,
      "accumulation_error": 5.392730236053467e-05,
      "output_storage_error": 0.00010380148887634277,
      "bias_storage_error": 5.392730236053467e-05
    },
    "component_ratios": {
      "input_storage_error": 0.16878089730435594,
      "weight_storage_error": 0.16878089730435594,
      "accumulation_error": 0.16878089730435594,
      "output_storage_error": 0.32487641078257623,
      "bias_storage_error": 0.16878089730435594
    },
    "primary_source": "input_storage",
    "suggestion": "\u4e3b\u8981\u8bef\u5dee\u6765\u6e90\u4e3a\u8f93\u5165\u5b58\u50a8\u7cbe\u5ea6\u3002\u5efa\u8bae\uff1a\u63d0\u5347\u8f93\u5165\u5b58\u50a8\u7cbe\u5ea6\u6216\u8fdb\u884c\u8f93\u5165\u5f52\u4e00\u5316/\u6807\u51c6\u5316\u4ee5\u964d\u4f4e\u6570\u503c\u8303\u56f4\u3002",
    "aggregated_ratios": {
      "input_storage": 0.9762816877027605,
      "weight_storage": 0.0,
      "bias_storage": 0.0,
      "accumulation": 0.00010621130611694145,
      "demote": 0.02361210099112255
    },
    "top_neurons_summary": [
      {
        "coord": [
          14,
          2695
        ],
        "neuron_error": 5.392730236053467e-05,
        "y_ref": -0.14104513823986053,
        "y_mixed": -0.1409912109375,
        "input_storage_error": 0.0014480012468993664,
        "weight_storage_error": 0.0,
        "bias_storage_error": 0.0,
        "accumulation_estimate": 2.384185791015625e-07,
        "demote_error": 5.257129669189453e-05,
        "in_features": 1024,
        "neuron_idx": 2695,
        "batch_idx": 14
      },
      {
        "coord": [
          14,
          2698
        ],
        "neuron_error": 5.364418029785156e-05,
        "y_ref": -0.13286614418029785,
        "y_mixed": -0.1328125,
        "input_storage_error": 0.0014480012468993664,
        "weight_storage_error": 0.0,
        "bias_storage_error": 0.0,
        "accumulation_estimate": 2.384185791015625e-07,
        "demote_error": 4.4286251068115234e-05,
        "in_features": 1024,
        "neuron_idx": 2698,
        "batch_idx": 14
      },
      {
        "coord": [
          28,
          408
        ],
        "neuron_error": 5.187094211578369e-05,
        "y_ref": 0.06507264077663422,
        "y_mixed": 0.06512451171875,
        "input_storage_error": 0.001580757088959217,
        "weight_storage_error": 0.0,
        "bias_storage_error": 0.0,
        "accumulation_estimate": 1.1920928955078125e-07,
        "demote_error": 2.872943878173828e-05,
        "in_features": 1024,
        "neuron_idx": 408,
        "batch_idx": 28
      },
      {
        "coord": [
          16,
          991
        ],
        "neuron_error": 5.0731003284454346e-05,
        "y_ref": 0.08960991352796555,
        "y_mixed": 0.08966064453125,
        "input_storage_error": 0.0013772343518212438,
        "weight_storage_error": 0.0,
        "bias_storage_error": 0.0,
        "accumulation_estimate": 1.1920928955078125e-07,
        "demote_error": 2.9556453227996826e-05,
        "in_features": 1024,
        "neuron_idx": 991,
        "batch_idx": 16
      },
      {
        "coord": [
          8,
          2997
        ],
        "neuron_error": 4.966557025909424e-05,
        "y_ref": 0.0645865648984909,
        "y_mixed": 0.06463623046875,
        "input_storage_error": 0.0013710858765989542,
        "weight_storage_error": 0.0,
        "bias_storage_error": 0.0,
        "accumulation_estimate": 1.1920928955078125e-07,
        "demote_error": 3.0182301998138428e-05,
        "in_features": 1024,
        "neuron_idx": 2997,
        "batch_idx": 8
      },
      {
        "coord": [
          27,
          507
        ],
        "neuron_error": 4.963576793670654e-05,
        "y_ref": -0.0792122334241867,
        "y_mixed": -0.07916259765625,
        "input_storage_error": 0.0014686612412333488,
        "weight_storage_error": 0.0,
        "bias_storage_error": 0.0,
        "accumulation_estimate": 1.1920928955078125e-07,
        "demote_error": 3.049522638320923e-05,
        "in_features": 1024,
        "neuron_idx": 507,
        "batch_idx": 27
      },
      {
        "coord": [
          31,
          4070
        ],
        "neuron_error": 4.918873310089111e-05,
        "y_ref": 0.1273922175168991,
        "y_mixed": 0.12744140625,
        "input_storage_error": 0.0013529446441680193,
        "weight_storage_error": 0.0,
        "bias_storage_error": 0.0,
        "accumulation_estimate": 2.384185791015625e-07,
        "demote_error": 4.315376281738281e-05,
        "in_features": 1024,
        "neuron_idx": 4070,
        "batch_idx": 31
      },
      {
        "coord": [
          16,
          4094
        ],
        "neuron_error": 4.832446575164795e-05,
        "y_ref": 0.07484181225299835,
        "y_mixed": 0.07489013671875,
        "input_storage_error": 0.0013772343518212438,
        "weight_storage_error": 0.0,
        "bias_storage_error": 0.0,
        "accumulation_estimate": 1.1920928955078125e-07,
        "demote_error": 2.742558717727661e-05,
        "in_features": 1024,
        "neuron_idx": 4094,
        "batch_idx": 16
      },
      {
        "coord": [
          0,
          1860
        ],
        "neuron_error": 4.708021879196167e-05,
        "y_ref": 0.06263602524995804,
        "y_mixed": 0.06268310546875,
        "input_storage_error": 0.0013975680340081453,
        "weight_storage_error": 0.0,
        "bias_storage_error": 0.0,
        "accumulation_estimate": 1.1920928955078125e-07,
        "demote_error": 2.787262201309204e-05,
        "in_features": 1024,
        "neuron_idx": 1860,
        "batch_idx": 0
      },
      {
        "coord": [
          19,
          1525
        ],
        "neuron_error": 4.604458808898926e-05,
        "y_ref": -0.06620815396308899,
        "y_mixed": -0.066162109375,
        "input_storage_error": 0.0014233607798814774,
        "weight_storage_error": 0.0,
        "bias_storage_error": 0.0,
        "accumulation_estimate": 1.1920928955078125e-07,
        "demote_error": 3.0249357223510742e-05,
        "in_features": 1024,
        "neuron_idx": 1525,
        "batch_idx": 19
      }
    ]
  }
}