{
  "detector": {
    "detected_exceeded": false,
    "actual_err": 9.207427501678467e-05,
    "predicted_bound": 0.00018105849740095438,
    "elapsed_sec": 3.6525063514709473
  },
  "analyzer_report": {
    "component_estimates": {
      "input_storage_error": 9.207427501678467e-05,
      "statistics_computation_error": 9.207427501678467e-05,
      "output_storage_error": 0.000143393874168396,
      "weight_storage_error": 9.207427501678467e-05,
      "bias_storage_error": 9.207427501678467e-05
    },
    "component_ratios": {
      "input_storage_error": 0.1799411747575643,
      "statistics_computation_error": 0.1799411747575643,
      "output_storage_error": 0.28023530096974286,
      "weight_storage_error": 0.1799411747575643,
      "bias_storage_error": 0.1799411747575643
    },
    "primary_source": "demote",
    "suggestion": "\u4e3b\u8981\u8bef\u5dee\u6765\u6e90\u4e3a\u8f93\u51fa\u964d\u7cbe\u5ea6\u3002\u5efa\u8bae\uff1a\u5ef6\u8fdf\u964d\u7cbe\u5ea6\u6216\u63d0\u9ad8\u8f93\u51fa\u7cbe\u5ea6\uff1b\u68c0\u67e5LayerNorm\u8f93\u51fa\u7684\u6570\u503c\u8303\u56f4\u3002",
    "statistics_errors": {
      "mean_error": 3.055902197957039e-09,
      "var_error": 9.530154443382344e-13,
      "std_error": 2.3283064365386963e-10
    },
    "norm_behavior_stats": {
      "normal": 10
    },
    "top_elements_summary": [
      {
        "coord": [
          6,
          94,
          746
        ],
        "element_error": 9.207427501678467e-05,
        "x_original": 0.0003868141502607614,
        "y_ref": 0.12521414458751678,
        "y_mixed": 0.1251220703125,
        "norm_behavior": "normal",
        "storage_error": 9.92149580270052e-08,
        "weight_error": 0.0,
        "bias_error": 0.0,
        "demote_error": 6.097555160522461e-05,
        "local_mean_error": 8.11269273981452e-10,
        "local_std_error": 0.0
      },
      {
        "coord": [
          2,
          397,
          244
        ],
        "element_error": 8.763372898101807e-05,
        "x_original": -0.00041209315531887114,
        "y_ref": -0.12923802435398102,
        "y_mixed": -0.129150390625,
        "norm_behavior": "normal",
        "storage_error": 1.0585063137114048e-07,
        "weight_error": 0.0,
        "bias_error": 0.0,
        "demote_error": 5.395710468292236e-05,
        "local_mean_error": 7.028120307950303e-10,
        "local_std_error": 0.0
      },
      {
        "coord": [
          2,
          113,
          482
        ],
        "element_error": 8.696317672729492e-05,
        "x_original": 0.0004092167364433408,
        "y_ref": 0.1292373538017273,
        "y_mixed": 0.129150390625,
        "norm_behavior": "normal",
        "storage_error": 9.045470505952835e-08,
        "weight_error": 0.0,
        "bias_error": 0.0,
        "demote_error": 5.838274955749512e-05,
        "local_mean_error": 8.969891496235505e-11,
        "local_std_error": 2.3283064365386963e-10
      },
      {
        "coord": [
          6,
          154,
          283
        ],
        "element_error": 8.626282215118408e-05,
        "x_original": -0.0004139840602874756,
        "y_ref": -0.12862630188465118,
        "y_mixed": -0.1285400390625,
        "norm_behavior": "normal",
        "storage_error": 8.940696716308594e-08,
        "weight_error": 0.0,
        "bias_error": 0.0,
        "demote_error": 5.7891011238098145e-05,
        "local_mean_error": 3.688001015689224e-10,
        "local_std_error": 0.0
      },
      {
        "coord": [
          3,
          304,
          676
        ],
        "element_error": 8.539855480194092e-05,
        "x_original": -0.0004058867343701422,
        "y_ref": -0.12777094542980194,
        "y_mixed": -0.127685546875,
        "norm_behavior": "normal",
        "storage_error": 9.831273928284645e-08,
        "weight_error": 0.0,
        "bias_error": 0.0,
        "demote_error": 5.418062210083008e-05,
        "local_mean_error": 4.812363840756007e-10,
        "local_std_error": 0.0
      },
      {
        "coord": [
          1,
          71,
          185
        ],
        "element_error": 8.495151996612549e-05,
        "x_original": 0.00043449958320707083,
        "y_ref": 0.13765819370746613,
        "y_mixed": 0.1375732421875,
        "norm_behavior": "normal",
        "storage_error": 1.0093208402395248e-07,
        "weight_error": 0.0,
        "bias_error": 0.0,
        "demote_error": 5.303323268890381e-05,
        "local_mean_error": 3.603872755775228e-11,
        "local_std_error": 0.0
      },
      {
        "coord": [
          1,
          434,
          556
        ],
        "element_error": 8.215010166168213e-05,
        "x_original": 0.0004492515872698277,
        "y_ref": 0.14266027510166168,
        "y_mixed": 0.142578125,
        "norm_behavior": "normal",
        "storage_error": 7.09842424839735e-08,
        "weight_error": 0.0,
        "bias_error": 0.0,
        "demote_error": 6.0051679611206055e-05,
        "local_mean_error": 1.1034444469260052e-09,
        "local_std_error": 0.0
      },
      {
        "coord": [
          0,
          436,
          53
        ],
        "element_error": 8.191168308258057e-05,
        "x_original": -0.0005439971573650837,
        "y_ref": -0.17093859612941742,
        "y_mixed": -0.1710205078125,
        "norm_behavior": "normal",
        "storage_error": 7.404014468193054e-08,
        "weight_error": 0.0,
        "bias_error": 0.0,
        "demote_error": 5.830824375152588e-05,
        "local_mean_error": 6.139089236967266e-10,
        "local_std_error": 0.0
      },
      {
        "coord": [
          1,
          243,
          205
        ],
        "element_error": 8.127093315124512e-05,
        "x_original": -0.00040875282138586044,
        "y_ref": -0.12959787249565125,
        "y_mixed": -0.1295166015625,
        "norm_behavior": "normal",
        "storage_error": 1.0337680578231812e-07,
        "weight_error": 0.0,
        "bias_error": 0.0,
        "demote_error": 4.86224889755249e-05,
        "local_mean_error": 6.434675015043467e-11,
        "local_std_error": 0.0
      },
      {
        "coord": [
          5,
          329,
          109
        ],
        "element_error": 7.911026477813721e-05,
        "x_original": -0.0003930786333512515,
        "y_ref": -0.12540917098522186,
        "y_mixed": -0.12548828125,
        "norm_behavior": "normal",
        "storage_error": 7.360358722507954e-08,
        "weight_error": 0.0,
        "bias_error": 0.0,
        "demote_error": 5.5789947509765625e-05,
        "local_mean_error": 1.3528733688872308e-10,
        "local_std_error": 0.0
      }
    ]
  }
}