{
  "detector": {
    "detected_exceeded": false,
    "actual_err": 0.0011025071144104004,
    "predicted_bound": 0.0017498672008514405,
    "elapsed_sec": 2.4994821548461914
  },
  "analyzer_report": {
    "component_estimates": {
      "input_storage_error": 0.0011025071144104004,
      "max_subtraction_error": 0.0011025071144104004,
      "exponential_error": 0.0011025071144104004,
      "sum_accumulation_error": 0.0011025071144104004,
      "output_storage_error": 0.0011025071144104004
    },
    "component_ratios": {
      "input_storage_error": 0.2,
      "max_subtraction_error": 0.2,
      "exponential_error": 0.2,
      "sum_accumulation_error": 0.2,
      "output_storage_error": 0.2
    },
    "primary_source": "storage",
    "suggestion": "\u5206\u6790\u7ed3\u679c\u4e0d\u660e\u786e\uff1b\u8bf7\u68c0\u67e5\u8f93\u5165\u5206\u5e03\u6216\u589e\u52a0MC\u91c7\u6837\u3002 \u68c0\u6d4b\u5230\u6781\u5c0f\u7684exp\u503c\uff0c\u53ef\u80fd\u5bfc\u81f4\u4e0b\u6ea2\u548c\u7cbe\u5ea6\u635f\u5931\u3002 100.0%\u7684top\u8bef\u5dee\u6765\u81eamax logit\u4f4d\u7f6e\uff0c\u8fd9\u901a\u5e38\u5bf9softmax\u8f93\u51fa\u5f71\u54cd\u6700\u5927\u3002",
    "input_stats": {
      "min": -21.130229949951172,
      "max": 30.42483901977539,
      "mean": 0.8691955804824829,
      "std": 6.1361985206604,
      "range": 51.55506896972656
    },
    "stability_stats": {
      "max_shifted_logit": 0.0,
      "min_shifted_logit": -49.403419494628906,
      "max_exp_val": 1.0,
      "min_exp_val": 3.5024144343880294e-22,
      "exp_sum_max": 1.4935193061828613,
      "exp_sum_min": 1.0000061988830566
    },
    "max_logit_error_ratio": 1.0,
    "top_elements_summary": [
      {
        "coord": [
          6,
          309
        ],
        "element_error": 0.0011025071144104004,
        "x_original": 23.25189971923828,
        "y_ref": 0.6695595383644104,
        "y_mixed": 0.66845703125,
        "storage_error": 0.00189971923828125,
        "demote_error": 3.0100345611572266e-05,
        "logit_analysis": {
          "softmax_position": 309,
          "softmax_dim_size": 512,
          "is_max_logit": true,
          "distance_from_max": 0.0
        }
      },
      {
        "coord": [
          6,
          213
        ],
        "element_error": 0.0010710954666137695,
        "x_original": 22.43415069580078,
        "y_ref": 0.29555976390838623,
        "y_mixed": 0.296630859375,
        "storage_error": 0.00334930419921875,
        "demote_error": 8.493661880493164e-06,
        "logit_analysis": {
          "softmax_position": 213,
          "softmax_dim_size": 512,
          "is_max_logit": true,
          "distance_from_max": 0.0
        }
      },
      {
        "coord": [
          4,
          268
        ],
        "element_error": 0.000510871410369873,
        "x_original": 28.072063446044922,
        "y_ref": 0.8998797535896301,
        "y_mixed": 0.900390625,
        "storage_error": 0.006061553955078125,
        "demote_error": 7.95125961303711e-05,
        "logit_analysis": {
          "softmax_position": 268,
          "softmax_dim_size": 512,
          "is_max_logit": true,
          "distance_from_max": 0.0
        }
      },
      {
        "coord": [
          3,
          166
        ],
        "element_error": 0.00043278932571411133,
        "x_original": 27.241683959960938,
        "y_ref": 0.9271906018257141,
        "y_mixed": 0.9267578125,
        "storage_error": 0.0073089599609375,
        "demote_error": 7.426738739013672e-05,
        "logit_analysis": {
          "softmax_position": 166,
          "softmax_dim_size": 512,
          "is_max_logit": true,
          "distance_from_max": 0.0
        }
      },
      {
        "coord": [
          3,
          199
        ],
        "element_error": 0.00030911341309547424,
        "x_original": 23.588136672973633,
        "y_ref": 0.024013396352529526,
        "y_mixed": 0.024322509765625,
        "storage_error": 0.0056133270263671875,
        "demote_error": 6.197020411491394e-06,
        "logit_analysis": {
          "softmax_position": 199,
          "softmax_dim_size": 512,
          "is_max_logit": true,
          "distance_from_max": 0.0
        }
      },
      {
        "coord": [
          7,
          273
        ],
        "element_error": 0.00028389692306518555,
        "x_original": 26.585485458374023,
        "y_ref": 0.2793366312980652,
        "y_mixed": 0.279052734375,
        "storage_error": 0.0073604583740234375,
        "demote_error": 9.515881538391113e-05,
        "logit_analysis": {
          "softmax_position": 273,
          "softmax_dim_size": 512,
          "is_max_logit": true,
          "distance_from_max": 0.0
        }
      },
      {
        "coord": [
          4,
          405
        ],
        "element_error": 0.00026822835206985474,
        "x_original": 25.700719833374023,
        "y_ref": 0.08400846272706985,
        "y_mixed": 0.083740234375,
        "storage_error": 0.0024051666259765625,
        "demote_error": 1.7508864402770996e-06,
        "logit_analysis": {
          "softmax_position": 405,
          "softmax_dim_size": 512,
          "is_max_logit": true,
          "distance_from_max": 0.0
        }
      },
      {
        "coord": [
          2,
          42
        ],
        "element_error": 0.00017899274826049805,
        "x_original": 27.296695709228516,
        "y_ref": 0.7888835072517395,
        "y_mixed": 0.7890625,
        "storage_error": 0.000179290771484375,
        "demote_error": 0.0001723766326904297,
        "logit_analysis": {
          "softmax_position": 42,
          "softmax_dim_size": 512,
          "is_max_logit": true,
          "distance_from_max": 0.0
        }
      },
      {
        "coord": [
          5,
          479
        ],
        "element_error": 0.0001682378351688385,
        "x_original": 23.963621139526367,
        "y_ref": 0.013236608356237411,
        "y_mixed": 0.01340484619140625,
        "storage_error": 0.0051288604736328125,
        "demote_error": 1.6260892152786255e-06,
        "logit_analysis": {
          "softmax_position": 479,
          "softmax_dim_size": 512,
          "is_max_logit": true,
          "distance_from_max": 0.0
        }
      },
      {
        "coord": [
          7,
          209
        ],
        "element_error": 0.00016678869724273682,
        "x_original": 23.904617309570312,
        "y_ref": 0.019135579466819763,
        "y_mixed": 0.0193023681640625,
        "storage_error": 0.0016326904296875,
        "demote_error": 6.966292858123779e-06,
        "logit_analysis": {
          "softmax_position": 209,
          "softmax_dim_size": 512,
          "is_max_logit": true,
          "distance_from_max": 0.0
        }
      }
    ]
  }
}