{
  "detector": {
    "detected_exceeded": false,
    "actual_err": 0.0021825432777404785,
    "predicted_bound": 0.0025856256484985355,
    "elapsed_sec": 2.4892756938934326
  },
  "analyzer_report": {
    "component_estimates": {
      "input_storage_error": 0.0021825432777404785,
      "max_subtraction_error": 0.0021825432777404785,
      "exponential_error": 0.0021825432777404785,
      "sum_accumulation_error": 0.0021825432777404785,
      "output_storage_error": 0.0021825432777404785
    },
    "component_ratios": {
      "input_storage_error": 0.2,
      "max_subtraction_error": 0.2,
      "exponential_error": 0.2,
      "sum_accumulation_error": 0.2,
      "output_storage_error": 0.2
    },
    "primary_source": "storage",
    "suggestion": "\u5206\u6790\u7ed3\u679c\u4e0d\u660e\u786e\uff1b\u8bf7\u68c0\u67e5\u8f93\u5165\u5206\u5e03\u6216\u589e\u52a0MC\u91c7\u6837\u3002 \u68c0\u6d4b\u5230\u6781\u5c0f\u7684exp\u503c\uff0c\u53ef\u80fd\u5bfc\u81f4\u4e0b\u6ea2\u548c\u7cbe\u5ea6\u635f\u5931\u3002 90.2%\u7684top\u8bef\u5dee\u6765\u81eamax logit\u4f4d\u7f6e\uff0c\u8fd9\u901a\u5e38\u5bf9softmax\u8f93\u51fa\u5f71\u54cd\u6700\u5927\u3002",
    "input_stats": {
      "min": -18.667579650878906,
      "max": 32.305381774902344,
      "mean": 0.9362879991531372,
      "std": 6.1350626945495605,
      "range": 50.97296142578125
    },
    "stability_stats": {
      "max_shifted_logit": 0.0,
      "min_shifted_logit": -45.25242614746094,
      "max_exp_val": 1.0,
      "min_exp_val": 2.223929522135227e-20,
      "exp_sum_max": 1.8193070888519287,
      "exp_sum_min": 1.0051848888397217
    },
    "max_logit_error_ratio": 0.9018784047850071,
    "top_elements_summary": [
      {
        "coord": [
          4,
          30
        ],
        "element_error": 0.0021825432777404785,
        "x_original": 22.713003158569336,
        "y_ref": 0.3198389410972595,
        "y_mixed": 0.322021484375,
        "storage_error": 0.0057468414306640625,
        "demote_error": 7.325410842895508e-05,
        "logit_analysis": {
          "softmax_position": 30,
          "softmax_dim_size": 512,
          "is_max_logit": true,
          "distance_from_max": 0.0
        }
      },
      {
        "coord": [
          4,
          392
        ],
        "element_error": 0.0018622875213623047,
        "x_original": 23.347806930541992,
        "y_ref": 0.6034247875213623,
        "y_mixed": 0.6015625,
        "storage_error": 0.0040569305419921875,
        "demote_error": 8.404254913330078e-05,
        "logit_analysis": {
          "softmax_position": 392,
          "softmax_dim_size": 512,
          "is_max_logit": true,
          "distance_from_max": 0.0
        }
      },
      {
        "coord": [
          6,
          272
        ],
        "element_error": 0.0016096830368041992,
        "x_original": 22.025331497192383,
        "y_ref": 0.5496598482131958,
        "y_mixed": 0.55126953125,
        "storage_error": 0.0059185028076171875,
        "demote_error": 9.888410568237305e-05,
        "logit_analysis": {
          "softmax_position": 272,
          "softmax_dim_size": 512,
          "is_max_logit": true,
          "distance_from_max": 0.0
        }
      },
      {
        "coord": [
          6,
          208
        ],
        "element_error": 0.001191943883895874,
        "x_original": 20.569194793701172,
        "y_ref": 0.12814506888389587,
        "y_mixed": 0.126953125,
        "storage_error": 0.006694793701171875,
        "demote_error": 2.0906329154968262e-05,
        "logit_analysis": {
          "softmax_position": 208,
          "softmax_dim_size": 512,
          "is_max_logit": false,
          "distance_from_max": -8.445966720581055
        }
      },
      {
        "coord": [
          2,
          224
        ],
        "element_error": 0.0010449886322021484,
        "x_original": 26.16874122619629,
        "y_ref": 0.9003221988677979,
        "y_mixed": 0.9013671875,
        "storage_error": 0.0031337738037109375,
        "demote_error": 0.00021314620971679688,
        "logit_analysis": {
          "softmax_position": 224,
          "softmax_dim_size": 512,
          "is_max_logit": true,
          "distance_from_max": 0.0
        }
      },
      {
        "coord": [
          1,
          53
        ],
        "element_error": 0.0010351389646530151,
        "x_original": 24.85816192626953,
        "y_ref": 0.14947755634784698,
        "y_mixed": 0.1505126953125,
        "storage_error": 0.00121307373046875,
        "demote_error": 2.9787421226501465e-05,
        "logit_analysis": {
          "softmax_position": 53,
          "softmax_dim_size": 512,
          "is_max_logit": true,
          "distance_from_max": 0.0
        }
      },
      {
        "coord": [
          1,
          310
        ],
        "element_error": 0.001004934310913086,
        "x_original": 26.58484649658203,
        "y_ref": 0.8403604030609131,
        "y_mixed": 0.83935546875,
        "storage_error": 0.00672149658203125,
        "demote_error": 2.9206275939941406e-05,
        "logit_analysis": {
          "softmax_position": 310,
          "softmax_dim_size": 512,
          "is_max_logit": true,
          "distance_from_max": 0.0
        }
      },
      {
        "coord": [
          0,
          315
        ],
        "element_error": 0.000948786735534668,
        "x_original": 20.39344024658203,
        "y_ref": 0.6244839429855347,
        "y_mixed": 0.62353515625,
        "storage_error": 0.00281524658203125,
        "demote_error": 0.00016355514526367188,
        "logit_analysis": {
          "softmax_position": 315,
          "softmax_dim_size": 512,
          "is_max_logit": true,
          "distance_from_max": 0.0
        }
      },
      {
        "coord": [
          2,
          455
        ],
        "element_error": 0.0008293017745018005,
        "x_original": 23.928251266479492,
        "y_ref": 0.0958000048995018,
        "y_mixed": 0.094970703125,
        "storage_error": 0.0063762664794921875,
        "demote_error": 1.0229647159576416e-05,
        "logit_analysis": {
          "softmax_position": 455,
          "softmax_dim_size": 512,
          "is_max_logit": true,
          "distance_from_max": 0.0
        }
      },
      {
        "coord": [
          0,
          458
        ],
        "element_error": 0.00043801218271255493,
        "x_original": 17.805070877075195,
        "y_ref": 0.046925269067287445,
        "y_mixed": 0.04736328125,
        "storage_error": 0.0074291229248046875,
        "demote_error": 1.4435499906539917e-05,
        "logit_analysis": {
          "softmax_position": 458,
          "softmax_dim_size": 512,
          "is_max_logit": true,
          "distance_from_max": 0.0
        }
      }
    ]
  }
}