{
  "detector": {
    "detected_exceeded": false,
    "actual_err": 6.435811519622803e-05,
    "predicted_bound": 0.00014376429171534256,
    "elapsed_sec": 3.9000096321105957
  },
  "meta": {
    "distribution": "adversarial_sum",
    "bias": true,
    "batch_size": 32,
    "in_features": 1024,
    "out_features": 4096
  },
  "analyzer_report": {
    "component_estimates": {
      "input_storage_error": 6.435811519622803e-05,
      "weight_storage_error": 6.435811519622803e-05,
      "accumulation_error": 6.435811519622803e-05,
      "output_storage_error": 0.00011220574378967285,
      "bias_storage_error": 6.435811519622803e-05
    },
    "component_ratios": {
      "input_storage_error": 0.17411110215270498,
      "weight_storage_error": 0.17411110215270498,
      "accumulation_error": 0.17411110215270498,
      "output_storage_error": 0.30355559138918004,
      "bias_storage_error": 0.17411110215270498
    },
    "primary_source": "input_storage",
    "suggestion": "\u4e3b\u8981\u8bef\u5dee\u6765\u6e90\u4e3a\u8f93\u5165\u5b58\u50a8\u7cbe\u5ea6\u3002\u5efa\u8bae\uff1a\u63d0\u5347\u8f93\u5165\u5b58\u50a8\u7cbe\u5ea6\u6216\u8fdb\u884c\u8f93\u5165\u5f52\u4e00\u5316/\u6807\u51c6\u5316\u4ee5\u964d\u4f4e\u6570\u503c\u8303\u56f4\u3002",
    "aggregated_ratios": {
      "input_storage": 0.9691236560522739,
      "weight_storage": 0.0,
      "bias_storage": 0.0,
      "accumulation": 0.00013677006031726223,
      "demote": 0.030739573887408795
    },
    "top_neurons_summary": [
      {
        "coord": [
          11,
          3992
        ],
        "neuron_error": 6.435811519622803e-05,
        "y_ref": -0.12591885030269623,
        "y_mixed": -0.1258544921875,
        "input_storage_error": 0.0014226972125470638,
        "weight_storage_error": 0.0,
        "bias_storage_error": 0.0,
        "accumulation_estimate": 2.384185791015625e-07,
        "demote_error": 5.6609511375427246e-05,
        "in_features": 1024,
        "neuron_idx": 3992,
        "batch_idx": 11
      },
      {
        "coord": [
          11,
          1732
        ],
        "neuron_error": 6.362795829772949e-05,
        "y_ref": -0.13897445797920227,
        "y_mixed": -0.1390380859375,
        "input_storage_error": 0.0014226972125470638,
        "weight_storage_error": 0.0,
        "bias_storage_error": 0.0,
        "accumulation_estimate": 2.384185791015625e-07,
        "demote_error": 5.1781535148620605e-05,
        "in_features": 1024,
        "neuron_idx": 1732,
        "batch_idx": 11
      },
      {
        "coord": [
          24,
          397
        ],
        "neuron_error": 6.210803985595703e-05,
        "y_ref": -0.12640273571014404,
        "y_mixed": -0.12646484375,
        "input_storage_error": 0.001489825313910842,
        "weight_storage_error": 0.0,
        "bias_storage_error": 0.0,
        "accumulation_estimate": 2.384185791015625e-07,
        "demote_error": 6.0170888900756836e-05,
        "in_features": 1024,
        "neuron_idx": 397,
        "batch_idx": 24
      },
      {
        "coord": [
          19,
          2583
        ],
        "neuron_error": 5.8323144912719727e-05,
        "y_ref": -0.12725558876991272,
        "y_mixed": -0.127197265625,
        "input_storage_error": 0.001415410079061985,
        "weight_storage_error": 0.0,
        "bias_storage_error": 0.0,
        "accumulation_estimate": 2.384185791015625e-07,
        "demote_error": 4.8980116844177246e-05,
        "in_features": 1024,
        "neuron_idx": 2583,
        "batch_idx": 19
      },
      {
        "coord": [
          7,
          3479
        ],
        "neuron_error": 5.689263343811035e-05,
        "y_ref": -0.1254231035709381,
        "y_mixed": -0.1253662109375,
        "input_storage_error": 0.0015209015691652894,
        "weight_storage_error": 0.0,
        "bias_storage_error": 0.0,
        "accumulation_estimate": 2.384185791015625e-07,
        "demote_error": 5.893409252166748e-05,
        "in_features": 1024,
        "neuron_idx": 3479,
        "batch_idx": 7
      },
      {
        "coord": [
          5,
          1745
        ],
        "neuron_error": 5.3629279136657715e-05,
        "y_ref": 0.12616707384586334,
        "y_mixed": 0.126220703125,
        "input_storage_error": 0.0014656644780188799,
        "weight_storage_error": 0.0,
        "bias_storage_error": 0.0,
        "accumulation_estimate": 2.384185791015625e-07,
        "demote_error": 5.491077899932861e-05,
        "in_features": 1024,
        "neuron_idx": 1745,
        "batch_idx": 5
      },
      {
        "coord": [
          4,
          874
        ],
        "neuron_error": 5.213916301727295e-05,
        "y_ref": -0.08777745068073273,
        "y_mixed": -0.08782958984375,
        "input_storage_error": 0.001395395491272211,
        "weight_storage_error": 0.0,
        "bias_storage_error": 0.0,
        "accumulation_estimate": 1.1920928955078125e-07,
        "demote_error": 2.339482307434082e-05,
        "in_features": 1024,
        "neuron_idx": 874,
        "batch_idx": 4
      },
      {
        "coord": [
          15,
          1104
        ],
        "neuron_error": 4.978477954864502e-05,
        "y_ref": -0.14067478477954865,
        "y_mixed": -0.140625,
        "input_storage_error": 0.0013902370119467378,
        "weight_storage_error": 0.0,
        "bias_storage_error": 0.0,
        "accumulation_estimate": 2.384185791015625e-07,
        "demote_error": 4.233419895172119e-05,
        "in_features": 1024,
        "neuron_idx": 1104,
        "batch_idx": 15
      },
      {
        "coord": [
          3,
          2674
        ],
        "neuron_error": 4.933774471282959e-05,
        "y_ref": 0.07158254086971283,
        "y_mixed": 0.071533203125,
        "input_storage_error": 0.0014559999108314514,
        "weight_storage_error": 0.0,
        "bias_storage_error": 0.0,
        "accumulation_estimate": 1.1920928955078125e-07,
        "demote_error": 2.985447645187378e-05,
        "in_features": 1024,
        "neuron_idx": 2674,
        "batch_idx": 3
      },
      {
        "coord": [
          1,
          2734
        ],
        "neuron_error": 4.824995994567871e-05,
        "y_ref": -0.07701358199119568,
        "y_mixed": -0.07696533203125,
        "input_storage_error": 0.0013809315860271454,
        "weight_storage_error": 0.0,
        "bias_storage_error": 0.0,
        "accumulation_estimate": 1.1920928955078125e-07,
        "demote_error": 2.8505921363830566e-05,
        "in_features": 1024,
        "neuron_idx": 2734,
        "batch_idx": 1
      }
    ]
  }
}