{
  "detector": {
    "detected_exceeded": false,
    "actual_err": 2.9802322387695312e-08,
    "predicted_bound": 3.3601898394408636e-05,
    "elapsed_sec": 2.3417234420776367
  },
  "analyzer_report": {
    "component_estimates": {
      "input_storage_error": 2.9802322387695312e-08,
      "output_storage_error": 3.054332046303898e-05
    },
    "component_ratios": {
      "input_storage_error": 0.0009747883000653508,
      "output_storage_error": 0.9990252116999346
    },
    "primary_source": "storage",
    "suggestion": "\u4e3b\u8981\u8bef\u5dee\u6765\u6e90\u4e3a\u8f93\u5165\u5b58\u50a8\u7cbe\u5ea6\u3002\u5efa\u8bae\uff1a\u63d0\u5347\u8f93\u5165\u5b58\u50a8\u7cbe\u5ea6\u6216\u8fdb\u884c\u8f93\u5165\u5f52\u4e00\u5316\uff0c\u7279\u522b\u6ce8\u610f\u63a5\u8fd1\u96f6\u7684\u503c\u3002 \u68c0\u6d4b\u5230\u63a5\u8fd1\u96f6\u7684\u8f93\u5165\u503c\uff0c\u8fd9\u4e9b\u5728ReLU\u4e2d\u6700\u5bb9\u6613\u4ea7\u751f\u7cbe\u5ea6\u8bef\u5dee\u3002\u8003\u8651\u6dfb\u52a0\u5c0f\u7684\u504f\u7f6e\u6216\u4f7f\u7528Leaky ReLU\u3002",
    "relu_behavior_stats": {
      "near_zero": 10
    },
    "top_elements_summary": [
      {
        "coord": [
          0,
          179,
          15,
          11
        ],
        "element_error": 2.9802322387695312e-08,
        "x_original": 3.8743019104003906e-07,
        "y_ref": 3.8743019104003906e-07,
        "y_mixed": 3.5762786865234375e-07,
        "relu_behavior": "near_zero",
        "storage_error": 2.9802322387695312e-08,
        "demote_error": 0.0
      },
      {
        "coord": [
          0,
          94,
          2,
          5
        ],
        "element_error": 2.9802322387695312e-08,
        "x_original": 8.642673492431641e-07,
        "y_ref": 8.642673492431641e-07,
        "y_mixed": 8.344650268554688e-07,
        "relu_behavior": "near_zero",
        "storage_error": 2.9802322387695312e-08,
        "demote_error": 0.0
      },
      {
        "coord": [
          0,
          236,
          1,
          13
        ],
        "element_error": 2.9801839218634996e-08,
        "x_original": 3.278250630955881e-07,
        "y_ref": 3.278250630955881e-07,
        "y_mixed": 2.980232238769531e-07,
        "relu_behavior": "near_zero",
        "storage_error": 2.9801839218634996e-08,
        "demote_error": 0.0
      },
      {
        "coord": [
          0,
          114,
          3,
          29
        ],
        "element_error": 2.9800503398291767e-08,
        "x_original": 6.854552339063957e-07,
        "y_ref": 6.854552339063957e-07,
        "y_mixed": 7.152557373046875e-07,
        "relu_behavior": "near_zero",
        "storage_error": 2.9800503398291767e-08,
        "demote_error": 0.0
      },
      {
        "coord": [
          0,
          168,
          20,
          25
        ],
        "element_error": 2.9800162337778602e-08,
        "x_original": 9.23869833968638e-07,
        "y_ref": 9.23869833968638e-07,
        "y_mixed": 8.940696716308594e-07,
        "relu_behavior": "near_zero",
        "storage_error": 2.9800162337778602e-08,
        "demote_error": 0.0
      },
      {
        "coord": [
          0,
          198,
          12,
          10
        ],
        "element_error": 2.979993496410316e-08,
        "x_original": 7.45060447115975e-07,
        "y_ref": 7.45060447115975e-07,
        "y_mixed": 7.748603820800781e-07,
        "relu_behavior": "near_zero",
        "storage_error": 2.979993496410316e-08,
        "demote_error": 0.0
      },
      {
        "coord": [
          0,
          114,
          0,
          3
        ],
        "element_error": 2.9799707590427715e-08,
        "x_original": 9.834740239966777e-07,
        "y_ref": 9.834740239966777e-07,
        "y_mixed": 9.5367431640625e-07,
        "relu_behavior": "near_zero",
        "storage_error": 2.9799707590427715e-08,
        "demote_error": 0.0
      },
      {
        "coord": [
          0,
          89,
          15,
          25
        ],
        "element_error": 2.9799593903589994e-08,
        "x_original": 6.854561434010975e-07,
        "y_ref": 6.854561434010975e-07,
        "y_mixed": 7.152557373046875e-07,
        "relu_behavior": "near_zero",
        "storage_error": 2.9799593903589994e-08,
        "demote_error": 0.0
      },
      {
        "coord": [
          0,
          147,
          16,
          9
        ],
        "element_error": 2.9799537060171133e-08,
        "x_original": 8.642645639156399e-07,
        "y_ref": 8.642645639156399e-07,
        "y_mixed": 8.344650268554688e-07,
        "relu_behavior": "near_zero",
        "storage_error": 2.9799537060171133e-08,
        "demote_error": 0.0
      },
      {
        "coord": [
          0,
          46,
          29,
          11
        ],
        "element_error": 2.9799082312820246e-08,
        "x_original": 6.854501748421171e-07,
        "y_ref": 6.854501748421171e-07,
        "y_mixed": 6.556510925292969e-07,
        "relu_behavior": "near_zero",
        "storage_error": 2.9799082312820246e-08,
        "demote_error": 0.0
      }
    ]
  }
}