{
  "detector": {
    "detected_exceeded": false,
    "actual_err": 0.001732468605041504,
    "predicted_bound": 0.0024428248405456545,
    "elapsed_sec": 2.533897876739502
  },
  "analyzer_report": {
    "component_estimates": {
      "input_storage_error": 0.001732468605041504,
      "max_subtraction_error": 0.001732468605041504,
      "exponential_error": 0.001732468605041504,
      "sum_accumulation_error": 0.001732468605041504,
      "output_storage_error": 0.001732468605041504
    },
    "component_ratios": {
      "input_storage_error": 0.2,
      "max_subtraction_error": 0.2,
      "exponential_error": 0.2,
      "sum_accumulation_error": 0.2,
      "output_storage_error": 0.2
    },
    "primary_source": "storage",
    "suggestion": "\u5206\u6790\u7ed3\u679c\u4e0d\u660e\u786e\uff1b\u8bf7\u68c0\u67e5\u8f93\u5165\u5206\u5e03\u6216\u589e\u52a0MC\u91c7\u6837\u3002 \u68c0\u6d4b\u5230\u6781\u5c0f\u7684exp\u503c\uff0c\u53ef\u80fd\u5bfc\u81f4\u4e0b\u6ea2\u548c\u7cbe\u5ea6\u635f\u5931\u3002 100.0%\u7684top\u8bef\u5dee\u6765\u81eamax logit\u4f4d\u7f6e\uff0c\u8fd9\u901a\u5e38\u5bf9softmax\u8f93\u51fa\u5f71\u54cd\u6700\u5927\u3002",
    "input_stats": {
      "min": -22.657684326171875,
      "max": 29.602313995361328,
      "mean": 0.8999699354171753,
      "std": 6.115431785583496,
      "range": 52.2599983215332
    },
    "stability_stats": {
      "max_shifted_logit": 0.0,
      "min_shifted_logit": -50.66508102416992,
      "max_exp_val": 1.0,
      "min_exp_val": 9.918245924970465e-23,
      "exp_sum_max": 2.1426124572753906,
      "exp_sum_min": 1.0392509698867798
    },
    "max_logit_error_ratio": 1.0,
    "top_elements_summary": [
      {
        "coord": [
          5,
          496
        ],
        "element_error": 0.001732468605041504,
        "x_original": 23.620891571044922,
        "y_ref": 0.7140878438949585,
        "y_mixed": 0.7158203125,
        "storage_error": 0.004108428955078125,
        "demote_error": 2.390146255493164e-05,
        "logit_analysis": {
          "softmax_position": 496,
          "softmax_dim_size": 512,
          "is_max_logit": true,
          "distance_from_max": 0.0
        }
      },
      {
        "coord": [
          0,
          418
        ],
        "element_error": 0.0013692975044250488,
        "x_original": 28.007396697998047,
        "y_ref": 0.886623203754425,
        "y_mixed": 0.88525390625,
        "storage_error": 0.007396697998046875,
        "demote_error": 1.5914440155029297e-05,
        "logit_analysis": {
          "softmax_position": 418,
          "softmax_dim_size": 512,
          "is_max_logit": true,
          "distance_from_max": 0.0
        }
      },
      {
        "coord": [
          4,
          173
        ],
        "element_error": 0.0011619329452514648,
        "x_original": 26.599628448486328,
        "y_ref": 0.9049705266952515,
        "y_mixed": 0.90380859375,
        "storage_error": 0.005878448486328125,
        "demote_error": 0.0001856088638305664,
        "logit_analysis": {
          "softmax_position": 173,
          "softmax_dim_size": 512,
          "is_max_logit": true,
          "distance_from_max": 0.0
        }
      },
      {
        "coord": [
          3,
          316
        ],
        "element_error": 0.0010570883750915527,
        "x_original": 23.740070343017578,
        "y_ref": 0.28645747900009155,
        "y_mixed": 0.285400390625,
        "storage_error": 0.005695343017578125,
        "demote_error": 9.140372276306152e-05,
        "logit_analysis": {
          "softmax_position": 316,
          "softmax_dim_size": 512,
          "is_max_logit": true,
          "distance_from_max": 0.0
        }
      },
      {
        "coord": [
          3,
          167
        ],
        "element_error": 0.0010225772857666016,
        "x_original": 24.610490798950195,
        "y_ref": 0.6840360164642334,
        "y_mixed": 0.68505859375,
        "storage_error": 0.0011157989501953125,
        "demote_error": 0.00019937753677368164,
        "logit_analysis": {
          "softmax_position": 167,
          "softmax_dim_size": 512,
          "is_max_logit": true,
          "distance_from_max": 0.0
        }
      },
      {
        "coord": [
          4,
          458
        ],
        "element_error": 0.0009209811687469482,
        "x_original": 24.1334228515625,
        "y_ref": 0.07683780789375305,
        "y_mixed": 0.0777587890625,
        "storage_error": 0.0072021484375,
        "demote_error": 6.720423698425293e-06,
        "logit_analysis": {
          "softmax_position": 458,
          "softmax_dim_size": 512,
          "is_max_logit": true,
          "distance_from_max": 0.0
        }
      },
      {
        "coord": [
          1,
          120
        ],
        "element_error": 0.0008041262626647949,
        "x_original": 24.883281707763672,
        "y_ref": 0.7823989987373352,
        "y_mixed": 0.783203125,
        "storage_error": 0.007343292236328125,
        "demote_error": 8.702278137207031e-06,
        "logit_analysis": {
          "softmax_position": 120,
          "softmax_dim_size": 512,
          "is_max_logit": true,
          "distance_from_max": 0.0
        }
      },
      {
        "coord": [
          5,
          34
        ],
        "element_error": 0.0007952079176902771,
        "x_original": 21.60025405883789,
        "y_ref": 0.09466727823019028,
        "y_mixed": 0.0938720703125,
        "storage_error": 0.006504058837890625,
        "demote_error": 1.9982457160949707e-05,
        "logit_analysis": {
          "softmax_position": 34,
          "softmax_dim_size": 512,
          "is_max_logit": true,
          "distance_from_max": 0.0
        }
      },
      {
        "coord": [
          1,
          350
        ],
        "element_error": 0.0007077418267726898,
        "x_original": 22.225444793701172,
        "y_ref": 0.05484592542052269,
        "y_mixed": 0.05413818359375,
        "storage_error": 0.006694793701171875,
        "demote_error": 6.221234798431396e-07,
        "logit_analysis": {
          "softmax_position": 350,
          "softmax_dim_size": 512,
          "is_max_logit": true,
          "distance_from_max": 0.0
        }
      },
      {
        "coord": [
          0,
          427
        ],
        "element_error": 0.0006219521164894104,
        "x_original": 25.03948211669922,
        "y_ref": 0.04558166116476059,
        "y_mixed": 0.04620361328125,
        "storage_error": 0.00739288330078125,
        "demote_error": 1.3418495655059814e-05,
        "logit_analysis": {
          "softmax_position": 427,
          "softmax_dim_size": 512,
          "is_max_logit": true,
          "distance_from_max": 0.0
        }
      }
    ]
  }
}