{
  "detector": {
    "detected_exceeded": false,
    "actual_err": 0.0023197829723358154,
    "predicted_bound": 0.003038352727890015,
    "elapsed_sec": 2.4496395587921143
  },
  "analyzer_report": {
    "component_estimates": {
      "input_storage_error": 0.0023197829723358154,
      "max_subtraction_error": 0.0023197829723358154,
      "exponential_error": 0.0023197829723358154,
      "sum_accumulation_error": 0.0023197829723358154,
      "output_storage_error": 0.0023197829723358154
    },
    "component_ratios": {
      "input_storage_error": 0.2,
      "max_subtraction_error": 0.2,
      "exponential_error": 0.2,
      "sum_accumulation_error": 0.2,
      "output_storage_error": 0.2
    },
    "primary_source": "storage",
    "suggestion": "\u5206\u6790\u7ed3\u679c\u4e0d\u660e\u786e\uff1b\u8bf7\u68c0\u67e5\u8f93\u5165\u5206\u5e03\u6216\u589e\u52a0MC\u91c7\u6837\u3002 \u68c0\u6d4b\u5230\u6781\u5c0f\u7684exp\u503c\uff0c\u53ef\u80fd\u5bfc\u81f4\u4e0b\u6ea2\u548c\u7cbe\u5ea6\u635f\u5931\u3002 100.0%\u7684top\u8bef\u5dee\u6765\u81eamax logit\u4f4d\u7f6e\uff0c\u8fd9\u901a\u5e38\u5bf9softmax\u8f93\u51fa\u5f71\u54cd\u6700\u5927\u3002",
    "input_stats": {
      "min": -18.340133666992188,
      "max": 32.04689407348633,
      "mean": 0.9671211242675781,
      "std": 6.058539390563965,
      "range": 50.387027740478516
    },
    "stability_stats": {
      "max_shifted_logit": 0.0,
      "min_shifted_logit": -46.36017608642578,
      "max_exp_val": 1.0,
      "min_exp_val": 7.345669185439191e-21,
      "exp_sum_max": 1.9572926759719849,
      "exp_sum_min": 1.0000015497207642
    },
    "max_logit_error_ratio": 1.0,
    "top_elements_summary": [
      {
        "coord": [
          2,
          472
        ],
        "element_error": 0.0023197829723358154,
        "x_original": 26.76888656616211,
        "y_ref": 0.3897709548473358,
        "y_mixed": 0.387451171875,
        "storage_error": 0.003261566162109375,
        "demote_error": 7.367134094238281e-05,
        "logit_analysis": {
          "softmax_position": 472,
          "softmax_dim_size": 512,
          "is_max_logit": true,
          "distance_from_max": 0.0
        }
      },
      {
        "coord": [
          2,
          201
        ],
        "element_error": 0.002273857593536377,
        "x_original": 27.039520263671875,
        "y_ref": 0.5109097361564636,
        "y_mixed": 0.51318359375,
        "storage_error": 0.007354736328125,
        "demote_error": 0.0002034306526184082,
        "logit_analysis": {
          "softmax_position": 201,
          "softmax_dim_size": 512,
          "is_max_logit": true,
          "distance_from_max": 0.0
        }
      },
      {
        "coord": [
          7,
          506
        ],
        "element_error": 0.0014067888259887695,
        "x_original": 24.831398010253906,
        "y_ref": 0.5941802263259888,
        "y_mixed": 0.5927734375,
        "storage_error": 0.00327301025390625,
        "demote_error": 0.00012236833572387695,
        "logit_analysis": {
          "softmax_position": 506,
          "softmax_dim_size": 512,
          "is_max_logit": true,
          "distance_from_max": 0.0
        }
      },
      {
        "coord": [
          7,
          361
        ],
        "element_error": 0.0008405447006225586,
        "x_original": 24.060237884521484,
        "y_ref": 0.27479422092437744,
        "y_mixed": 0.275634765625,
        "storage_error": 0.002262115478515625,
        "demote_error": 8.738040924072266e-05,
        "logit_analysis": {
          "softmax_position": 361,
          "softmax_dim_size": 512,
          "is_max_logit": true,
          "distance_from_max": 0.0
        }
      },
      {
        "coord": [
          0,
          19
        ],
        "element_error": 0.0007903575897216797,
        "x_original": 25.09914779663086,
        "y_ref": 0.9085052013397217,
        "y_mixed": 0.90771484375,
        "storage_error": 0.005397796630859375,
        "demote_error": 0.0001220703125,
        "logit_analysis": {
          "softmax_position": 19,
          "softmax_dim_size": 512,
          "is_max_logit": true,
          "distance_from_max": 0.0
        }
      },
      {
        "coord": [
          4,
          292
        ],
        "element_error": 0.0006064176559448242,
        "x_original": 26.591400146484375,
        "y_ref": 0.7078896760940552,
        "y_mixed": 0.70849609375,
        "storage_error": 0.002349853515625,
        "demote_error": 7.510185241699219e-05,
        "logit_analysis": {
          "softmax_position": 292,
          "softmax_dim_size": 512,
          "is_max_logit": true,
          "distance_from_max": 0.0
        }
      },
      {
        "coord": [
          4,
          116
        ],
        "element_error": 0.0005493909120559692,
        "x_original": 25.422883987426758,
        "y_ref": 0.22003181278705597,
        "y_mixed": 0.219482421875,
        "storage_error": 0.0010089874267578125,
        "demote_error": 2.384185791015625e-05,
        "logit_analysis": {
          "softmax_position": 116,
          "softmax_dim_size": 512,
          "is_max_logit": true,
          "distance_from_max": 0.0
        }
      },
      {
        "coord": [
          0,
          347
        ],
        "element_error": 0.00043553486466407776,
        "x_original": 22.30927085876465,
        "y_ref": 0.05580836161971092,
        "y_mixed": 0.056243896484375,
        "storage_error": 0.0032291412353515625,
        "demote_error": 6.593763828277588e-06,
        "logit_analysis": {
          "softmax_position": 347,
          "softmax_dim_size": 512,
          "is_max_logit": true,
          "distance_from_max": 0.0
        }
      },
      {
        "coord": [
          7,
          147
        ],
        "element_error": 0.00043550506234169006,
        "x_original": 22.398853302001953,
        "y_ref": 0.05217679962515831,
        "y_mixed": 0.0526123046875,
        "storage_error": 0.007396697998046875,
        "demote_error": 1.0188668966293335e-05,
        "logit_analysis": {
          "softmax_position": 147,
          "softmax_dim_size": 512,
          "is_max_logit": true,
          "distance_from_max": 0.0
        }
      },
      {
        "coord": [
          6,
          353
        ],
        "element_error": 0.0003662109375,
        "x_original": 26.982521057128906,
        "y_ref": 0.8572998046875,
        "y_mixed": 0.85693359375,
        "storage_error": 0.00185394287109375,
        "demote_error": 5.632638931274414e-05,
        "logit_analysis": {
          "softmax_position": 353,
          "softmax_dim_size": 512,
          "is_max_logit": true,
          "distance_from_max": 0.0
        }
      }
    ]
  }
}