{
  "detector": {
    "detected_exceeded": false,
    "actual_err": 2.9801867640344426e-08,
    "predicted_bound": 3.3601714312681e-05,
    "elapsed_sec": 2.314563751220703
  },
  "analyzer_report": {
    "component_estimates": {
      "input_storage_error": 2.9801867640344426e-08,
      "output_storage_error": 3.054256740142591e-05
    },
    "component_ratios": {
      "input_storage_error": 0.0009747974511906265,
      "output_storage_error": 0.9990252025488093
    },
    "primary_source": "storage",
    "suggestion": "\u4e3b\u8981\u8bef\u5dee\u6765\u6e90\u4e3a\u8f93\u5165\u5b58\u50a8\u7cbe\u5ea6\u3002\u5efa\u8bae\uff1a\u63d0\u5347\u8f93\u5165\u5b58\u50a8\u7cbe\u5ea6\u6216\u8fdb\u884c\u8f93\u5165\u5f52\u4e00\u5316\uff0c\u7279\u522b\u6ce8\u610f\u63a5\u8fd1\u96f6\u7684\u503c\u3002 \u68c0\u6d4b\u5230\u63a5\u8fd1\u96f6\u7684\u8f93\u5165\u503c\uff0c\u8fd9\u4e9b\u5728ReLU\u4e2d\u6700\u5bb9\u6613\u4ea7\u751f\u7cbe\u5ea6\u8bef\u5dee\u3002\u8003\u8651\u6dfb\u52a0\u5c0f\u7684\u504f\u7f6e\u6216\u4f7f\u7528Leaky ReLU\u3002",
    "relu_behavior_stats": {
      "near_zero": 10
    },
    "top_elements_summary": [
      {
        "coord": [
          0,
          202,
          6,
          7
        ],
        "element_error": 2.9801867640344426e-08,
        "x_original": 8.046631592151243e-07,
        "y_ref": 8.046631592151243e-07,
        "y_mixed": 8.344650268554688e-07,
        "relu_behavior": "near_zero",
        "storage_error": 2.9801867640344426e-08,
        "demote_error": 0.0
      },
      {
        "coord": [
          0,
          135,
          25,
          26
        ],
        "element_error": 2.9801583423250122e-08,
        "x_original": 8.046634434322186e-07,
        "y_ref": 8.046634434322186e-07,
        "y_mixed": 8.344650268554688e-07,
        "relu_behavior": "near_zero",
        "storage_error": 2.9801583423250122e-08,
        "demote_error": 0.0
      },
      {
        "coord": [
          0,
          110,
          12,
          30
        ],
        "element_error": 2.98014697364124e-08,
        "x_original": 8.642664965918812e-07,
        "y_ref": 8.642664965918812e-07,
        "y_mixed": 8.344650268554688e-07,
        "relu_behavior": "near_zero",
        "storage_error": 2.98014697364124e-08,
        "demote_error": 0.0
      },
      {
        "coord": [
          0,
          115,
          24,
          15
        ],
        "element_error": 2.9801071832480375e-08,
        "x_original": 2.0861500615865225e-07,
        "y_ref": 2.0861500615865225e-07,
        "y_mixed": 1.7881393432617188e-07,
        "relu_behavior": "near_zero",
        "storage_error": 2.9801071832480375e-08,
        "demote_error": 0.0
      },
      {
        "coord": [
          0,
          172,
          8,
          31
        ],
        "element_error": 2.9801014989061514e-08,
        "x_original": 6.258474627429678e-07,
        "y_ref": 6.258474627429678e-07,
        "y_mixed": 5.960464477539062e-07,
        "relu_behavior": "near_zero",
        "storage_error": 2.9801014989061514e-08,
        "demote_error": 0.0
      },
      {
        "coord": [
          0,
          169,
          25,
          16
        ],
        "element_error": 2.9800652612266276e-08,
        "x_original": 2.9800652612266276e-08,
        "y_ref": 2.9800652612266276e-08,
        "y_mixed": 0.0,
        "relu_behavior": "near_zero",
        "storage_error": 2.9800652612266276e-08,
        "demote_error": 0.0
      },
      {
        "coord": [
          0,
          182,
          29,
          4
        ],
        "element_error": 2.980064550683892e-08,
        "x_original": 2.682192246084014e-07,
        "y_ref": 2.682192246084014e-07,
        "y_mixed": 2.384185791015625e-07,
        "relu_behavior": "near_zero",
        "storage_error": 2.980064550683892e-08,
        "demote_error": 0.0
      },
      {
        "coord": [
          0,
          137,
          15,
          29
        ],
        "element_error": 2.9800617085129488e-08,
        "x_original": 9.834749334913795e-07,
        "y_ref": 9.834749334913795e-07,
        "y_mixed": 9.5367431640625e-07,
        "relu_behavior": "near_zero",
        "storage_error": 2.9800617085129488e-08,
        "demote_error": 0.0
      },
      {
        "coord": [
          0,
          255,
          8,
          18
        ],
        "element_error": 2.9800503398291767e-08,
        "x_original": 9.834748198045418e-07,
        "y_ref": 9.834748198045418e-07,
        "y_mixed": 9.5367431640625e-07,
        "relu_behavior": "near_zero",
        "storage_error": 2.9800503398291767e-08,
        "demote_error": 0.0
      },
      {
        "coord": [
          0,
          138,
          2,
          8
        ],
        "element_error": 2.9799693379573e-08,
        "x_original": 2.086188857219895e-07,
        "y_ref": 2.086188857219895e-07,
        "y_mixed": 2.384185791015625e-07,
        "relu_behavior": "near_zero",
        "storage_error": 2.9799693379573e-08,
        "demote_error": 0.0
      }
    ]
  }
}