{
  "detector": {
    "detected_exceeded": false,
    "actual_err": 6.553530693054199e-05,
    "predicted_bound": 0.00013989460567245262,
    "elapsed_sec": 4.00107741355896
  },
  "meta": {
    "distribution": "adversarial_sum",
    "bias": true,
    "batch_size": 32,
    "in_features": 1024,
    "out_features": 4096
  },
  "analyzer_report": {
    "component_estimates": {
      "input_storage_error": 6.553530693054199e-05,
      "weight_storage_error": 6.553530693054199e-05,
      "accumulation_error": 6.553530693054199e-05,
      "output_storage_error": 0.00010505318641662598,
      "bias_storage_error": 6.553530693054199e-05
    },
    "component_ratios": {
      "input_storage_error": 0.17847577307036766,
      "weight_storage_error": 0.17847577307036766,
      "accumulation_error": 0.17847577307036766,
      "output_storage_error": 0.28609690771852936,
      "bias_storage_error": 0.17847577307036766
    },
    "primary_source": "input_storage",
    "suggestion": "\u4e3b\u8981\u8bef\u5dee\u6765\u6e90\u4e3a\u8f93\u5165\u5b58\u50a8\u7cbe\u5ea6\u3002\u5efa\u8bae\uff1a\u63d0\u5347\u8f93\u5165\u5b58\u50a8\u7cbe\u5ea6\u6216\u8fdb\u884c\u8f93\u5165\u5f52\u4e00\u5316/\u6807\u51c6\u5316\u4ee5\u964d\u4f4e\u6570\u503c\u8303\u56f4\u3002",
    "aggregated_ratios": {
      "input_storage": 0.9690939437951237,
      "weight_storage": 0.0,
      "bias_storage": 0.0,
      "accumulation": 0.00013419611589046443,
      "demote": 0.03077186008898587
    },
    "top_neurons_summary": [
      {
        "coord": [
          10,
          2640
        ],
        "neuron_error": 6.553530693054199e-05,
        "y_ref": 0.12737587094306946,
        "y_mixed": 0.12744140625,
        "input_storage_error": 0.0013559124199673533,
        "weight_storage_error": 0.0,
        "bias_storage_error": 0.0,
        "accumulation_estimate": 2.384185791015625e-07,
        "demote_error": 6.102025508880615e-05,
        "in_features": 1024,
        "neuron_idx": 2640,
        "batch_idx": 10
      },
      {
        "coord": [
          1,
          2642
        ],
        "neuron_error": 5.813688039779663e-05,
        "y_ref": -0.0895356759428978,
        "y_mixed": -0.0894775390625,
        "input_storage_error": 0.0015590004622936249,
        "weight_storage_error": 0.0,
        "bias_storage_error": 0.0,
        "accumulation_estimate": 1.1920928955078125e-07,
        "demote_error": 2.5101006031036377e-05,
        "in_features": 1024,
        "neuron_idx": 2642,
        "batch_idx": 1
      },
      {
        "coord": [
          6,
          3496
        ],
        "neuron_error": 5.647540092468262e-05,
        "y_ref": -0.12604215741157532,
        "y_mixed": -0.1260986328125,
        "input_storage_error": 0.001519758370704949,
        "weight_storage_error": 0.0,
        "bias_storage_error": 0.0,
        "accumulation_estimate": 2.384185791015625e-07,
        "demote_error": 5.632638931274414e-05,
        "in_features": 1024,
        "neuron_idx": 3496,
        "batch_idx": 6
      },
      {
        "coord": [
          19,
          532
        ],
        "neuron_error": 5.479156970977783e-05,
        "y_ref": 0.14019151031970978,
        "y_mixed": 0.14013671875,
        "input_storage_error": 0.001497864257544279,
        "weight_storage_error": 0.0,
        "bias_storage_error": 0.0,
        "accumulation_estimate": 2.384185791015625e-07,
        "demote_error": 4.9054622650146484e-05,
        "in_features": 1024,
        "neuron_idx": 532,
        "batch_idx": 19
      },
      {
        "coord": [
          22,
          3672
        ],
        "neuron_error": 5.342066287994385e-05,
        "y_ref": -0.13324736058712006,
        "y_mixed": -0.13330078125,
        "input_storage_error": 0.0014284212375059724,
        "weight_storage_error": 0.0,
        "bias_storage_error": 0.0,
        "accumulation_estimate": 2.384185791015625e-07,
        "demote_error": 5.809962749481201e-05,
        "in_features": 1024,
        "neuron_idx": 3672,
        "batch_idx": 22
      },
      {
        "coord": [
          22,
          2015
        ],
        "neuron_error": 5.27501106262207e-05,
        "y_ref": -0.13752049207687378,
        "y_mixed": -0.1375732421875,
        "input_storage_error": 0.0014284212375059724,
        "weight_storage_error": 0.0,
        "bias_storage_error": 0.0,
        "accumulation_estimate": 2.384185791015625e-07,
        "demote_error": 5.346536636352539e-05,
        "in_features": 1024,
        "neuron_idx": 2015,
        "batch_idx": 22
      },
      {
        "coord": [
          19,
          3535
        ],
        "neuron_error": 5.213916301727295e-05,
        "y_ref": 0.12812168896198273,
        "y_mixed": 0.128173828125,
        "input_storage_error": 0.001497864257544279,
        "weight_storage_error": 0.0,
        "bias_storage_error": 0.0,
        "accumulation_estimate": 2.384185791015625e-07,
        "demote_error": 5.137920379638672e-05,
        "in_features": 1024,
        "neuron_idx": 3535,
        "batch_idx": 19
      },
      {
        "coord": [
          5,
          1581
        ],
        "neuron_error": 5.1215291023254395e-05,
        "y_ref": 0.10273198783397675,
        "y_mixed": 0.102783203125,
        "input_storage_error": 0.0014543253928422928,
        "weight_storage_error": 0.0,
        "bias_storage_error": 0.0,
        "accumulation_estimate": 1.1920928955078125e-07,
        "demote_error": 2.6538968086242676e-05,
        "in_features": 1024,
        "neuron_idx": 1581,
        "batch_idx": 5
      },
      {
        "coord": [
          14,
          1123
        ],
        "neuron_error": 5.0298869609832764e-05,
        "y_ref": 0.07780908793210983,
        "y_mixed": 0.0777587890625,
        "input_storage_error": 0.0014714696444571018,
        "weight_storage_error": 0.0,
        "bias_storage_error": 0.0,
        "accumulation_estimate": 1.1920928955078125e-07,
        "demote_error": 2.995133399963379e-05,
        "in_features": 1024,
        "neuron_idx": 1123,
        "batch_idx": 14
      },
      {
        "coord": [
          9,
          3078
        ],
        "neuron_error": 5.0008296966552734e-05,
        "y_ref": -0.14155155420303345,
        "y_mixed": -0.1416015625,
        "input_storage_error": 0.001421700813807547,
        "weight_storage_error": 0.0,
        "bias_storage_error": 0.0,
        "accumulation_estimate": 2.384185791015625e-07,
        "demote_error": 5.3763389587402344e-05,
        "in_features": 1024,
        "neuron_idx": 3078,
        "batch_idx": 9
      }
    ]
  }
}