{
  "detector": {
    "detected_exceeded": false,
    "actual_err": 0.0001322031021118164,
    "predicted_bound": 0.00022968115663388745,
    "elapsed_sec": 3.7602381706237793
  },
  "analyzer_report": {
    "component_estimates": {
      "input_storage_error": 0.0001322031021118164,
      "statistics_computation_error": 0.0001322031021118164,
      "output_storage_error": 0.00016202032566070557,
      "weight_storage_error": 0.0001322031021118164,
      "bias_storage_error": 0.0001322031021118164
    },
    "component_ratios": {
      "input_storage_error": 0.19136774444037014,
      "statistics_computation_error": 0.19136774444037014,
      "output_storage_error": 0.23452902223851946,
      "weight_storage_error": 0.19136774444037014,
      "bias_storage_error": 0.19136774444037014
    },
    "primary_source": "demote",
    "suggestion": "\u4e3b\u8981\u8bef\u5dee\u6765\u6e90\u4e3a\u8f93\u51fa\u964d\u7cbe\u5ea6\u3002\u5efa\u8bae\uff1a\u5ef6\u8fdf\u964d\u7cbe\u5ea6\u6216\u63d0\u9ad8\u8f93\u51fa\u7cbe\u5ea6\uff1b\u68c0\u67e5LayerNorm\u8f93\u51fa\u7684\u6570\u503c\u8303\u56f4\u3002",
    "statistics_errors": {
      "mean_error": 3.4400500226183794e-09,
      "var_error": 9.974243653232406e-13,
      "std_error": 2.3283064365386963e-10
    },
    "norm_behavior_stats": {
      "normal": 10
    },
    "top_elements_summary": [
      {
        "coord": [
          7,
          121,
          644
        ],
        "element_error": 0.0001322031021118164,
        "x_original": -0.0004966182168573141,
        "y_ref": -0.15723669528961182,
        "y_mixed": -0.1571044921875,
        "norm_behavior": "normal",
        "storage_error": 2.307351678609848e-07,
        "weight_error": 0.0,
        "bias_error": 0.0,
        "demote_error": 5.9545040130615234e-05,
        "local_mean_error": 9.00968188943807e-10,
        "local_std_error": 0.0
      },
      {
        "coord": [
          1,
          302,
          576
        ],
        "element_error": 0.00011321902275085449,
        "x_original": 0.000489899714011699,
        "y_ref": 0.15477630496025085,
        "y_mixed": 0.1546630859375,
        "norm_behavior": "normal",
        "storage_error": 1.8795253708958626e-07,
        "weight_error": 0.0,
        "bias_error": 0.0,
        "demote_error": 5.398690700531006e-05,
        "local_mean_error": 5.972822236799402e-10,
        "local_std_error": 0.0
      },
      {
        "coord": [
          7,
          217,
          54
        ],
        "element_error": 9.518861770629883e-05,
        "x_original": 0.00044000413618050516,
        "y_ref": 0.1396753191947937,
        "y_mixed": 0.1397705078125,
        "norm_behavior": "normal",
        "storage_error": 1.1656084097921848e-07,
        "weight_error": 0.0,
        "bias_error": 0.0,
        "demote_error": 5.78761100769043e-05,
        "local_mean_error": 1.490775503043551e-09,
        "local_std_error": 0.0
      },
      {
        "coord": [
          2,
          407,
          382
        ],
        "element_error": 8.532404899597168e-05,
        "x_original": 0.00041255992255173624,
        "y_ref": 0.13070055842399597,
        "y_mixed": 0.130615234375,
        "norm_behavior": "normal",
        "storage_error": 9.578070603311062e-08,
        "weight_error": 0.0,
        "bias_error": 0.0,
        "demote_error": 5.4463744163513184e-05,
        "local_mean_error": 1.850821718107909e-09,
        "local_std_error": 0.0
      },
      {
        "coord": [
          1,
          20,
          366
        ],
        "element_error": 8.496642112731934e-05,
        "x_original": 0.0004147498111706227,
        "y_ref": 0.13016405701637268,
        "y_mixed": 0.1302490234375,
        "norm_behavior": "normal",
        "storage_error": 9.851646609604359e-08,
        "weight_error": 0.0,
        "bias_error": 0.0,
        "demote_error": 5.3748488426208496e-05,
        "local_mean_error": 2.191882231272757e-10,
        "local_std_error": 2.3283064365386963e-10
      },
      {
        "coord": [
          0,
          232,
          337
        ],
        "element_error": 8.408725261688232e-05,
        "x_original": 0.00044764208723790944,
        "y_ref": 0.14054091274738312,
        "y_mixed": 0.140625,
        "norm_behavior": "normal",
        "storage_error": 1.0800431482493877e-07,
        "weight_error": 0.0,
        "bias_error": 0.0,
        "demote_error": 5.015730857849121e-05,
        "local_mean_error": 6.393747753463686e-10,
        "local_std_error": 0.0
      },
      {
        "coord": [
          3,
          300,
          645
        ],
        "element_error": 8.349120616912842e-05,
        "x_original": 0.0004073416639585048,
        "y_ref": 0.12723584473133087,
        "y_mixed": 0.1273193359375,
        "norm_behavior": "normal",
        "storage_error": 1.1568772606551647e-07,
        "weight_error": 0.0,
        "bias_error": 0.0,
        "demote_error": 4.678964614868164e-05,
        "local_mean_error": 4.270077624823898e-10,
        "local_std_error": 0.0
      },
      {
        "coord": [
          3,
          95,
          383
        ],
        "element_error": 8.262693881988525e-05,
        "x_original": 0.00040924022323451936,
        "y_ref": 0.12862266600131989,
        "y_mixed": 0.1285400390625,
        "norm_behavior": "normal",
        "storage_error": 1.1394149623811245e-07,
        "weight_error": 0.0,
        "bias_error": 0.0,
        "demote_error": 4.6893954277038574e-05,
        "local_mean_error": 8.903953130356967e-10,
        "local_std_error": 0.0
      },
      {
        "coord": [
          3,
          478,
          541
        ],
        "element_error": 8.217990398406982e-05,
        "x_original": 0.0004690681817010045,
        "y_ref": 0.14839760959148407,
        "y_mixed": 0.1483154296875,
        "norm_behavior": "normal",
        "storage_error": 9.883660823106766e-08,
        "weight_error": 0.0,
        "bias_error": 0.0,
        "demote_error": 5.117058753967285e-05,
        "local_mean_error": 6.94768687026226e-10,
        "local_std_error": 0.0
      },
      {
        "coord": [
          3,
          323,
          372
        ],
        "element_error": 8.043646812438965e-05,
        "x_original": -0.00040519170579500496,
        "y_ref": -0.1270335614681244,
        "y_mixed": -0.126953125,
        "norm_behavior": "normal",
        "storage_error": 1.1853990145027637e-07,
        "weight_error": 0.0,
        "bias_error": 0.0,
        "demote_error": 4.2751431465148926e-05,
        "local_mean_error": 6.584741640836e-10,
        "local_std_error": 0.0
      }
    ]
  }
}