{
  "detector": {
    "detected_exceeded": false,
    "actual_err": 9.444355964660645e-05,
    "predicted_bound": 0.00017695086571620778,
    "elapsed_sec": 3.66121768951416
  },
  "analyzer_report": {
    "component_estimates": {
      "input_storage_error": 9.444355964660645e-05,
      "statistics_computation_error": 9.444355964660645e-05,
      "output_storage_error": 0.00014068186283111572,
      "weight_storage_error": 9.444355964660645e-05,
      "bias_storage_error": 9.444355964660645e-05
    },
    "component_ratios": {
      "input_storage_error": 0.1821630787802144,
      "statistics_computation_error": 0.1821630787802144,
      "output_storage_error": 0.27134768487914235,
      "weight_storage_error": 0.1821630787802144,
      "bias_storage_error": 0.1821630787802144
    },
    "primary_source": "demote",
    "suggestion": "\u4e3b\u8981\u8bef\u5dee\u6765\u6e90\u4e3a\u8f93\u51fa\u964d\u7cbe\u5ea6\u3002\u5efa\u8bae\uff1a\u5ef6\u8fdf\u964d\u7cbe\u5ea6\u6216\u63d0\u9ad8\u8f93\u51fa\u7cbe\u5ea6\uff1b\u68c0\u67e5LayerNorm\u8f93\u51fa\u7684\u6570\u503c\u8303\u56f4\u3002",
    "statistics_errors": {
      "mean_error": 2.826368472597096e-09,
      "var_error": 1.0276224315930449e-12,
      "std_error": 2.3283064365386963e-10
    },
    "norm_behavior_stats": {
      "normal": 10
    },
    "top_elements_summary": [
      {
        "coord": [
          5,
          316,
          26
        ],
        "element_error": 9.444355964660645e-05,
        "x_original": -0.0004206896119285375,
        "y_ref": -0.1322297751903534,
        "y_mixed": -0.13232421875,
        "norm_behavior": "normal",
        "storage_error": 1.1918018572032452e-07,
        "weight_error": 0.0,
        "bias_error": 0.0,
        "demote_error": 5.695223808288574e-05,
        "local_mean_error": 5.941274139331654e-10,
        "local_std_error": 0.0
      },
      {
        "coord": [
          3,
          437,
          242
        ],
        "element_error": 8.67992639541626e-05,
        "x_original": -0.00042666797526180744,
        "y_ref": -0.13663195073604584,
        "y_mixed": -0.13671875,
        "norm_behavior": "normal",
        "storage_error": 1.0128132998943329e-07,
        "weight_error": 0.0,
        "bias_error": 0.0,
        "demote_error": 5.4776668548583984e-05,
        "local_mean_error": 5.275069270282984e-11,
        "local_std_error": 2.3283064365386963e-10
      },
      {
        "coord": [
          0,
          60,
          555
        ],
        "element_error": 8.623301982879639e-05,
        "x_original": 0.00042567518539726734,
        "y_ref": 0.1360725611448288,
        "y_mixed": 0.135986328125,
        "norm_behavior": "normal",
        "storage_error": 9.802170097827911e-08,
        "weight_error": 0.0,
        "bias_error": 0.0,
        "demote_error": 5.501508712768555e-05,
        "local_mean_error": 7.762537279631943e-10,
        "local_std_error": 2.3283064365386963e-10
      },
      {
        "coord": [
          0,
          77,
          376
        ],
        "element_error": 8.38935375213623e-05,
        "x_original": 0.0004207222955301404,
        "y_ref": 0.13260653614997864,
        "y_mixed": 0.1326904296875,
        "norm_behavior": "normal",
        "storage_error": 8.649658411741257e-08,
        "weight_error": 0.0,
        "bias_error": 0.0,
        "demote_error": 5.671381950378418e-05,
        "local_mean_error": 5.277343007037416e-10,
        "local_std_error": 0.0
      },
      {
        "coord": [
          1,
          263,
          81
        ],
        "element_error": 8.355081081390381e-05,
        "x_original": -0.0004082766827195883,
        "y_ref": -0.1280132383108139,
        "y_mixed": -0.1279296875,
        "norm_behavior": "normal",
        "storage_error": 1.0407529771327972e-07,
        "weight_error": 0.0,
        "bias_error": 0.0,
        "demote_error": 5.060434341430664e-05,
        "local_mean_error": 1.5825207810848951e-10,
        "local_std_error": 0.0
      },
      {
        "coord": [
          3,
          194,
          585
        ],
        "element_error": 8.323788642883301e-05,
        "x_original": 0.0005191399832256138,
        "y_ref": 0.16349098086357117,
        "y_mixed": 0.16357421875,
        "norm_behavior": "normal",
        "storage_error": 1.3568205758929253e-07,
        "weight_error": 0.0,
        "bias_error": 0.0,
        "demote_error": 4.108250141143799e-05,
        "local_mean_error": 2.3237589630298316e-09,
        "local_std_error": 0.0
      },
      {
        "coord": [
          5,
          134,
          299
        ],
        "element_error": 8.213520050048828e-05,
        "x_original": 0.0004333667748142034,
        "y_ref": 0.1357821226119995,
        "y_mixed": 0.1358642578125,
        "norm_behavior": "normal",
        "storage_error": 7.820199243724346e-08,
        "weight_error": 0.0,
        "bias_error": 0.0,
        "demote_error": 5.762279033660889e-05,
        "local_mean_error": 6.775735528208315e-10,
        "local_std_error": 0.0
      },
      {
        "coord": [
          6,
          265,
          10
        ],
        "element_error": 8.095800876617432e-05,
        "x_original": 0.0004061980580445379,
        "y_ref": 0.12906943261623383,
        "y_mixed": 0.129150390625,
        "norm_behavior": "normal",
        "storage_error": 6.720074452459812e-08,
        "weight_error": 0.0,
        "bias_error": 0.0,
        "demote_error": 5.936622619628906e-05,
        "local_mean_error": 1.0743406164692715e-09,
        "local_std_error": 0.0
      },
      {
        "coord": [
          1,
          232,
          600
        ],
        "element_error": 7.981061935424805e-05,
        "x_original": 0.00040714844362810254,
        "y_ref": 0.13041335344314575,
        "y_mixed": 0.1304931640625,
        "norm_behavior": "normal",
        "storage_error": 7.048947736620903e-08,
        "weight_error": 0.0,
        "bias_error": 0.0,
        "demote_error": 5.759298801422119e-05,
        "local_mean_error": 2.2328094928525388e-10,
        "local_std_error": 0.0
      },
      {
        "coord": [
          3,
          87,
          697
        ],
        "element_error": 7.68899917602539e-05,
        "x_original": -0.00041407818207517266,
        "y_ref": -0.12992799282073975,
        "y_mixed": -0.1300048828125,
        "norm_behavior": "normal",
        "storage_error": 5.4889824241399765e-08,
        "weight_error": 0.0,
        "bias_error": 0.0,
        "demote_error": 5.924701690673828e-05,
        "local_mean_error": 9.306404535891488e-10,
        "local_std_error": 2.3283064365386963e-10
      }
    ]
  }
}