{
  "detector": {
    "detected_exceeded": false,
    "actual_err": 9.733438491821289e-05,
    "predicted_bound": 0.00019177695212420077,
    "elapsed_sec": 3.75534725189209
  },
  "analyzer_report": {
    "component_estimates": {
      "input_storage_error": 9.733438491821289e-05,
      "statistics_computation_error": 9.733438491821289e-05,
      "output_storage_error": 0.0001437664031982422,
      "weight_storage_error": 9.733438491821289e-05,
      "bias_storage_error": 9.733438491821289e-05
    },
    "component_ratios": {
      "input_storage_error": 0.18258050089445438,
      "statistics_computation_error": 0.18258050089445438,
      "output_storage_error": 0.2696779964221825,
      "weight_storage_error": 0.18258050089445438,
      "bias_storage_error": 0.18258050089445438
    },
    "primary_source": "demote",
    "suggestion": "\u4e3b\u8981\u8bef\u5dee\u6765\u6e90\u4e3a\u8f93\u51fa\u964d\u7cbe\u5ea6\u3002\u5efa\u8bae\uff1a\u5ef6\u8fdf\u964d\u7cbe\u5ea6\u6216\u63d0\u9ad8\u8f93\u51fa\u7cbe\u5ea6\uff1b\u68c0\u67e5LayerNorm\u8f93\u51fa\u7684\u6570\u503c\u8303\u56f4\u3002",
    "statistics_errors": {
      "mean_error": 3.1013769330456853e-09,
      "var_error": 1.06403774680075e-12,
      "std_error": 2.3283064365386963e-10
    },
    "norm_behavior_stats": {
      "normal": 10
    },
    "top_elements_summary": [
      {
        "coord": [
          4,
          240,
          520
        ],
        "element_error": 9.733438491821289e-05,
        "x_original": 0.0005052982014603913,
        "y_ref": 0.1585940718650818,
        "y_mixed": 0.15869140625,
        "norm_behavior": "normal",
        "storage_error": 1.4918623492121696e-07,
        "weight_error": 0.0,
        "bias_error": 0.0,
        "demote_error": 4.985928535461426e-05,
        "local_mean_error": 1.0331859812140465e-09,
        "local_std_error": 0.0
      },
      {
        "coord": [
          6,
          58,
          234
        ],
        "element_error": 8.855760097503662e-05,
        "x_original": 0.00040088972309604287,
        "y_ref": 0.12582097947597504,
        "y_mixed": 0.125732421875,
        "norm_behavior": "normal",
        "storage_error": 1.0809162631630898e-07,
        "weight_error": 0.0,
        "bias_error": 0.0,
        "demote_error": 5.4702162742614746e-05,
        "local_mean_error": 9.44510247791186e-10,
        "local_std_error": 0.0
      },
      {
        "coord": [
          0,
          216,
          55
        ],
        "element_error": 8.80807638168335e-05,
        "x_original": -0.00039755957550369203,
        "y_ref": -0.12533222138881683,
        "y_mixed": -0.125244140625,
        "norm_behavior": "normal",
        "storage_error": 1.1580414138734341e-07,
        "weight_error": 0.0,
        "bias_error": 0.0,
        "demote_error": 5.161762237548828e-05,
        "local_mean_error": 3.9187852962641045e-10,
        "local_std_error": 0.0
      },
      {
        "coord": [
          3,
          59,
          96
        ],
        "element_error": 8.744001388549805e-05,
        "x_original": 0.00040064024506136775,
        "y_ref": 0.1267964243888855,
        "y_mixed": 0.126708984375,
        "norm_behavior": "normal",
        "storage_error": 9.703217074275017e-08,
        "weight_error": 0.0,
        "bias_error": 0.0,
        "demote_error": 5.698204040527344e-05,
        "local_mean_error": 6.675691111013293e-10,
        "local_std_error": 0.0
      },
      {
        "coord": [
          2,
          425,
          508
        ],
        "element_error": 8.615851402282715e-05,
        "x_original": 0.0004547573917079717,
        "y_ref": 0.14364084601402283,
        "y_mixed": 0.1435546875,
        "norm_behavior": "normal",
        "storage_error": 9.316136129200459e-08,
        "weight_error": 0.0,
        "bias_error": 0.0,
        "demote_error": 5.742907524108887e-05,
        "local_mean_error": 2.2594406345888274e-09,
        "local_std_error": 2.3283064365386963e-10
      },
      {
        "coord": [
          3,
          274,
          580
        ],
        "element_error": 8.553266525268555e-05,
        "x_original": -0.0004321060550864786,
        "y_ref": -0.13680428266525269,
        "y_mixed": -0.13671875,
        "norm_behavior": "normal",
        "storage_error": 9.158975444734097e-08,
        "weight_error": 0.0,
        "bias_error": 0.0,
        "demote_error": 5.6236982345581055e-05,
        "local_mean_error": 1.1255565368628595e-09,
        "local_std_error": 2.3283064365386963e-10
      },
      {
        "coord": [
          6,
          81,
          617
        ],
        "element_error": 8.341670036315918e-05,
        "x_original": 0.00043765740701928735,
        "y_ref": 0.13736775517463684,
        "y_mixed": 0.137451171875,
        "norm_behavior": "normal",
        "storage_error": 7.91042111814022e-08,
        "weight_error": 0.0,
        "bias_error": 0.0,
        "demote_error": 5.866587162017822e-05,
        "local_mean_error": 8.039933163672686e-10,
        "local_std_error": 0.0
      },
      {
        "coord": [
          3,
          72,
          743
        ],
        "element_error": 8.323788642883301e-05,
        "x_original": 0.0004337881109677255,
        "y_ref": 0.13814476132392883,
        "y_mixed": 0.1380615234375,
        "norm_behavior": "normal",
        "storage_error": 1.0471558198332787e-07,
        "weight_error": 0.0,
        "bias_error": 0.0,
        "demote_error": 4.985928535461426e-05,
        "local_mean_error": 8.910774340620264e-10,
        "local_std_error": 2.3283064365386963e-10
      },
      {
        "coord": [
          2,
          420,
          202
        ],
        "element_error": 8.209049701690674e-05,
        "x_original": 0.0004118896904401481,
        "y_ref": 0.1288241595029831,
        "y_mixed": 0.12890625,
        "norm_behavior": "normal",
        "storage_error": 9.761424735188484e-08,
        "weight_error": 0.0,
        "bias_error": 0.0,
        "demote_error": 5.187094211578369e-05,
        "local_mean_error": 1.9690560293383896e-09,
        "local_std_error": 2.3283064365386963e-10
      },
      {
        "coord": [
          2,
          426,
          183
        ],
        "element_error": 8.122622966766357e-05,
        "x_original": -0.00039732156437821686,
        "y_ref": -0.12508122622966766,
        "y_mixed": -0.125,
        "norm_behavior": "normal",
        "storage_error": 1.1621159501373768e-07,
        "weight_error": 0.0,
        "bias_error": 0.0,
        "demote_error": 4.4405460357666016e-05,
        "local_mean_error": 2.7682744985213503e-10,
        "local_std_error": 0.0
      }
    ]
  }
}