{
  "detector": {
    "detected_exceeded": false,
    "actual_err": 9.253621101379395e-05,
    "predicted_bound": 0.00017611742368899287,
    "elapsed_sec": 3.525277614593506
  },
  "analyzer_report": {
    "component_estimates": {
      "input_storage_error": 9.253621101379395e-05,
      "statistics_computation_error": 9.253621101379395e-05,
      "output_storage_error": 0.00014285743236541748,
      "weight_storage_error": 9.253621101379395e-05,
      "bias_storage_error": 9.253621101379395e-05
    },
    "component_ratios": {
      "input_storage_error": 0.1803816771719871,
      "statistics_computation_error": 0.1803816771719871,
      "output_storage_error": 0.27847329131205156,
      "weight_storage_error": 0.1803816771719871,
      "bias_storage_error": 0.1803816771719871
    },
    "primary_source": "demote",
    "suggestion": "\u4e3b\u8981\u8bef\u5dee\u6765\u6e90\u4e3a\u8f93\u51fa\u964d\u7cbe\u5ea6\u3002\u5efa\u8bae\uff1a\u5ef6\u8fdf\u964d\u7cbe\u5ea6\u6216\u63d0\u9ad8\u8f93\u51fa\u7cbe\u5ea6\uff1b\u68c0\u67e5LayerNorm\u8f93\u51fa\u7684\u6570\u503c\u8303\u56f4\u3002",
    "statistics_errors": {
      "mean_error": 2.7937332447436347e-09,
      "var_error": 9.2192919964873e-13,
      "std_error": 2.3283064365386963e-10
    },
    "norm_behavior_stats": {
      "normal": 10
    },
    "top_elements_summary": [
      {
        "coord": [
          5,
          346,
          502
        ],
        "element_error": 9.253621101379395e-05,
        "x_original": -0.0004330722731538117,
        "y_ref": -0.1391306221485138,
        "y_mixed": -0.1390380859375,
        "norm_behavior": "normal",
        "storage_error": 1.0413350537419319e-07,
        "weight_error": 0.0,
        "bias_error": 0.0,
        "demote_error": 5.961954593658447e-05,
        "local_mean_error": 7.73070496506989e-12,
        "local_std_error": 0.0
      },
      {
        "coord": [
          5,
          28,
          178
        ],
        "element_error": 9.24915075302124e-05,
        "x_original": -0.00040302780689671636,
        "y_ref": -0.1283883899450302,
        "y_mixed": -0.1282958984375,
        "norm_behavior": "normal",
        "storage_error": 1.0040821507573128e-07,
        "weight_error": 0.0,
        "bias_error": 0.0,
        "demote_error": 6.0692429542541504e-05,
        "local_mean_error": 1.6484591469634324e-10,
        "local_std_error": 0.0
      },
      {
        "coord": [
          7,
          111,
          523
        ],
        "element_error": 9.241700172424316e-05,
        "x_original": 0.0003996926825493574,
        "y_ref": 0.12558069825172424,
        "y_mixed": 0.12548828125,
        "norm_behavior": "normal",
        "storage_error": 1.0314397513866425e-07,
        "weight_error": 0.0,
        "bias_error": 0.0,
        "demote_error": 6.021559238433838e-05,
        "local_mean_error": 1.2182681530248374e-09,
        "local_std_error": 0.0
      },
      {
        "coord": [
          4,
          90,
          349
        ],
        "element_error": 8.891522884368896e-05,
        "x_original": -0.00041163520654663444,
        "y_ref": -0.1291835457086563,
        "y_mixed": -0.1292724609375,
        "norm_behavior": "normal",
        "storage_error": 1.1367956176400185e-07,
        "weight_error": 0.0,
        "bias_error": 0.0,
        "demote_error": 5.2556395530700684e-05,
        "local_mean_error": 1.3585577107733116e-09,
        "local_std_error": 0.0
      },
      {
        "coord": [
          6,
          79,
          297
        ],
        "element_error": 8.675456047058105e-05,
        "x_original": -0.0004181027761660516,
        "y_ref": -0.13089469075202942,
        "y_mixed": -0.1309814453125,
        "norm_behavior": "normal",
        "storage_error": 8.34115780889988e-08,
        "weight_error": 0.0,
        "bias_error": 0.0,
        "demote_error": 6.091594696044922e-05,
        "local_mean_error": 1.6425474314019084e-09,
        "local_std_error": 0.0
      },
      {
        "coord": [
          1,
          305,
          635
        ],
        "element_error": 8.650124073028564e-05,
        "x_original": 0.00045337469782680273,
        "y_ref": 0.14249162375926971,
        "y_mixed": 0.142578125,
        "norm_behavior": "normal",
        "storage_error": 9.743962436914444e-08,
        "weight_error": 0.0,
        "bias_error": 0.0,
        "demote_error": 5.564093589782715e-05,
        "local_mean_error": 1.8462742445990443e-10,
        "local_std_error": 0.0
      },
      {
        "coord": [
          3,
          197,
          606
        ],
        "element_error": 8.571147918701172e-05,
        "x_original": -0.0003977633314207196,
        "y_ref": -0.125818133354187,
        "y_mixed": -0.125732421875,
        "norm_behavior": "normal",
        "storage_error": 8.114147931337357e-08,
        "weight_error": 0.0,
        "bias_error": 0.0,
        "demote_error": 5.97834587097168e-05,
        "local_mean_error": 8.457732292299625e-10,
        "local_std_error": 0.0
      },
      {
        "coord": [
          6,
          134,
          725
        ],
        "element_error": 8.542835712432861e-05,
        "x_original": -0.0004175877838861197,
        "y_ref": -0.13021238148212433,
        "y_mixed": -0.130126953125,
        "norm_behavior": "normal",
        "storage_error": 1.1685187928378582e-07,
        "weight_error": 0.0,
        "bias_error": 0.0,
        "demote_error": 4.868209362030029e-05,
        "local_mean_error": 5.688889359589666e-10,
        "local_std_error": 0.0
      },
      {
        "coord": [
          1,
          354,
          257
        ],
        "element_error": 8.274614810943604e-05,
        "x_original": -0.00040256790816783905,
        "y_ref": -0.12691380083560944,
        "y_mixed": -0.1268310546875,
        "norm_behavior": "normal",
        "storage_error": 1.1734664440155029e-07,
        "weight_error": 0.0,
        "bias_error": 0.0,
        "demote_error": 4.5880675315856934e-05,
        "local_mean_error": 7.538574209320359e-10,
        "local_std_error": 0.0
      },
      {
        "coord": [
          2,
          391,
          700
        ],
        "element_error": 8.249282836914062e-05,
        "x_original": -0.00040754559449851513,
        "y_ref": -0.12776803970336914,
        "y_mixed": -0.127685546875,
        "norm_behavior": "normal",
        "storage_error": 8.824281394481659e-08,
        "weight_error": 0.0,
        "bias_error": 0.0,
        "demote_error": 5.4523348808288574e-05,
        "local_mean_error": 2.503384166629985e-10,
        "local_std_error": 0.0
      }
    ]
  }
}