{
  "detector": {
    "detected_exceeded": false,
    "actual_err": 9.480118751525879e-05,
    "predicted_bound": 0.00018270410801051186,
    "elapsed_sec": 3.826162338256836
  },
  "analyzer_report": {
    "component_estimates": {
      "input_storage_error": 9.480118751525879e-05,
      "statistics_computation_error": 9.480118751525879e-05,
      "output_storage_error": 0.00014863908290863037,
      "weight_storage_error": 9.480118751525879e-05,
      "bias_storage_error": 9.480118751525879e-05
    },
    "component_ratios": {
      "input_storage_error": 0.17960082432317986,
      "statistics_computation_error": 0.17960082432317986,
      "output_storage_error": 0.2815967027072806,
      "weight_storage_error": 0.17960082432317986,
      "bias_storage_error": 0.17960082432317986
    },
    "primary_source": "demote",
    "suggestion": "\u4e3b\u8981\u8bef\u5dee\u6765\u6e90\u4e3a\u8f93\u51fa\u964d\u7cbe\u5ea6\u3002\u5efa\u8bae\uff1a\u5ef6\u8fdf\u964d\u7cbe\u5ea6\u6216\u63d0\u9ad8\u8f93\u51fa\u7cbe\u5ea6\uff1b\u68c0\u67e5LayerNorm\u8f93\u51fa\u7684\u6570\u503c\u8303\u56f4\u3002",
    "statistics_errors": {
      "mean_error": 3.292910832897178e-09,
      "var_error": 9.068301665138279e-13,
      "std_error": 2.3283064365386963e-10
    },
    "norm_behavior_stats": {
      "normal": 10
    },
    "top_elements_summary": [
      {
        "coord": [
          4,
          330,
          429
        ],
        "element_error": 9.480118751525879e-05,
        "x_original": -0.00045573923853226006,
        "y_ref": -0.14443644881248474,
        "y_mixed": -0.14453125,
        "norm_behavior": "normal",
        "storage_error": 1.1708470992743969e-07,
        "weight_error": 0.0,
        "bias_error": 0.0,
        "demote_error": 5.7697296142578125e-05,
        "local_mean_error": 2.729620973696001e-10,
        "local_std_error": 0.0
      },
      {
        "coord": [
          4,
          328,
          241
        ],
        "element_error": 9.340047836303711e-05,
        "x_original": -0.00046694264165125787,
        "y_ref": -0.14889711141586304,
        "y_mixed": -0.1488037109375,
        "norm_behavior": "normal",
        "storage_error": 1.1906377039849758e-07,
        "weight_error": 0.0,
        "bias_error": 0.0,
        "demote_error": 5.5924057960510254e-05,
        "local_mean_error": 4.94765117764473e-10,
        "local_std_error": 0.0
      },
      {
        "coord": [
          0,
          353,
          60
        ],
        "element_error": 9.338557720184326e-05,
        "x_original": -0.0003970687685068697,
        "y_ref": -0.12606994807720184,
        "y_mixed": -0.1259765625,
        "norm_behavior": "normal",
        "storage_error": 1.0183430276811123e-07,
        "weight_error": 0.0,
        "bias_error": 0.0,
        "demote_error": 6.084144115447998e-05,
        "local_mean_error": 1.19734977488406e-09,
        "local_std_error": 0.0
      },
      {
        "coord": [
          0,
          135,
          105
        ],
        "element_error": 8.963048458099365e-05,
        "x_original": -0.0004235685628373176,
        "y_ref": -0.132600799202919,
        "y_mixed": -0.1326904296875,
        "norm_behavior": "normal",
        "storage_error": 1.0125222615897655e-07,
        "weight_error": 0.0,
        "bias_error": 0.0,
        "demote_error": 5.7563185691833496e-05,
        "local_mean_error": 2.064552973024547e-10,
        "local_std_error": 0.0
      },
      {
        "coord": [
          2,
          373,
          310
        ],
        "element_error": 8.946657180786133e-05,
        "x_original": -0.0005036527290940285,
        "y_ref": -0.15853673219680786,
        "y_mixed": -0.158447265625,
        "norm_behavior": "normal",
        "storage_error": 1.126900315284729e-07,
        "weight_error": 0.0,
        "bias_error": 0.0,
        "demote_error": 5.3748488426208496e-05,
        "local_mean_error": 3.0036062526050955e-10,
        "local_std_error": 2.3283064365386963e-10
      },
      {
        "coord": [
          6,
          22,
          25
        ],
        "element_error": 8.712708950042725e-05,
        "x_original": 0.00040494001586921513,
        "y_ref": 0.12911544740200043,
        "y_mixed": 0.1290283203125,
        "norm_behavior": "normal",
        "storage_error": 1.052685547620058e-07,
        "weight_error": 0.0,
        "bias_error": 0.0,
        "demote_error": 5.389750003814697e-05,
        "local_mean_error": 1.3642420526593924e-10,
        "local_std_error": 0.0
      },
      {
        "coord": [
          4,
          411,
          573
        ],
        "element_error": 8.440017700195312e-05,
        "x_original": -0.0004001416964456439,
        "y_ref": -0.12764787673950195,
        "y_mixed": -0.1275634765625,
        "norm_behavior": "normal",
        "storage_error": 7.532071322202682e-08,
        "weight_error": 0.0,
        "bias_error": 0.0,
        "demote_error": 6.063282489776611e-05,
        "local_mean_error": 1.2596501619555056e-10,
        "local_std_error": 0.0
      },
      {
        "coord": [
          1,
          2,
          384
        ],
        "element_error": 8.331239223480225e-05,
        "x_original": -0.00041664738091640174,
        "y_ref": -0.1339498907327652,
        "y_mixed": -0.134033203125,
        "norm_behavior": "normal",
        "storage_error": 1.0829535312950611e-07,
        "weight_error": 0.0,
        "bias_error": 0.0,
        "demote_error": 4.9173831939697266e-05,
        "local_mean_error": 3.10592440655455e-10,
        "local_std_error": 0.0
      },
      {
        "coord": [
          7,
          148,
          406
        ],
        "element_error": 8.268654346466064e-05,
        "x_original": 0.0004381045582704246,
        "y_ref": 0.13858918845653534,
        "y_mixed": 0.138671875,
        "norm_behavior": "normal",
        "storage_error": 1.0879011824727058e-07,
        "weight_error": 0.0,
        "bias_error": 0.0,
        "demote_error": 4.836916923522949e-05,
        "local_mean_error": 2.5562485461705364e-10,
        "local_std_error": 0.0
      },
      {
        "coord": [
          2,
          208,
          32
        ],
        "element_error": 8.223950862884521e-05,
        "x_original": 0.0003982317866757512,
        "y_ref": 0.12764571607112885,
        "y_mixed": 0.1275634765625,
        "norm_behavior": "normal",
        "storage_error": 7.275957614183426e-08,
        "weight_error": 0.0,
        "bias_error": 0.0,
        "demote_error": 5.899369716644287e-05,
        "local_mean_error": 7.667040335945785e-10,
        "local_std_error": 0.0
      }
    ]
  }
}