{
  "detector": {
    "detected_exceeded": false,
    "actual_err": 5.587935447692871e-06,
    "predicted_bound": 3.962883019994479e-05,
    "elapsed_sec": 2.5846829414367676
  },
  "matrix_info": {
    "input_shape": [
      256,
      1024
    ],
    "weight_shape": [
      1024,
      512
    ],
    "output_shape": [
      256,
      512
    ],
    "accumulation_dim": 1024
  },
  "analyzer_report": {
    "component_estimates": {
      "input_storage_error": 5.587935447692871e-06,
      "weight_storage_error": 5.587935447692871e-06,
      "accumulation_error": 5.587935447692871e-06,
      "demote_error": 3.4547410905361176e-05
    },
    "component_ratios": {
      "input_storage_error": 0.10890280424720937,
      "weight_storage_error": 0.10890280424720937,
      "accumulation_error": 0.10890280424720937,
      "demote_error": 0.6732915872583719
    },
    "primary_source": "x_storage",
    "suggestion": "\u4e3b\u8981\u8bef\u5dee\u6765\u6e90\u4e3a\u8f93\u5165\u5b58\u50a8\u7cbe\u5ea6\u3002\u5efa\u8bae\uff1a\u63d0\u5347\u8f93\u5165\u5b58\u50a8\u7cbe\u5ea6\uff1b\u8fdb\u884c\u8f93\u5165\u5f52\u4e00\u5316\u6216\u6743\u91cd\u7f29\u653e\u4ee5\u6539\u5584\u6570\u503c\u8303\u56f4\u3002 \u68c0\u6d4b\u5230\u6570\u503c\u7a33\u5b9a\u6027\u95ee\u9898\uff08\u6761\u4ef6\u6570\u6307\u6807=4.07\uff09\u3002\u5efa\u8bae\uff1a(1)\u8f93\u5165/\u6743\u91cd\u9884\u5904\u7406\u548c\u5f52\u4e00\u5316\uff1b(2)\u68c0\u67e5\u662f\u5426\u5b58\u5728\u75c5\u6001\u77e9\u9635\u3002",
    "numerical_stability": {
      "average_condition_indicator": 4.067917723517411,
      "accumulation_dimension": 1024,
      "stability_assessment": "good"
    },
    "top_elements_summary": [
      {
        "coord": [
          89,
          269
        ],
        "element_error": 5.587935447692871e-06,
        "y_ref": -0.010545864701271057,
        "y_mixed": -0.01055145263671875,
        "x_storage_error": 0.00013772855163551867,
        "w_storage_error": 0.0,
        "accumulation_error_estimate": 1.4901161193847656e-08,
        "demote_error": 3.589317202568054e-06,
        "condition_indicator": 3.490375641888169,
        "product_stats": {
          "min": -0.0006236158660613,
          "max": 0.00047915353206917644,
          "mean": -1.030064686347032e-05,
          "std": 0.00010094379831571132
        }
      },
      {
        "coord": [
          219,
          441
        ],
        "element_error": 5.529262125492096e-06,
        "y_ref": 0.009160802699625492,
        "y_mixed": 0.0091552734375,
        "x_storage_error": 0.0001523336541140452,
        "w_storage_error": 0.0,
        "accumulation_error_estimate": 1.4901161193847656e-08,
        "demote_error": 3.4170225262641907e-06,
        "condition_indicator": 4.031199384434951,
        "product_stats": {
          "min": -0.000413092173403129,
          "max": 0.0005703886272385716,
          "mean": 8.944033652369399e-06,
          "std": 0.00010678883700165898
        }
      },
      {
        "coord": [
          208,
          390
        ],
        "element_error": 5.2656978368759155e-06,
        "y_ref": -0.010256269946694374,
        "y_mixed": -0.01026153564453125,
        "x_storage_error": 0.00014090293552726507,
        "w_storage_error": 0.0,
        "accumulation_error_estimate": 1.4901161193847656e-08,
        "demote_error": 3.7476420402526855e-06,
        "condition_indicator": 4.273045165594011,
        "product_stats": {
          "min": -0.0007188866729848087,
          "max": 0.000867648923303932,
          "mean": -1.0017370186687913e-05,
          "std": 0.00010470527195138857
        }
      },
      {
        "coord": [
          242,
          459
        ],
        "element_error": 5.1818788051605225e-06,
        "y_ref": 0.00861876830458641,
        "y_mixed": 0.00861358642578125,
        "x_storage_error": 0.000150529871461913,
        "w_storage_error": 0.0,
        "accumulation_error_estimate": 1.4901161193847656e-08,
        "demote_error": 3.7401914596557617e-06,
        "condition_indicator": 4.724989078153057,
        "product_stats": {
          "min": -0.00042483757715672255,
          "max": 0.00048305458039976656,
          "mean": 8.415358934144024e-06,
          "std": 9.497666906099766e-05
        }
      },
      {
        "coord": [
          35,
          486
        ],
        "element_error": 5.110166966915131e-06,
        "y_ref": -0.009035722352564335,
        "y_mixed": -0.00904083251953125,
        "x_storage_error": 0.00015259929932653904,
        "w_storage_error": 0.0,
        "accumulation_error_estimate": 1.4901161193847656e-08,
        "demote_error": 3.7066638469696045e-06,
        "condition_indicator": 4.0270707659553855,
        "product_stats": {
          "min": -0.0005192087264731526,
          "max": 0.0004272770311217755,
          "mean": -8.825320946925785e-06,
          "std": 9.697951463749632e-05
        }
      },
      {
        "coord": [
          74,
          121
        ],
        "element_error": 5.03193587064743e-06,
        "y_ref": 0.008127902634441853,
        "y_mixed": 0.0081329345703125,
        "x_storage_error": 0.00014412905147764832,
        "w_storage_error": 0.0,
        "accumulation_error_estimate": 1.4901161193847656e-08,
        "demote_error": 2.8386712074279785e-06,
        "condition_indicator": 3.9887360609151097,
        "product_stats": {
          "min": -0.0003862305893562734,
          "max": 0.0006828811019659042,
          "mean": 7.939544957480393e-06,
          "std": 0.00010565255070105195
        }
      },
      {
        "coord": [
          212,
          176
        ],
        "element_error": 4.968605935573578e-06,
        "y_ref": -0.009684362448751926,
        "y_mixed": -0.0096893310546875,
        "x_storage_error": 0.00014791825378779322,
        "w_storage_error": 0.0,
        "accumulation_error_estimate": 1.4901161193847656e-08,
        "demote_error": 3.1301751732826233e-06,
        "condition_indicator": 3.26500229196718,
        "product_stats": {
          "min": -0.0006504346965812147,
          "max": 0.0005596803384833038,
          "mean": -9.459180546400603e-06,
          "std": 0.00010696466051740572
        }
      },
      {
        "coord": [
          254,
          419
        ],
        "element_error": 4.9173831939697266e-06,
        "y_ref": 0.00834926962852478,
        "y_mixed": 0.00835418701171875,
        "x_storage_error": 0.00015333827468566597,
        "w_storage_error": 0.0,
        "accumulation_error_estimate": 1.4901161193847656e-08,
        "demote_error": 3.3760443329811096e-06,
        "condition_indicator": 3.7162083894036955,
        "product_stats": {
          "min": -0.0005395079497247934,
          "max": 0.0005719295586459339,
          "mean": 8.155087925842963e-06,
          "std": 0.00010861756163649261
        }
      },
      {
        "coord": [
          238,
          364
        ],
        "element_error": 4.911795258522034e-06,
        "y_ref": 0.008496427908539772,
        "y_mixed": 0.00849151611328125,
        "x_storage_error": 0.00014648748037870973,
        "w_storage_error": 0.0,
        "accumulation_error_estimate": 1.4901161193847656e-08,
        "demote_error": 3.725290298461914e-06,
        "condition_indicator": 4.407964803291274,
        "product_stats": {
          "min": -0.0005208644433878362,
          "max": 0.0005327875842340291,
          "mean": 8.296139640151523e-06,
          "std": 9.907784260576591e-05
        }
      },
      {
        "coord": [
          47,
          449
        ],
        "element_error": 4.896894097328186e-06,
        "y_ref": 0.010813584551215172,
        "y_mixed": 0.0108184814453125,
        "x_storage_error": 0.0001461062056478113,
        "w_storage_error": 0.0,
        "accumulation_error_estimate": 1.4901161193847656e-08,
        "demote_error": 3.5297125577926636e-06,
        "condition_indicator": 4.7545856535712785,
        "product_stats": {
          "min": -0.0005385465337894857,