{
  "detector": {
    "detected_exceeded": false,
    "actual_err": 6.540119647979736e-05,
    "predicted_bound": 0.00013919363846071064,
    "elapsed_sec": 4.133173227310181
  },
  "meta": {
    "distribution": "adversarial_sum",
    "bias": true,
    "batch_size": 32,
    "in_features": 1024,
    "out_features": 4096
  },
  "analyzer_report": {
    "component_estimates": {
      "input_storage_error": 6.540119647979736e-05,
      "weight_storage_error": 6.540119647979736e-05,
      "accumulation_error": 6.540119647979736e-05,
      "output_storage_error": 0.00011171400547027588,
      "bias_storage_error": 6.540119647979736e-05
    },
    "component_ratios": {
      "input_storage_error": 0.1751886001676446,
      "weight_storage_error": 0.1751886001676446,
      "accumulation_error": 0.1751886001676446,
      "output_storage_error": 0.29924559932942163,
      "bias_storage_error": 0.1751886001676446
    },
    "primary_source": "input_storage",
    "suggestion": "\u4e3b\u8981\u8bef\u5dee\u6765\u6e90\u4e3a\u8f93\u5165\u5b58\u50a8\u7cbe\u5ea6\u3002\u5efa\u8bae\uff1a\u63d0\u5347\u8f93\u5165\u5b58\u50a8\u7cbe\u5ea6\u6216\u8fdb\u884c\u8f93\u5165\u5f52\u4e00\u5316/\u6807\u51c6\u5316\u4ee5\u964d\u4f4e\u6570\u503c\u8303\u56f4\u3002",
    "aggregated_ratios": {
      "input_storage": 0.9700604050359903,
      "weight_storage": 0.0,
      "bias_storage": 0.0,
      "accumulation": 0.00013489431555757187,
      "demote": 0.02980470064845204
    },
    "top_neurons_summary": [
      {
        "coord": [
          5,
          3797
        ],
        "neuron_error": 6.540119647979736e-05,
        "y_ref": -0.1259198933839798,
        "y_mixed": -0.1258544921875,
        "input_storage_error": 0.0014297509333118796,
        "weight_storage_error": 0.0,
        "bias_storage_error": 0.0,
        "accumulation_estimate": 2.384185791015625e-07,
        "demote_error": 5.6877732276916504e-05,
        "in_features": 1024,
        "neuron_idx": 3797,
        "batch_idx": 5
      },
      {
        "coord": [
          10,
          758
        ],
        "neuron_error": 6.414949893951416e-05,
        "y_ref": -0.12555243074893951,
        "y_mixed": -0.12548828125,
        "input_storage_error": 0.0014214874245226383,
        "weight_storage_error": 0.0,
        "bias_storage_error": 0.0,
        "accumulation_estimate": 2.384185791015625e-07,
        "demote_error": 6.0439109802246094e-05,
        "in_features": 1024,
        "neuron_idx": 758,
        "batch_idx": 10
      },
      {
        "coord": [
          1,
          1924
        ],
        "neuron_error": 5.914270877838135e-05,
        "y_ref": -0.12726019322872162,
        "y_mixed": -0.1273193359375,
        "input_storage_error": 0.0014362975489348173,
        "weight_storage_error": 0.0,
        "bias_storage_error": 0.0,
        "accumulation_estimate": 2.384185791015625e-07,
        "demote_error": 5.836784839630127e-05,
        "in_features": 1024,
        "neuron_idx": 1924,
        "batch_idx": 1
      },
      {
        "coord": [
          18,
          1722
        ],
        "neuron_error": 5.696713924407959e-05,
        "y_ref": -0.13409017026424408,
        "y_mixed": -0.134033203125,
        "input_storage_error": 0.001467144931666553,
        "weight_storage_error": 0.0,
        "bias_storage_error": 0.0,
        "accumulation_estimate": 2.384185791015625e-07,
        "demote_error": 4.6133995056152344e-05,
        "in_features": 1024,
        "neuron_idx": 1722,
        "batch_idx": 18
      },
      {
        "coord": [
          15,
          3373
        ],
        "neuron_error": 5.595386028289795e-05,
        "y_ref": -0.1255442351102829,
        "y_mixed": -0.12548828125,
        "input_storage_error": 0.001477820216678083,
        "weight_storage_error": 0.0,
        "bias_storage_error": 0.0,
        "accumulation_estimate": 2.384185791015625e-07,
        "demote_error": 4.604458808898926e-05,
        "in_features": 1024,
        "neuron_idx": 3373,
        "batch_idx": 15
      },
      {
        "coord": [
          21,
          2950
        ],
        "neuron_error": 5.361437797546387e-05,
        "y_ref": 0.12677744030952454,
        "y_mixed": 0.1268310546875,
        "input_storage_error": 0.0014271517284214497,
        "weight_storage_error": 0.0,
        "bias_storage_error": 0.0,
        "accumulation_estimate": 2.384185791015625e-07,
        "demote_error": 4.890561103820801e-05,
        "in_features": 1024,
        "neuron_idx": 2950,
        "batch_idx": 21
      },
      {
        "coord": [
          30,
          3783
        ],
        "neuron_error": 5.161762237548828e-05,
        "y_ref": -0.08777797222137451,
        "y_mixed": -0.08782958984375,
        "input_storage_error": 0.0015509771183133125,
        "weight_storage_error": 0.0,
        "bias_storage_error": 0.0,
        "accumulation_estimate": 1.1920928955078125e-07,
        "demote_error": 3.0316412448883057e-05,
        "in_features": 1024,
        "neuron_idx": 3783,
        "batch_idx": 30
      },
      {
        "coord": [
          15,
          1752
        ],
        "neuron_error": 5.050003528594971e-05,
        "y_ref": -0.13957686722278595,
        "y_mixed": -0.1395263671875,
        "input_storage_error": 0.001477820216678083,
        "weight_storage_error": 0.0,
        "bias_storage_error": 0.0,
        "accumulation_estimate": 2.384185791015625e-07,
        "demote_error": 4.272162914276123e-05,
        "in_features": 1024,
        "neuron_idx": 1752,
        "batch_idx": 15
      },
      {
        "coord": [
          18,
          1896
        ],
        "neuron_error": 4.848092794418335e-05,
        "y_ref": -0.06483189016580582,
        "y_mixed": -0.06488037109375,
        "input_storage_error": 0.001467144931666553,
        "weight_storage_error": 0.0,
        "bias_storage_error": 0.0,
        "accumulation_estimate": 1.1920928955078125e-07,
        "demote_error": 2.831965684890747e-05,
        "in_features": 1024,
        "neuron_idx": 1896,
        "batch_idx": 18
      },
      {
        "coord": [
          27,
          2155
        ],
        "neuron_error": 4.8473477363586426e-05,
        "y_ref": 0.08173863589763641,
        "y_mixed": 0.081787109375,
        "input_storage_error": 0.0014179145218804479,
        "weight_storage_error": 0.0,
        "bias_storage_error": 0.0,
        "accumulation_estimate": 1.1920928955078125e-07,
        "demote_error": 2.9638409614562988e-05,
        "in_features": 1024,
        "neuron_idx": 2155,
        "batch_idx": 27
      }
    ]
  }
}