{
  "detector": {
    "detected_exceeded": false,
    "actual_err": 0.0025300979614257812,
    "predicted_bound": 0.004637201456353069,
    "elapsed_sec": 2.2388992309570312
  },
  "analyzer_report": {
    "component_estimates": {
      "input_storage_error": 0.0025300979614257812,
      "affine_params_error": 0.0025300979614257812,
      "statistics_computation_error": 0.0025300979614257812,
      "output_storage_error": 0.003460407257080078
    },
    "component_ratios": {
      "input_storage_error": 0.22895361380798274,
      "affine_params_error": 0.22895361380798274,
      "statistics_computation_error": 0.22895361380798274,
      "output_storage_error": 0.3131391585760518
    },
    "primary_source": "statistics",
    "suggestion": "\u4e3b\u8981\u8bef\u5dee\u6765\u6e90\u4e3a\u7edf\u8ba1\u91cf\u8ba1\u7b97\u7cbe\u5ea6\u3002\u5efa\u8bae\uff1a\u589e\u5927batch size\u3001\u4f7f\u7528\u66f4\u7a33\u5b9a\u7684\u7edf\u8ba1\u7b97\u6cd5\u6216\u8003\u8651LayerNorm\u66ff\u4ee3\u3002 31.2%\u7684\u901a\u9053\u65b9\u5dee\u63a5\u8fd1eps\uff0c\u5b58\u5728\u6570\u503c\u4e0d\u7a33\u5b9a\u98ce\u9669\u3002\u8003\u8651\u589e\u5927eps\u503c\u6216\u68c0\u67e5\u8f93\u5165\u6570\u636e\u9884\u5904\u7406\u3002",
    "batch_statistics": {
      "batch_size": 4,
      "num_channels": 32,
      "spatial_size": [
        16,
        16
      ],
      "input_range": {
        "min": -0.04259302467107773,
        "max": 0.04016295447945595,
        "mean": 1.7083162674680352e-05,
        "std": 0.010008804500102997
      }
    },
    "numerical_feature_stats": {
      "near_zero_variance": 10,
      "extreme_values": 0,
      "small_batch": 0,
      "high_variance": 0
    },
    "channel_analysis_summary": [
      {
        "channel_index": 7,
        "channel_error": 0.00021842113346792758,
        "weight_error": 0.0,
        "bias_error": 0.0,
        "stats_instability_estimate": 0.5,
        "numerical_features": {
          "near_zero_variance": true,
          "extreme_values": false,
          "small_batch": false,
          "high_variance": false,
          "near_zero_mean": false,
          "skewed_distribution": false
        }
      },
      {
        "channel_index": 29,
        "channel_error": 0.0002183183387387544,
        "weight_error": 0.0,
        "bias_error": 0.0,
        "stats_instability_estimate": 0.5,
        "numerical_features": {
          "near_zero_variance": true,
          "extreme_values": false,
          "small_batch": false,
          "high_variance": false,
          "near_zero_mean": false,
          "skewed_distribution": false
        }
      },
      {
        "channel_index": 9,
        "channel_error": 0.00020776104065589607,
        "weight_error": 0.0,
        "bias_error": 0.0,
        "stats_instability_estimate": 0.5,
        "numerical_features": {
          "near_zero_variance": true,
          "extreme_values": false,
          "small_batch": false,
          "high_variance": false,
          "near_zero_mean": false,
          "skewed_distribution": false
        }
      },
      {
        "channel_index": 6,
        "channel_error": 0.00020416420011315495,
        "weight_error": 0.0,
        "bias_error": 0.0,
        "stats_instability_estimate": 5.0,
        "numerical_features": {
          "near_zero_variance": true,
          "extreme_values": false,
          "small_batch": false,
          "high_variance": false,
          "near_zero_mean": false,
          "skewed_distribution": false
        }
      },
      {
        "channel_index": 24,
        "channel_error": 0.00020207604393363,
        "weight_error": 0.0,
        "bias_error": 0.0,
        "stats_instability_estimate": 0.5,
        "numerical_features": {
          "near_zero_variance": true,
          "extreme_values": false,
          "small_batch": false,
          "high_variance": false,
          "near_zero_mean": false,
          "skewed_distribution": false
        }
      },
      {
        "channel_index": 11,
        "channel_error": 0.00020146649330854416,
        "weight_error": 0.0,
        "bias_error": 0.0,
        "stats_instability_estimate": 0.5,
        "numerical_features": {
          "near_zero_variance": true,
          "extreme_values": false,
          "small_batch": false,
          "high_variance": false,
          "near_zero_mean": false,
          "skewed_distribution": false
        }
      },
      {
        "channel_index": 16,
        "channel_error": 0.0002003411646001041,
        "weight_error": 0.0,
        "bias_error": 0.0,
        "stats_instability_estimate": 5.0,
        "numerical_features": {
          "near_zero_variance": true,
          "extreme_values": false,
          "small_batch": false,
          "high_variance": false,
          "near_zero_mean": false,
          "skewed_distribution": false
        }
      },
      {
        "channel_index": 28,
        "channel_error": 0.00019926617096643895,
        "weight_error": 0.0,
        "bias_error": 0.0,
        "stats_instability_estimate": 5.0,
        "numerical_features": {
          "near_zero_variance": true,
          "extreme_values": false,
          "small_batch": false,
          "high_variance": false,
          "near_zero_mean": false,
          "skewed_distribution": false
        }
      },
      {
        "channel_index": 25,
        "channel_error": 0.00019754107051994652,
        "weight_error": 0.0,
        "bias_error": 0.0,
        "stats_instability_estimate": 0.5,
        "numerical_features": {
          "near_zero_variance": true,
          "extreme_values": false,
          "small_batch": false,
          "high_variance": false,
          "near_zero_mean": true,
          "skewed_distribution": false
        }
      },
      {
        "channel_index": 10,
        "channel_error": 0.00019545368559192866,
        "weight_error": 0.0,
        "bias_error": 0.0,
        "stats_instability_estimate": 0.5,
        "numerical_features": {
          "near_zero_variance": true,
          "extreme_values": false,
          "small_batch": false,
          "high_variance": false,
          "near_zero_mean": false,
          "skewed_distribution": false
        }
      }
    ]
  }
}