{
  "detector": {
    "detected_exceeded": false,
    "actual_err": 0.00011497735977172852,
    "predicted_bound": 0.00021103660692460837,
    "elapsed_sec": 3.8281919956207275
  },
  "analyzer_report": {
    "component_estimates": {
      "input_storage_error": 0.00011497735977172852,
      "statistics_computation_error": 0.00011497735977172852,
      "output_storage_error": 0.0001542121171951294,
      "weight_storage_error": 0.00011497735977172852,
      "bias_storage_error": 0.00011497735977172852
    },
    "component_ratios": {
      "input_storage_error": 0.18722247834421177,
      "statistics_computation_error": 0.18722247834421177,
      "output_storage_error": 0.2511100866231529,
      "weight_storage_error": 0.18722247834421177,
      "bias_storage_error": 0.18722247834421177
    },
    "primary_source": "demote",
    "suggestion": "\u4e3b\u8981\u8bef\u5dee\u6765\u6e90\u4e3a\u8f93\u51fa\u964d\u7cbe\u5ea6\u3002\u5efa\u8bae\uff1a\u5ef6\u8fdf\u964d\u7cbe\u5ea6\u6216\u63d0\u9ad8\u8f93\u51fa\u7cbe\u5ea6\uff1b\u68c0\u67e5LayerNorm\u8f93\u51fa\u7684\u6570\u503c\u8303\u56f4\u3002",
    "statistics_errors": {
      "mean_error": 3.3035121305147186e-09,
      "var_error": 1.2683187833317788e-12,
      "std_error": 2.3283064365386963e-10
    },
    "norm_behavior_stats": {
      "normal": 10
    },
    "top_elements_summary": [
      {
        "coord": [
          4,
          120,
          234
        ],
        "element_error": 0.00011497735977172852,
        "x_original": 0.0005013729678466916,
        "y_ref": 0.15770775079727173,
        "y_mixed": 0.1575927734375,
        "norm_behavior": "normal",
        "storage_error": 2.1711457520723343e-07,
        "weight_error": 0.0,
        "bias_error": 0.0,
        "demote_error": 4.629790782928467e-05,
        "local_mean_error": 2.078195393551141e-10,
        "local_std_error": 0.0
      },
      {
        "coord": [
          0,
          259,
          204
        ],
        "element_error": 9.381771087646484e-05,
        "x_original": 0.0005639003938995302,
        "y_ref": 0.17764055728912354,
        "y_mixed": 0.177734375,
        "norm_behavior": "normal",
        "storage_error": 1.9796425476670265e-07,
        "weight_error": 0.0,
        "bias_error": 0.0,
        "demote_error": 3.103911876678467e-05,
        "local_mean_error": 6.458549250965007e-10,
        "local_std_error": 0.0
      },
      {
        "coord": [
          7,
          263,
          711
        ],
        "element_error": 8.223950862884521e-05,
        "x_original": -0.0004059189814142883,
        "y_ref": -0.13053299486637115,
        "y_mixed": -0.130615234375,
        "norm_behavior": "normal",
        "storage_error": 1.078587956726551e-07,
        "weight_error": 0.0,
        "bias_error": 0.0,
        "demote_error": 4.76837158203125e-05,
        "local_mean_error": 1.4811121218372136e-09,
        "local_std_error": 0.0
      },
      {
        "coord": [
          3,
          178,
          134
        ],
        "element_error": 8.210539817810059e-05,
        "x_original": 0.0004502965894062072,
        "y_ref": 0.1427401602268219,
        "y_mixed": 0.142822265625,
        "norm_behavior": "normal",
        "storage_error": 7.610651664435863e-08,
        "weight_error": 0.0,
        "bias_error": 0.0,
        "demote_error": 5.799531936645508e-05,
        "local_mean_error": 1.6279955161735415e-10,
        "local_std_error": 0.0
      },
      {
        "coord": [
          2,
          444,
          737
        ],
        "element_error": 8.168816566467285e-05,
        "x_original": 0.00042139680590480566,
        "y_ref": 0.13289418816566467,
        "y_mixed": 0.1328125,
        "norm_behavior": "normal",
        "storage_error": 1.1117663234472275e-07,
        "weight_error": 0.0,
        "bias_error": 0.0,
        "demote_error": 4.6834349632263184e-05,
        "local_mean_error": 9.166001291305292e-10,
        "local_std_error": 0.0
      },
      {
        "coord": [
          4,
          131,
          70
        ],
        "element_error": 7.954239845275879e-05,
        "x_original": 0.0004347387293819338,
        "y_ref": 0.13728657364845276,
        "y_mixed": 0.13720703125,
        "norm_behavior": "normal",
        "storage_error": 1.0165967978537083e-07,
        "weight_error": 0.0,
        "bias_error": 0.0,
        "demote_error": 4.692375659942627e-05,
        "local_mean_error": 1.5471357528440421e-09,
        "local_std_error": 0.0
      },
      {
        "coord": [
          1,
          109,
          141
        ],
        "element_error": 7.928907871246338e-05,
        "x_original": -0.0003985038783866912,
        "y_ref": -0.12617792189121246,
        "y_mixed": -0.1260986328125,
        "norm_behavior": "normal",
        "storage_error": 1.0643270798027515e-07,
        "weight_error": 0.0,
        "bias_error": 0.0,
        "demote_error": 4.5672059059143066e-05,
        "local_mean_error": 7.702283255639486e-11,
        "local_std_error": 0.0
      },
      {
        "coord": [
          2,
          485,
          98
        ],
        "element_error": 7.803738117218018e-05,
        "x_original": -0.0004294610407669097,
        "y_ref": -0.13582022488117218,
        "y_mixed": -0.1357421875,
        "norm_behavior": "normal",
        "storage_error": 6.917980499565601e-08,
        "weight_error": 0.0,
        "bias_error": 0.0,
        "demote_error": 5.6296586990356445e-05,
        "local_mean_error": 4.1652015170257073e-10,
        "local_std_error": 2.3283064365386963e-10
      },
      {
        "coord": [
          3,
          88,
          213
        ],
        "element_error": 7.730722427368164e-05,
        "x_original": -0.00041706193587742746,
        "y_ref": -0.13215738534927368,
        "y_mixed": -0.132080078125,
        "norm_behavior": "normal",
        "storage_error": 6.784102879464626e-08,
        "weight_error": 0.0,
        "bias_error": 0.0,
        "demote_error": 5.583465099334717e-05,
        "local_mean_error": 8.412825991399586e-11,
        "local_std_error": 0.0
      },
      {
        "coord": [
          4,
          134,
          425
        ],
        "element_error": 7.690489292144775e-05,
        "x_original": 0.0003987835079897195,
        "y_ref": 0.12651000916957855,
        "y_mixed": 0.1265869140625,
        "norm_behavior": "normal",
        "storage_error": 9.077484719455242e-08,
        "weight_error": 0.0,
        "bias_error": 0.0,
        "demote_error": 4.850327968597412e-05,
        "local_mean_error": 9.470113582210615e-10,
        "local_std_error": 2.3283064365386963e-10
      }
    ]
  }
}