{
  "detector": {
    "detected_exceeded": false,
    "actual_err": 6.227754056453705e-06,
    "predicted_bound": 4.040220155729913e-05,
    "elapsed_sec": 2.6120758056640625
  },
  "matrix_info": {
    "input_shape": [
      256,
      1024
    ],
    "weight_shape": [
      1024,
      512
    ],
    "output_shape": [
      256,
      512
    ],
    "accumulation_dim": 1024
  },
  "analyzer_report": {
    "component_estimates": {
      "input_storage_error": 6.227754056453705e-06,
      "weight_storage_error": 6.227754056453705e-06,
      "accumulation_error": 6.227754056453705e-06,
      "demote_error": 3.465358167886734e-05
    },
    "component_ratios": {
      "input_storage_error": 0.11676270298585648,
      "weight_storage_error": 0.11676270298585648,
      "accumulation_error": 0.11676270298585648,
      "demote_error": 0.6497118910424305
    },
    "primary_source": "x_storage",
    "suggestion": "\u4e3b\u8981\u8bef\u5dee\u6765\u6e90\u4e3a\u8f93\u5165\u5b58\u50a8\u7cbe\u5ea6\u3002\u5efa\u8bae\uff1a\u63d0\u5347\u8f93\u5165\u5b58\u50a8\u7cbe\u5ea6\uff1b\u8fdb\u884c\u8f93\u5165\u5f52\u4e00\u5316\u6216\u6743\u91cd\u7f29\u653e\u4ee5\u6539\u5584\u6570\u503c\u8303\u56f4\u3002 \u68c0\u6d4b\u5230\u6570\u503c\u7a33\u5b9a\u6027\u95ee\u9898\uff08\u6761\u4ef6\u6570\u6307\u6807=4.59\uff09\u3002\u5efa\u8bae\uff1a(1)\u8f93\u5165/\u6743\u91cd\u9884\u5904\u7406\u548c\u5f52\u4e00\u5316\uff1b(2)\u68c0\u67e5\u662f\u5426\u5b58\u5728\u75c5\u6001\u77e9\u9635\u3002",
    "numerical_stability": {
      "average_condition_indicator": 4.591645706403178,
      "accumulation_dimension": 1024,
      "stability_assessment": "good"
    },
    "top_elements_summary": [
      {
        "coord": [
          189,
          0
        ],
        "element_error": 6.227754056453705e-06,
        "y_ref": -0.009260683320462704,
        "y_mixed": -0.00925445556640625,
        "x_storage_error": 0.00013466246309690177,
        "w_storage_error": 0.0,
        "accumulation_error_estimate": 1.4901161193847656e-08,
        "demote_error": 3.7867575883865356e-06,
        "condition_indicator": 4.11453948128574,
        "product_stats": {
          "min": -0.0005419251974672079,
          "max": 0.0006434594397433102,
          "mean": -9.04125136003131e-06,
          "std": 9.993648563977331e-05
        }
      },
      {
        "coord": [
          8,
          154
        ],
        "element_error": 5.745328962802887e-06,
        "y_ref": -0.008161568082869053,
        "y_mixed": -0.00815582275390625,
        "x_storage_error": 0.00015091322711668909,
        "w_storage_error": 0.0,
        "accumulation_error_estimate": 1.4901161193847656e-08,
        "demote_error": 3.7122517824172974e-06,
        "condition_indicator": 4.350122451514581,
        "product_stats": {
          "min": -0.0008486273000016809,
          "max": 0.00040420034201815724,
          "mean": -7.96829590399284e-06,
          "std": 9.909943037200719e-05
        }
      },
      {
        "coord": [
          72,
          25
        ],
        "element_error": 5.323439836502075e-06,
        "y_ref": -0.008310716599225998,
        "y_mixed": -0.0083160400390625,
        "x_storage_error": 0.0001543952093925327,
        "w_storage_error": 0.0,
        "accumulation_error_estimate": 1.4901161193847656e-08,
        "demote_error": 3.8119032979011536e-06,
        "condition_indicator": 3.552125198011976,
        "product_stats": {
          "min": -0.0005509583279490471,
          "max": 0.0006286604912020266,
          "mean": -8.117413017316721e-06,
          "std": 0.00010639385436661541
        }
      },
      {
        "coord": [
          100,
          45
        ],
        "element_error": 5.15766441822052e-06,
        "y_ref": -0.00823458842933178,
        "y_mixed": -0.00823974609375,
        "x_storage_error": 0.00014345561794470996,
        "w_storage_error": 0.0,
        "accumulation_error_estimate": 1.4901161193847656e-08,
        "demote_error": 3.4570693969726562e-06,
        "condition_indicator": 4.697431304696817,
        "product_stats": {
          "min": -0.0006054472760297358,
          "max": 0.00042748061241582036,
          "mean": -8.04325463832356e-06,
          "std": 0.00010273811494698748
        }
      },
      {
        "coord": [
          52,
          109
        ],
        "element_error": 5.0961971282958984e-06,
        "y_ref": -0.008097320795059204,
        "y_mixed": -0.0081024169921875,
        "x_storage_error": 0.00014103103603702039,
        "w_storage_error": 0.0,
        "accumulation_error_estimate": 1.4901161193847656e-08,
        "demote_error": 3.4803524613380432e-06,
        "condition_indicator": 4.190291909154279,
        "product_stats": {
          "min": -0.0005593309178948402,
          "max": 0.0005930018960498273,
          "mean": -7.909116902737878e-06,
          "std": 0.00010349985677748919
        }
      },
      {
        "coord": [
          0,
          199
        ],
        "element_error": 5.0282105803489685e-06,
        "y_ref": 0.009066321887075901,
        "y_mixed": 0.00907135009765625,
        "x_storage_error": 0.00015473821258638054,
        "w_storage_error": 0.0,
        "accumulation_error_estimate": 1.4901161193847656e-08,
        "demote_error": 3.162771463394165e-06,
        "condition_indicator": 3.615739202869271,
        "product_stats": {
          "min": -0.0006997709861025214,
          "max": 0.0004967281129211187,
          "mean": 8.855654414219316e-06,
          "std": 0.00010259405826218426
        }
      },
      {
        "coord": [
          29,
          460
        ],
        "element_error": 4.9872323870658875e-06,
        "y_ref": 0.009511212818324566,
        "y_mixed": 0.0095062255859375,
        "x_storage_error": 0.00014290220860857517,
        "w_storage_error": 0.0,
        "accumulation_error_estimate": 1.4901161193847656e-08,
        "demote_error": 3.2298266887664795e-06,
        "condition_indicator": 4.051444356193327,
        "product_stats": {
          "min": -0.00034555571619421244,
          "max": 0.00042280121124349535,
          "mean": 9.286576641898137e-06,
          "std": 9.230650903191417e-05
        }
      },
      {
        "coord": [
          18,
          280
        ],
        "element_error": 4.976987838745117e-06,
        "y_ref": -0.007970064878463745,
        "y_mixed": -0.007965087890625,
        "x_storage_error": 0.0001460088969906792,
        "w_storage_error": 0.0,
        "accumulation_error_estimate": 1.4901161193847656e-08,
        "demote_error": 3.6740675568580627e-06,
        "condition_indicator": 9.568007891463063,
        "product_stats": {
          "min": -0.0005546450847759843,
          "max": 0.0004909087438136339,
          "mean": -7.781995918776374e-06,
          "std": 9.499858424533159e-05
        }
      },
      {
        "coord": [
          231,
          325
        ],
        "element_error": 4.967674612998962e-06,
        "y_ref": -0.009343346580862999,
        "y_mixed": -0.00933837890625,
        "x_storage_error": 0.00014968504547141492,
        "w_storage_error": 0.0,
        "accumulation_error_estimate": 1.4901161193847656e-08,
        "demote_error": 3.53250652551651e-06,
        "condition_indicator": 3.40922464683798,
        "product_stats": {
          "min": -0.00048813989269547164,
          "max": 0.0006176974857226014,
          "mean": -9.122957635554485e-06,
          "std": 0.00010497253242647275
        }
      },
      {
        "coord": [
          225,
          73
        ],
        "element_error": 4.929490387439728e-06,
        "y_ref": 0.00881465058773756,
        "y_mixed": 0.008819580078125,
        "x_storage_error": 0.00013958672934677452,
        "w_storage_error": 0.0,
        "accumulation_error_estimate": 1.4901161193847656e-08,
        "demote_error": 3.2819807529449463e-06,
        "condition_indicator": 4.3675306220047485,
        "product_stats": {
          "min": -0.0005876240320503712,