{
  "detector": {
    "detected_exceeded": false,
    "actual_err": 5.381181836128235e-06,
    "predicted_bound": 3.920443377865013e-05,
    "elapsed_sec": 2.6493217945098877
  },
  "matrix_info": {
    "input_shape": [
      256,
      1024
    ],
    "weight_shape": [
      1024,
      512
    ],
    "output_shape": [
      256,
      512
    ],
    "accumulation_dim": 1024
  },
  "analyzer_report": {
    "component_estimates": {
      "input_storage_error": 5.381181836128235e-06,
      "weight_storage_error": 5.381181836128235e-06,
      "accumulation_error": 5.381181836128235e-06,
      "demote_error": 3.4446828067302704e-05
    },
    "component_ratios": {
      "input_storage_error": 0.10636770309824929,
      "weight_storage_error": 0.10636770309824929,
      "accumulation_error": 0.10636770309824929,
      "demote_error": 0.6808968907052522
    },
    "primary_source": "x_storage",
    "suggestion": "\u4e3b\u8981\u8bef\u5dee\u6765\u6e90\u4e3a\u8f93\u5165\u5b58\u50a8\u7cbe\u5ea6\u3002\u5efa\u8bae\uff1a\u63d0\u5347\u8f93\u5165\u5b58\u50a8\u7cbe\u5ea6\uff1b\u8fdb\u884c\u8f93\u5165\u5f52\u4e00\u5316\u6216\u6743\u91cd\u7f29\u653e\u4ee5\u6539\u5584\u6570\u503c\u8303\u56f4\u3002",
    "numerical_stability": {
      "average_condition_indicator": 3.938624897949148,
      "accumulation_dimension": 1024,
      "stability_assessment": "good"
    },
    "top_elements_summary": [
      {
        "coord": [
          25,
          483
        ],
        "element_error": 5.381181836128235e-06,
        "y_ref": 0.008504526689648628,
        "y_mixed": 0.0084991455078125,
        "x_storage_error": 0.00014435529010370374,
        "w_storage_error": 0.0,
        "accumulation_error_estimate": 1.4901161193847656e-08,
        "demote_error": 3.810971975326538e-06,
        "condition_indicator": 4.154239508608036,
        "product_stats": {
          "min": -0.0004811604449059814,
          "max": 0.0006252790917642415,
          "mean": 8.3036684372928e-06,
          "std": 0.00010406123328721151
        }
      },
      {
        "coord": [
          201,
          247
        ],
        "element_error": 5.248934030532837e-06,
        "y_ref": -0.008199218660593033,
        "y_mixed": -0.0081939697265625,
        "x_storage_error": 0.00013261300045996904,
        "w_storage_error": 0.0,
        "accumulation_error_estimate": 1.4901161193847656e-08,
        "demote_error": 3.2456591725349426e-06,
        "condition_indicator": 3.5453794644834717,
        "product_stats": {
          "min": -0.00061714620096609,
          "max": 0.00043113520951010287,
          "mean": -8.005094059626572e-06,
          "std": 9.707061690278351e-05
        }
      },
      {
        "coord": [
          54,
          432
        ],
        "element_error": 5.07943332195282e-06,
        "y_ref": 0.009282423183321953,
        "y_mixed": 0.00927734375,
        "x_storage_error": 0.00013878438039682806,
        "w_storage_error": 0.0,
        "accumulation_error_estimate": 1.4901161193847656e-08,
        "demote_error": 3.807246685028076e-06,
        "condition_indicator": 3.6589552675629626,
        "product_stats": {
          "min": -0.0006197848124429584,
          "max": 0.0007094743195921183,
          "mean": 9.063624020200223e-06,
          "std": 0.00010557218047324568
        }
      },
      {
        "coord": [
          143,
          341
        ],
        "element_error": 5.017034709453583e-06,
        "y_ref": 0.009114514105021954,
        "y_mixed": 0.0091094970703125,
        "x_storage_error": 0.00014587712939828634,
        "w_storage_error": 0.0,
        "accumulation_error_estimate": 1.4901161193847656e-08,
        "demote_error": 3.427267074584961e-06,
        "condition_indicator": 3.9672798520794883,
        "product_stats": {
          "min": -0.00043421293958090246,
          "max": 0.0005173954414203763,
          "mean": 8.899343811208382e-06,
          "std": 0.00010057967301690951
        }
      },
      {
        "coord": [
          6,
          11
        ],
        "element_error": 4.9192458391189575e-06,
        "y_ref": -0.009951440617442131,
        "y_mixed": -0.00995635986328125,
        "x_storage_error": 0.00013738844427280128,
        "w_storage_error": 0.0,
        "accumulation_error_estimate": 1.4901161193847656e-08,
        "demote_error": 3.6405399441719055e-06,
        "condition_indicator": 4.1473983228367555,
        "product_stats": {
          "min": -0.0005234263371676207,
          "max": 0.0004512887098826468,
          "mean": -9.719450645206962e-06,
          "std": 9.705188131192699e-05
        }
      },
      {
        "coord": [
          112,
          9
        ],
        "element_error": 4.756264388561249e-06,
        "y_ref": -0.008938777260482311,
        "y_mixed": -0.00893402099609375,
        "x_storage_error": 0.00015236999024637043,
        "w_storage_error": 0.0,
        "accumulation_error_estimate": 1.4901161193847656e-08,
        "demote_error": 3.458932042121887e-06,
        "condition_indicator": 4.414969704859933,
        "product_stats": {
          "min": -0.0005498297396115959,
          "max": 0.0005230458336882293,
          "mean": -8.728009561309591e-06,
          "std": 9.852490620687604e-05
        }
      },
      {
        "coord": [
          14,
          178
        ],
        "element_error": 4.746951162815094e-06,
        "y_ref": -0.008793809451162815,
        "y_mixed": -0.0087890625,
        "x_storage_error": 0.0001428061950718984,
        "w_storage_error": 0.0,
        "accumulation_error_estimate": 1.4901161193847656e-08,
        "demote_error": 3.713183104991913e-06,
        "condition_indicator": 3.7324410113584077,
        "product_stats": {
          "min": -0.000628243840765208,
          "max": 0.0006481313030235469,
          "mean": -8.586691365053412e-06,
          "std": 0.0001050971623044461
        }
      },
      {
        "coord": [
          42,
          341
        ],
        "element_error": 4.738569259643555e-06,
        "y_ref": 0.008029013872146606,
        "y_mixed": 0.00803375244140625,
        "x_storage_error": 0.0001445241505280137,
        "w_storage_error": 0.0,
        "accumulation_error_estimate": 1.4901161193847656e-08,
        "demote_error": 3.783963620662689e-06,
        "condition_indicator": 3.9672798520794883,
        "product_stats": {
          "min": -0.0004224394797347486,
          "max": 0.0004868079558946192,
          "mean": 7.841765182092786e-06,
          "std": 9.438490815227851e-05
        }
      },
      {
        "coord": [
          10,
          221
        ],
        "element_error": 4.731118679046631e-06,
        "y_ref": 0.008051909506320953,
        "y_mixed": 0.008056640625,
        "x_storage_error": 0.00014014153566677123,
        "w_storage_error": 0.0,
        "accumulation_error_estimate": 1.4901161193847656e-08,
        "demote_error": 3.2410025596618652e-06,
        "condition_indicator": 3.942257044235055,
        "product_stats": {
          "min": -0.00039853662019595504,
          "max": 0.0004839927132707089,
          "mean": 7.86464624979999e-06,
          "std": 9.204290836350992e-05
        }
      },
      {
        "coord": [
          141,
          169
        ],
        "element_error": 4.721805453300476e-06,
        "y_ref": -0.00907607190310955,
        "y_mixed": -0.00907135009765625,
        "x_storage_error": 0.00014182199083734304,
        "w_storage_error": 0.0,
        "accumulation_error_estimate": 1.4901161193847656e-08,
        "demote_error": 3.332272171974182e-06,
        "condition_indicator": 3.856048951387875,
        "product_stats": {
          "min": -0.0005028094165027142,
          "max": 0.0006667360430583358,
          "mean": -8.861992682795972e-06,
          "std": 0.00010527134145377204
        }
      }
    ]
  }
}