{
  "detector": {
    "detected_exceeded": false,
    "actual_err": 5.368143320083618e-06,
    "predicted_bound": 3.932957333745435e-05,
    "elapsed_sec": 2.6721041202545166
  },
  "matrix_info": {
    "input_shape": [
      256,
      1024
    ],
    "weight_shape": [
      1024,
      512
    ],
    "output_shape": [
      256,
      512
    ],
    "accumulation_dim": 1024
  },
  "analyzer_report": {
    "component_estimates": {
      "input_storage_error": 5.368143320083618e-06,
      "weight_storage_error": 5.368143320083618e-06,
      "accumulation_error": 5.368143320083618e-06,
      "demote_error": 3.4510158002376556e-05
    },
    "component_ratios": {
      "input_storage_error": 0.10605921210002392,
      "weight_storage_error": 0.10605921210002392,
      "accumulation_error": 0.10605921210002392,
      "demote_error": 0.6818223636999282
    },
    "primary_source": "x_storage",
    "suggestion": "\u4e3b\u8981\u8bef\u5dee\u6765\u6e90\u4e3a\u8f93\u5165\u5b58\u50a8\u7cbe\u5ea6\u3002\u5efa\u8bae\uff1a\u63d0\u5347\u8f93\u5165\u5b58\u50a8\u7cbe\u5ea6\uff1b\u8fdb\u884c\u8f93\u5165\u5f52\u4e00\u5316\u6216\u6743\u91cd\u7f29\u653e\u4ee5\u6539\u5584\u6570\u503c\u8303\u56f4\u3002 \u68c0\u6d4b\u5230\u6570\u503c\u7a33\u5b9a\u6027\u95ee\u9898\uff08\u6761\u4ef6\u6570\u6307\u6807=4.07\uff09\u3002\u5efa\u8bae\uff1a(1)\u8f93\u5165/\u6743\u91cd\u9884\u5904\u7406\u548c\u5f52\u4e00\u5316\uff1b(2)\u68c0\u67e5\u662f\u5426\u5b58\u5728\u75c5\u6001\u77e9\u9635\u3002",
    "numerical_stability": {
      "average_condition_indicator": 4.073492289638593,
      "accumulation_dimension": 1024,
      "stability_assessment": "good"
    },
    "top_elements_summary": [
      {
        "coord": [
          106,
          169
        ],
        "element_error": 5.368143320083618e-06,
        "y_ref": 0.008672360330820084,
        "y_mixed": 0.0086669921875,
        "x_storage_error": 0.00014731480041518807,
        "w_storage_error": 0.0,
        "accumulation_error_estimate": 1.4901161193847656e-08,
        "demote_error": 3.5818666219711304e-06,
        "condition_indicator": 3.709666932747092,
        "product_stats": {
          "min": -0.00044870306737720966,
          "max": 0.0004336048732511699,
          "mean": 8.467357474728487e-06,
          "std": 9.60078978096135e-05
        }
      },
      {
        "coord": [
          177,
          83
        ],
        "element_error": 5.258247256278992e-06,
        "y_ref": 0.008791433647274971,
        "y_mixed": 0.00879669189453125,
        "x_storage_error": 0.00014513985661324114,
        "w_storage_error": 0.0,
        "accumulation_error_estimate": 1.4901161193847656e-08,
        "demote_error": 3.7904828786849976e-06,
        "condition_indicator": 4.468698068783118,
        "product_stats": {
          "min": -0.0005942670977674425,
          "max": 0.0005893633351661265,
          "mean": 8.586816875322256e-06,
          "std": 0.00010889742407016456
        }
      },
      {
        "coord": [
          158,
          156
        ],
        "element_error": 5.187466740608215e-06,
        "y_ref": -0.007962645962834358,
        "y_mixed": -0.00795745849609375,
        "x_storage_error": 0.00014577237016055733,
        "w_storage_error": 0.0,
        "accumulation_error_estimate": 1.4901161193847656e-08,
        "demote_error": 3.468245267868042e-06,
        "condition_indicator": 4.265921014087371,
        "product_stats": {
          "min": -0.00048345327377319336,
          "max": 0.0004056143225170672,
          "mean": -7.77434524934506e-06,
          "std": 9.394725930178538e-05
        }
      },
      {
        "coord": [
          12,
          250
        ],
        "element_error": 5.139969289302826e-06,
        "y_ref": -0.008572950027883053,
        "y_mixed": -0.00856781005859375,
        "x_storage_error": 0.00014640479639638215,
        "w_storage_error": 0.0,
        "accumulation_error_estimate": 1.4901161193847656e-08,
        "demote_error": 3.6228448152542114e-06,
        "condition_indicator": 3.4640112184837597,
        "product_stats": {
          "min": -0.0006468475330621004,
          "max": 0.000494637992233038,
          "mean": -8.370539944735356e-06,
          "std": 0.00010115820623468608
        }
      },
      {
        "coord": [
          156,
          116
        ],
        "element_error": 5.086883902549744e-06,
        "y_ref": 0.00822957418859005,
        "y_mixed": 0.0082244873046875,
        "x_storage_error": 0.00013766913616564125,
        "w_storage_error": 0.0,
        "accumulation_error_estimate": 1.4901161193847656e-08,
        "demote_error": 3.084540367126465e-06,
        "condition_indicator": 3.767588055724855,
        "product_stats": {
          "min": -0.00041493718163110316,
          "max": 0.000637952471151948,
          "mean": 8.034740858420264e-06,
          "std": 0.00010219268733635545
        }
      },
      {
        "coord": [
          106,
          211
        ],
        "element_error": 5.046837031841278e-06,
        "y_ref": 0.008061687462031841,
        "y_mixed": 0.008056640625,
        "x_storage_error": 0.00014731480041518807,
        "w_storage_error": 0.0,
        "accumulation_error_estimate": 1.4901161193847656e-08,
        "demote_error": 3.750436007976532e-06,
        "condition_indicator": 4.3628430234844675,
        "product_stats": {
          "min": -0.00043977986206300557,
          "max": 0.0004469971463549882,
          "mean": 7.8714747360209e-06,
          "std": 0.00010221623233519495
        }
      },
      {
        "coord": [
          235,
          165
        ],
        "element_error": 5.022622644901276e-06,
        "y_ref": 0.007832781411707401,
        "y_mixed": 0.0078277587890625,
        "x_storage_error": 0.00014872926112730056,
        "w_storage_error": 0.0,
        "accumulation_error_estimate": 1.4901161193847656e-08,
        "demote_error": 3.627501428127289e-06,
        "condition_indicator": 4.624302090944887,
        "product_stats": {
          "min": -0.0005538250552490354,
          "max": 0.0005795943434350193,
          "mean": 7.647839993296657e-06,
          "std": 0.00010836558794835582
        }
      },
      {
        "coord": [
          127,
          328
        ],
        "element_error": 5.002133548259735e-06,
        "y_ref": 0.01183581817895174,
        "y_mixed": 0.0118408203125,
        "x_storage_error": 0.00014557836402673274,
        "w_storage_error": 0.0,
        "accumulation_error_estimate": 1.4901161193847656e-08,
        "demote_error": 3.6284327507019043e-06,
        "condition_indicator": 3.6221984415630897,
        "product_stats": {
          "min": -0.0005259750760160387,
          "max": 0.0006950894021429121,
          "mean": 1.1559758604562376e-05,
          "std": 0.00010127826681127772
        }
      },
      {
        "coord": [
          19,
          403
        ],
        "element_error": 4.970468580722809e-06,
        "y_ref": 0.007883823476731777,
        "y_mixed": 0.0078887939453125,
        "x_storage_error": 0.00014329390251077712,
        "w_storage_error": 0.0,
        "accumulation_error_estimate": 1.4901161193847656e-08,
        "demote_error": 3.8100406527519226e-06,
        "condition_indicator": 3.9353656905110856,
        "product_stats": {
          "min": -0.000525628391187638,
          "max": 0.0009675538167357445,
          "mean": 7.700178684899583e-06,
          "std": 0.00010038494656328112
        }
      },
      {
        "coord": [
          89,
          439
        ],
        "element_error": 4.948116838932037e-06,
        "y_ref": 0.008204280398786068,
        "y_mixed": 0.008209228515625,
        "x_storage_error": 0.00014677959552500397,
        "w_storage_error": 0.0,
        "accumulation_error_estimate": 1.4901161193847656e-08,
        "demote_error": 3.752298653125763e-06,
        "condition_indicator": 4.514328360056204,
        "product_stats": {
          "min": -0.00041009404230862856,