{
  "detector": {
    "detected_exceeded": false,
    "actual_err": 5.623325705528259e-06,
    "predicted_bound": 3.953351588279475e-05,
    "elapsed_sec": 2.696017265319824
  },
  "matrix_info": {
    "input_shape": [
      256,
      1024
    ],
    "weight_shape": [
      1024,
      512
    ],
    "output_shape": [
      256,
      512
    ],
    "accumulation_dim": 1024
  },
  "analyzer_report": {
    "component_estimates": {
      "input_storage_error": 5.623325705528259e-06,
      "weight_storage_error": 5.623325705528259e-06,
      "accumulation_error": 5.623325705528259e-06,
      "demote_error": 3.4506432712078094e-05
    },
    "component_ratios": {
      "input_storage_error": 0.10945345780839301,
      "weight_storage_error": 0.10945345780839301,
      "accumulation_error": 0.10945345780839301,
      "demote_error": 0.671639626574821
    },
    "primary_source": "x_storage",
    "suggestion": "\u4e3b\u8981\u8bef\u5dee\u6765\u6e90\u4e3a\u8f93\u5165\u5b58\u50a8\u7cbe\u5ea6\u3002\u5efa\u8bae\uff1a\u63d0\u5347\u8f93\u5165\u5b58\u50a8\u7cbe\u5ea6\uff1b\u8fdb\u884c\u8f93\u5165\u5f52\u4e00\u5316\u6216\u6743\u91cd\u7f29\u653e\u4ee5\u6539\u5584\u6570\u503c\u8303\u56f4\u3002 \u68c0\u6d4b\u5230\u6570\u503c\u7a33\u5b9a\u6027\u95ee\u9898\uff08\u6761\u4ef6\u6570\u6307\u6807=4.14\uff09\u3002\u5efa\u8bae\uff1a(1)\u8f93\u5165/\u6743\u91cd\u9884\u5904\u7406\u548c\u5f52\u4e00\u5316\uff1b(2)\u68c0\u67e5\u662f\u5426\u5b58\u5728\u75c5\u6001\u77e9\u9635\u3002",
    "numerical_stability": {
      "average_condition_indicator": 4.140040038526169,
      "accumulation_dimension": 1024,
      "stability_assessment": "good"
    },
    "top_elements_summary": [
      {
        "coord": [
          103,
          25
        ],
        "element_error": 5.623325705528259e-06,
        "y_ref": -0.008852103725075722,
        "y_mixed": -0.00885772705078125,
        "x_storage_error": 0.00014918390661478043,
        "w_storage_error": 0.0,
        "accumulation_error_estimate": 1.4901161193847656e-08,
        "demote_error": 3.7597492337226868e-06,
        "condition_indicator": 3.7304585976596982,
        "product_stats": {
          "min": -0.0005353735759854317,
          "max": 0.0005175605765543878,
          "mean": -8.646449714433402e-06,
          "std": 9.887394844554365e-05
        }
      },
      {
        "coord": [
          75,
          302
        ],
        "element_error": 5.350448191165924e-06,
        "y_ref": 0.009130106307566166,
        "y_mixed": 0.009124755859375,
        "x_storage_error": 0.0001474331074859947,
        "w_storage_error": 0.0,
        "accumulation_error_estimate": 1.4901161193847656e-08,
        "demote_error": 3.4356489777565002e-06,
        "condition_indicator": 3.9104567819719245,
        "product_stats": {
          "min": -0.00042233808198943734,
          "max": 0.001226872787810862,
          "mean": 8.914249519875739e-06,
          "std": 0.00011787167750298977
        }
      },
      {
        "coord": [
          60,
          498
        ],
        "element_error": 5.336478352546692e-06,
        "y_ref": 0.009035496041178703,
        "y_mixed": 0.00904083251953125,
        "x_storage_error": 0.00014619354624301195,
        "w_storage_error": 0.0,
        "accumulation_error_estimate": 1.4901161193847656e-08,
        "demote_error": 3.6712735891342163e-06,
        "condition_indicator": 3.581835468667116,
        "product_stats": {
          "min": -0.0005573770613409579,
          "max": 0.0006282110698521137,
          "mean": 8.825354598229751e-06,
          "std": 0.00010092103184433654
        }
      },
      {
        "coord": [
          65,
          506
        ],
        "element_error": 5.102716386318207e-06,
        "y_ref": 0.008794165216386318,
        "y_mixed": 0.0087890625,
        "x_storage_error": 0.0001463172084186226,
        "w_storage_error": 0.0,
        "accumulation_error_estimate": 1.4901161193847656e-08,
        "demote_error": 3.6638230085372925e-06,
        "condition_indicator": 4.248819138228711,
        "product_stats": {
          "min": -0.0005621947348117828,
          "max": 0.0006848289049230516,
          "mean": 8.586647709307726e-06,
          "std": 0.000102090067230165
        }
      },
      {
        "coord": [
          14,
          162
        ],
        "element_error": 5.095265805721283e-06,
        "y_ref": 0.009427397511899471,
        "y_mixed": 0.00942230224609375,
        "x_storage_error": 0.0001467422116547823,
        "w_storage_error": 0.0,
        "accumulation_error_estimate": 1.4901161193847656e-08,
        "demote_error": 3.7178397178649902e-06,
        "condition_indicator": 4.127102976805546,
        "product_stats": {
          "min": -0.0005151950754225254,
          "max": 0.000435905676567927,
          "mean": 9.205096830555703e-06,
          "std": 0.00010097845370182768
        }
      },
      {
        "coord": [
          36,
          435
        ],
        "element_error": 5.070120096206665e-06,
        "y_ref": 0.010149654000997543,
        "y_mixed": 0.01015472412109375,
        "x_storage_error": 0.00014875238412059844,
        "w_storage_error": 0.0,
        "accumulation_error_estimate": 1.4901161193847656e-08,
        "demote_error": 3.6833807826042175e-06,
        "condition_indicator": 4.12763860477809,
        "product_stats": {
          "min": -0.0007567871944047511,
          "max": 0.000653717084787786,
          "mean": 9.913126632454805e-06,
          "std": 0.00011008117871824652
        }
      },
      {
        "coord": [
          69,
          474
        ],
        "element_error": 5.068257451057434e-06,
        "y_ref": 0.007830319926142693,
        "y_mixed": 0.00783538818359375,
        "x_storage_error": 0.00013917188334744424,
        "w_storage_error": 0.0,
        "accumulation_error_estimate": 1.4901161193847656e-08,
        "demote_error": 3.70759516954422e-06,
        "condition_indicator": 4.003734729889403,
        "product_stats": {
          "min": -0.0005845461273565888,
          "max": 0.0006163691869005561,
          "mean": 7.64812375564361e-06,
          "std": 0.00010077458864543587
        }
      },
      {
        "coord": [
          77,
          263
        ],
        "element_error": 5.01144677400589e-06,
        "y_ref": -0.008860344998538494,
        "y_mixed": -0.0088653564453125,
        "x_storage_error": 0.00014431816816795617,
        "w_storage_error": 0.0,
        "accumulation_error_estimate": 1.4901161193847656e-08,
        "demote_error": 3.1366944313049316e-06,
        "condition_indicator": 4.286424098951767,
        "product_stats": {
          "min": -0.0006834401283413172,
          "max": 0.00037563397199846804,
          "mean": -8.654512384964619e-06,
          "std": 9.646594116929919e-05
        }
      },
      {
        "coord": [
          153,
          439
        ],
        "element_error": 5.003064870834351e-06,
        "y_ref": -0.008455995470285416,
        "y_mixed": -0.00846099853515625,
        "x_storage_error": 0.00014808462583459914,
        "w_storage_error": 0.0,
        "accumulation_error_estimate": 1.4901161193847656e-08,
        "demote_error": 3.7867575883865356e-06,
        "condition_indicator": 4.496050030419404,
        "product_stats": {
          "min": -0.0006451341323554516,
          "max": 0.0005949475453235209,
          "mean": -8.258994967036415e-06,
          "std": 0.0001028283077175729
        }
      },
      {
        "coord": [
          152,
          45
        ],
        "element_error": 4.981644451618195e-06,
        "y_ref": 0.009249473921954632,
        "y_mixed": 0.00925445556640625,
        "x_storage_error": 0.00014217404532246292,
        "w_storage_error": 0.0,
        "accumulation_error_estimate": 1.4901161193847656e-08,
        "demote_error": 3.495253622531891e-06,
        "condition_indicator": 4.887879957890027,
        "product_stats": {
          "min": -0.0005622322205454111,