{
  "detector": {
    "detected_exceeded": false,
    "actual_err": 5.425885319709778e-06,
    "predicted_bound": 3.944845811929554e-05,
    "elapsed_sec": 2.6128218173980713
  },
  "matrix_info": {
    "input_shape": [
      256,
      1024
    ],
    "weight_shape": [
      1024,
      512
    ],
    "output_shape": [
      256,
      512
    ],
    "accumulation_dim": 1024
  },
  "analyzer_report": {
    "component_estimates": {
      "input_storage_error": 5.425885319709778e-06,
      "weight_storage_error": 5.425885319709778e-06,
      "accumulation_error": 5.425885319709778e-06,
      "demote_error": 3.4578144550323486e-05
    },
    "component_ratios": {
      "input_storage_error": 0.10669157235468629,
      "weight_storage_error": 0.10669157235468629,
      "accumulation_error": 0.10669157235468629,
      "demote_error": 0.6799252829359411
    },
    "primary_source": "x_storage",
    "suggestion": "\u4e3b\u8981\u8bef\u5dee\u6765\u6e90\u4e3a\u8f93\u5165\u5b58\u50a8\u7cbe\u5ea6\u3002\u5efa\u8bae\uff1a\u63d0\u5347\u8f93\u5165\u5b58\u50a8\u7cbe\u5ea6\uff1b\u8fdb\u884c\u8f93\u5165\u5f52\u4e00\u5316\u6216\u6743\u91cd\u7f29\u653e\u4ee5\u6539\u5584\u6570\u503c\u8303\u56f4\u3002",
    "numerical_stability": {
      "average_condition_indicator": 3.866886407080706,
      "accumulation_dimension": 1024,
      "stability_assessment": "good"
    },
    "top_elements_summary": [
      {
        "coord": [
          53,
          13
        ],
        "element_error": 5.425885319709778e-06,
        "y_ref": -0.00834113173186779,
        "y_mixed": -0.0083465576171875,
        "x_storage_error": 0.0001473704178351909,
        "w_storage_error": 0.0,
        "accumulation_error_estimate": 1.4901161193847656e-08,
        "demote_error": 3.814697265625e-06,
        "condition_indicator": 3.751647830491085,
        "product_stats": {
          "min": -0.0006949653034098446,
          "max": 0.000567528186365962,
          "mean": -8.147209882736206e-06,
          "std": 0.00010657853999873623
        }
      },
      {
        "coord": [
          123,
          173
        ],
        "element_error": 5.424953997135162e-06,
        "y_ref": -0.008539496921002865,
        "y_mixed": -0.008544921875,
        "x_storage_error": 0.00014381480286829174,
        "w_storage_error": 0.0,
        "accumulation_error_estimate": 1.4901161193847656e-08,
        "demote_error": 3.612600266933441e-06,
        "condition_indicator": 3.5586702579160683,
        "product_stats": {
          "min": -0.0005790755967609584,
          "max": 0.0004492795851547271,
          "mean": -8.341123248101212e-06,
          "std": 0.00010417740850243717
        }
      },
      {
        "coord": [
          85,
          490
        ],
        "element_error": 5.27501106262207e-06,
        "y_ref": -0.009221583604812622,
        "y_mixed": -0.00921630859375,
        "x_storage_error": 0.00014917299267835915,
        "w_storage_error": 0.0,
        "accumulation_error_estimate": 1.4901161193847656e-08,
        "demote_error": 3.1795352697372437e-06,
        "condition_indicator": 3.8517812907765627,
        "product_stats": {
          "min": -0.0005896567017771304,
          "max": 0.00047229707706719637,
          "mean": -9.003407285490539e-06,
          "std": 0.00010477163596078753
        }
      },
      {
        "coord": [
          103,
          29
        ],
        "element_error": 5.234032869338989e-06,
        "y_ref": -0.007970321923494339,
        "y_mixed": -0.007965087890625,
        "x_storage_error": 0.00014392912271432579,
        "w_storage_error": 0.0,
        "accumulation_error_estimate": 1.4901161193847656e-08,
        "demote_error": 3.3676624298095703e-06,
        "condition_indicator": 3.7967081606628246,
        "product_stats": {
          "min": -0.0006613568984903395,
          "max": 0.000568424176890403,
          "mean": -7.781694876030087e-06,
          "std": 0.00010530093277338892
        }
      },
      {
        "coord": [
          165,
          489
        ],
        "element_error": 5.19677996635437e-06,
        "y_ref": -0.007924508303403854,
        "y_mixed": -0.0079193115234375,
        "x_storage_error": 0.00014178951096255332,
        "w_storage_error": 0.0,
        "accumulation_error_estimate": 1.4901161193847656e-08,
        "demote_error": 3.384426236152649e-06,
        "condition_indicator": 4.068392222212283,
        "product_stats": {
          "min": -0.00048739812336862087,
          "max": 0.0006789647741243243,
          "mean": -7.737007763353176e-06,
          "std": 9.677821071818471e-05
        }
      },
      {
        "coord": [
          9,
          60
        ],
        "element_error": 5.11854887008667e-06,
        "y_ref": -0.008290641009807587,
        "y_mixed": -0.0082855224609375,
        "x_storage_error": 0.00014273328997660428,
        "w_storage_error": 0.0,
        "accumulation_error_estimate": 1.4901161193847656e-08,
        "demote_error": 3.7243589758872986e-06,
        "condition_indicator": 4.565705442345301,
        "product_stats": {
          "min": -0.0007358616567216814,
          "max": 0.0008237749570980668,
          "mean": -8.094964869087562e-06,
          "std": 0.00010817306610988453
        }
      },
      {
        "coord": [
          162,
          191
        ],
        "element_error": 4.969537258148193e-06,
        "y_ref": 0.009129725396633148,
        "y_mixed": 0.009124755859375,
        "x_storage_error": 0.00014136645768303424,
        "w_storage_error": 0.0,
        "accumulation_error_estimate": 1.4901161193847656e-08,
        "demote_error": 3.598630428314209e-06,
        "condition_indicator": 3.607466792358655,
        "product_stats": {
          "min": -0.0003346334269735962,
          "max": 0.00045206540380604565,
          "mean": 8.914408681448549e-06,
          "std": 9.44106504903175e-05
        }
      },
      {
        "coord": [
          206,
          500
        ],
        "element_error": 4.964880645275116e-06,
        "y_ref": -0.008616250939667225,
        "y_mixed": -0.0086212158203125,
        "x_storage_error": 0.0001453640725230798,
        "w_storage_error": 0.0,
        "accumulation_error_estimate": 1.4901161193847656e-08,
        "demote_error": 3.6070123314857483e-06,
        "condition_indicator": 3.814779483359734,
        "product_stats": {
          "min": -0.0008162811864167452,
          "max": 0.0004909881972707808,
          "mean": -8.415632692049257e-06,
          "std": 0.00010036105959443375
        }
      },
      {
        "coord": [
          68,
          39
        ],
        "element_error": 4.900619387626648e-06,
        "y_ref": 0.008730756118893623,
        "y_mixed": 0.00873565673828125,
        "x_storage_error": 0.00014912734332028776,
        "w_storage_error": 0.0,
        "accumulation_error_estimate": 1.4901161193847656e-08,
        "demote_error": 3.7224963307380676e-06,
        "condition_indicator": 3.9478526273439325,
        "product_stats": {
          "min": -0.0007037072209641337,
          "max": 0.0006178144831210375,
          "mean": 8.527282261638902e-06,
          "std": 0.00010751489753602073
        }
      },
      {
        "coord": [
          237,
          157
        ],
        "element_error": 4.8745423555374146e-06,
        "y_ref": -0.009287727996706963,
        "y_mixed": -0.0092926025390625,
        "x_storage_error": 0.00014022394316270947,
        "w_storage_error": 0.0,
        "accumulation_error_estimate": 1.4901161193847656e-08,
        "demote_error": 3.7979334592819214e-06,
        "condition_indicator": 3.7058599633406177,
        "product_stats": {
          "min": -0.0005922885611653328,
          "max": 0.0005193176912143826,
          "mean": -9.071100976143498e-06,
          "std": 0.00010207924788119271
        }
      }
    ]
  }
}