{
  "detector": {
    "detected_exceeded": false,
    "actual_err": 0.0028797686100006104,
    "predicted_bound": 0.0034363001585006716,
    "elapsed_sec": 2.539853096008301
  },
  "analyzer_report": {
    "component_estimates": {
      "input_storage_error": 0.0028797686100006104,
      "max_subtraction_error": 0.0028797686100006104,
      "exponential_error": 0.0028797686100006104,
      "sum_accumulation_error": 0.0028797686100006104,
      "output_storage_error": 0.0028797686100006104
    },
    "component_ratios": {
      "input_storage_error": 0.2,
      "max_subtraction_error": 0.2,
      "exponential_error": 0.2,
      "sum_accumulation_error": 0.2,
      "output_storage_error": 0.2
    },
    "primary_source": "storage",
    "suggestion": "\u5206\u6790\u7ed3\u679c\u4e0d\u660e\u786e\uff1b\u8bf7\u68c0\u67e5\u8f93\u5165\u5206\u5e03\u6216\u589e\u52a0MC\u91c7\u6837\u3002 \u68c0\u6d4b\u5230\u6781\u5c0f\u7684exp\u503c\uff0c\u53ef\u80fd\u5bfc\u81f4\u4e0b\u6ea2\u548c\u7cbe\u5ea6\u635f\u5931\u3002 100.0%\u7684top\u8bef\u5dee\u6765\u81eamax logit\u4f4d\u7f6e\uff0c\u8fd9\u901a\u5e38\u5bf9softmax\u8f93\u51fa\u5f71\u54cd\u6700\u5927\u3002",
    "input_stats": {
      "min": -17.20433807373047,
      "max": 31.816064834594727,
      "mean": 0.966464638710022,
      "std": 6.106448650360107,
      "range": 49.02040100097656
    },
    "stability_stats": {
      "max_shifted_logit": 0.0,
      "min_shifted_logit": -48.563140869140625,
      "max_exp_val": 1.0,
      "min_exp_val": 8.115137592446915e-22,
      "exp_sum_max": 1.9323915243148804,
      "exp_sum_min": 1.0014525651931763
    },
    "max_logit_error_ratio": 1.0,
    "top_elements_summary": [
      {
        "coord": [
          0,
          238
        ],
        "element_error": 0.0028797686100006104,
        "x_original": 24.0098934173584,
        "y_ref": 0.4443858563899994,
        "y_mixed": 0.447265625,
        "storage_error": 0.0057315826416015625,
        "demote_error": 5.245208740234375e-05,
        "logit_analysis": {
          "softmax_position": 238,
          "softmax_dim_size": 512,
          "is_max_logit": true,
          "distance_from_max": 0.0
        }
      },
      {
        "coord": [
          0,
          452
        ],
        "element_error": 0.0028450489044189453,
        "x_original": 24.16219711303711,
        "y_ref": 0.517493486404419,
        "y_mixed": 0.5146484375,
        "storage_error": 0.005947113037109375,
        "demote_error": 9.077787399291992e-05,
        "logit_analysis": {
          "softmax_position": 452,
          "softmax_dim_size": 512,
          "is_max_logit": true,
          "distance_from_max": 0.0
        }
      },
      {
        "coord": [
          6,
          283
        ],
        "element_error": 0.0025399327278137207,
        "x_original": 26.722572326660156,
        "y_ref": 0.4454110264778137,
        "y_mixed": 0.44287109375,
        "storage_error": 0.00382232666015625,
        "demote_error": 4.991888999938965e-05,
        "logit_analysis": {
          "softmax_position": 283,
          "softmax_dim_size": 512,
          "is_max_logit": true,
          "distance_from_max": 0.0
        }
      },
      {
        "coord": [
          6,
          300
        ],
        "element_error": 0.002527177333831787,
        "x_original": 26.931203842163086,
        "y_ref": 0.5487423539161682,
        "y_mixed": 0.55126953125,
        "storage_error": 0.0062961578369140625,
        "demote_error": 4.5418739318847656e-05,
        "logit_analysis": {
          "softmax_position": 300,
          "softmax_dim_size": 512,
          "is_max_logit": true,
          "distance_from_max": 0.0
        }
      },
      {
        "coord": [
          7,
          197
        ],
        "element_error": 0.0005819052457809448,
        "x_original": 25.119281768798828,
        "y_ref": 0.17556555569171906,
        "y_mixed": 0.1761474609375,
        "storage_error": 0.005718231201171875,
        "demote_error": 2.4721026420593262e-05,
        "logit_analysis": {
          "softmax_position": 197,
          "softmax_dim_size": 512,
          "is_max_logit": true,
          "distance_from_max": 0.0
        }
      },
      {
        "coord": [
          7,
          68
        ],
        "element_error": 0.0004564523696899414,
        "x_original": 26.654346466064453,
        "y_ref": 0.8149095773696899,
        "y_mixed": 0.814453125,
        "storage_error": 0.001903533935546875,
        "demote_error": 6.985664367675781e-05,
        "logit_analysis": {
          "softmax_position": 68,
          "softmax_dim_size": 512,
          "is_max_logit": true,
          "distance_from_max": 0.0
        }
      },
      {
        "coord": [
          2,
          203
        ],
        "element_error": 0.00029945559799671173,
        "x_original": 26.27798843383789,
        "y_ref": 0.03107261471450329,
        "y_mixed": 0.0313720703125,
        "storage_error": 0.003261566162109375,
        "demote_error": 1.268833875656128e-05,
        "logit_analysis": {
          "softmax_position": 203,
          "softmax_dim_size": 512,
          "is_max_logit": true,
          "distance_from_max": 0.0
        }
      },
      {
        "coord": [
          1,
          138
        ],
        "element_error": 0.00021135807037353516,
        "x_original": 26.218666076660156,
        "y_ref": 0.9646323919296265,
        "y_mixed": 0.96484375,
        "storage_error": 8.392333984375e-05,
        "demote_error": 0.00011175870895385742,
        "logit_analysis": {
          "softmax_position": 138,
          "softmax_dim_size": 512,
          "is_max_logit": true,
          "distance_from_max": 0.0
        }
      },
      {
        "coord": [
          2,
          80
        ],
        "element_error": 0.00017631053924560547,
        "x_original": 29.710262298583984,
        "y_ref": 0.9616020917892456,
        "y_mixed": 0.96142578125,
        "storage_error": 0.007137298583984375,
        "demote_error": 0.00021141767501831055,
        "logit_analysis": {
          "softmax_position": 80,
          "softmax_dim_size": 512,
          "is_max_logit": true,
          "distance_from_max": 0.0
        }
      },
      {
        "coord": [
          1,
          219
        ],
        "element_error": 7.587671279907227e-05,
        "x_original": 22.098690032958984,
        "y_ref": 0.015670359134674072,
        "y_mixed": 0.015594482421875,
        "storage_error": 0.004940032958984375,
        "demote_error": 1.0421499609947205e-06,
        "logit_analysis": {
          "softmax_position": 219,
          "softmax_dim_size": 512,
          "is_max_logit": true,
          "distance_from_max": 0.0
        }
      }
    ]
  }
}