{
  "detector": {
    "detected_exceeded": false,
    "actual_err": 5.360692739486694e-06,
    "predicted_bound": 3.945879070670344e-05,
    "elapsed_sec": 2.672827959060669
  },
  "matrix_info": {
    "input_shape": [
      256,
      1024
    ],
    "weight_shape": [
      1024,
      512
    ],
    "output_shape": [
      256,
      512
    ],
    "accumulation_dim": 1024
  },
  "analyzer_report": {
    "component_estimates": {
      "input_storage_error": 5.360692739486694e-06,
      "weight_storage_error": 5.360692739486694e-06,
      "accumulation_error": 5.360692739486694e-06,
      "demote_error": 3.438536077737808e-05
    },
    "component_ratios": {
      "input_storage_error": 0.10622081972356014,
      "weight_storage_error": 0.10622081972356014,
      "accumulation_error": 0.10622081972356014,
      "demote_error": 0.6813375408293196
    },
    "primary_source": "x_storage",
    "suggestion": "\u4e3b\u8981\u8bef\u5dee\u6765\u6e90\u4e3a\u8f93\u5165\u5b58\u50a8\u7cbe\u5ea6\u3002\u5efa\u8bae\uff1a\u63d0\u5347\u8f93\u5165\u5b58\u50a8\u7cbe\u5ea6\uff1b\u8fdb\u884c\u8f93\u5165\u5f52\u4e00\u5316\u6216\u6743\u91cd\u7f29\u653e\u4ee5\u6539\u5584\u6570\u503c\u8303\u56f4\u3002 \u68c0\u6d4b\u5230\u6570\u503c\u7a33\u5b9a\u6027\u95ee\u9898\uff08\u6761\u4ef6\u6570\u6307\u6807=4.36\uff09\u3002\u5efa\u8bae\uff1a(1)\u8f93\u5165/\u6743\u91cd\u9884\u5904\u7406\u548c\u5f52\u4e00\u5316\uff1b(2)\u68c0\u67e5\u662f\u5426\u5b58\u5728\u75c5\u6001\u77e9\u9635\u3002",
    "numerical_stability": {
      "average_condition_indicator": 4.355553591410101,
      "accumulation_dimension": 1024,
      "stability_assessment": "good"
    },
    "top_elements_summary": [
      {
        "coord": [
          136,
          29
        ],
        "element_error": 5.360692739486694e-06,
        "y_ref": -0.007978077977895737,
        "y_mixed": -0.00797271728515625,
        "x_storage_error": 0.00014255121641326696,
        "w_storage_error": 0.0,
        "accumulation_error_estimate": 1.4901161193847656e-08,
        "demote_error": 3.750436007976532e-06,
        "condition_indicator": 3.304234865678079,
        "product_stats": {
          "min": -0.0005821508821099997,
          "max": 0.0005120944697409868,
          "mean": -7.789516530465335e-06,
          "std": 0.000102628291642759
        }
      },
      {
        "coord": [
          55,
          496
        ],
        "element_error": 5.187466740608215e-06,
        "y_ref": 0.008120117709040642,
        "y_mixed": 0.00812530517578125,
        "x_storage_error": 0.00014898958033882082,
        "w_storage_error": 0.0,
        "accumulation_error_estimate": 1.4901161193847656e-08,
        "demote_error": 3.1748786568641663e-06,
        "condition_indicator": 3.2469524267505476,
        "product_stats": {
          "min": -0.0006420790450647473,
          "max": 0.0004603799316100776,
          "mean": 7.931770596769638e-06,
          "std": 0.00010234113869955763
        }
      },
      {
        "coord": [
          210,
          333
        ],
        "element_error": 5.153939127922058e-06,
        "y_ref": 0.009249301627278328,
        "y_mixed": 0.00925445556640625,
        "x_storage_error": 0.00014922583068255335,
        "w_storage_error": 0.0,
        "accumulation_error_estimate": 1.4901161193847656e-08,
        "demote_error": 3.810971975326538e-06,
        "condition_indicator": 3.5514495425823434,
        "product_stats": {
          "min": -0.0005187137867324054,
          "max": 0.0007542106322944164,
          "mean": 9.033832611748949e-06,
          "std": 0.00011045946303056553
        }
      },
      {
        "coord": [
          126,
          206
        ],
        "element_error": 5.0496309995651245e-06,
        "y_ref": -0.008707718923687935,
        "y_mixed": -0.0087127685546875,
        "x_storage_error": 0.00013959966599941254,
        "w_storage_error": 0.0,
        "accumulation_error_estimate": 1.4901161193847656e-08,
        "demote_error": 3.4905970096588135e-06,
        "condition_indicator": 9.607175461949678,
        "product_stats": {
          "min": -0.0007201302796602249,
          "max": 0.0003641072544269264,
          "mean": -8.505157893523574e-06,
          "std": 9.332993067800999e-05
        }
      },
      {
        "coord": [
          220,
          151
        ],
        "element_error": 5.03193587064743e-06,
        "y_ref": 0.009119723923504353,
        "y_mixed": 0.009124755859375,
        "x_storage_error": 0.00014455695054493845,
        "w_storage_error": 0.0,
        "accumulation_error_estimate": 1.4901161193847656e-08,
        "demote_error": 3.8137659430503845e-06,
        "condition_indicator": 4.337407902201526,
        "product_stats": {
          "min": -0.00045832389150746167,
          "max": 0.0005958761903457344,
          "mean": 8.907169103622437e-06,
          "std": 0.00010563115938566625
        }
      },
      {
        "coord": [
          143,
          92
        ],
        "element_error": 5.024485290050507e-06,
        "y_ref": 0.0098903002217412,
        "y_mixed": 0.00989532470703125,
        "x_storage_error": 0.00014397209451999515,
        "w_storage_error": 0.0,
        "accumulation_error_estimate": 1.4901161193847656e-08,
        "demote_error": 3.3471733331680298e-06,
        "condition_indicator": 4.7545856535712785,
        "product_stats": {
          "min": -0.0003794408112298697,
          "max": 0.0006280788802541792,
          "mean": 9.660134310252033e-06,
          "std": 0.00010145777196157724
        }
      },
      {
        "coord": [
          172,
          69
        ],
        "element_error": 4.910863935947418e-06,
        "y_ref": -0.008641385473310947,
        "y_mixed": -0.008636474609375,
        "x_storage_error": 0.00014536285016220063,
        "w_storage_error": 0.0,
        "accumulation_error_estimate": 1.4901161193847656e-08,
        "demote_error": 3.4105032682418823e-06,
        "condition_indicator": 2.8447132956762333,
        "product_stats": {
          "min": -0.0006443510646931827,
          "max": 0.0004999189986847341,
          "mean": -8.437388714810368e-06,
          "std": 0.00010113698954228312
        }
      },
      {
        "coord": [
          47,
          12
        ],
        "element_error": 4.898756742477417e-06,
        "y_ref": 0.007924210280179977,
        "y_mixed": 0.0079193115234375,
        "x_storage_error": 0.00014379483764059842,
        "w_storage_error": 0.0,
        "accumulation_error_estimate": 1.4901161193847656e-08,
        "demote_error": 3.166496753692627e-06,
        "condition_indicator": 3.4793029163456874,
        "product_stats": {
          "min": -0.0004929812857881188,
          "max": 0.0008285543299280107,
          "mean": 7.736792213108856e-06,
          "std": 0.00010107775597134605
        }
      },
      {
        "coord": [
          63,
          145
        ],
        "element_error": 4.854053258895874e-06,
        "y_ref": -0.008206453174352646,
        "y_mixed": -0.00820159912109375,
        "x_storage_error": 0.00015251757577061653,
        "w_storage_error": 0.0,
        "accumulation_error_estimate": 1.4901161193847656e-08,
        "demote_error": 3.810971975326538e-06,
        "condition_indicator": 3.621591220468686,
        "product_stats": {
          "min": -0.000709450920112431,
          "max": 0.0005047546583227813,
          "mean": -8.013096703507472e-06,
          "std": 0.00011187346535734832
        }
      },
      {
        "coord": [
          103,
          37
        ],
        "element_error": 4.8335641622543335e-06,
        "y_ref": -0.009730273857712746,
        "y_mixed": -0.009735107421875,
        "x_storage_error": 0.00014489731984212995,
        "w_storage_error": 0.0,
        "accumulation_error_estimate": 1.4901161193847656e-08,
        "demote_error": 3.5874545574188232e-06,
        "condition_indicator": 4.808122628876945,
        "product_stats": {
          "min": -0.0005810626898892224,