{
  "detector": {
    "detected_exceeded": false,
    "actual_err": 6.766617298126221e-05,
    "predicted_bound": 0.00014279206807259472,
    "elapsed_sec": 3.7520804405212402
  },
  "meta": {
    "distribution": "adversarial_sum",
    "bias": true,
    "batch_size": 32,
    "in_features": 1024,
    "out_features": 4096
  },
  "analyzer_report": {
    "component_estimates": {
      "input_storage_error": 6.766617298126221e-05,
      "weight_storage_error": 6.766617298126221e-05,
      "accumulation_error": 6.766617298126221e-05,
      "output_storage_error": 0.00011071562767028809,
      "bias_storage_error": 6.766617298126221e-05
    },
    "component_ratios": {
      "input_storage_error": 0.17742439634289286,
      "weight_storage_error": 0.17742439634289286,
      "accumulation_error": 0.17742439634289286,
      "output_storage_error": 0.29030241462842854,
      "bias_storage_error": 0.17742439634289286
    },
    "primary_source": "input_storage",
    "suggestion": "\u4e3b\u8981\u8bef\u5dee\u6765\u6e90\u4e3a\u8f93\u5165\u5b58\u50a8\u7cbe\u5ea6\u3002\u5efa\u8bae\uff1a\u63d0\u5347\u8f93\u5165\u5b58\u50a8\u7cbe\u5ea6\u6216\u8fdb\u884c\u8f93\u5165\u5f52\u4e00\u5316/\u6807\u51c6\u5316\u4ee5\u964d\u4f4e\u6570\u503c\u8303\u56f4\u3002",
    "aggregated_ratios": {
      "input_storage": 0.9680173264144687,
      "weight_storage": 0.0,
      "bias_storage": 0.0,
      "accumulation": 0.00014570002677411896,
      "demote": 0.031836973558757226
    },
    "top_neurons_summary": [
      {
        "coord": [
          10,
          1289
        ],
        "neuron_error": 6.766617298126221e-05,
        "y_ref": 0.12738700211048126,
        "y_mixed": 0.1273193359375,
        "input_storage_error": 0.001350556151010096,
        "weight_storage_error": 0.0,
        "bias_storage_error": 0.0,
        "accumulation_estimate": 2.384185791015625e-07,
        "demote_error": 5.285441875457764e-05,
        "in_features": 1024,
        "neuron_idx": 1289,
        "batch_idx": 10
      },
      {
        "coord": [
          26,
          1810
        ],
        "neuron_error": 5.619227886199951e-05,
        "y_ref": 0.127507284283638,
        "y_mixed": 0.1275634765625,
        "input_storage_error": 0.0014637879794463515,
        "weight_storage_error": 0.0,
        "bias_storage_error": 0.0,
        "accumulation_estimate": 2.384185791015625e-07,
        "demote_error": 5.048513412475586e-05,
        "in_features": 1024,
        "neuron_idx": 1810,
        "batch_idx": 26
      },
      {
        "coord": [
          27,
          3747
        ],
        "neuron_error": 5.605816841125488e-05,
        "y_ref": -0.12628671526908875,
        "y_mixed": -0.1263427734375,
        "input_storage_error": 0.001431371085345745,
        "weight_storage_error": 0.0,
        "bias_storage_error": 0.0,
        "accumulation_estimate": 2.384185791015625e-07,
        "demote_error": 5.619227886199951e-05,
        "in_features": 1024,
        "neuron_idx": 3747,
        "batch_idx": 27
      },
      {
        "coord": [
          15,
          2235
        ],
        "neuron_error": 5.424022674560547e-05,
        "y_ref": -0.1392143964767456,
        "y_mixed": -0.13916015625,
        "input_storage_error": 0.0014287562808021903,
        "weight_storage_error": 0.0,
        "bias_storage_error": 0.0,
        "accumulation_estimate": 2.384185791015625e-07,
        "demote_error": 5.415081977844238e-05,
        "in_features": 1024,
        "neuron_idx": 2235,
        "batch_idx": 15
      },
      {
        "coord": [
          29,
          1841
        ],
        "neuron_error": 5.352497100830078e-05,
        "y_ref": -0.1266404390335083,
        "y_mixed": -0.1265869140625,
        "input_storage_error": 0.0014734796714037657,
        "weight_storage_error": 0.0,
        "bias_storage_error": 0.0,
        "accumulation_estimate": 2.384185791015625e-07,
        "demote_error": 5.824863910675049e-05,
        "in_features": 1024,
        "neuron_idx": 1841,
        "batch_idx": 29
      },
      {
        "coord": [
          14,
          2485
        ],
        "neuron_error": 5.300343036651611e-05,
        "y_ref": 0.14385183155536652,
        "y_mixed": 0.143798828125,
        "input_storage_error": 0.0013837249716743827,
        "weight_storage_error": 0.0,
        "bias_storage_error": 0.0,
        "accumulation_estimate": 2.384185791015625e-07,
        "demote_error": 4.391372203826904e-05,
        "in_features": 1024,
        "neuron_idx": 2485,
        "batch_idx": 14
      },
      {
        "coord": [
          25,
          2738
        ],
        "neuron_error": 5.264580249786377e-05,
        "y_ref": 0.12895889580249786,
        "y_mixed": 0.12890625,
        "input_storage_error": 0.0014306961093097925,
        "weight_storage_error": 0.0,
        "bias_storage_error": 0.0,
        "accumulation_estimate": 2.384185791015625e-07,
        "demote_error": 5.027651786804199e-05,
        "in_features": 1024,
        "neuron_idx": 2738,
        "batch_idx": 25
      },
      {
        "coord": [
          25,
          1008
        ],
        "neuron_error": 5.1081180572509766e-05,
        "y_ref": -0.06761699914932251,
        "y_mixed": -0.06756591796875,
        "input_storage_error": 0.0014306961093097925,
        "weight_storage_error": 0.0,
        "bias_storage_error": 0.0,
        "accumulation_estimate": 1.1920928955078125e-07,
        "demote_error": 2.9772520065307617e-05,
        "in_features": 1024,
        "neuron_idx": 1008,
        "batch_idx": 25
      },
      {
        "coord": [
          16,
          2244
        ],
        "neuron_error": 5.0127506256103516e-05,
        "y_ref": 0.0638318657875061,
        "y_mixed": 0.06378173828125,
        "input_storage_error": 0.0014523783465847373,
        "weight_storage_error": 0.0,
        "bias_storage_error": 0.0,
        "accumulation_estimate": 1.1920928955078125e-07,
        "demote_error": 3.0510127544403076e-05,
        "in_features": 1024,
        "neuron_idx": 2244,
        "batch_idx": 16
      },
      {
        "coord": [
          19,
          3088
        ],
        "neuron_error": 4.8533082008361816e-05,
        "y_ref": -0.13007842004299164,
        "y_mixed": -0.130126953125,
        "input_storage_error": 0.0014108296018093824,
        "weight_storage_error": 0.0,
        "bias_storage_error": 0.0,
        "accumulation_estimate": 2.384185791015625e-07,
        "demote_error": 4.246830940246582e-05,
        "in_features": 1024,
        "neuron_idx": 3088,
        "batch_idx": 19
      }
    ]
  }
}