{
  "detector": {
    "detected_exceeded": false,
    "actual_err": 4.1171908378601074e-05,
    "predicted_bound": 0.00012401992571540177,
    "elapsed_sec": 2.9942803382873535
  },
  "analyzer_report": {
    "component_estimates": {
      "input_storage_error": 4.989653825759888e-05,
      "matmul1_accumulation_error": 4.989653825759888e-05,
      "scaling_error": 4.989653825759888e-05,
      "softmax_numerical_error": 4.989653825759888e-05,
      "matmul2_accumulation_error": 4.989653825759888e-05,
      "output_demote_error": 7.65770673751831e-05
    },
    "component_ratios": {
      "input_storage_error": 0.15302881429518086,
      "matmul1_accumulation_error": 0.15302881429518086,
      "scaling_error": 0.15302881429518086,
      "softmax_numerical_error": 0.15302881429518086,
      "matmul2_accumulation_error": 0.15302881429518086,
      "output_demote_error": 0.2348559285240957
    },
    "primary_source": "storage_error",
    "suggestion": "\u4e3b\u8981\u8bef\u5dee\u6765\u6e90\u4e3a\u8f93\u5165\u5b58\u50a8\u7cbe\u5ea6\u3002\u5efa\u8bae\uff1a\u63d0\u5347Q/K/V\u7684\u5b58\u50a8\u7cbe\u5ea6\uff1b\u8fdb\u884c\u8f93\u5165\u5f52\u4e00\u5316\uff1b\u68c0\u67e5embedding\u5c42\u7684\u8f93\u51fa\u8303\u56f4\u3002 \u68c0\u6d4b\u5230\u5927\u91cf\u5c16\u9510\u7684attention\u6a21\u5f0f\uff08\u4f4e\u71b5\uff09\uff0c\u8fd9\u4f1a\u653e\u5927softmax\u7684\u6570\u503c\u8bef\u5dee\u3002\u8003\u8651\u4f7f\u7528attention dropout\u6216\u6e29\u5ea6\u7f29\u653e\u3002",
    "attention_pattern_stats": {
      "global_avg_entropy": 3.878161907196045,
      "global_sparsity": 0.6948699951171875,
      "max_attention_weight": 1.0,
      "min_attention_weight": 0.0
    },
    "attention_behavior_stats": {
      "high_entropy_tokens": 0,
      "low_entropy_tokens": 8,
      "total_analyzed": 8
    },
    "top_tokens_summary": [
      {
        "batch_idx": 0,
        "head_idx": 0,
        "token_idx": 0,
        "token_error": 9.061608579941094e-06,
        "entropy_ref": -0.0,
        "max_attention_weight_ref": 1.0,
        "attention_weight_error": 0.0,
        "stage_errors": {
          "storage_error": 2.1931830360699678e-05,
          "matmul1_error": 1.264789386215614e-09,
          "softmax_error": 8.300092304125429e-07,
          "matmul2_error": 6.89731632519397e-07,
          "demote_error": 8.300092304125428e-08
        }
      },
      {
        "batch_idx": 0,
        "head_idx": 6,
        "token_idx": 0,
        "token_error": 8.562426955904812e-06,
        "entropy_ref": -0.0,
        "max_attention_weight_ref": 1.0,
        "attention_weight_error": 0.0,
        "stage_errors": {
          "storage_error": 2.1031542019045446e-05,
          "matmul1_error": 1.105596416529292e-09,
          "softmax_error": 7.059796189423651e-07,
          "matmul2_error": 7.050735803204589e-07,
          "demote_error": 7.05979618942365e-08
        }
      },
      {
        "batch_idx": 0,
        "head_idx": 4,
        "token_idx": 1,
        "token_error": 7.734810424153693e-06,
        "entropy_ref": 0.6931074857711792,
        "max_attention_weight_ref": 0.5044562220573425,
        "attention_weight_error": 9.5367431640625e-07,
        "stage_errors": {
          "storage_error": 2.1914503577136202e-05,
          "matmul1_error": 1.2603594018061995e-09,
          "softmax_error": 7.920694770291448e-07,
          "matmul2_error": 6.961528924875893e-07,
          "demote_error": 7.920694770291448e-08
        }
      },
      {
        "batch_idx": 0,
        "head_idx": 1,
        "token_idx": 1,
        "token_error": 7.5957796070724726e-06,
        "entropy_ref": 0.6931335926055908,
        "max_attention_weight_ref": 0.5026026964187622,
        "attention_weight_error": 7.748603820800781e-07,
        "stage_errors": {
          "storage_error": 2.0053947082487866e-05,
          "matmul1_error": 9.359287010877734e-10,
          "softmax_error": 5.937039532000199e-07,
          "matmul2_error": 7.150035344238859e-07,
          "demote_error": 5.937039532000199e-08
        }
      },
      {
        "batch_idx": 0,
        "head_idx": 3,
        "token_idx": 0,
        "token_error": 7.588194421259686e-06,
        "entropy_ref": -0.0,
        "max_attention_weight_ref": 1.0,
        "attention_weight_error": 0.0,
        "stage_errors": {
          "storage_error": 2.074834355880739e-05,
          "matmul1_error": 1.0551456467133495e-09,
          "softmax_error": 6.563350325450301e-07,
          "matmul2_error": 7.080193427100312e-07,
          "demote_error": 6.563350325450301e-08
        }
      },
      {
        "batch_idx": 0,
        "head_idx": 3,
        "token_idx": 1,
        "token_error": 7.570495654363185e-06,
        "entropy_ref": 0.6931056976318359,
        "max_attention_weight_ref": 0.5045528411865234,
        "attention_weight_error": 1.043081283569336e-06,
        "stage_errors": {
          "storage_error": 2.204977226938354e-05,
          "matmul1_error": 1.2643675791687036e-09,
          "softmax_error": 7.864779036026449e-07,
          "matmul2_error": 7.080193427100312e-07,
          "demote_error": 7.864779036026448e-08
        }
      },
      {
        "batch_idx": 0,
        "head_idx": 7,
        "token_idx": 1,
        "token_error": 7.511294825235382e-06,
        "entropy_ref": 0.6931283473968506,
        "max_attention_weight_ref": 0.5030670762062073,
        "attention_weight_error": 8.940696716308594e-08,
        "stage_errors": {
          "storage_error": 2.179007151426049e-05,
          "matmul1_error": 1.213372068343535e-09,
          "softmax_error": 7.458977052010596e-07,
          "matmul2_error": 7.141908099583817e-07,
          "demote_error": 7.458977052010596e-08
        }
      },
      {
        "batch_idx": 0,
        "head_idx": 0,
        "token_idx": 1,
        "token_error": 7.485763489967212e-06,
        "entropy_ref": 0.6931201219558716,
        "max_attention_weight_ref": 0.5036782622337341,
        "attention_weight_error": 5.364418029785156e-07,
        "stage_errors": {
          "storage_error": 1.8694476693781326e-05,
          "matmul1_error": 7.714731184785204e-10,
          "softmax_error": 5.062738637207076e-07,
          "matmul2_error": 6.89731632519397e-07,
          "demote_error": 5.062738637207076e-08
        }
      }
    ],
    "head_analysis": [
      {
        "head_idx": 0,
        "avg_error": 1.7635276208238793e-06,
        "avg_entropy": 3.878161668777466,
        "avg_max_weight": 0.04287576675415039,
        "sparsity": 0.6949462890625
      },
      {
        "head_idx": 1,
        "avg_error": 1.8329906197322998e-06,
        "avg_entropy": 3.8781614303588867,
        "avg_max_weight": 0.042868949472904205,
        "sparsity": 0.69476318359375
      },
      {
        "head_idx": 2,
        "avg_error": 1.9768692709476454e-06,
        "avg_entropy": 3.878161668777466,
        "avg_max_weight": 0.04287064075469971,
        "sparsity": 0.69500732421875
      },
      {
        "head_idx": 3,
        "avg_error": 1.7927426370079047e-06,
        "avg_entropy": 3.878161668777466,
        "avg_max_weight": 0.04287717118859291,
        "sparsity": 0.695068359375
      },
      {
        "head_idx": 4,
        "avg_error": 1.7647174672674737e-06,
        "avg_entropy": 3.8781614303588867,
        "avg_max_weight": 0.04289478808641434,
        "sparsity": 0.6944580078125
      },
      {
        "head_idx": 5,
        "avg_error": 1.826684751904395e-06,
        "avg_entropy": 3.878161668777466,
        "avg_max_weight": 0.04286601021885872,
        "sparsity": 0.69488525390625
      },
      {
        "head_idx": 6,
        "avg_error": 1.7833850733950385e-06,
        "avg_entropy": 3.878162145614624,
        "avg_max_weight": 0.042847346514463425,
        "sparsity": 0.695068359375
      },
      {
        "head_idx": 7,
        "avg_error": 1.8726067310126382e-06,
        "avg_entropy": 3.878161907196045,
        "avg_max_weight": 0.04287710785865784,