{
  "detector": {
    "detected_exceeded": false,
    "actual_err": 0.0017483830451965332,
    "predicted_bound": 0.0024603307247161865,
    "elapsed_sec": 2.485321521759033
  },
  "analyzer_report": {
    "component_estimates": {
      "input_storage_error": 0.0017483830451965332,
      "max_subtraction_error": 0.0017483830451965332,
      "exponential_error": 0.0017483830451965332,
      "sum_accumulation_error": 0.0017483830451965332,
      "output_storage_error": 0.0017483830451965332
    },
    "component_ratios": {
      "input_storage_error": 0.2,
      "max_subtraction_error": 0.2,
      "exponential_error": 0.2,
      "sum_accumulation_error": 0.2,
      "output_storage_error": 0.2
    },
    "primary_source": "storage",
    "suggestion": "\u5206\u6790\u7ed3\u679c\u4e0d\u660e\u786e\uff1b\u8bf7\u68c0\u67e5\u8f93\u5165\u5206\u5e03\u6216\u589e\u52a0MC\u91c7\u6837\u3002 \u68c0\u6d4b\u5230\u6781\u5c0f\u7684exp\u503c\uff0c\u53ef\u80fd\u5bfc\u81f4\u4e0b\u6ea2\u548c\u7cbe\u5ea6\u635f\u5931\u3002 93.5%\u7684top\u8bef\u5dee\u6765\u81eamax logit\u4f4d\u7f6e\uff0c\u8fd9\u901a\u5e38\u5bf9softmax\u8f93\u51fa\u5f71\u54cd\u6700\u5927\u3002",
    "input_stats": {
      "min": -20.819225311279297,
      "max": 28.57118797302246,
      "mean": 0.926249086856842,
      "std": 5.959249496459961,
      "range": 49.390411376953125
    },
    "stability_stats": {
      "max_shifted_logit": 0.0,
      "min_shifted_logit": -48.908409118652344,
      "max_exp_val": 1.0,
      "min_exp_val": 5.745764454881059e-22,
      "exp_sum_max": 1.9114831686019897,
      "exp_sum_min": 1.0061261653900146
    },
    "max_logit_error_ratio": 0.9346290491118078,
    "top_elements_summary": [
      {
        "coord": [
          2,
          388
        ],
        "element_error": 0.0017483830451965332,
        "x_original": 28.089183807373047,
        "y_ref": 0.5231539607048035,
        "y_mixed": 0.52490234375,
        "storage_error": 0.004566192626953125,
        "demote_error": 2.4497509002685547e-05,
        "logit_analysis": {
          "softmax_position": 388,
          "softmax_dim_size": 512,
          "is_max_logit": true,
          "distance_from_max": 0.0
        }
      },
      {
        "coord": [
          2,
          74
        ],
        "element_error": 0.0016691982746124268,
        "x_original": 27.939985275268555,
        "y_ref": 0.4506438076496124,
        "y_mixed": 0.448974609375,
        "storage_error": 0.0024852752685546875,
        "demote_error": 1.9103288650512695e-05,
        "logit_analysis": {
          "softmax_position": 74,
          "softmax_dim_size": 512,
          "is_max_logit": true,
          "distance_from_max": 0.0
        }
      },
      {
        "coord": [
          5,
          460
        ],
        "element_error": 0.0015243887901306152,
        "x_original": 22.83795928955078,
        "y_ref": 0.5541396737098694,
        "y_mixed": 0.5556640625,
        "storage_error": 0.00579071044921875,
        "demote_error": 5.799531936645508e-05,
        "logit_analysis": {
          "softmax_position": 460,
          "softmax_dim_size": 512,
          "is_max_logit": true,
          "distance_from_max": 0.0
        }
      },
      {
        "coord": [
          5,
          363
        ],
        "element_error": 0.0015024542808532715,
        "x_original": 21.879201889038086,
        "y_ref": 0.21243995428085327,
        "y_mixed": 0.2109375,
        "storage_error": 0.0042018890380859375,
        "demote_error": 5.322694778442383e-05,
        "logit_analysis": {
          "softmax_position": 363,
          "softmax_dim_size": 512,
          "is_max_logit": true,
          "distance_from_max": 0.0
        }
      },
      {
        "coord": [
          0,
          372
        ],
        "element_error": 0.001395896077156067,
        "x_original": 26.166534423828125,
        "y_ref": 0.22016172111034393,
        "y_mixed": 0.2215576171875,
        "storage_error": 0.005340576171875,
        "demote_error": 6.0498714447021484e-06,
        "logit_analysis": {
          "softmax_position": 372,
          "softmax_dim_size": 512,
          "is_max_logit": true,
          "distance_from_max": 0.0
        }
      },
      {
        "coord": [
          0,
          60
        ],
        "element_error": 0.0012555122375488281,
        "x_original": 27.222015380859375,
        "y_ref": 0.6326031684875488,
        "y_mixed": 0.63134765625,
        "storage_error": 0.003265380859375,
        "demote_error": 0.00020599365234375,
        "logit_analysis": {
          "softmax_position": 60,
          "softmax_dim_size": 512,
          "is_max_logit": true,
          "distance_from_max": 0.0
        }
      },
      {
        "coord": [
          4,
          115
        ],
        "element_error": 0.000942528247833252,
        "x_original": 22.0706844329834,
        "y_ref": 0.9053074717521667,
        "y_mixed": 0.90625,
        "storage_error": 0.0074405670166015625,
        "demote_error": 6.35385513305664e-05,
        "logit_analysis": {
          "softmax_position": 115,
          "softmax_dim_size": 512,
          "is_max_logit": true,
          "distance_from_max": 0.0
        }
      },
      {
        "coord": [
          4,
          74
        ],
        "element_error": 0.0007807314395904541,
        "x_original": 19.4735164642334,
        "y_ref": 0.06743112206459045,
        "y_mixed": 0.066650390625,
        "storage_error": 0.0047664642333984375,
        "demote_error": 2.7276575565338135e-05,
        "logit_analysis": {
          "softmax_position": 74,
          "softmax_dim_size": 512,
          "is_max_logit": false,
          "distance_from_max": -8.466468811035156
        }
      },
      {
        "coord": [
          6,
          355
        ],
        "element_error": 0.0006174221634864807,
        "x_original": 24.541217803955078,
        "y_ref": 0.06871851533651352,
        "y_mixed": 0.0693359375,
        "storage_error": 0.005657196044921875,
        "demote_error": 7.927417755126953e-06,
        "logit_analysis": {
          "softmax_position": 355,
          "softmax_dim_size": 512,
          "is_max_logit": true,
          "distance_from_max": 0.0
        }
      },
      {
        "coord": [
          6,
          472
        ],
        "element_error": 0.0005065798759460449,
        "x_original": 26.707508087158203,
        "y_ref": 0.599627673625946,
        "y_mixed": 0.59912109375,
        "storage_error": 0.004383087158203125,
        "demote_error": 0.00021851062774658203,
        "logit_analysis": {
          "softmax_position": 472,
          "softmax_dim_size": 512,
          "is_max_logit": true,
          "distance_from_max": 0.0
        }
      }
    ]
  }
}