{
  "detector": {
    "detected_exceeded": false,
    "actual_err": 2.9801967116327432e-08,
    "predicted_bound": 3.3601906397962015e-05,
    "elapsed_sec": 2.2971508502960205
  },
  "analyzer_report": {
    "component_estimates": {
      "input_storage_error": 2.9801967116327432e-08,
      "output_storage_error": 3.054287299164571e-05
    },
    "component_ratios": {
      "input_storage_error": 0.0009747909581522005,
      "output_storage_error": 0.9990252090418478
    },
    "primary_source": "storage",
    "suggestion": "\u4e3b\u8981\u8bef\u5dee\u6765\u6e90\u4e3a\u8f93\u5165\u5b58\u50a8\u7cbe\u5ea6\u3002\u5efa\u8bae\uff1a\u63d0\u5347\u8f93\u5165\u5b58\u50a8\u7cbe\u5ea6\u6216\u8fdb\u884c\u8f93\u5165\u5f52\u4e00\u5316\uff0c\u7279\u522b\u6ce8\u610f\u63a5\u8fd1\u96f6\u7684\u503c\u3002 \u68c0\u6d4b\u5230\u63a5\u8fd1\u96f6\u7684\u8f93\u5165\u503c\uff0c\u8fd9\u4e9b\u5728ReLU\u4e2d\u6700\u5bb9\u6613\u4ea7\u751f\u7cbe\u5ea6\u8bef\u5dee\u3002\u8003\u8651\u6dfb\u52a0\u5c0f\u7684\u504f\u7f6e\u6216\u4f7f\u7528Leaky ReLU\u3002",
    "relu_behavior_stats": {
      "near_zero": 10
    },
    "top_elements_summary": [
      {
        "coord": [
          0,
          212,
          15,
          9
        ],
        "element_error": 2.9801967116327432e-08,
        "x_original": 2.0861661198523507e-07,
        "y_ref": 2.0861661198523507e-07,
        "y_mixed": 2.384185791015625e-07,
        "relu_behavior": "near_zero",
        "storage_error": 2.9801967116327432e-08,
        "demote_error": 0.0
      },
      {
        "coord": [
          0,
          26,
          8,
          22
        ],
        "element_error": 2.980152657983126e-08,
        "x_original": 6.854526191091281e-07,
        "y_ref": 6.854526191091281e-07,
        "y_mixed": 6.556510925292969e-07,
        "relu_behavior": "near_zero",
        "storage_error": 2.980152657983126e-08,
        "demote_error": 0.0
      },
      {
        "coord": [
          0,
          79,
          7,
          9
        ],
        "element_error": 2.980141289299354e-08,
        "x_original": 5.662432158715092e-07,
        "y_ref": 5.662432158715092e-07,
        "y_mixed": 5.364418029785156e-07,
        "relu_behavior": "near_zero",
        "storage_error": 2.980141289299354e-08,
        "demote_error": 0.0
      },
      {
        "coord": [
          0,
          168,
          25,
          25
        ],
        "element_error": 2.9801128675899236e-08,
        "x_original": 2.0861745042566326e-07,
        "y_ref": 2.0861745042566326e-07,
        "y_mixed": 2.384185791015625e-07,
        "relu_behavior": "near_zero",
        "storage_error": 2.9801128675899236e-08,
        "demote_error": 0.0
      },
      {
        "coord": [
          0,
          193,
          22,
          2
        ],
        "element_error": 2.9800958145642653e-08,
        "x_original": 5.662454896082636e-07,
        "y_ref": 5.662454896082636e-07,
        "y_mixed": 5.960464477539062e-07,
        "relu_behavior": "near_zero",
        "storage_error": 2.9800958145642653e-08,
        "demote_error": 0.0
      },
      {
        "coord": [
          0,
          12,
          28,
          27
        ],
        "element_error": 2.980073077196721e-08,
        "x_original": 9.834750471782172e-07,
        "y_ref": 9.834750471782172e-07,
        "y_mixed": 9.5367431640625e-07,
        "relu_behavior": "near_zero",
        "storage_error": 2.980073077196721e-08,
        "demote_error": 0.0
      },
      {
        "coord": [
          0,
          185,
          14,
          16
        ],
        "element_error": 2.9800617085129488e-08,
        "x_original": 6.258504754441674e-07,
        "y_ref": 6.258504754441674e-07,
        "y_mixed": 6.556510925292969e-07,
        "relu_behavior": "near_zero",
        "storage_error": 2.9800617085129488e-08,
        "demote_error": 0.0
      },
      {
        "coord": [
          0,
          213,
          25,
          13
        ],
        "element_error": 2.9800503398291767e-08,
        "x_original": 5.662459443556145e-07,
        "y_ref": 5.662459443556145e-07,
        "y_mixed": 5.960464477539062e-07,
        "relu_behavior": "near_zero",
        "storage_error": 2.9800503398291767e-08,
        "demote_error": 0.0
      },
      {
        "coord": [
          0,
          160,
          9,
          29
        ],
        "element_error": 2.9800474976582336e-08,
        "x_original": 8.940511975197296e-08,
        "y_ref": 8.940511975197296e-08,
        "y_mixed": 5.960464477539063e-08,
        "relu_behavior": "near_zero",
        "storage_error": 2.9800474976582336e-08,
        "demote_error": 0.0
      },
      {
        "coord": [
          0,
          1,
          26,
          7
        ],
        "element_error": 2.9800219181197463e-08,
        "x_original": 5.066415837973182e-07,
        "y_ref": 5.066415837973182e-07,
        "y_mixed": 5.364418029785156e-07,
        "relu_behavior": "near_zero",
        "storage_error": 2.9800219181197463e-08,
        "demote_error": 0.0
      }
    ]
  }
}