{
  "detector": {
    "detected_exceeded": false,
    "actual_err": 4.5083463191986084e-05,
    "predicted_bound": 0.00010882521164603532,
    "elapsed_sec": 3.0499775409698486
  },
  "analyzer_report": {
    "component_estimates": {
      "input_storage_error": 5.2891671657562256e-05,
      "matmul1_accumulation_error": 5.2891671657562256e-05,
      "scaling_error": 5.2891671657562256e-05,
      "softmax_numerical_error": 5.2891671657562256e-05,
      "matmul2_accumulation_error": 5.2891671657562256e-05,
      "output_demote_error": 7.674843072891235e-05
    },
    "component_ratios": {
      "input_storage_error": 0.15501353830028824,
      "matmul1_accumulation_error": 0.15501353830028824,
      "scaling_error": 0.15501353830028824,
      "softmax_numerical_error": 0.15501353830028824,
      "matmul2_accumulation_error": 0.15501353830028824,
      "output_demote_error": 0.22493230849855883
    },
    "primary_source": "storage_error",
    "suggestion": "\u4e3b\u8981\u8bef\u5dee\u6765\u6e90\u4e3a\u8f93\u5165\u5b58\u50a8\u7cbe\u5ea6\u3002\u5efa\u8bae\uff1a\u63d0\u5347Q/K/V\u7684\u5b58\u50a8\u7cbe\u5ea6\uff1b\u8fdb\u884c\u8f93\u5165\u5f52\u4e00\u5316\uff1b\u68c0\u67e5embedding\u5c42\u7684\u8f93\u51fa\u8303\u56f4\u3002 \u68c0\u6d4b\u5230\u5927\u91cf\u5c16\u9510\u7684attention\u6a21\u5f0f\uff08\u4f4e\u71b5\uff09\uff0c\u8fd9\u4f1a\u653e\u5927softmax\u7684\u6570\u503c\u8bef\u5dee\u3002\u8003\u8651\u4f7f\u7528attention dropout\u6216\u6e29\u5ea6\u7f29\u653e\u3002",
    "attention_pattern_stats": {
      "global_avg_entropy": 3.878161668777466,
      "global_sparsity": 0.6949005126953125,
      "max_attention_weight": 1.0,
      "min_attention_weight": 0.0
    },
    "attention_behavior_stats": {
      "high_entropy_tokens": 0,
      "low_entropy_tokens": 7,
      "total_analyzed": 8
    },
    "top_tokens_summary": [
      {
        "batch_idx": 0,
        "head_idx": 2,
        "token_idx": 0,
        "token_error": 9.542236512061208e-06,
        "entropy_ref": -0.0,
        "max_attention_weight_ref": 1.0,
        "attention_weight_error": 0.0,
        "stage_errors": {
          "storage_error": 2.1422828922368353e-05,
          "matmul1_error": 1.128216234746723e-09,
          "softmax_error": 7.028880645520986e-07,
          "matmul2_error": 7.300274774024729e-07,
          "demote_error": 7.028880645520985e-08
        }
      },
      {
        "batch_idx": 0,
        "head_idx": 7,
        "token_idx": 1,
        "token_error": 8.034146048885304e-06,
        "entropy_ref": 0.6931047439575195,
        "max_attention_weight_ref": 0.5046102404594421,
        "attention_weight_error": 1.0132789611816406e-06,
        "stage_errors": {
          "storage_error": 2.175422832806362e-05,
          "matmul1_error": 1.234868337221456e-09,
          "softmax_error": 7.701142749283464e-07,
          "matmul2_error": 6.966606633795891e-07,
          "demote_error": 7.701142749283463e-08
        }
      },
      {
        "batch_idx": 0,
        "head_idx": 0,
        "token_idx": 1,
        "token_error": 7.94045627117157e-06,
        "entropy_ref": 0.6931285858154297,
        "max_attention_weight_ref": 0.5030446648597717,
        "attention_weight_error": 2.384185791015625e-07,
        "stage_errors": {
          "storage_error": 2.1830152945767622e-05,
          "matmul1_error": 1.2443881562061433e-09,
          "softmax_error": 7.94019433669746e-07,
          "matmul2_error": 6.963842679397204e-07,
          "demote_error": 7.940194336697459e-08
        }
      },
      {
        "batch_idx": 0,
        "head_idx": 5,
        "token_idx": 0,
        "token_error": 7.822964107617736e-06,
        "entropy_ref": -0.0,
        "max_attention_weight_ref": 1.0,
        "attention_weight_error": 0.0,
        "stage_errors": {
          "storage_error": 2.1790771825180855e-05,
          "matmul1_error": 1.2359476379563007e-09,
          "softmax_error": 7.747094059595838e-07,
          "matmul2_error": 6.993074748606887e-07,
          "demote_error": 7.747094059595838e-08
        }
      },
      {
        "batch_idx": 0,
        "head_idx": 2,
        "token_idx": 1,
        "token_error": 7.680500857532024e-06,
        "entropy_ref": 0.6931328773498535,
        "max_attention_weight_ref": 0.5026753544807434,
        "attention_weight_error": 3.8743019104003906e-07,
        "stage_errors": {
          "storage_error": 2.0211338323861128e-05,
          "matmul1_error": 9.337580513729795e-10,
          "softmax_error": 5.81739004701376e-07,
          "matmul2_error": 7.300274774024729e-07,
          "demote_error": 5.81739004701376e-08
        }
      },
      {
        "batch_idx": 0,
        "head_idx": 6,
        "token_idx": 2,
        "token_error": 7.624827048857696e-06,
        "entropy_ref": 1.0985980033874512,
        "max_attention_weight_ref": 0.3358462154865265,
        "attention_weight_error": 1.7881393432617188e-07,
        "stage_errors": {
          "storage_error": 2.1352166186261456e-05,
          "matmul1_error": 1.1781622768147713e-09,
          "softmax_error": 7.561160600744188e-07,
          "matmul2_error": 6.904773272253807e-07,
          "demote_error": 7.561160600744188e-08
        }
      },
      {
        "batch_idx": 0,
        "head_idx": 3,
        "token_idx": 1,
        "token_error": 7.474729500245303e-06,
        "entropy_ref": 0.6931271553039551,
        "max_attention_weight_ref": 0.5031591057777405,
        "attention_weight_error": 2.682209014892578e-07,
        "stage_errors": {
          "storage_error": 2.2602742319577374e-05,
          "matmul1_error": 1.3608418137962642e-09,
          "softmax_error": 8.294548024423421e-07,
          "matmul2_error": 7.057494258333464e-07,
          "demote_error": 8.294548024423421e-08
        }
      },
      {
        "batch_idx": 0,
        "head_idx": 4,
        "token_idx": 1,
        "token_error": 7.419303074129857e-06,
        "entropy_ref": 0.6930925846099854,
        "max_attention_weight_ref": 0.5052253007888794,
        "attention_weight_error": 1.2516975402832031e-06,
        "stage_errors": {
          "storage_error": 2.20919450839574e-05,
          "matmul1_error": 1.2611148552981573e-09,
          "softmax_error": 7.91925413068384e-07,
          "matmul2_error": 7.134915904316586e-07,
          "demote_error": 7.919254130683839e-08
        }
      }
    ],
    "head_analysis": [
      {
        "head_idx": 0,
        "avg_error": 1.7702841432765126e-06,
        "avg_entropy": 3.878161668777466,
        "avg_max_weight": 0.04287062957882881,
        "sparsity": 0.6947021484375
      },
      {
        "head_idx": 1,
        "avg_error": 1.870291271188762e-06,
        "avg_entropy": 3.878161668777466,
        "avg_max_weight": 0.04288608953356743,
        "sparsity": 0.695068359375
      },
      {
        "head_idx": 2,
        "avg_error": 2.2311601242108736e-06,
        "avg_entropy": 3.878162145614624,
        "avg_max_weight": 0.0428440123796463,
        "sparsity": 0.6951904296875
      },
      {
        "head_idx": 3,
        "avg_error": 1.6841744354678667e-06,
        "avg_entropy": 3.8781611919403076,
        "avg_max_weight": 0.042890410870313644,
        "sparsity": 0.69512939453125
      },
      {
        "head_idx": 4,
        "avg_error": 1.8500296619095025e-06,
        "avg_entropy": 3.8781611919403076,
        "avg_max_weight": 0.04288967698812485,
        "sparsity": 0.69476318359375
      },
      {
        "head_idx": 5,
        "avg_error": 1.6334973906850792e-06,
        "avg_entropy": 3.878161907196045,
        "avg_max_weight": 0.04286673665046692,
        "sparsity": 0.69488525390625
      },
      {
        "head_idx": 6,
        "avg_error": 1.809380819395301e-06,
        "avg_entropy": 3.878162145614624,
        "avg_max_weight": 0.042850881814956665,
        "sparsity": 0.694580078125
      },
      {
        "head_idx": 7,
        "avg_error": 1.8170337625633692e-06,
        "avg_entropy": 3.878162145614624,