{
  "detector": {
    "detected_exceeded": false,
    "actual_err": 6.470084190368652e-05,
    "predicted_bound": 0.0001565174257848412,
    "elapsed_sec": 3.9645633697509766
  },
  "meta": {
    "distribution": "adversarial_sum",
    "bias": true,
    "batch_size": 32,
    "in_features": 1024,
    "out_features": 4096
  },
  "analyzer_report": {
    "component_estimates": {
      "input_storage_error": 6.470084190368652e-05,
      "weight_storage_error": 6.470084190368652e-05,
      "accumulation_error": 6.470084190368652e-05,
      "output_storage_error": 0.00011071562767028809,
      "bias_storage_error": 6.470084190368652e-05
    },
    "component_ratios": {
      "input_storage_error": 0.17509476570691185,
      "weight_storage_error": 0.17509476570691185,
      "accumulation_error": 0.17509476570691185,
      "output_storage_error": 0.2996209371723526,
      "bias_storage_error": 0.17509476570691185
    },
    "primary_source": "input_storage",
    "suggestion": "\u4e3b\u8981\u8bef\u5dee\u6765\u6e90\u4e3a\u8f93\u5165\u5b58\u50a8\u7cbe\u5ea6\u3002\u5efa\u8bae\uff1a\u63d0\u5347\u8f93\u5165\u5b58\u50a8\u7cbe\u5ea6\u6216\u8fdb\u884c\u8f93\u5165\u5f52\u4e00\u5316/\u6807\u51c6\u5316\u4ee5\u964d\u4f4e\u6570\u503c\u8303\u56f4\u3002",
    "aggregated_ratios": {
      "input_storage": 0.9661308782894427,
      "weight_storage": 0.0,
      "bias_storage": 0.0,
      "accumulation": 0.00014462395179314595,
      "demote": 0.03372449775876422
    },
    "top_neurons_summary": [
      {
        "coord": [
          26,
          3432
        ],
        "neuron_error": 6.470084190368652e-05,
        "y_ref": -0.1251794397830963,
        "y_mixed": -0.125244140625,
        "input_storage_error": 0.0013287832261994481,
        "weight_storage_error": 0.0,
        "bias_storage_error": 0.0,
        "accumulation_estimate": 2.384185791015625e-07,
        "demote_error": 5.4955482482910156e-05,
        "in_features": 1024,
        "neuron_idx": 3432,
        "batch_idx": 26
      },
      {
        "coord": [
          3,
          404
        ],
        "neuron_error": 5.9977173805236816e-05,
        "y_ref": 0.13971053063869476,
        "y_mixed": 0.1397705078125,
        "input_storage_error": 0.0014487184816971421,
        "weight_storage_error": 0.0,
        "bias_storage_error": 0.0,
        "accumulation_estimate": 2.384185791015625e-07,
        "demote_error": 6.0498714447021484e-05,
        "in_features": 1024,
        "neuron_idx": 404,
        "batch_idx": 3
      },
      {
        "coord": [
          4,
          881
        ],
        "neuron_error": 5.908310413360596e-05,
        "y_ref": 0.1707172840833664,
        "y_mixed": 0.1707763671875,
        "input_storage_error": 0.0014574462547898293,
        "weight_storage_error": 0.0,
        "bias_storage_error": 0.0,
        "accumulation_estimate": 2.384185791015625e-07,
        "demote_error": 5.462765693664551e-05,
        "in_features": 1024,
        "neuron_idx": 881,
        "batch_idx": 4
      },
      {
        "coord": [
          24,
          78
        ],
        "neuron_error": 5.9023499488830566e-05,
        "y_ref": -0.13140667974948883,
        "y_mixed": -0.13134765625,
        "input_storage_error": 0.0014436113415285945,
        "weight_storage_error": 0.0,
        "bias_storage_error": 0.0,
        "accumulation_estimate": 2.384185791015625e-07,
        "demote_error": 5.939602851867676e-05,
        "in_features": 1024,
        "neuron_idx": 78,
        "batch_idx": 24
      },
      {
        "coord": [
          20,
          179
        ],
        "neuron_error": 5.7324767112731934e-05,
        "y_ref": 0.12578974664211273,
        "y_mixed": 0.125732421875,
        "input_storage_error": 0.001437996979802847,
        "weight_storage_error": 0.0,
        "bias_storage_error": 0.0,
        "accumulation_estimate": 2.384185791015625e-07,
        "demote_error": 6.0185790061950684e-05,
        "in_features": 1024,
        "neuron_idx": 179,
        "batch_idx": 20
      },
      {
        "coord": [
          1,
          1777
        ],
        "neuron_error": 5.632638931274414e-05,
        "y_ref": -0.12897199392318726,
        "y_mixed": -0.1290283203125,
        "input_storage_error": 0.001458831480704248,
        "weight_storage_error": 0.0,
        "bias_storage_error": 0.0,
        "accumulation_estimate": 2.384185791015625e-07,
        "demote_error": 5.130469799041748e-05,
        "in_features": 1024,
        "neuron_idx": 1777,
        "batch_idx": 1
      },
      {
        "coord": [
          22,
          3291
        ],
        "neuron_error": 5.62816858291626e-05,
        "y_ref": -0.13287828862667084,
        "y_mixed": -0.1329345703125,
        "input_storage_error": 0.0014561089919880033,
        "weight_storage_error": 0.0,
        "bias_storage_error": 0.0,
        "accumulation_estimate": 2.384185791015625e-07,
        "demote_error": 5.7220458984375e-05,
        "in_features": 1024,
        "neuron_idx": 3291,
        "batch_idx": 22
      },
      {
        "coord": [
          5,
          897
        ],
        "neuron_error": 4.9017369747161865e-05,
        "y_ref": 0.08287372440099716,
        "y_mixed": 0.08282470703125,
        "input_storage_error": 0.0014481396647170186,
        "weight_storage_error": 0.0,
        "bias_storage_error": 0.0,
        "accumulation_estimate": 1.1920928955078125e-07,
        "demote_error": 2.8289854526519775e-05,
        "in_features": 1024,
        "neuron_idx": 897,
        "batch_idx": 5
      },
      {
        "coord": [
          30,
          1654
        ],
        "neuron_error": 4.833191633224487e-05,
        "y_ref": -0.08094532042741776,
        "y_mixed": -0.08099365234375,
        "input_storage_error": 0.0014568406622856855,
        "weight_storage_error": 0.0,
        "bias_storage_error": 0.0,
        "accumulation_estimate": 1.1920928955078125e-07,
        "demote_error": 2.0451843738555908e-05,
        "in_features": 1024,
        "neuron_idx": 1654,
        "batch_idx": 30
      },
      {
        "coord": [
          16,
          2914
        ],
        "neuron_error": 4.710257053375244e-05,
        "y_ref": 0.13239918649196625,
        "y_mixed": 0.1324462890625,
        "input_storage_error": 0.0013978841016069055,
        "weight_storage_error": 0.0,
        "bias_storage_error": 0.0,
        "accumulation_estimate": 2.384185791015625e-07,
        "demote_error": 5.3435564041137695e-05,
        "in_features": 1024,
        "neuron_idx": 2914,
        "batch_idx": 16
      }
    ]
  }
}