{
  "detector": {
    "detected_exceeded": false,
    "actual_err": 5.29363751411438e-06,
    "predicted_bound": 3.928719452233054e-05,
    "elapsed_sec": 2.6390578746795654
  },
  "matrix_info": {
    "input_shape": [
      256,
      1024
    ],
    "weight_shape": [
      1024,
      512
    ],
    "output_shape": [
      256,
      512
    ],
    "accumulation_dim": 1024
  },
  "analyzer_report": {
    "component_estimates": {
      "input_storage_error": 5.29363751411438e-06,
      "weight_storage_error": 5.29363751411438e-06,
      "accumulation_error": 5.29363751411438e-06,
      "demote_error": 3.441423177719116e-05
    },
    "component_ratios": {
      "input_storage_error": 0.10525146285460336,
      "weight_storage_error": 0.10525146285460336,
      "accumulation_error": 0.10525146285460336,
      "demote_error": 0.6842456114361899
    },
    "primary_source": "x_storage",
    "suggestion": "\u4e3b\u8981\u8bef\u5dee\u6765\u6e90\u4e3a\u8f93\u5165\u5b58\u50a8\u7cbe\u5ea6\u3002\u5efa\u8bae\uff1a\u63d0\u5347\u8f93\u5165\u5b58\u50a8\u7cbe\u5ea6\uff1b\u8fdb\u884c\u8f93\u5165\u5f52\u4e00\u5316\u6216\u6743\u91cd\u7f29\u653e\u4ee5\u6539\u5584\u6570\u503c\u8303\u56f4\u3002 \u68c0\u6d4b\u5230\u6570\u503c\u7a33\u5b9a\u6027\u95ee\u9898\uff08\u6761\u4ef6\u6570\u6307\u6807=4.25\uff09\u3002\u5efa\u8bae\uff1a(1)\u8f93\u5165/\u6743\u91cd\u9884\u5904\u7406\u548c\u5f52\u4e00\u5316\uff1b(2)\u68c0\u67e5\u662f\u5426\u5b58\u5728\u75c5\u6001\u77e9\u9635\u3002",
    "numerical_stability": {
      "average_condition_indicator": 4.253645005928034,
      "accumulation_dimension": 1024,
      "stability_assessment": "good"
    },
    "top_elements_summary": [
      {
        "coord": [
          223,
          270
        ],
        "element_error": 5.29363751411438e-06,
        "y_ref": -0.008061934262514114,
        "y_mixed": -0.008056640625,
        "x_storage_error": 0.00013485481031239033,
        "w_storage_error": 0.0,
        "accumulation_error_estimate": 1.4901161193847656e-08,
        "demote_error": 3.528781235218048e-06,
        "condition_indicator": 4.5581300481442,
        "product_stats": {
          "min": -0.0009288547444157302,
          "max": 0.00045798096107319,
          "mean": -7.871256457292475e-06,
          "std": 9.687417332315817e-05
        }
      },
      {
        "coord": [
          99,
          209
        ],
        "element_error": 5.220063030719757e-06,
        "y_ref": -0.01065304409712553,
        "y_mixed": -0.01065826416015625,
        "x_storage_error": 0.00013972842134535313,
        "w_storage_error": 0.0,
        "accumulation_error_estimate": 1.4901161193847656e-08,
        "demote_error": 3.1460076570510864e-06,
        "condition_indicator": 4.14855717581294,
        "product_stats": {
          "min": -0.0006104352069087327,
          "max": 0.00044140603858977556,
          "mean": -1.0405390639789402e-05,
          "std": 9.690459410194308e-05
        }
      },
      {
        "coord": [
          88,
          29
        ],
        "element_error": 5.220063030719757e-06,
        "y_ref": 0.00970218051224947,
        "y_mixed": 0.00969696044921875,
        "x_storage_error": 0.00013916249736212194,
        "w_storage_error": 0.0,
        "accumulation_error_estimate": 1.4901161193847656e-08,
        "demote_error": 3.779307007789612e-06,
        "condition_indicator": 4.279675905086836,
        "product_stats": {
          "min": -0.0005352029693312943,
          "max": 0.0006101964972913265,
          "mean": 9.473375030211173e-06,
          "std": 9.167717507807538e-05
        }
      },
      {
        "coord": [
          34,
          308
        ],
        "element_error": 5.216337740421295e-06,
        "y_ref": -0.009053678251802921,
        "y_mixed": -0.0090484619140625,
        "x_storage_error": 0.00014963456487748772,
        "w_storage_error": 0.0,
        "accumulation_error_estimate": 1.4901161193847656e-08,
        "demote_error": 3.295019268989563e-06,
        "condition_indicator": 3.309119422725463,
        "product_stats": {
          "min": -0.0005050530890002847,
          "max": 0.000551551696844399,
          "mean": -8.839606380206533e-06,
          "std": 0.00010364082118030638
        }
      },
      {
        "coord": [
          89,
          459
        ],
        "element_error": 5.1585957407951355e-06,
        "y_ref": 0.007947358302772045,
        "y_mixed": 0.00794219970703125,
        "x_storage_error": 0.00014534716319758445,
        "w_storage_error": 0.0,
        "accumulation_error_estimate": 1.4901161193847656e-08,
        "demote_error": 3.580935299396515e-06,
        "condition_indicator": 5.826697061780281,
        "product_stats": {
          "min": -0.0006522306357510388,
          "max": 0.000640959246084094,
          "mean": 7.75955049903132e-06,
          "std": 9.74498616415076e-05
        }
      },
      {
        "coord": [
          176,
          182
        ],
        "element_error": 4.955567419528961e-06,
        "y_ref": -0.008539966307580471,
        "y_mixed": -0.008544921875,
        "x_storage_error": 0.0001425532973371446,
        "w_storage_error": 0.0,
        "accumulation_error_estimate": 1.4901161193847656e-08,
        "demote_error": 3.4086406230926514e-06,
        "condition_indicator": 4.568977638304202,
        "product_stats": {
          "min": -0.0007358962902799249,
          "max": 0.00042944218148477376,
          "mean": -8.341318789462093e-06,
          "std": 9.720102389110252e-05
        }
      },
      {
        "coord": [
          38,
          493
        ],
        "element_error": 4.936009645462036e-06,
        "y_ref": -0.011858772486448288,
        "y_mixed": -0.01186370849609375,
        "x_storage_error": 0.00014517060481011868,
        "w_storage_error": 0.0,
        "accumulation_error_estimate": 1.4901161193847656e-08,
        "demote_error": 3.729015588760376e-06,
        "condition_indicator": 3.495196563908425,
        "product_stats": {
          "min": -0.0005278545431792736,
          "max": 0.0004049385606776923,
          "mean": -1.158200939244125e-05,
          "std": 9.99592084554024e-05
        }
      },
      {
        "coord": [
          216,
          142
        ],
        "element_error": 4.873611032962799e-06,
        "y_ref": 0.008219613693654537,
        "y_mixed": 0.0082244873046875,
        "x_storage_error": 0.00013893879076931626,
        "w_storage_error": 0.0,
        "accumulation_error_estimate": 1.4901161193847656e-08,
        "demote_error": 3.6582350730895996e-06,
        "condition_indicator": 4.73559161350697,
        "product_stats": {
          "min": -0.0005196678685024381,
          "max": 0.0006320673273876309,
          "mean": 8.028155207284726e-06,
          "std": 0.0001023210134007968
        }
      },
      {
        "coord": [
          36,
          388
        ],
        "element_error": 4.832632839679718e-06,
        "y_ref": 0.00808232557028532,
        "y_mixed": 0.008087158203125,
        "x_storage_error": 0.0001458641781937331,
        "w_storage_error": 0.0,
        "accumulation_error_estimate": 1.4901161193847656e-08,
        "demote_error": 3.8137659430503845e-06,
        "condition_indicator": 3.177138280924878,
        "product_stats": {
          "min": -0.0005899291136302054,
          "max": 0.0006528846570290625,
          "mean": 7.893894689914305e-06,
          "std": 0.00010327853669878095
        }
      },
      {
        "coord": [
          33,
          19
        ],
        "element_error": 4.827044904232025e-06,
        "y_ref": -0.008702336810529232,
        "y_mixed": -0.008697509765625,
        "x_storage_error": 0.0001476613397244364,
        "w_storage_error": 0.0,
        "accumulation_error_estimate": 1.4901161193847656e-08,
        "demote_error": 3.390014171600342e-06,
        "condition_indicator": 4.43736634908614,
        "product_stats": {
          "min": -0.0005785389221273363,
          "max": 0.0005646076751872897,