{
  "detector": {
    "detected_exceeded": false,
    "actual_err": 2.9801608292245874e-08,
    "predicted_bound": 3.360181835887488e-05,
    "elapsed_sec": 2.2989726066589355
  },
  "analyzer_report": {
    "component_estimates": {
      "input_storage_error": 2.9801608292245874e-08,
      "output_storage_error": 3.0542338208761066e-05
    },
    "component_ratios": {
      "input_storage_error": 0.0009747962841522257,
      "output_storage_error": 0.9990252037158478
    },
    "primary_source": "storage",
    "suggestion": "\u4e3b\u8981\u8bef\u5dee\u6765\u6e90\u4e3a\u8f93\u5165\u5b58\u50a8\u7cbe\u5ea6\u3002\u5efa\u8bae\uff1a\u63d0\u5347\u8f93\u5165\u5b58\u50a8\u7cbe\u5ea6\u6216\u8fdb\u884c\u8f93\u5165\u5f52\u4e00\u5316\uff0c\u7279\u522b\u6ce8\u610f\u63a5\u8fd1\u96f6\u7684\u503c\u3002 \u68c0\u6d4b\u5230\u63a5\u8fd1\u96f6\u7684\u8f93\u5165\u503c\uff0c\u8fd9\u4e9b\u5728ReLU\u4e2d\u6700\u5bb9\u6613\u4ea7\u751f\u7cbe\u5ea6\u8bef\u5dee\u3002\u8003\u8651\u6dfb\u52a0\u5c0f\u7684\u504f\u7f6e\u6216\u4f7f\u7528Leaky ReLU\u3002",
    "relu_behavior_stats": {
      "near_zero": 10
    },
    "top_elements_summary": [
      {
        "coord": [
          0,
          181,
          31,
          27
        ],
        "element_error": 2.9801608292245874e-08,
        "x_original": 2.980303648314475e-08,
        "y_ref": 2.980303648314475e-08,
        "y_mixed": 5.960464477539063e-08,
        "relu_behavior": "near_zero",
        "storage_error": 2.9801608292245874e-08,
        "demote_error": 0.0
      },
      {
        "coord": [
          0,
          255,
          19,
          11
        ],
        "element_error": 2.9801547896113334e-08,
        "x_original": 2.980309687927729e-08,
        "y_ref": 2.980309687927729e-08,
        "y_mixed": 5.960464477539063e-08,
        "relu_behavior": "near_zero",
        "storage_error": 2.9801547896113334e-08,
        "demote_error": 0.0
      },
      {
        "coord": [
          0,
          20,
          16,
          17
        ],
        "element_error": 2.980152657983126e-08,
        "x_original": 5.066386847829563e-07,
        "y_ref": 5.066386847829563e-07,
        "y_mixed": 4.76837158203125e-07,
        "relu_behavior": "near_zero",
        "storage_error": 2.980152657983126e-08,
        "demote_error": 0.0
      },
      {
        "coord": [
          0,
          24,
          19,
          31
        ],
        "element_error": 2.9801487499980794e-08,
        "x_original": 2.9801487499980794e-08,
        "y_ref": 2.9801487499980794e-08,
        "y_mixed": 0.0,
        "relu_behavior": "near_zero",
        "storage_error": 2.9801487499980794e-08,
        "demote_error": 0.0
      },
      {
        "coord": [
          0,
          254,
          30,
          8
        ],
        "element_error": 2.9801370260429394e-08,
        "x_original": 2.980327451496123e-08,
        "y_ref": 2.980327451496123e-08,
        "y_mixed": 5.960464477539063e-08,
        "relu_behavior": "near_zero",
        "storage_error": 2.9801370260429394e-08,
        "demote_error": 0.0
      },
      {
        "coord": [
          0,
          145,
          21,
          21
        ],
        "element_error": 2.9800901302223792e-08,
        "x_original": 8.642659281576925e-07,
        "y_ref": 8.642659281576925e-07,
        "y_mixed": 8.344650268554688e-07,
        "relu_behavior": "near_zero",
        "storage_error": 2.9800901302223792e-08,
        "demote_error": 0.0
      },
      {
        "coord": [
          0,
          111,
          19,
          29
        ],
        "element_error": 2.980084445880493e-08,
        "x_original": 9.238705160896643e-07,
        "y_ref": 9.238705160896643e-07,
        "y_mixed": 8.940696716308594e-07,
        "relu_behavior": "near_zero",
        "storage_error": 2.980084445880493e-08,
        "demote_error": 0.0
      },
      {
        "coord": [
          0,
          110,
          19,
          20
        ],
        "element_error": 2.9800617085129488e-08,
        "x_original": 9.834749334913795e-07,
        "y_ref": 9.834749334913795e-07,
        "y_mixed": 9.5367431640625e-07,
        "relu_behavior": "near_zero",
        "storage_error": 2.9800617085129488e-08,
        "demote_error": 0.0
      },
      {
        "coord": [
          0,
          73,
          9,
          0
        ],
        "element_error": 2.9800332868035184e-08,
        "x_original": 5.662461148858711e-07,
        "y_ref": 5.662461148858711e-07,
        "y_mixed": 5.960464477539062e-07,
        "relu_behavior": "near_zero",
        "storage_error": 2.9800332868035184e-08,
        "demote_error": 0.0
      },
      {
        "coord": [
          0,
          98,
          6,
          2
        ],
        "element_error": 2.9800162337778602e-08,
        "x_original": 6.854512548670755e-07,
        "y_ref": 6.854512548670755e-07,
        "y_mixed": 6.556510925292969e-07,
        "relu_behavior": "near_zero",
        "storage_error": 2.9800162337778602e-08,
        "demote_error": 0.0
      }
    ]
  }
}