{
  "detector": {
    "detected_exceeded": false,
    "actual_err": 6.435811519622803e-05,
    "predicted_bound": 0.00013982489472255113,
    "elapsed_sec": 4.025098562240601
  },
  "meta": {
    "distribution": "adversarial_sum",
    "bias": true,
    "batch_size": 32,
    "in_features": 1024,
    "out_features": 4096
  },
  "analyzer_report": {
    "component_estimates": {
      "input_storage_error": 6.435811519622803e-05,
      "weight_storage_error": 6.435811519622803e-05,
      "accumulation_error": 6.435811519622803e-05,
      "output_storage_error": 0.0001084059476852417,
      "bias_storage_error": 6.435811519622803e-05
    },
    "component_ratios": {
      "input_storage_error": 0.1759195144800619,
      "weight_storage_error": 0.1759195144800619,
      "accumulation_error": 0.1759195144800619,
      "output_storage_error": 0.2963219420797524,
      "bias_storage_error": 0.1759195144800619
    },
    "primary_source": "input_storage",
    "suggestion": "\u4e3b\u8981\u8bef\u5dee\u6765\u6e90\u4e3a\u8f93\u5165\u5b58\u50a8\u7cbe\u5ea6\u3002\u5efa\u8bae\uff1a\u63d0\u5347\u8f93\u5165\u5b58\u50a8\u7cbe\u5ea6\u6216\u8fdb\u884c\u8f93\u5165\u5f52\u4e00\u5316/\u6807\u51c6\u5316\u4ee5\u964d\u4f4e\u6570\u503c\u8303\u56f4\u3002",
    "aggregated_ratios": {
      "input_storage": 0.9700393318224232,
      "weight_storage": 0.0,
      "bias_storage": 0.0,
      "accumulation": 0.00012812045524863695,
      "demote": 0.02983254772232813
    },
    "top_neurons_summary": [
      {
        "coord": [
          31,
          2161
        ],
        "neuron_error": 6.435811519622803e-05,
        "y_ref": -0.12640713155269623,
        "y_mixed": -0.1263427734375,
        "input_storage_error": 0.0014976647216826677,
        "weight_storage_error": 0.0,
        "bias_storage_error": 0.0,
        "accumulation_estimate": 2.384185791015625e-07,
        "demote_error": 5.848705768585205e-05,
        "in_features": 1024,
        "neuron_idx": 2161,
        "batch_idx": 31
      },
      {
        "coord": [
          8,
          3348
        ],
        "neuron_error": 5.950033664703369e-05,
        "y_ref": -0.13360749185085297,
        "y_mixed": -0.1336669921875,
        "input_storage_error": 0.0012966531794518232,
        "weight_storage_error": 0.0,
        "bias_storage_error": 0.0,
        "accumulation_estimate": 2.384185791015625e-07,
        "demote_error": 6.0304999351501465e-05,
        "in_features": 1024,
        "neuron_idx": 3348,
        "batch_idx": 8
      },
      {
        "coord": [
          16,
          2657
        ],
        "neuron_error": 5.8785080909729004e-05,
        "y_ref": 0.13739238679409027,
        "y_mixed": 0.137451171875,
        "input_storage_error": 0.0014560801209881902,
        "weight_storage_error": 0.0,
        "bias_storage_error": 0.0,
        "accumulation_estimate": 2.384185791015625e-07,
        "demote_error": 5.692243576049805e-05,
        "in_features": 1024,
        "neuron_idx": 2657,
        "batch_idx": 16
      },
      {
        "coord": [
          3,
          3867
        ],
        "neuron_error": 5.62816858291626e-05,
        "y_ref": -0.14531995356082916,
        "y_mixed": -0.145263671875,
        "input_storage_error": 0.0014317091554403305,
        "weight_storage_error": 0.0,
        "bias_storage_error": 0.0,
        "accumulation_estimate": 2.384185791015625e-07,
        "demote_error": 5.570054054260254e-05,
        "in_features": 1024,
        "neuron_idx": 3867,
        "batch_idx": 3
      },
      {
        "coord": [
          23,
          3818
        ],
        "neuron_error": 5.1274895668029785e-05,
        "y_ref": 0.13127686083316803,
        "y_mixed": 0.1312255859375,
        "input_storage_error": 0.0014730725670233369,
        "weight_storage_error": 0.0,
        "bias_storage_error": 0.0,
        "accumulation_estimate": 2.384185791015625e-07,
        "demote_error": 4.9561262130737305e-05,
        "in_features": 1024,
        "neuron_idx": 3818,
        "batch_idx": 23
      },
      {
        "coord": [
          3,
          2427
        ],
        "neuron_error": 4.824995994567871e-05,
        "y_ref": 0.13530215620994568,
        "y_mixed": 0.13525390625,
        "input_storage_error": 0.0014317091554403305,
        "weight_storage_error": 0.0,
        "bias_storage_error": 0.0,
        "accumulation_estimate": 2.384185791015625e-07,
        "demote_error": 4.918873310089111e-05,
        "in_features": 1024,
        "neuron_idx": 2427,
        "batch_idx": 3
      },
      {
        "coord": [
          0,
          1021
        ],
        "neuron_error": 4.719197750091553e-05,
        "y_ref": 0.06941081583499908,
        "y_mixed": 0.0694580078125,
        "input_storage_error": 0.0014596598921343684,
        "weight_storage_error": 0.0,
        "bias_storage_error": 0.0,
        "accumulation_estimate": 1.1920928955078125e-07,
        "demote_error": 2.5033950805664062e-05,
        "in_features": 1024,
        "neuron_idx": 1021,
        "batch_idx": 0
      },
      {
        "coord": [
          20,
          386
        ],
        "neuron_error": 4.688650369644165e-05,
        "y_ref": 0.08360401540994644,
        "y_mixed": 0.08355712890625,
        "input_storage_error": 0.0013524157693609595,
        "weight_storage_error": 0.0,
        "bias_storage_error": 0.0,
        "accumulation_estimate": 1.1920928955078125e-07,
        "demote_error": 2.899765968322754e-05,
        "in_features": 1024,
        "neuron_idx": 386,
        "batch_idx": 20
      },
      {
        "coord": [
          4,
          655
        ],
        "neuron_error": 4.686415195465088e-05,
        "y_ref": -0.06458936631679535,
        "y_mixed": -0.06463623046875,
        "input_storage_error": 0.0015233089216053486,
        "weight_storage_error": 0.0,
        "bias_storage_error": 0.0,
        "accumulation_estimate": 1.1920928955078125e-07,
        "demote_error": 3.00481915473938e-05,
        "in_features": 1024,
        "neuron_idx": 655,
        "batch_idx": 4
      },
      {
        "coord": [
          2,
          4063
        ],
        "neuron_error": 4.6581029891967773e-05,
        "y_ref": 0.08088603615760803,
        "y_mixed": 0.0809326171875,
        "input_storage_error": 0.0015188490506261587,
        "weight_storage_error": 0.0,
        "bias_storage_error": 0.0,
        "accumulation_estimate": 1.1920928955078125e-07,
        "demote_error": 2.987682819366455e-05,
        "in_features": 1024,
        "neuron_idx": 4063,
        "batch_idx": 2
      }
    ]
  }
}