{
  "detector": {
    "detected_exceeded": false,
    "actual_err": 6.866455078125e-05,
    "predicted_bound": 0.00014450514863710852,
    "elapsed_sec": 4.032516717910767
  },
  "meta": {
    "distribution": "adversarial_sum",
    "bias": true,
    "batch_size": 32,
    "in_features": 1024,
    "out_features": 4096
  },
  "analyzer_report": {
    "component_estimates": {
      "input_storage_error": 6.866455078125e-05,
      "weight_storage_error": 6.866455078125e-05,
      "accumulation_error": 6.866455078125e-05,
      "output_storage_error": 0.00010821223258972168,
      "bias_storage_error": 6.866455078125e-05
    },
    "component_ratios": {
      "input_storage_error": 0.17934148050128434,
      "weight_storage_error": 0.17934148050128434,
      "accumulation_error": 0.17934148050128434,
      "output_storage_error": 0.2826340779948626,
      "bias_storage_error": 0.17934148050128434
    },
    "primary_source": "input_storage",
    "suggestion": "\u4e3b\u8981\u8bef\u5dee\u6765\u6e90\u4e3a\u8f93\u5165\u5b58\u50a8\u7cbe\u5ea6\u3002\u5efa\u8bae\uff1a\u63d0\u5347\u8f93\u5165\u5b58\u50a8\u7cbe\u5ea6\u6216\u8fdb\u884c\u8f93\u5165\u5f52\u4e00\u5316/\u6807\u51c6\u5316\u4ee5\u964d\u4f4e\u6570\u503c\u8303\u56f4\u3002",
    "aggregated_ratios": {
      "input_storage": 0.9712769405447859,
      "weight_storage": 0.0,
      "bias_storage": 0.0,
      "accumulation": 0.00012596969815210741,
      "demote": 0.02859708975706201
    },
    "top_neurons_summary": [
      {
        "coord": [
          14,
          202
        ],
        "neuron_error": 6.866455078125e-05,
        "y_ref": 0.12908172607421875,
        "y_mixed": 0.129150390625,
        "input_storage_error": 0.0014163126470521092,
        "weight_storage_error": 0.0,
        "bias_storage_error": 0.0,
        "accumulation_estimate": 2.384185791015625e-07,
        "demote_error": 5.780160427093506e-05,
        "in_features": 1024,
        "neuron_idx": 202,
        "batch_idx": 14
      },
      {
        "coord": [
          9,
          3497
        ],
        "neuron_error": 6.508827209472656e-05,
        "y_ref": 0.12787270545959473,
        "y_mixed": 0.1278076171875,
        "input_storage_error": 0.001528540626168251,
        "weight_storage_error": 0.0,
        "bias_storage_error": 0.0,
        "accumulation_estimate": 2.384185791015625e-07,
        "demote_error": 6.00963830947876e-05,
        "in_features": 1024,
        "neuron_idx": 3497,
        "batch_idx": 9
      },
      {
        "coord": [
          26,
          187
        ],
        "neuron_error": 5.479156970977783e-05,
        "y_ref": 0.13007216155529022,
        "y_mixed": 0.130126953125,
        "input_storage_error": 0.0014737871242687106,
        "weight_storage_error": 0.0,
        "bias_storage_error": 0.0,
        "accumulation_estimate": 2.384185791015625e-07,
        "demote_error": 5.608797073364258e-05,
        "in_features": 1024,
        "neuron_idx": 187,
        "batch_idx": 26
      },
      {
        "coord": [
          30,
          489
        ],
        "neuron_error": 5.418062210083008e-05,
        "y_ref": -0.08287888765335083,
        "y_mixed": -0.08282470703125,
        "input_storage_error": 0.0014629336073994637,
        "weight_storage_error": 0.0,
        "bias_storage_error": 0.0,
        "accumulation_estimate": 1.1920928955078125e-07,
        "demote_error": 2.629309892654419e-05,
        "in_features": 1024,
        "neuron_idx": 489,
        "batch_idx": 30
      },
      {
        "coord": [
          11,
          237
        ],
        "neuron_error": 5.237758159637451e-05,
        "y_ref": 0.15288440883159637,
        "y_mixed": 0.15283203125,
        "input_storage_error": 0.0015223475638777018,
        "weight_storage_error": 0.0,
        "bias_storage_error": 0.0,
        "accumulation_estimate": 2.384185791015625e-07,
        "demote_error": 5.2288174629211426e-05,
        "in_features": 1024,
        "neuron_idx": 237,
        "batch_idx": 11
      },
      {
        "coord": [
          7,
          3292
        ],
        "neuron_error": 5.2228569984436035e-05,
        "y_ref": 0.13347508013248444,
        "y_mixed": 0.1334228515625,
        "input_storage_error": 0.0014411720912903547,
        "weight_storage_error": 0.0,
        "bias_storage_error": 0.0,
        "accumulation_estimate": 2.384185791015625e-07,
        "demote_error": 5.124509334564209e-05,
        "in_features": 1024,
        "neuron_idx": 3292,
        "batch_idx": 7
      },
      {
        "coord": [
          24,
          2120
        ],
        "neuron_error": 5.0321221351623535e-05,
        "y_ref": -0.08863376080989838,
        "y_mixed": -0.08868408203125,
        "input_storage_error": 0.0014145027380436659,
        "weight_storage_error": 0.0,
        "bias_storage_error": 0.0,
        "accumulation_estimate": 1.1920928955078125e-07,
        "demote_error": 3.0331313610076904e-05,
        "in_features": 1024,
        "neuron_idx": 2120,
        "batch_idx": 24
      },
      {
        "coord": [
          13,
          2902
        ],
        "neuron_error": 4.929304122924805e-05,
        "y_ref": 0.12934523820877075,
        "y_mixed": 0.12939453125,
        "input_storage_error": 0.0014486744767054915,
        "weight_storage_error": 0.0,
        "bias_storage_error": 0.0,
        "accumulation_estimate": 2.384185791015625e-07,
        "demote_error": 4.44948673248291e-05,
        "in_features": 1024,
        "neuron_idx": 2902,
        "batch_idx": 13
      },
      {
        "coord": [
          30,
          1557
        ],
        "neuron_error": 4.8391520977020264e-05,
        "y_ref": 0.10072065144777298,
        "y_mixed": 0.10076904296875,
        "input_storage_error": 0.0014629336073994637,
        "weight_storage_error": 0.0,
        "bias_storage_error": 0.0,
        "accumulation_estimate": 1.1920928955078125e-07,
        "demote_error": 3.010779619216919e-05,
        "in_features": 1024,
        "neuron_idx": 1557,
        "batch_idx": 30
      },
      {
        "coord": [
          17,
          1532
        ],
        "neuron_error": 4.807859659194946e-05,
        "y_ref": 0.08393629640340805,
        "y_mixed": 0.083984375,
        "input_storage_error": 0.0015352191403508186,
        "weight_storage_error": 0.0,
        "bias_storage_error": 0.0,
        "accumulation_estimate": 1.1920928955078125e-07,
        "demote_error": 2.425163984298706e-05,
        "in_features": 1024,
        "neuron_idx": 1532,
        "batch_idx": 17
      }
    ]
  }
}