{
  "detector": {
    "detected_exceeded": false,
    "actual_err": 7.398426532745361e-05,
    "predicted_bound": 0.0001530515670310706,
    "elapsed_sec": 4.046799182891846
  },
  "meta": {
    "distribution": "adversarial_sum",
    "bias": true,
    "batch_size": 32,
    "in_features": 1024,
    "out_features": 4096
  },
  "analyzer_report": {
    "component_estimates": {
      "input_storage_error": 7.398426532745361e-05,
      "weight_storage_error": 7.398426532745361e-05,
      "accumulation_error": 7.398426532745361e-05,
      "output_storage_error": 0.00010089576244354248,
      "bias_storage_error": 7.398426532745361e-05
    },
    "component_ratios": {
      "input_storage_error": 0.18643685929931283,
      "weight_storage_error": 0.18643685929931283,
      "accumulation_error": 0.18643685929931283,
      "output_storage_error": 0.25425256280274866,
      "bias_storage_error": 0.18643685929931283
    },
    "primary_source": "input_storage",
    "suggestion": "\u4e3b\u8981\u8bef\u5dee\u6765\u6e90\u4e3a\u8f93\u5165\u5b58\u50a8\u7cbe\u5ea6\u3002\u5efa\u8bae\uff1a\u63d0\u5347\u8f93\u5165\u5b58\u50a8\u7cbe\u5ea6\u6216\u8fdb\u884c\u8f93\u5165\u5f52\u4e00\u5316/\u6807\u51c6\u5316\u4ee5\u964d\u4f4e\u6570\u503c\u8303\u56f4\u3002",
    "aggregated_ratios": {
      "input_storage": 0.9782820785453309,
      "weight_storage": 0.0,
      "bias_storage": 0.0,
      "accumulation": 8.969613924691896e-05,
      "demote": 0.021628225315422155
    },
    "top_neurons_summary": [
      {
        "coord": [
          21,
          3068
        ],
        "neuron_error": 7.398426532745361e-05,
        "y_ref": -0.13359300792217255,
        "y_mixed": -0.1336669921875,
        "input_storage_error": 0.0015426621539518237,
        "weight_storage_error": 0.0,
        "bias_storage_error": 0.0,
        "accumulation_estimate": 2.384185791015625e-07,
        "demote_error": 5.976855754852295e-05,
        "in_features": 1024,
        "neuron_idx": 3068,
        "batch_idx": 21
      },
      {
        "coord": [
          20,
          1883
        ],
        "neuron_error": 6.531178951263428e-05,
        "y_ref": 0.13152648508548737,
        "y_mixed": 0.131591796875,
        "input_storage_error": 0.0014719640603289008,
        "weight_storage_error": 0.0,
        "bias_storage_error": 0.0,
        "accumulation_estimate": 2.384185791015625e-07,
        "demote_error": 4.851818084716797e-05,
        "in_features": 1024,
        "neuron_idx": 1883,
        "batch_idx": 20
      },
      {
        "coord": [
          9,
          2586
        ],
        "neuron_error": 5.001574754714966e-05,
        "y_ref": 0.06480831652879715,
        "y_mixed": 0.06475830078125,
        "input_storage_error": 0.0015252220910042524,
        "weight_storage_error": 0.0,
        "bias_storage_error": 0.0,
        "accumulation_estimate": 1.1920928955078125e-07,
        "demote_error": 3.0197203159332275e-05,
        "in_features": 1024,
        "neuron_idx": 2586,
        "batch_idx": 9
      },
      {
        "coord": [
          17,
          3716
        ],
        "neuron_error": 4.76837158203125e-05,
        "y_ref": -0.06550407409667969,
        "y_mixed": -0.0655517578125,
        "input_storage_error": 0.0014479300007224083,
        "weight_storage_error": 0.0,
        "bias_storage_error": 0.0,
        "accumulation_estimate": 1.1920928955078125e-07,
        "demote_error": 2.9161572456359863e-05,
        "in_features": 1024,
        "neuron_idx": 3716,
        "batch_idx": 17
      },
      {
        "coord": [
          22,
          3699
        ],
        "neuron_error": 4.766881465911865e-05,
        "y_ref": 0.07282830774784088,
        "y_mixed": 0.0728759765625,
        "input_storage_error": 0.0014733602292835712,
        "weight_storage_error": 0.0,
        "bias_storage_error": 0.0,
        "accumulation_estimate": 1.1920928955078125e-07,
        "demote_error": 2.9832124710083008e-05,
        "in_features": 1024,
        "neuron_idx": 3699,
        "batch_idx": 22
      },
      {
        "coord": [
          8,
          3241
        ],
        "neuron_error": 4.7303736209869385e-05,
        "y_ref": 0.07695160061120987,
        "y_mixed": 0.076904296875,
        "input_storage_error": 0.0014255825662985444,
        "weight_storage_error": 0.0,
        "bias_storage_error": 0.0,
        "accumulation_estimate": 1.1920928955078125e-07,
        "demote_error": 2.958625555038452e-05,
        "in_features": 1024,
        "neuron_idx": 3241,
        "batch_idx": 8
      },
      {
        "coord": [
          12,
          2735
        ],
        "neuron_error": 4.659593105316162e-05,
        "y_ref": 0.06397928297519684,
        "y_mixed": 0.06402587890625,
        "input_storage_error": 0.001483432948589325,
        "weight_storage_error": 0.0,
        "bias_storage_error": 0.0,
        "accumulation_estimate": 1.1920928955078125e-07,
        "demote_error": 2.9869377613067627e-05,
        "in_features": 1024,
        "neuron_idx": 2735,
        "batch_idx": 12
      },
      {
        "coord": [
          30,
          2120
        ],
        "neuron_error": 4.64320182800293e-05,
        "y_ref": 0.06480473279953003,
        "y_mixed": 0.06475830078125,
        "input_storage_error": 0.0014601671136915684,
        "weight_storage_error": 0.0,
        "bias_storage_error": 0.0,
        "accumulation_estimate": 1.1920928955078125e-07,
        "demote_error": 3.0316412448883057e-05,
        "in_features": 1024,
        "neuron_idx": 2120,
        "batch_idx": 30
      },
      {
        "coord": [
          0,
          2577
        ],
        "neuron_error": 4.5552849769592285e-05,
        "y_ref": 0.09333823621273041,
        "y_mixed": 0.0933837890625,
        "input_storage_error": 0.0014872490428388119,
        "weight_storage_error": 0.0,
        "bias_storage_error": 0.0,
        "accumulation_estimate": 1.1920928955078125e-07,
        "demote_error": 2.8178095817565918e-05,
        "in_features": 1024,
        "neuron_idx": 2577,
        "batch_idx": 0
      },
      {
        "coord": [
          29,
          3000
        ],
        "neuron_error": 4.5161694288253784e-05,
        "y_ref": 0.033309321850538254,
        "y_mixed": 0.03326416015625,
        "input_storage_error": 0.0016343953320756555,
        "weight_storage_error": 0.0,
        "bias_storage_error": 0.0,
        "accumulation_estimate": 5.960464477539063e-08,
        "demote_error": 1.5135854482650757e-05,
        "in_features": 1024,
        "neuron_idx": 3000,
        "batch_idx": 29
      }
    ]
  }
}