{
  "detector": {
    "detected_exceeded": false,
    "actual_err": 5.531124770641327e-06,
    "predicted_bound": 3.9618225491722116e-05,
    "elapsed_sec": 2.7133591175079346
  },
  "matrix_info": {
    "input_shape": [
      256,
      1024
    ],
    "weight_shape": [
      1024,
      512
    ],
    "output_shape": [
      256,
      512
    ],
    "accumulation_dim": 1024
  },
  "analyzer_report": {
    "component_estimates": {
      "input_storage_error": 5.531124770641327e-06,
      "weight_storage_error": 5.531124770641327e-06,
      "accumulation_error": 5.531124770641327e-06,
      "demote_error": 3.443565219640732e-05
    },
    "component_ratios": {
      "input_storage_error": 0.10839173601985691,
      "weight_storage_error": 0.10839173601985691,
      "accumulation_error": 0.10839173601985691,
      "demote_error": 0.6748247919404292
    },
    "primary_source": "x_storage",
    "suggestion": "\u4e3b\u8981\u8bef\u5dee\u6765\u6e90\u4e3a\u8f93\u5165\u5b58\u50a8\u7cbe\u5ea6\u3002\u5efa\u8bae\uff1a\u63d0\u5347\u8f93\u5165\u5b58\u50a8\u7cbe\u5ea6\uff1b\u8fdb\u884c\u8f93\u5165\u5f52\u4e00\u5316\u6216\u6743\u91cd\u7f29\u653e\u4ee5\u6539\u5584\u6570\u503c\u8303\u56f4\u3002",
    "numerical_stability": {
      "average_condition_indicator": 3.843823038465112,
      "accumulation_dimension": 1024,
      "stability_assessment": "good"
    },
    "top_elements_summary": [
      {
        "coord": [
          207,
          117
        ],
        "element_error": 5.531124770641327e-06,
        "y_ref": 0.008409691043198109,
        "y_mixed": 0.00841522216796875,
        "x_storage_error": 0.00014443551481235772,
        "w_storage_error": 0.0,
        "accumulation_error_estimate": 1.4901161193847656e-08,
        "demote_error": 3.5818666219711304e-06,
        "condition_indicator": 3.9242415748128416,
        "product_stats": {
          "min": -0.0004016807652078569,
          "max": 0.0007630978361703455,
          "mean": 8.214491572289262e-06,
          "std": 9.891236550174654e-05
        }
      },
      {
        "coord": [
          247,
          164
        ],
        "element_error": 5.054287612438202e-06,
        "y_ref": -0.008860302157700062,
        "y_mixed": -0.0088653564453125,
        "x_storage_error": 0.00014484571875073016,
        "w_storage_error": 0.0,
        "accumulation_error_estimate": 1.4901161193847656e-08,
        "demote_error": 3.5902485251426697e-06,
        "condition_indicator": 3.4887137568834334,
        "product_stats": {
          "min": -0.0006498634465970099,
          "max": 0.0005473977071233094,
          "mean": -8.654065823066048e-06,
          "std": 0.00010006497177528217
        }
      },
      {
        "coord": [
          173,
          87
        ],
        "element_error": 5.052424967288971e-06,
        "y_ref": -0.008341505192220211,
        "y_mixed": -0.0083465576171875,
        "x_storage_error": 0.0001471296709496528,
        "w_storage_error": 0.0,
        "accumulation_error_estimate": 1.4901161193847656e-08,
        "demote_error": 3.550201654434204e-06,
        "condition_indicator": 3.882819689029607,
        "product_stats": {
          "min": -0.000722862605471164,
          "max": 0.0005507374298758805,
          "mean": -8.147467269736808e-06,
          "std": 0.00010095827019540593
        }
      },
      {
        "coord": [
          48,
          325
        ],
        "element_error": 5.017034709453583e-06,
        "y_ref": 0.008562793023884296,
        "y_mixed": 0.00856781005859375,
        "x_storage_error": 0.00014226320490706712,
        "w_storage_error": 0.0,
        "accumulation_error_estimate": 1.4901161193847656e-08,
        "demote_error": 3.4365803003311157e-06,
        "condition_indicator": 3.9265947140007254,
        "product_stats": {
          "min": -0.000473034247988835,
          "max": 0.0005894471541978419,
          "mean": 8.36364779388532e-06,
          "std": 0.00010182020923821256
        }
      },
      {
        "coord": [
          22,
          502
        ],
        "element_error": 4.9872323870658875e-06,
        "y_ref": 0.008158464916050434,
        "y_mixed": 0.0081634521484375,
        "x_storage_error": 0.00014491737238131464,
        "w_storage_error": 0.0,
        "accumulation_error_estimate": 1.4901161193847656e-08,
        "demote_error": 3.8016587495803833e-06,
        "condition_indicator": 3.7907065587030577,
        "product_stats": {
          "min": -0.0005295998998917639,
          "max": 0.0006139327306300402,
          "mean": 7.968408681335859e-06,
          "std": 0.00010333952377550304
        }
      },
      {
        "coord": [
          116,
          109
        ],
        "element_error": 4.954636096954346e-06,
        "y_ref": 0.008669666945934296,
        "y_mixed": 0.00867462158203125,
        "x_storage_error": 0.00014822797675151378,
        "w_storage_error": 0.0,
        "accumulation_error_estimate": 1.4901161193847656e-08,
        "demote_error": 3.5855919122695923e-06,
        "condition_indicator": 3.509637342958871,
        "product_stats": {
          "min": -0.0004975763731636107,
          "max": 0.0005557011463679373,
          "mean": 8.467806765111163e-06,
          "std": 0.00010457857570145279
        }
      },
      {
        "coord": [
          203,
          210
        ],
        "element_error": 4.948116838932037e-06,
        "y_ref": 0.010579288937151432,
        "y_mixed": 0.0105743408203125,
        "x_storage_error": 0.0001464850065531209,
        "w_storage_error": 0.0,
        "accumulation_error_estimate": 1.4901161193847656e-08,
        "demote_error": 3.2829120755195618e-06,
        "condition_indicator": 4.704789929804817,
        "product_stats": {
          "min": -0.00042788952123373747,
          "max": 0.000599052116740495,
          "mean": 1.032970794767607e-05,
          "std": 0.00010041285713668913
        }
      },
      {
        "coord": [
          27,
          494
        ],
        "element_error": 4.818663001060486e-06,
        "y_ref": -0.00784582830965519,
        "y_mixed": -0.00785064697265625,
        "x_storage_error": 0.0001425586815457791,
        "w_storage_error": 0.0,
        "accumulation_error_estimate": 1.4901161193847656e-08,
        "demote_error": 3.069639205932617e-06,
        "condition_indicator": 4.227840812464499,
        "product_stats": {
          "min": -0.0006547546363435686,
          "max": 0.0005324023659341037,
          "mean": -7.663651558686979e-06,
          "std": 0.00010036451567430049
        }
      },
      {
        "coord": [
          244,
          205
        ],
        "element_error": 4.801899194717407e-06,
        "y_ref": 0.010296855121850967,
        "y_mixed": 0.01029205322265625,
        "x_storage_error": 0.00015140167670324445,
        "w_storage_error": 0.0,
        "accumulation_error_estimate": 1.4901161193847656e-08,
        "demote_error": 3.7318095564842224e-06,
        "condition_indicator": 3.5815252010188177,
        "product_stats": {
          "min": -0.00042182407923974097,
          "max": 0.0009713034960441291,
          "mean": 1.0054476661025546e-05,
          "std": 0.00010880242916755378
        }
      },
      {
        "coord": [
          12,
          356
        ],
        "element_error": 4.775822162628174e-06,
        "y_ref": -0.008433334529399872,
        "y_mixed": -0.0084381103515625,
        "x_storage_error": 0.0001522892853245139,
        "w_storage_error": 0.0,
        "accumulation_error_estimate": 1.4901161193847656e-08,
        "demote_error": 3.6796554923057556e-06,
        "condition_indicator": 3.401360804974443,
        "product_stats": {
          "min": -0.00046545988880097866,
          "max": 0.00046755498624406755,
          "mean": -8.236748726631049e-06,
          "std": 0.00010363240289734676
        }
      }
    ]
  }
}