{
  "detector": {
    "detected_exceeded": false,
    "actual_err": 2.980215185743873e-08,
    "predicted_bound": 3.3601830364204946e-05,
    "elapsed_sec": 2.3161113262176514
  },
  "analyzer_report": {
    "component_estimates": {
      "input_storage_error": 2.980215185743873e-08,
      "output_storage_error": 3.054275657632388e-05
    },
    "component_ratios": {
      "input_storage_error": 0.0009748007068171091,
      "output_storage_error": 0.9990251992931829
    },
    "primary_source": "storage",
    "suggestion": "\u4e3b\u8981\u8bef\u5dee\u6765\u6e90\u4e3a\u8f93\u5165\u5b58\u50a8\u7cbe\u5ea6\u3002\u5efa\u8bae\uff1a\u63d0\u5347\u8f93\u5165\u5b58\u50a8\u7cbe\u5ea6\u6216\u8fdb\u884c\u8f93\u5165\u5f52\u4e00\u5316\uff0c\u7279\u522b\u6ce8\u610f\u63a5\u8fd1\u96f6\u7684\u503c\u3002 \u68c0\u6d4b\u5230\u63a5\u8fd1\u96f6\u7684\u8f93\u5165\u503c\uff0c\u8fd9\u4e9b\u5728ReLU\u4e2d\u6700\u5bb9\u6613\u4ea7\u751f\u7cbe\u5ea6\u8bef\u5dee\u3002\u8003\u8651\u6dfb\u52a0\u5c0f\u7684\u504f\u7f6e\u6216\u4f7f\u7528Leaky ReLU\u3002",
    "relu_behavior_stats": {
      "near_zero": 10
    },
    "top_elements_summary": [
      {
        "coord": [
          0,
          196,
          18,
          2
        ],
        "element_error": 2.980215185743873e-08,
        "x_original": 8.0466287499803e-07,
        "y_ref": 8.0466287499803e-07,
        "y_mixed": 8.344650268554688e-07,
        "relu_behavior": "near_zero",
        "storage_error": 2.980215185743873e-08,
        "demote_error": 0.0
      },
      {
        "coord": [
          0,
          0,
          29,
          2
        ],
        "element_error": 2.9801896062053856e-08,
        "x_original": 3.27825119939007e-07,
        "y_ref": 3.27825119939007e-07,
        "y_mixed": 2.980232238769531e-07,
        "relu_behavior": "near_zero",
        "storage_error": 2.9801896062053856e-08,
        "demote_error": 0.0
      },
      {
        "coord": [
          0,
          116,
          1,
          24
        ],
        "element_error": 2.9801725531797274e-08,
        "x_original": 2.0861565985796915e-07,
        "y_ref": 2.0861565985796915e-07,
        "y_mixed": 1.7881393432617188e-07,
        "relu_behavior": "near_zero",
        "storage_error": 2.9801725531797274e-08,
        "demote_error": 0.0
      },
      {
        "coord": [
          0,
          44,
          8,
          20
        ],
        "element_error": 2.9801640266668983e-08,
        "x_original": 6.854540970380185e-07,
        "y_ref": 6.854540970380185e-07,
        "y_mixed": 7.152557373046875e-07,
        "relu_behavior": "near_zero",
        "storage_error": 2.9801640266668983e-08,
        "demote_error": 0.0
      },
      {
        "coord": [
          0,
          173,
          2,
          28
        ],
        "element_error": 2.980078761538607e-08,
        "x_original": 8.046611696954642e-07,
        "y_ref": 8.046611696954642e-07,
        "y_mixed": 7.748603820800781e-07,
        "relu_behavior": "near_zero",
        "storage_error": 2.980078761538607e-08,
        "demote_error": 0.0
      },
      {
        "coord": [
          0,
          254,
          9,
          18
        ],
        "element_error": 2.980073077196721e-08,
        "x_original": 6.854550065327203e-07,
        "y_ref": 6.854550065327203e-07,
        "y_mixed": 7.152557373046875e-07,
        "relu_behavior": "near_zero",
        "storage_error": 2.980073077196721e-08,
        "demote_error": 0.0
      },
      {
        "coord": [
          0,
          33,
          0,
          24
        ],
        "element_error": 2.980073077196721e-08,
        "x_original": 9.238735856342828e-07,
        "y_ref": 9.238735856342828e-07,
        "y_mixed": 9.5367431640625e-07,
        "relu_behavior": "near_zero",
        "storage_error": 2.980073077196721e-08,
        "demote_error": 0.0
      },
      {
        "coord": [
          0,
          211,
          18,
          5
        ],
        "element_error": 2.9800361289744615e-08,
        "x_original": 2.086142956159165e-07,
        "y_ref": 2.086142956159165e-07,
        "y_mixed": 1.7881393432617188e-07,
        "relu_behavior": "near_zero",
        "storage_error": 2.9800361289744615e-08,
        "demote_error": 0.0
      },
      {
        "coord": [
          0,
          122,
          24,
          13
        ],
        "element_error": 2.9800116152500777e-08,
        "x_original": 2.980452862288985e-08,
        "y_ref": 2.980452862288985e-08,
        "y_mixed": 5.960464477539063e-08,
        "relu_behavior": "near_zero",
        "storage_error": 2.9800116152500777e-08,
        "demote_error": 0.0
      },
      {
        "coord": [
          0,
          221,
          29,
          22
        ],
        "element_error": 2.979999180752202e-08,
        "x_original": 3.2782321568447514e-07,
        "y_ref": 3.2782321568447514e-07,
        "y_mixed": 2.980232238769531e-07,
        "relu_behavior": "near_zero",
        "storage_error": 2.979999180752202e-08,
        "demote_error": 0.0
      }
    ]
  }
}