{
  "detector": {
    "detected_exceeded": false,
    "actual_err": 5.3960829973220825e-06,
    "predicted_bound": 3.9302417280850936e-05,
    "elapsed_sec": 2.6739776134490967
  },
  "matrix_info": {
    "input_shape": [
      256,
      1024
    ],
    "weight_shape": [
      1024,
      512
    ],
    "output_shape": [
      256,
      512
    ],
    "accumulation_dim": 1024
  },
  "analyzer_report": {
    "component_estimates": {
      "input_storage_error": 5.3960829973220825e-06,
      "weight_storage_error": 5.3960829973220825e-06,
      "accumulation_error": 5.3960829973220825e-06,
      "demote_error": 3.44766303896904e-05
    },
    "component_ratios": {
      "input_storage_error": 0.10650539512141322,
      "weight_storage_error": 0.10650539512141322,
      "accumulation_error": 0.10650539512141322,
      "demote_error": 0.6804838146357604
    },
    "primary_source": "x_storage",
    "suggestion": "\u4e3b\u8981\u8bef\u5dee\u6765\u6e90\u4e3a\u8f93\u5165\u5b58\u50a8\u7cbe\u5ea6\u3002\u5efa\u8bae\uff1a\u63d0\u5347\u8f93\u5165\u5b58\u50a8\u7cbe\u5ea6\uff1b\u8fdb\u884c\u8f93\u5165\u5f52\u4e00\u5316\u6216\u6743\u91cd\u7f29\u653e\u4ee5\u6539\u5584\u6570\u503c\u8303\u56f4\u3002",
    "numerical_stability": {
      "average_condition_indicator": 3.9457076067255543,
      "accumulation_dimension": 1024,
      "stability_assessment": "good"
    },
    "top_elements_summary": [
      {
        "coord": [
          183,
          46
        ],
        "element_error": 5.3960829973220825e-06,
        "y_ref": 0.009549768641591072,
        "y_mixed": 0.00954437255859375,
        "x_storage_error": 0.0001464799279347062,
        "w_storage_error": 0.0,
        "accumulation_error_estimate": 1.4901161193847656e-08,
        "demote_error": 3.7439167499542236e-06,
        "condition_indicator": 3.5870168355918075,
        "product_stats": {
          "min": -0.000622532912530005,
          "max": 0.0006454247632063925,
          "mean": 9.324332495452836e-06,
          "std": 0.00010413513518869877
        }
      },
      {
        "coord": [
          66,
          10
        ],
        "element_error": 5.356967449188232e-06,
        "y_ref": -0.008051283657550812,
        "y_mixed": -0.008056640625,
        "x_storage_error": 0.00014484151324722916,
        "w_storage_error": 0.0,
        "accumulation_error_estimate": 1.4901161193847656e-08,
        "demote_error": 3.7401914596557617e-06,
        "condition_indicator": 4.445727478768272,
        "product_stats": {
          "min": -0.0007465356611646712,
          "max": 0.00039471767377108335,
          "mean": -7.864158760639839e-06,
          "std": 9.738918743096292e-05
        }
      },
      {
        "coord": [
          213,
          314
        ],
        "element_error": 5.220063030719757e-06,
        "y_ref": 0.01141116488724947,
        "y_mixed": 0.01140594482421875,
        "x_storage_error": 0.0001478776684962213,
        "w_storage_error": 0.0,
        "accumulation_error_estimate": 1.4901161193847656e-08,
        "demote_error": 3.769993782043457e-06,
        "condition_indicator": 3.9687929448577703,
        "product_stats": {
          "min": -0.0004568850272335112,
          "max": 0.0005695098079741001,
          "mean": 1.11422996269539e-05,
          "std": 9.978113666875288e-05
        }
      },
      {
        "coord": [
          37,
          169
        ],
        "element_error": 5.120411515235901e-06,
        "y_ref": -0.008885735645890236,
        "y_mixed": -0.008880615234375,
        "x_storage_error": 0.00014723384811077267,
        "w_storage_error": 0.0,
        "accumulation_error_estimate": 1.4901161193847656e-08,
        "demote_error": 3.6964192986488342e-06,
        "condition_indicator": 3.7291640610681482,
        "product_stats": {
          "min": -0.0004389045643620193,
          "max": 0.00075275864219293,
          "mean": -8.676086508785374e-06,
          "std": 9.834628144744784e-05
        }
      },
      {
        "coord": [
          247,
          0
        ],
        "element_error": 5.056150257587433e-06,
        "y_ref": 0.009244252927601337,
        "y_mixed": 0.00923919677734375,
        "x_storage_error": 0.00015216978499665856,
        "w_storage_error": 0.0,
        "accumulation_error_estimate": 1.4901161193847656e-08,
        "demote_error": 3.7010759115219116e-06,
        "condition_indicator": 4.751148596204725,
        "product_stats": {
          "min": -0.0005347796250134706,
          "max": 0.00048276473535224795,
          "mean": 9.026269253809005e-06,
          "std": 9.429019701201469e-05
        }
      },
      {
        "coord": [
          97,
          428
        ],
        "element_error": 5.035661160945892e-06,
        "y_ref": -0.009783477522432804,
        "y_mixed": -0.00978851318359375,
        "x_storage_error": 0.00014404774992726743,
        "w_storage_error": 0.0,
        "accumulation_error_estimate": 1.4901161193847656e-08,
        "demote_error": 3.5241246223449707e-06,
        "condition_indicator": 3.5636202340004917,
        "product_stats": {
          "min": -0.000562202709261328,
          "max": 0.0005952513893134892,
          "mean": -9.555653377901763e-06,
          "std": 0.00010378089064033702
        }
      },
      {
        "coord": [
          243,
          213
        ],
        "element_error": 5.035661160945892e-06,
        "y_ref": 0.007954864762723446,
        "y_mixed": 0.0079498291015625,
        "x_storage_error": 0.00014554357039742172,
        "w_storage_error": 0.0,
        "accumulation_error_estimate": 1.4901161193847656e-08,
        "demote_error": 3.6517158150672913e-06,
        "condition_indicator": 3.2877148295458247,
        "product_stats": {
          "min": -0.00046845650649629533,
          "max": 0.0008436383795924485,
          "mean": 7.76707111072028e-06,
          "std": 0.00010706886678235605
        }
      },
      {
        "coord": [
          202,
          344
        ],
        "element_error": 5.022622644901276e-06,
        "y_ref": -0.007860883139073849,
        "y_mixed": -0.00786590576171875,
        "x_storage_error": 0.0001508408022345975,
        "w_storage_error": 0.0,
        "accumulation_error_estimate": 1.4901161193847656e-08,
        "demote_error": 3.1832605600357056e-06,
        "condition_indicator": 3.2608793886885388,
        "product_stats": {
          "min": -0.00040514295687898993,
          "max": 0.0004622885608114302,
          "mean": -7.678439033043105e-06,
          "std": 9.842721919994801e-05
        }
      },
      {
        "coord": [
          84,
          353
        ],
        "element_error": 5.022622644901276e-06,
        "y_ref": 0.009564653970301151,
        "y_mixed": 0.00955963134765625,
        "x_storage_error": 0.00014989759074524045,
        "w_storage_error": 0.0,
        "accumulation_error_estimate": 1.4901161193847656e-08,
        "demote_error": 3.281049430370331e-06,
        "condition_indicator": 5.339901796061925,
        "product_stats": {
          "min": -0.0005288736429065466,
          "max": 0.000979863340035081,
          "mean": 9.338780728285201e-06,
          "std": 0.00010922174260485917
        }
      },
      {
        "coord": [
          51,
          144
        ],
        "element_error": 4.939734935760498e-06,
        "y_ref": -0.00792200118303299,
        "y_mixed": -0.00792694091796875,
        "x_storage_error": 0.0001487310219090432,
        "w_storage_error": 0.0,
        "accumulation_error_estimate": 1.4901161193847656e-08,
        "demote_error": 3.3294782042503357e-06,
        "condition_indicator": 3.523109902468038,
        "product_stats": {
          "min": -0.0006180757191032171,
          "max": 0.00043465656926855445,
          "mean": -7.73790179664502e-06,
          "std": 0.00010134912008652464
        }
      }
    ]
  }
}