{
  "detector": {
    "detected_exceeded": false,
    "actual_err": 5.868077278137207e-05,
    "predicted_bound": 0.00013643378915730866,
    "elapsed_sec": 4.043612718582153
  },
  "meta": {
    "distribution": "adversarial_sum",
    "bias": true,
    "batch_size": 32,
    "in_features": 1024,
    "out_features": 4096
  },
  "analyzer_report": {
    "component_estimates": {
      "input_storage_error": 5.868077278137207e-05,
      "weight_storage_error": 5.868077278137207e-05,
      "accumulation_error": 5.868077278137207e-05,
      "output_storage_error": 0.00010818243026733398,
      "bias_storage_error": 5.868077278137207e-05
    },
    "component_ratios": {
      "input_storage_error": 0.1711281070745698,
      "weight_storage_error": 0.1711281070745698,
      "accumulation_error": 0.1711281070745698,
      "output_storage_error": 0.3154875717017208,
      "bias_storage_error": 0.1711281070745698
    },
    "primary_source": "input_storage",
    "suggestion": "\u4e3b\u8981\u8bef\u5dee\u6765\u6e90\u4e3a\u8f93\u5165\u5b58\u50a8\u7cbe\u5ea6\u3002\u5efa\u8bae\uff1a\u63d0\u5347\u8f93\u5165\u5b58\u50a8\u7cbe\u5ea6\u6216\u8fdb\u884c\u8f93\u5165\u5f52\u4e00\u5316/\u6807\u51c6\u5316\u4ee5\u964d\u4f4e\u6570\u503c\u8303\u56f4\u3002",
    "aggregated_ratios": {
      "input_storage": 0.9720240961601843,
      "weight_storage": 0.0,
      "bias_storage": 0.0,
      "accumulation": 0.00012716094144267362,
      "demote": 0.027848742898373035
    },
    "top_neurons_summary": [
      {
        "coord": [
          22,
          3700
        ],
        "neuron_error": 5.868077278137207e-05,
        "y_ref": -0.13507315516471863,
        "y_mixed": -0.1351318359375,
        "input_storage_error": 0.0013858326710760593,
        "weight_storage_error": 0.0,
        "bias_storage_error": 0.0,
        "accumulation_estimate": 2.384185791015625e-07,
        "demote_error": 5.5789947509765625e-05,
        "in_features": 1024,
        "neuron_idx": 3700,
        "batch_idx": 22
      },
      {
        "coord": [
          0,
          1530
        ],
        "neuron_error": 5.601346492767334e-05,
        "y_ref": 0.12932847440242767,
        "y_mixed": 0.1292724609375,
        "input_storage_error": 0.0014626934425905347,
        "weight_storage_error": 0.0,
        "bias_storage_error": 0.0,
        "accumulation_estimate": 2.384185791015625e-07,
        "demote_error": 4.413723945617676e-05,
        "in_features": 1024,
        "neuron_idx": 1530,
        "batch_idx": 0
      },
      {
        "coord": [
          29,
          3146
        ],
        "neuron_error": 5.5477023124694824e-05,
        "y_ref": -0.1318914145231247,
        "y_mixed": -0.1318359375,
        "input_storage_error": 0.0014942747075110674,
        "weight_storage_error": 0.0,
        "bias_storage_error": 0.0,
        "accumulation_estimate": 2.384185791015625e-07,
        "demote_error": 5.410611629486084e-05,
        "in_features": 1024,
        "neuron_idx": 3146,
        "batch_idx": 29
      },
      {
        "coord": [
          20,
          373
        ],
        "neuron_error": 5.367398262023926e-05,
        "y_ref": 0.13886234164237976,
        "y_mixed": 0.138916015625,
        "input_storage_error": 0.001452958444133401,
        "weight_storage_error": 0.0,
        "bias_storage_error": 0.0,
        "accumulation_estimate": 2.384185791015625e-07,
        "demote_error": 5.0961971282958984e-05,
        "in_features": 1024,
        "neuron_idx": 373,
        "batch_idx": 20
      },
      {
        "coord": [
          6,
          1475
        ],
        "neuron_error": 5.21540641784668e-05,
        "y_ref": -0.14325839281082153,
        "y_mixed": -0.143310546875,
        "input_storage_error": 0.0014022919349372387,
        "weight_storage_error": 0.0,
        "bias_storage_error": 0.0,
        "accumulation_estimate": 2.384185791015625e-07,
        "demote_error": 4.762411117553711e-05,
        "in_features": 1024,
        "neuron_idx": 1475,
        "batch_idx": 6
      },
      {
        "coord": [
          8,
          964
        ],
        "neuron_error": 5.1662325859069824e-05,
        "y_ref": -0.12641318142414093,
        "y_mixed": -0.12646484375,
        "input_storage_error": 0.0014649003278464079,
        "weight_storage_error": 0.0,
        "bias_storage_error": 0.0,
        "accumulation_estimate": 2.384185791015625e-07,
        "demote_error": 5.117058753967285e-05,
        "in_features": 1024,
        "neuron_idx": 964,
        "batch_idx": 8
      },
      {
        "coord": [
          29,
          2401
        ],
        "neuron_error": 4.9017369747161865e-05,
        "y_ref": 0.06672344356775284,
        "y_mixed": 0.0667724609375,
        "input_storage_error": 0.0014942747075110674,
        "weight_storage_error": 0.0,
        "bias_storage_error": 0.0,
        "accumulation_estimate": 1.1920928955078125e-07,
        "demote_error": 2.9414892196655273e-05,
        "in_features": 1024,
        "neuron_idx": 2401,
        "batch_idx": 29
      },
      {
        "coord": [
          0,
          2263
        ],
        "neuron_error": 4.8063695430755615e-05,
        "y_ref": -0.11247482150793076,
        "y_mixed": -0.1124267578125,
        "input_storage_error": 0.0014626934425905347,
        "weight_storage_error": 0.0,
        "bias_storage_error": 0.0,
        "accumulation_estimate": 1.1920928955078125e-07,
        "demote_error": 2.8215348720550537e-05,
        "in_features": 1024,
        "neuron_idx": 2263,
        "batch_idx": 0
      },
      {
        "coord": [
          31,
          2524
        ],
        "neuron_error": 4.7832727432250977e-05,
        "y_ref": -0.08564552664756775,
        "y_mixed": -0.085693359375,
        "input_storage_error": 0.001402809633873403,
        "weight_storage_error": 0.0,
        "bias_storage_error": 0.0,
        "accumulation_estimate": 1.1920928955078125e-07,
        "demote_error": 2.590566873550415e-05,
        "in_features": 1024,
        "neuron_idx": 2524,
        "batch_idx": 31
      },
      {
        "coord": [
          14,
          905
        ],
        "neuron_error": 4.7750771045684814e-05,
        "y_ref": 0.07280165702104568,
        "y_mixed": 0.07275390625,
        "input_storage_error": 0.0015571315307170153,
        "weight_storage_error": 0.0,
        "bias_storage_error": 0.0,
        "accumulation_estimate": 1.1920928955078125e-07,
        "demote_error": 3.0390918254852295e-05,
        "in_features": 1024,
        "neuron_idx": 905,
        "batch_idx": 14
      }
    ]
  }
}