{
  "detector": {
    "detected_exceeded": false,
    "actual_err": 5.466863512992859e-06,
    "predicted_bound": 3.9450467011192816e-05,
    "elapsed_sec": 2.5796566009521484
  },
  "matrix_info": {
    "input_shape": [
      256,
      1024
    ],
    "weight_shape": [
      1024,
      512
    ],
    "output_shape": [
      256,
      512
    ],
    "accumulation_dim": 1024
  },
  "analyzer_report": {
    "component_estimates": {
      "input_storage_error": 5.466863512992859e-06,
      "weight_storage_error": 5.466863512992859e-06,
      "accumulation_error": 5.466863512992859e-06,
      "demote_error": 3.4399330615997314e-05
    },
    "component_ratios": {
      "input_storage_error": 0.10761559051076156,
      "weight_storage_error": 0.10761559051076156,
      "accumulation_error": 0.10761559051076156,
      "demote_error": 0.6771532284677153
    },
    "primary_source": "x_storage",
    "suggestion": "\u4e3b\u8981\u8bef\u5dee\u6765\u6e90\u4e3a\u8f93\u5165\u5b58\u50a8\u7cbe\u5ea6\u3002\u5efa\u8bae\uff1a\u63d0\u5347\u8f93\u5165\u5b58\u50a8\u7cbe\u5ea6\uff1b\u8fdb\u884c\u8f93\u5165\u5f52\u4e00\u5316\u6216\u6743\u91cd\u7f29\u653e\u4ee5\u6539\u5584\u6570\u503c\u8303\u56f4\u3002",
    "numerical_stability": {
      "average_condition_indicator": 3.574032093447022,
      "accumulation_dimension": 1024,
      "stability_assessment": "good"
    },
    "top_elements_summary": [
      {
        "coord": [
          23,
          430
        ],
        "element_error": 5.466863512992859e-06,
        "y_ref": 0.009088771417737007,
        "y_mixed": 0.00909423828125,
        "x_storage_error": 0.0001436866878066212,
        "w_storage_error": 0.0,
        "accumulation_error_estimate": 1.4901161193847656e-08,
        "demote_error": 3.798864781856537e-06,
        "condition_indicator": 3.046288394955218,
        "product_stats": {
          "min": -0.0006978593883104622,
          "max": 0.0006307373405434191,
          "mean": 8.877383152139373e-06,
          "std": 0.0001076447733794339
        }
      },
      {
        "coord": [
          124,
          295
        ],
        "element_error": 5.448237061500549e-06,
        "y_ref": 0.00872584618628025,
        "y_mixed": 0.00872039794921875,
        "x_storage_error": 0.00014528109750244766,
        "w_storage_error": 0.0,
        "accumulation_error_estimate": 1.4901161193847656e-08,
        "demote_error": 3.5157427191734314e-06,
        "condition_indicator": 3.6992850776831596,
        "product_stats": {
          "min": -0.0007657999522052705,
          "max": 0.0006457315175794065,
          "mean": 8.51944787427783e-06,
          "std": 0.00010384987399447709
        }
      },
      {
        "coord": [
          71,
          340
        ],
        "element_error": 5.1371753215789795e-06,
        "y_ref": 0.009641062468290329,
        "y_mixed": 0.00963592529296875,
        "x_storage_error": 0.00014437956269830465,
        "w_storage_error": 0.0,
        "accumulation_error_estimate": 1.4901161193847656e-08,
        "demote_error": 3.21120023727417e-06,
        "condition_indicator": 3.5340555556467996,
        "product_stats": {
          "min": -0.00044705052278004587,
          "max": 0.0005913355853408575,
          "mean": 9.413221960130613e-06,
          "std": 0.00010125997505383566
        }
      },
      {
        "coord": [
          118,
          494
        ],
        "element_error": 5.087815225124359e-06,
        "y_ref": 0.007929482497274876,
        "y_mixed": 0.0079345703125,
        "x_storage_error": 0.00014204892795532942,
        "w_storage_error": 0.0,
        "accumulation_error_estimate": 1.4901161193847656e-08,
        "demote_error": 3.6712735891342163e-06,
        "condition_indicator": 3.642208969145972,
        "product_stats": {
          "min": -0.0005448769661597908,
          "max": 0.0007001510821282864,
          "mean": 7.7450222306652e-06,
          "std": 0.0001006176316877827
        }
      },
      {
        "coord": [
          211,
          266
        ],
        "element_error": 5.077570676803589e-06,
        "y_ref": 0.007990527898073196,
        "y_mixed": 0.00799560546875,
        "x_storage_error": 0.00014697297592647374,
        "w_storage_error": 0.0,
        "accumulation_error_estimate": 1.4901161193847656e-08,
        "demote_error": 3.7550926208496094e-06,
        "condition_indicator": 3.762347675834629,
        "product_stats": {
          "min": -0.0006470518419519067,
          "max": 0.0005744501831941307,
          "mean": 7.804543201928027e-06,
          "std": 0.00010142983956029639
        }
      },
      {
        "coord": [
          24,
          150
        ],
        "element_error": 5.070120096206665e-06,
        "y_ref": -0.010332759469747543,
        "y_mixed": -0.01033782958984375,
        "x_storage_error": 0.000143690180266276,
        "w_storage_error": 0.0,
        "accumulation_error_estimate": 1.4901161193847656e-08,
        "demote_error": 3.812834620475769e-06,
        "condition_indicator": 3.3967598308349554,
        "product_stats": {
          "min": -0.0005536412936635315,
          "max": 0.000556231418158859,
          "mean": -1.0091813237522729e-05,
          "std": 0.0001005167214316316
        }
      },
      {
        "coord": [
          122,
          347
        ],
        "element_error": 4.955567419528961e-06,
        "y_ref": -0.009968944825232029,
        "y_mixed": -0.0099639892578125,
        "x_storage_error": 0.0001461306819692254,
        "w_storage_error": 0.0,
        "accumulation_error_estimate": 1.4901161193847656e-08,
        "demote_error": 3.5408884286880493e-06,
        "condition_indicator": 3.645762862099323,
        "product_stats": {
          "min": -0.0005209046648815274,
          "max": 0.0004791158717125654,
          "mean": -9.733912520459853e-06,
          "std": 9.834778757067397e-05
        }
      },
      {
        "coord": [
          200,
          383
        ],
        "element_error": 4.9406662583351135e-06,
        "y_ref": 0.008265323005616665,
        "y_mixed": 0.008270263671875,
        "x_storage_error": 0.0001418015599483624,
        "w_storage_error": 0.0,
        "accumulation_error_estimate": 1.4901161193847656e-08,
        "demote_error": 3.6284327507019043e-06,
        "condition_indicator": 3.1700602430672955,
        "product_stats": {
          "min": -0.0007348564686253667,
          "max": 0.00048450316535308957,
          "mean": 8.072885975707322e-06,
          "std": 0.00010271179053233936
        }
      },
      {
        "coord": [
          44,
          18
        ],
        "element_error": 4.861503839492798e-06,
        "y_ref": -0.009837057441473007,
        "y_mixed": -0.0098419189453125,
        "x_storage_error": 0.00013860774924978614,
        "w_storage_error": 0.0,
        "accumulation_error_estimate": 1.4901161193847656e-08,
        "demote_error": 3.7904828786849976e-06,
        "condition_indicator": 3.9142220380172565,
        "product_stats": {
          "min": -0.0005748968687839806,
          "max": 0.00044976387289352715,
          "mean": -9.607547326595522e-06,
          "std": 9.279570076614618e-05
        }
      },
      {
        "coord": [
          5,
          395
        ],
        "element_error": 4.829838871955872e-06,
        "y_ref": -0.009425101801753044,
        "y_mixed": -0.009429931640625,
        "x_storage_error": 0.00014023910625837743,
        "w_storage_error": 0.0,
        "accumulation_error_estimate": 1.4901161193847656e-08,
        "demote_error": 3.602355718612671e-06,
        "condition_indicator": 3.929330287185605,
        "product_stats": {
          "min": -0.0006071097450330853,
          "max": 0.0003894300025422126,
          "mean": -9.205400601786096e-06,
          "std": 0.00010073809244204313
        }
      }
    ]
  }
}