{
  "detector": {
    "detected_exceeded": false,
    "actual_err": 0.0016193985939025879,
    "predicted_bound": 0.002215903997421265,
    "elapsed_sec": 2.4562957286834717
  },
  "analyzer_report": {
    "component_estimates": {
      "input_storage_error": 0.0016193985939025879,
      "max_subtraction_error": 0.0016193985939025879,
      "exponential_error": 0.0016193985939025879,
      "sum_accumulation_error": 0.0016193985939025879,
      "output_storage_error": 0.0016193985939025879
    },
    "component_ratios": {
      "input_storage_error": 0.2,
      "max_subtraction_error": 0.2,
      "exponential_error": 0.2,
      "sum_accumulation_error": 0.2,
      "output_storage_error": 0.2
    },
    "primary_source": "storage",
    "suggestion": "\u5206\u6790\u7ed3\u679c\u4e0d\u660e\u786e\uff1b\u8bf7\u68c0\u67e5\u8f93\u5165\u5206\u5e03\u6216\u589e\u52a0MC\u91c7\u6837\u3002 \u68c0\u6d4b\u5230\u6781\u5c0f\u7684exp\u503c\uff0c\u53ef\u80fd\u5bfc\u81f4\u4e0b\u6ea2\u548c\u7cbe\u5ea6\u635f\u5931\u3002 100.0%\u7684top\u8bef\u5dee\u6765\u81eamax logit\u4f4d\u7f6e\uff0c\u8fd9\u901a\u5e38\u5bf9softmax\u8f93\u51fa\u5f71\u54cd\u6700\u5927\u3002",
    "input_stats": {
      "min": -16.262588500976562,
      "max": 28.643367767333984,
      "mean": 1.009989857673645,
      "std": 6.173853397369385,
      "range": 44.90595626831055
    },
    "stability_stats": {
      "max_shifted_logit": 0.0,
      "min_shifted_logit": -44.55658721923828,
      "max_exp_val": 1.0,
      "min_exp_val": 4.459847670156218e-20,
      "exp_sum_max": 2.8166091442108154,
      "exp_sum_min": 1.067794919013977
    },
    "max_logit_error_ratio": 1.0,
    "top_elements_summary": [
      {
        "coord": [
          7,
          385
        ],
        "element_error": 0.0016193985939025879,
        "x_original": 24.888545989990234,
        "y_ref": 0.5320720076560974,
        "y_mixed": 0.53369140625,
        "storage_error": 0.002079010009765625,
        "demote_error": 0.0002307295799255371,
        "logit_analysis": {
          "softmax_position": 385,
          "softmax_dim_size": 512,
          "is_max_logit": true,
          "distance_from_max": 0.0
        }
      },
      {
        "coord": [
          1,
          235
        ],
        "element_error": 0.001526176929473877,
        "x_original": 24.043588638305664,
        "y_ref": 0.7362667918205261,
        "y_mixed": 0.73779296875,
        "storage_error": 0.0032863616943359375,
        "demote_error": 1.919269561767578e-05,
        "logit_analysis": {
          "softmax_position": 235,
          "softmax_dim_size": 512,
          "is_max_logit": true,
          "distance_from_max": 0.0
        }
      },
      {
        "coord": [
          2,
          306
        ],
        "element_error": 0.0014084577560424805,
        "x_original": 21.352184295654297,
        "y_ref": 0.3550368547439575,
        "y_mixed": 0.3564453125,
        "storage_error": 0.007190704345703125,
        "demote_error": 4.3511390686035156e-05,
        "logit_analysis": {
          "softmax_position": 306,
          "softmax_dim_size": 512,
          "is_max_logit": true,
          "distance_from_max": 0.0
        }
      },
      {
        "coord": [
          1,
          295
        ],
        "element_error": 0.001033872365951538,
        "x_original": 22.552215576171875,
        "y_ref": 0.16570672392845154,
        "y_mixed": 0.1646728515625,
        "storage_error": 0.005340576171875,
        "demote_error": 4.470348358154297e-05,
        "logit_analysis": {
          "softmax_position": 295,
          "softmax_dim_size": 512,
          "is_max_logit": true,
          "distance_from_max": 0.0
        }
      },
      {
        "coord": [
          7,
          394
        ],
        "element_error": 0.0009923279285430908,
        "x_original": 24.2536678314209,
        "y_ref": 0.2819981873035431,
        "y_mixed": 0.281005859375,
        "storage_error": 0.0036678314208984375,
        "demote_error": 0.00010818243026733398,
        "logit_analysis": {
          "softmax_position": 394,
          "softmax_dim_size": 512,
          "is_max_logit": true,
          "distance_from_max": 0.0
        }
      },
      {
        "coord": [
          5,
          184
        ],
        "element_error": 0.000807642936706543,
        "x_original": 24.70656967163086,
        "y_ref": 0.25813186168670654,
        "y_mixed": 0.25732421875,
        "storage_error": 0.003444671630859375,
        "demote_error": 9.34898853302002e-05,
        "logit_analysis": {
          "softmax_position": 184,
          "softmax_dim_size": 512,
          "is_max_logit": true,
          "distance_from_max": 0.0
        }
      },
      {
        "coord": [
          2,
          465
        ],
        "element_error": 0.0007877647876739502,
        "x_original": 19.927818298339844,
        "y_ref": 0.08544352650642395,
        "y_mixed": 0.08465576171875,
        "storage_error": 0.00594329833984375,
        "demote_error": 1.7754733562469482e-05,
        "logit_analysis": {
          "softmax_position": 465,
          "softmax_dim_size": 512,
          "is_max_logit": true,
          "distance_from_max": 0.0
        }
      },
      {
        "coord": [
          5,
          458
        ],
        "element_error": 0.0007215142250061035,
        "x_original": 25.436134338378906,
        "y_ref": 0.5354112982749939,
        "y_mixed": 0.5361328125,
        "storage_error": 0.00136566162109375,
        "demote_error": 1.7940998077392578e-05,
        "logit_analysis": {
          "softmax_position": 458,
          "softmax_dim_size": 512,
          "is_max_logit": true,
          "distance_from_max": 0.0
        }
      },
      {
        "coord": [
          7,
          161
        ],
        "element_error": 0.0007203817367553711,
        "x_original": 23.506114959716797,
        "y_ref": 0.13353288173675537,
        "y_mixed": 0.1328125,
        "storage_error": 0.006114959716796875,
        "demote_error": 2.3633241653442383e-05,
        "logit_analysis": {
          "softmax_position": 161,
          "softmax_dim_size": 512,
          "is_max_logit": true,
          "distance_from_max": 0.0
        }
      },
      {
        "coord": [
          6,
          191
        ],
        "element_error": 0.0006225109100341797,
        "x_original": 28.293996810913086,
        "y_ref": 0.5745728015899658,
        "y_mixed": 0.5751953125,
        "storage_error": 0.0028781890869140625,
        "demote_error": 1.537799835205078e-05,
        "logit_analysis": {
          "softmax_position": 191,
          "softmax_dim_size": 512,
          "is_max_logit": true,
          "distance_from_max": 0.0
        }
      }
    ]
  }
}