{
  "detector": {
    "detected_exceeded": false,
    "actual_err": 9.617209434509277e-05,
    "predicted_bound": 0.00017598405247554186,
    "elapsed_sec": 3.6786041259765625
  },
  "analyzer_report": {
    "component_estimates": {
      "input_storage_error": 9.617209434509277e-05,
      "statistics_computation_error": 9.617209434509277e-05,
      "output_storage_error": 0.00014285743236541748,
      "weight_storage_error": 9.617209434509277e-05,
      "bias_storage_error": 9.617209434509277e-05
    },
    "component_ratios": {
      "input_storage_error": 0.18230093494901561,
      "statistics_computation_error": 0.18230093494901561,
      "output_storage_error": 0.27079626020393754,
      "weight_storage_error": 0.18230093494901561,
      "bias_storage_error": 0.18230093494901561
    },
    "primary_source": "demote",
    "suggestion": "\u4e3b\u8981\u8bef\u5dee\u6765\u6e90\u4e3a\u8f93\u51fa\u964d\u7cbe\u5ea6\u3002\u5efa\u8bae\uff1a\u5ef6\u8fdf\u964d\u7cbe\u5ea6\u6216\u63d0\u9ad8\u8f93\u51fa\u7cbe\u5ea6\uff1b\u68c0\u67e5LayerNorm\u8f93\u51fa\u7684\u6570\u503c\u8303\u56f4\u3002",
    "statistics_errors": {
      "mean_error": 3.257810021750629e-09,
      "var_error": 9.485745522397337e-13,
      "std_error": 2.3283064365386963e-10
    },
    "norm_behavior_stats": {
      "normal": 10
    },
    "top_elements_summary": [
      {
        "coord": [
          0,
          87,
          521
        ],
        "element_error": 9.617209434509277e-05,
        "x_original": -0.0004018564650323242,
        "y_ref": -0.1288100779056549,
        "y_mixed": -0.12890625,
        "norm_behavior": "normal",
        "storage_error": 1.1725933291018009e-07,
        "weight_error": 0.0,
        "bias_error": 0.0,
        "demote_error": 5.924701690673828e-05,
        "local_mean_error": 4.861249180976301e-10,
        "local_std_error": 0.0
      },
      {
        "coord": [
          2,
          352,
          496
        ],
        "element_error": 9.591877460479736e-05,
        "x_original": 0.00039613578701391816,
        "y_ref": 0.1261247843503952,
        "y_mixed": 0.126220703125,
        "norm_behavior": "normal",
        "storage_error": 1.1589145287871361e-07,
        "weight_error": 0.0,
        "bias_error": 0.0,
        "demote_error": 5.917251110076904e-05,
        "local_mean_error": 4.320099833421409e-10,
        "local_std_error": 2.3283064365386963e-10
      },
      {
        "coord": [
          6,
          300,
          96
        ],
        "element_error": 9.503960609436035e-05,
        "x_original": 0.00043093517888337374,
        "y_ref": 0.13363996148109436,
        "y_mixed": 0.133544921875,
        "norm_behavior": "normal",
        "storage_error": 1.1280644685029984e-07,
        "weight_error": 0.0,
        "bias_error": 0.0,
        "demote_error": 5.9917569160461426e-05,
        "local_mean_error": 1.6807462088763714e-09,
        "local_std_error": 0.0
      },
      {
        "coord": [
          3,
          507,
          537
        ],
        "element_error": 8.982419967651367e-05,
        "x_original": -0.000399954296881333,
        "y_ref": -0.1261308789253235,
        "y_mixed": -0.126220703125,
        "norm_behavior": "normal",
        "storage_error": 1.1207885108888149e-07,
        "weight_error": 0.0,
        "bias_error": 0.0,
        "demote_error": 5.4582953453063965e-05,
        "local_mean_error": 6.045297595846932e-10,
        "local_std_error": 0.0
      },
      {
        "coord": [
          5,
          102,
          473
        ],
        "element_error": 8.730590343475342e-05,
        "x_original": 0.0004311529628466815,
        "y_ref": 0.13607363402843475,
        "y_mixed": 0.135986328125,
        "norm_behavior": "normal",
        "storage_error": 9.217183105647564e-08,
        "weight_error": 0.0,
        "bias_error": 0.0,
        "demote_error": 5.78761100769043e-05,
        "local_mean_error": 9.532641342957504e-10,
        "local_std_error": 0.0
      },
      {
        "coord": [
          5,
          449,
          726
        ],
        "element_error": 8.612871170043945e-05,
        "x_original": -0.0004149956221226603,
        "y_ref": -0.12820976972579956,
        "y_mixed": -0.1282958984375,
        "norm_behavior": "normal",
        "storage_error": 9.112409316003323e-08,
        "weight_error": 0.0,
        "bias_error": 0.0,
        "demote_error": 5.671381950378418e-05,
        "local_mean_error": 1.937223714776337e-09,
        "local_std_error": 0.0
      },
      {
        "coord": [
          2,
          69,
          191
        ],
        "element_error": 8.487701416015625e-05,
        "x_original": -0.0004035363672301173,
        "y_ref": -0.12650203704833984,
        "y_mixed": -0.1265869140625,
        "norm_behavior": "normal",
        "storage_error": 1.0628718882799149e-07,
        "weight_error": 0.0,
        "bias_error": 0.0,
        "demote_error": 5.100667476654053e-05,
        "local_mean_error": 8.567440090700984e-10,
        "local_std_error": 0.0
      },
      {
        "coord": [
          5,
          503,
          54
        ],
        "element_error": 8.325278759002686e-05,
        "x_original": 0.00040276916115544736,
        "y_ref": 0.12728051841259003,
        "y_mixed": 0.127197265625,
        "norm_behavior": "normal",
        "storage_error": 8.018105290830135e-08,
        "weight_error": 0.0,
        "bias_error": 0.0,
        "demote_error": 5.78463077545166e-05,
        "local_mean_error": 2.0832402469750377e-10,
        "local_std_error": 0.0
      },
      {
        "coord": [
          7,
          319,
          99
        ],
        "element_error": 8.282065391540527e-05,
        "x_original": 0.0003951519029214978,
        "y_ref": 0.1254490315914154,
        "y_mixed": 0.1253662109375,
        "norm_behavior": "normal",
        "storage_error": 9.231735020875931e-08,
        "weight_error": 0.0,
        "bias_error": 0.0,
        "demote_error": 5.40614128112793e-05,
        "local_mean_error": 1.3064891390968114e-09,
        "local_std_error": 2.3283064365386963e-10
      },
      {
        "coord": [
          6,
          318,
          405
        ],
        "element_error": 8.192658424377441e-05,
        "x_original": -0.00040635274490341544,
        "y_ref": -0.12801161408424377,
        "y_mixed": -0.1279296875,
        "norm_behavior": "normal",
        "storage_error": 8.748611435294151e-08,
        "weight_error": 0.0,
        "bias_error": 0.0,
        "demote_error": 5.424022674560547e-05,
        "local_mean_error": 1.191438059322536e-10,
        "local_std_error": 0.0
      }
    ]
  }
}