{
  "detector": {
    "detected_exceeded": false,
    "actual_err": 0.0023258626461029053,
    "predicted_bound": 0.0028270035982131962,
    "elapsed_sec": 2.431023120880127
  },
  "analyzer_report": {
    "component_estimates": {
      "input_storage_error": 0.0023258626461029053,
      "max_subtraction_error": 0.0023258626461029053,
      "exponential_error": 0.0023258626461029053,
      "sum_accumulation_error": 0.0023258626461029053,
      "output_storage_error": 0.0023258626461029053
    },
    "component_ratios": {
      "input_storage_error": 0.2,
      "max_subtraction_error": 0.2,
      "exponential_error": 0.2,
      "sum_accumulation_error": 0.2,
      "output_storage_error": 0.2
    },
    "primary_source": "storage",
    "suggestion": "\u5206\u6790\u7ed3\u679c\u4e0d\u660e\u786e\uff1b\u8bf7\u68c0\u67e5\u8f93\u5165\u5206\u5e03\u6216\u589e\u52a0MC\u91c7\u6837\u3002 \u68c0\u6d4b\u5230\u6781\u5c0f\u7684exp\u503c\uff0c\u53ef\u80fd\u5bfc\u81f4\u4e0b\u6ea2\u548c\u7cbe\u5ea6\u635f\u5931\u3002 89.3%\u7684top\u8bef\u5dee\u6765\u81eamax logit\u4f4d\u7f6e\uff0c\u8fd9\u901a\u5e38\u5bf9softmax\u8f93\u51fa\u5f71\u54cd\u6700\u5927\u3002",
    "input_stats": {
      "min": -19.740367889404297,
      "max": 31.491493225097656,
      "mean": 0.9526711106300354,
      "std": 6.105100154876709,
      "range": 51.23186111450195
    },
    "stability_stats": {
      "max_shifted_logit": 0.0,
      "min_shifted_logit": -47.40083694458008,
      "max_exp_val": 1.0,
      "min_exp_val": 2.5946458617286384e-21,
      "exp_sum_max": 2.908113479614258,
      "exp_sum_min": 1.0080790519714355
    },
    "max_logit_error_ratio": 0.8929735454562828,
    "top_elements_summary": [
      {
        "coord": [
          0,
          42
        ],
        "element_error": 0.0023258626461029053,
        "x_original": 20.977088928222656,
        "y_ref": 0.3438655436038971,
        "y_mixed": 0.34619140625,
        "storage_error": 0.00728607177734375,
        "demote_error": 0.00011330842971801758,
        "logit_analysis": {
          "softmax_position": 42,
          "softmax_dim_size": 512,
          "is_max_logit": true,
          "distance_from_max": 0.0
        }
      },
      {
        "coord": [
          0,
          494
        ],
        "element_error": 0.001427769660949707,
        "x_original": 20.366504669189453,
        "y_ref": 0.1867305040359497,
        "y_mixed": 0.185302734375,
        "storage_error": 0.007129669189453125,
        "demote_error": 6.082653999328613e-05,
        "logit_analysis": {
          "softmax_position": 494,
          "softmax_dim_size": 512,
          "is_max_logit": true,
          "distance_from_max": 0.0
        }
      },
      {
        "coord": [
          2,
          456
        ],
        "element_error": 0.0013663172721862793,
        "x_original": 24.071008682250977,
        "y_ref": 0.23667079210281372,
        "y_mixed": 0.238037109375,
        "storage_error": 0.0071163177490234375,
        "demote_error": 2.5331974029541016e-06,
        "logit_analysis": {
          "softmax_position": 456,
          "softmax_dim_size": 512,
          "is_max_logit": true,
          "distance_from_max": 0.0
        }
      },
      {
        "coord": [
          6,
          262
        ],
        "element_error": 0.0013000071048736572,
        "x_original": 26.10552978515625,
        "y_ref": 0.45695194602012634,
        "y_mixed": 0.458251953125,
        "storage_error": 0.00384521484375,
        "demote_error": 1.2516975402832031e-05,
        "logit_analysis": {
          "softmax_position": 262,
          "softmax_dim_size": 512,
          "is_max_logit": true,
          "distance_from_max": 0.0
        }
      },
      {
        "coord": [
          4,
          65
        ],
        "element_error": 0.0012935101985931396,
        "x_original": 27.51393699645996,
        "y_ref": 0.26311078667640686,
        "y_mixed": 0.264404296875,
        "storage_error": 0.0016880035400390625,
        "demote_error": 3.463029861450195e-05,
        "logit_analysis": {
          "softmax_position": 65,
          "softmax_dim_size": 512,
          "is_max_logit": false,
          "distance_from_max": -0.1465320587158203
        }
      },
      {
        "coord": [
          4,
          320
        ],
        "element_error": 0.0011440515518188477,
        "x_original": 28.520465850830078,
        "y_ref": 0.7198940515518188,
        "y_mixed": 0.71875,
        "storage_error": 0.004840850830078125,
        "demote_error": 0.00011879205703735352,
        "logit_analysis": {
          "softmax_position": 320,
          "softmax_dim_size": 512,
          "is_max_logit": true,
          "distance_from_max": 0.0
        }
      },
      {
        "coord": [
          0,
          98
        ],
        "element_error": 0.0010174810886383057,
        "x_original": 20.333703994750977,
        "y_ref": 0.1807049810886383,
        "y_mixed": 0.1796875,
        "storage_error": 0.0055789947509765625,
        "demote_error": 2.6986002922058105e-05,
        "logit_analysis": {
          "softmax_position": 98,
          "softmax_dim_size": 512,
          "is_max_logit": true,
          "distance_from_max": 0.0
        }
      },
      {
        "coord": [
          6,
          102
        ],
        "element_error": 0.0007959604263305664,
        "x_original": 26.094562530517578,
        "y_ref": 0.45196783542633057,
        "y_mixed": 0.451171875,
        "storage_error": 0.000812530517578125,
        "demote_error": 3.680586814880371e-05,
        "logit_analysis": {
          "softmax_position": 102,
          "softmax_dim_size": 512,
          "is_max_logit": true,
          "distance_from_max": 0.0
        }
      },
      {
        "coord": [
          2,
          457
        ],
        "element_error": 0.0007884800434112549,
        "x_original": 23.799936294555664,
        "y_ref": 0.18047598004341125,
        "y_mixed": 0.1796875,
        "storage_error": 0.0030612945556640625,
        "demote_error": 9.566545486450195e-06,
        "logit_analysis": {
          "softmax_position": 457,
          "softmax_dim_size": 512,
          "is_max_logit": true,
          "distance_from_max": 0.0
        }
      },
      {
        "coord": [
          2,
          399
        ],
        "element_error": 0.0006264522671699524,
        "x_original": 23.332197189331055,
        "y_ref": 0.11305321007966995,
        "y_mixed": 0.1124267578125,
        "storage_error": 0.0040721893310546875,
        "demote_error": 1.2814998626708984e-05,
        "logit_analysis": {
          "softmax_position": 399,
          "softmax_dim_size": 512,
          "is_max_logit": true,
          "distance_from_max": 0.0
        }
      }
    ]
  }
}