{
  "detector": {
    "detected_exceeded": false,
    "actual_err": 6.338953971862793e-05,
    "predicted_bound": 0.00014055411447770895,
    "elapsed_sec": 4.033297777175903
  },
  "meta": {
    "distribution": "adversarial_sum",
    "bias": true,
    "batch_size": 32,
    "in_features": 1024,
    "out_features": 4096
  },
  "analyzer_report": {
    "component_estimates": {
      "input_storage_error": 6.338953971862793e-05,
      "weight_storage_error": 6.338953971862793e-05,
      "accumulation_error": 6.338953971862793e-05,
      "output_storage_error": 0.00010648369789123535,
      "bias_storage_error": 6.338953971862793e-05
    },
    "component_ratios": {
      "input_storage_error": 0.17606158430593494,
      "weight_storage_error": 0.17606158430593494,
      "accumulation_error": 0.17606158430593494,
      "output_storage_error": 0.29575366277626025,
      "bias_storage_error": 0.17606158430593494
    },
    "primary_source": "input_storage",
    "suggestion": "\u4e3b\u8981\u8bef\u5dee\u6765\u6e90\u4e3a\u8f93\u5165\u5b58\u50a8\u7cbe\u5ea6\u3002\u5efa\u8bae\uff1a\u63d0\u5347\u8f93\u5165\u5b58\u50a8\u7cbe\u5ea6\u6216\u8fdb\u884c\u8f93\u5165\u5f52\u4e00\u5316/\u6807\u51c6\u5316\u4ee5\u964d\u4f4e\u6570\u503c\u8303\u56f4\u3002",
    "aggregated_ratios": {
      "input_storage": 0.9690366155557272,
      "weight_storage": 0.0,
      "bias_storage": 0.0,
      "accumulation": 0.00013658618200876107,
      "demote": 0.030826798262264095
    },
    "top_neurons_summary": [
      {
        "coord": [
          9,
          2567
        ],
        "neuron_error": 6.338953971862793e-05,
        "y_ref": 0.13274911046028137,
        "y_mixed": 0.1328125,
        "input_storage_error": 0.0014488481683656573,
        "weight_storage_error": 0.0,
        "bias_storage_error": 0.0,
        "accumulation_estimate": 2.384185791015625e-07,
        "demote_error": 5.5670738220214844e-05,
        "in_features": 1024,
        "neuron_idx": 2567,
        "batch_idx": 9
      },
      {
        "coord": [
          18,
          3885
        ],
        "neuron_error": 6.125867366790771e-05,
        "y_ref": 0.1286008507013321,
        "y_mixed": 0.128662109375,
        "input_storage_error": 0.0014424461405724287,
        "weight_storage_error": 0.0,
        "bias_storage_error": 0.0,
        "accumulation_estimate": 2.384185791015625e-07,
        "demote_error": 5.538761615753174e-05,
        "in_features": 1024,
        "neuron_idx": 3885,
        "batch_idx": 18
      },
      {
        "coord": [
          17,
          2286
        ],
        "neuron_error": 5.8069825172424316e-05,
        "y_ref": 0.12566842138767242,
        "y_mixed": 0.1256103515625,
        "input_storage_error": 0.001470304443500936,
        "weight_storage_error": 0.0,
        "bias_storage_error": 0.0,
        "accumulation_estimate": 2.384185791015625e-07,
        "demote_error": 5.570054054260254e-05,
        "in_features": 1024,
        "neuron_idx": 2286,
        "batch_idx": 17
      },
      {
        "coord": [
          26,
          1701
        ],
        "neuron_error": 5.6877732276916504e-05,
        "y_ref": -0.12579761445522308,
        "y_mixed": -0.1258544921875,
        "input_storage_error": 0.0014523378340527415,
        "weight_storage_error": 0.0,
        "bias_storage_error": 0.0,
        "accumulation_estimate": 2.384185791015625e-07,
        "demote_error": 5.666911602020264e-05,
        "in_features": 1024,
        "neuron_idx": 1701,
        "batch_idx": 26
      },
      {
        "coord": [
          3,
          782
        ],
        "neuron_error": 5.626678466796875e-05,
        "y_ref": 0.13860607147216797,
        "y_mixed": 0.1385498046875,
        "input_storage_error": 0.0014708447270095348,
        "weight_storage_error": 0.0,
        "bias_storage_error": 0.0,
        "accumulation_estimate": 2.384185791015625e-07,
        "demote_error": 4.3839216232299805e-05,
        "in_features": 1024,
        "neuron_idx": 782,
        "batch_idx": 3
      },
      {
        "coord": [
          29,
          1138
        ],
        "neuron_error": 5.538761615753174e-05,
        "y_ref": 0.12822921574115753,
        "y_mixed": 0.128173828125,
        "input_storage_error": 0.0014259993331506848,
        "weight_storage_error": 0.0,
        "bias_storage_error": 0.0,
        "accumulation_estimate": 2.384185791015625e-07,
        "demote_error": 5.976855754852295e-05,
        "in_features": 1024,
        "neuron_idx": 1138,
        "batch_idx": 29
      },
      {
        "coord": [
          17,
          1981
        ],
        "neuron_error": 5.295872688293457e-05,
        "y_ref": -0.13030198216438293,
        "y_mixed": -0.1302490234375,
        "input_storage_error": 0.001470304443500936,
        "weight_storage_error": 0.0,
        "bias_storage_error": 0.0,
        "accumulation_estimate": 2.384185791015625e-07,
        "demote_error": 4.056096076965332e-05,
        "in_features": 1024,
        "neuron_idx": 1981,
        "batch_idx": 17
      },
      {
        "coord": [
          14,
          2851
        ],
        "neuron_error": 5.187094211578369e-05,
        "y_ref": -0.09046326577663422,
        "y_mixed": -0.09051513671875,
        "input_storage_error": 0.0013940877979621291,
        "weight_storage_error": 0.0,
        "bias_storage_error": 0.0,
        "accumulation_estimate": 1.1920928955078125e-07,
        "demote_error": 2.9124319553375244e-05,
        "in_features": 1024,
        "neuron_idx": 2851,
        "batch_idx": 14
      },
      {
        "coord": [
          9,
          1178
        ],
        "neuron_error": 5.0298869609832764e-05,
        "y_ref": -0.06415868550539017,
        "y_mixed": -0.064208984375,
        "input_storage_error": 0.0014488481683656573,
        "weight_storage_error": 0.0,
        "bias_storage_error": 0.0,
        "accumulation_estimate": 1.1920928955078125e-07,
        "demote_error": 3.024190664291382e-05,
        "in_features": 1024,
        "neuron_idx": 1178,
        "batch_idx": 9
      },
      {
        "coord": [
          2,
          2067
        ],
        "neuron_error": 5.008280277252197e-05,
        "y_ref": -0.06816531717777252,
        "y_mixed": -0.068115234375,
        "input_storage_error": 0.0013537791091948748,
        "weight_storage_error": 0.0,
        "bias_storage_error": 0.0,
        "accumulation_estimate": 1.1920928955078125e-07,
        "demote_error": 3.042072057723999e-05,
        "in_features": 1024,
        "neuron_idx": 2067,
        "batch_idx": 2
      }
    ]
  }
}