{
  "detector": {
    "detected_exceeded": false,
    "actual_err": 0.0022211074829101562,
    "predicted_bound": 0.004823882225900889,
    "elapsed_sec": 2.363621473312378
  },
  "analyzer_report": {
    "component_estimates": {
      "input_storage_error": 0.0022211074829101562,
      "affine_params_error": 0.0022211074829101562,
      "statistics_computation_error": 0.0022211074829101562,
      "output_storage_error": 0.0034127235412597656
    },
    "component_ratios": {
      "input_storage_error": 0.22043443282381336,
      "affine_params_error": 0.22043443282381336,
      "statistics_computation_error": 0.22043443282381336,
      "output_storage_error": 0.33869670152855996
    },
    "primary_source": "statistics",
    "suggestion": "\u4e3b\u8981\u8bef\u5dee\u6765\u6e90\u4e3a\u7edf\u8ba1\u91cf\u8ba1\u7b97\u7cbe\u5ea6\u3002\u5efa\u8bae\uff1a\u589e\u5927batch size\u3001\u4f7f\u7528\u66f4\u7a33\u5b9a\u7684\u7edf\u8ba1\u7b97\u6cd5\u6216\u8003\u8651LayerNorm\u66ff\u4ee3\u3002 31.2%\u7684\u901a\u9053\u65b9\u5dee\u63a5\u8fd1eps\uff0c\u5b58\u5728\u6570\u503c\u4e0d\u7a33\u5b9a\u98ce\u9669\u3002\u8003\u8651\u589e\u5927eps\u503c\u6216\u68c0\u67e5\u8f93\u5165\u6570\u636e\u9884\u5904\u7406\u3002",
    "batch_statistics": {
      "batch_size": 4,
      "num_channels": 32,
      "spatial_size": [
        16,
        16
      ],
      "input_range": {
        "min": -0.042355891317129135,
        "max": 0.04399742931127548,
        "mean": 1.619842805666849e-06,
        "std": 0.009995334781706333
      }
    },
    "numerical_feature_stats": {
      "near_zero_variance": 10,
      "extreme_values": 0,
      "small_batch": 0,
      "high_variance": 0
    },
    "channel_analysis_summary": [
      {
        "channel_index": 29,
        "channel_error": 0.000217646942473948,
        "weight_error": 0.0,
        "bias_error": 0.0,
        "stats_instability_estimate": 0.5,
        "numerical_features": {
          "near_zero_variance": true,
          "extreme_values": false,
          "small_batch": false,
          "high_variance": false,
          "near_zero_mean": false,
          "skewed_distribution": false
        }
      },
      {
        "channel_index": 30,
        "channel_error": 0.00021122001635376364,
        "weight_error": 0.0,
        "bias_error": 0.0,
        "stats_instability_estimate": 0.5,
        "numerical_features": {
          "near_zero_variance": true,
          "extreme_values": false,
          "small_batch": false,
          "high_variance": false,
          "near_zero_mean": false,
          "skewed_distribution": false
        }
      },
      {
        "channel_index": 25,
        "channel_error": 0.0002080326376017183,
        "weight_error": 0.0,
        "bias_error": 0.0,
        "stats_instability_estimate": 0.5,
        "numerical_features": {
          "near_zero_variance": true,
          "extreme_values": false,
          "small_batch": false,
          "high_variance": false,
          "near_zero_mean": false,
          "skewed_distribution": false
        }
      },
      {
        "channel_index": 22,
        "channel_error": 0.00020708357624243945,
        "weight_error": 0.0,
        "bias_error": 0.0,
        "stats_instability_estimate": 5.0,
        "numerical_features": {
          "near_zero_variance": true,
          "extreme_values": false,
          "small_batch": false,
          "high_variance": false,
          "near_zero_mean": false,
          "skewed_distribution": false
        }
      },
      {
        "channel_index": 2,
        "channel_error": 0.0002068821049761027,
        "weight_error": 0.0,
        "bias_error": 0.0,
        "stats_instability_estimate": 0.5,
        "numerical_features": {
          "near_zero_variance": true,
          "extreme_values": false,
          "small_batch": false,
          "high_variance": false,
          "near_zero_mean": false,
          "skewed_distribution": false
        }
      },
      {
        "channel_index": 5,
        "channel_error": 0.00020555536320898682,
        "weight_error": 0.0,
        "bias_error": 0.0,
        "stats_instability_estimate": 5.0,
        "numerical_features": {
          "near_zero_variance": true,
          "extreme_values": false,
          "small_batch": false,
          "high_variance": false,
          "near_zero_mean": false,
          "skewed_distribution": false
        }
      },
      {
        "channel_index": 12,
        "channel_error": 0.00020308783859945834,
        "weight_error": 0.0,
        "bias_error": 0.0,
        "stats_instability_estimate": 0.5,
        "numerical_features": {
          "near_zero_variance": true,
          "extreme_values": false,
          "small_batch": false,
          "high_variance": false,
          "near_zero_mean": false,
          "skewed_distribution": false
        }
      },
      {
        "channel_index": 21,
        "channel_error": 0.00019935527234338224,
        "weight_error": 0.0,
        "bias_error": 0.0,
        "stats_instability_estimate": 5.0,
        "numerical_features": {
          "near_zero_variance": true,
          "extreme_values": false,
          "small_batch": false,
          "high_variance": false,
          "near_zero_mean": false,
          "skewed_distribution": false
        }
      },
      {
        "channel_index": 7,
        "channel_error": 0.00019655388314276934,
        "weight_error": 0.0,
        "bias_error": 0.0,
        "stats_instability_estimate": 5.0,
        "numerical_features": {
          "near_zero_variance": true,
          "extreme_values": false,
          "small_batch": false,
          "high_variance": false,
          "near_zero_mean": false,
          "skewed_distribution": false
        }
      },
      {
        "channel_index": 17,
        "channel_error": 0.00019543731468729675,
        "weight_error": 0.0,
        "bias_error": 0.0,
        "stats_instability_estimate": 5.0,
        "numerical_features": {
          "near_zero_variance": true,
          "extreme_values": false,
          "small_batch": false,
          "high_variance": false,
          "near_zero_mean": false,
          "skewed_distribution": false
        }
      }
    ]
  }
}