{
  "detector": {
    "detected_exceeded": false,
    "actual_err": 5.844049155712128e-06,
    "predicted_bound": 3.993009195255582e-05,
    "elapsed_sec": 2.5973057746887207
  },
  "matrix_info": {
    "input_shape": [
      256,
      1024
    ],
    "weight_shape": [
      1024,
      512
    ],
    "output_shape": [
      256,
      512
    ],
    "accumulation_dim": 1024
  },
  "analyzer_report": {
    "component_estimates": {
      "input_storage_error": 5.844049155712128e-06,
      "weight_storage_error": 5.844049155712128e-06,
      "accumulation_error": 5.844049155712128e-06,
      "demote_error": 3.4339725971221924e-05
    },
    "component_ratios": {
      "input_storage_error": 0.11266315959566943,
      "weight_storage_error": 0.11266315959566943,
      "accumulation_error": 0.11266315959566943,
      "demote_error": 0.6620105212129918
    },
    "primary_source": "x_storage",
    "suggestion": "\u4e3b\u8981\u8bef\u5dee\u6765\u6e90\u4e3a\u8f93\u5165\u5b58\u50a8\u7cbe\u5ea6\u3002\u5efa\u8bae\uff1a\u63d0\u5347\u8f93\u5165\u5b58\u50a8\u7cbe\u5ea6\uff1b\u8fdb\u884c\u8f93\u5165\u5f52\u4e00\u5316\u6216\u6743\u91cd\u7f29\u653e\u4ee5\u6539\u5584\u6570\u503c\u8303\u56f4\u3002",
    "numerical_stability": {
      "average_condition_indicator": 3.9735305955002027,
      "accumulation_dimension": 1024,
      "stability_assessment": "good"
    },
    "top_elements_summary": [
      {
        "coord": [
          225,
          372
        ],
        "element_error": 5.844049155712128e-06,
        "y_ref": 0.009245040826499462,
        "y_mixed": 0.00923919677734375,
        "x_storage_error": 0.00014066463336348534,
        "w_storage_error": 0.0,
        "accumulation_error_estimate": 1.4901161193847656e-08,
        "demote_error": 3.791414201259613e-06,
        "condition_indicator": 3.9850561498576536,
        "product_stats": {
          "min": -0.0006567707750946283,
          "max": 0.0007647079764865339,
          "mean": 9.02635929378448e-06,
          "std": 0.00010489880514796823
        }
      },
      {
        "coord": [
          52,
          465
        ],
        "element_error": 5.216337740421295e-06,
        "y_ref": -0.009206266142427921,
        "y_mixed": -0.0092010498046875,
        "x_storage_error": 0.00013948336709290743,
        "w_storage_error": 0.0,
        "accumulation_error_estimate": 1.4901161193847656e-08,
        "demote_error": 3.6964192986488342e-06,
        "condition_indicator": 4.194279718306382,
        "product_stats": {
          "min": -0.0005581178702414036,
          "max": 0.0005988668999634683,
          "mean": -8.98900816537207e-06,
          "std": 9.436834807274863e-05
        }
      },
      {
        "coord": [
          248,
          432
        ],
        "element_error": 5.101785063743591e-06,
        "y_ref": 0.009236669167876244,
        "y_mixed": 0.0092315673828125,
        "x_storage_error": 0.00014829597785137594,
        "w_storage_error": 0.0,
        "accumulation_error_estimate": 1.4901161193847656e-08,
        "demote_error": 3.676861524581909e-06,
        "condition_indicator": 3.9685439941591203,
        "product_stats": {
          "min": -0.0005444319685921073,
          "max": 0.0005606321501545608,
          "mean": 9.018793207360432e-06,
          "std": 0.00010449121327837929
        }
      },
      {
        "coord": [
          123,
          153
        ],
        "element_error": 4.961155354976654e-06,
        "y_ref": -0.009112165309488773,
        "y_mixed": -0.00911712646484375,
        "x_storage_error": 0.0001398903114022687,
        "w_storage_error": 0.0,
        "accumulation_error_estimate": 1.4901161193847656e-08,
        "demote_error": 3.725290298461914e-06,
        "condition_indicator": 3.51801765109597,
        "product_stats": {
          "min": -0.0005034781061112881,
          "max": 0.00045199590385891497,
          "mean": -8.899806744011585e-06,
          "std": 0.0001008153849397786
        }
      },
      {
        "coord": [
          128,
          435
        ],
        "element_error": 4.961155354976654e-06,
        "y_ref": -0.008412553928792477,
        "y_mixed": -0.0084075927734375,
        "x_storage_error": 0.0001466826070100069,
        "w_storage_error": 0.0,
        "accumulation_error_estimate": 1.4901161193847656e-08,
        "demote_error": 3.606081008911133e-06,
        "condition_indicator": 3.609929121896241,
        "product_stats": {
          "min": -0.0006920038140378892,
          "max": 0.0005498553509823978,
          "mean": -8.214060471800622e-06,
          "std": 0.00010353968536946923
        }
      },
      {
        "coord": [
          230,
          374
        ],
        "element_error": 4.896894097328186e-06,
        "y_ref": -0.008478989824652672,
        "y_mixed": -0.00848388671875,
        "x_storage_error": 0.00014088892203290015,
        "w_storage_error": 0.0,
        "accumulation_error_estimate": 1.4901161193847656e-08,
        "demote_error": 3.7457793951034546e-06,
        "condition_indicator": 3.7327237521287655,
        "product_stats": {
          "min": -0.0008210384985432029,
          "max": 0.00042456810479052365,
          "mean": -8.281386726594064e-06,
          "std": 0.00010348409705329686
        }
      },
      {
        "coord": [
          116,
          142
        ],
        "element_error": 4.829838871955872e-06,
        "y_ref": -0.009121956303715706,
        "y_mixed": -0.00911712646484375,
        "x_storage_error": 0.0001436279999325052,
        "w_storage_error": 0.0,
        "accumulation_error_estimate": 1.4901161193847656e-08,
        "demote_error": 3.7513673305511475e-06,
        "condition_indicator": 3.7182100147993875,
        "product_stats": {
          "min": -0.0006029054638929665,
          "max": 0.0004455462039913982,
          "mean": -8.90710907697212e-06,
          "std": 0.00010092571028508246
        }
      },
      {
        "coord": [
          18,
          92
        ],
        "element_error": 4.819594323635101e-06,
        "y_ref": -0.008252195082604885,
        "y_mixed": -0.00824737548828125,
        "x_storage_error": 0.00014799578639212996,
        "w_storage_error": 0.0,
        "accumulation_error_estimate": 1.4901161193847656e-08,
        "demote_error": 3.6265701055526733e-06,
        "condition_indicator": 5.245648964038248,
        "product_stats": {
          "min": -0.0005654561682604253,
          "max": 0.0004591454635374248,
          "mean": -8.057617378653958e-06,
          "std": 9.634792513679713e-05
        }
      },
      {
        "coord": [
          121,
          230
        ],
        "element_error": 4.773959517478943e-06,
        "y_ref": 0.008656507357954979,
        "y_mixed": 0.0086517333984375,
        "x_storage_error": 0.00014828304119873792,
        "w_storage_error": 0.0,
        "accumulation_error_estimate": 1.4901161193847656e-08,
        "demote_error": 3.423541784286499e-06,
        "condition_indicator": 3.48567193647289,
        "product_stats": {
          "min": -0.0004988819127902389,
          "max": 0.000828446471132338,
          "mean": 8.452303518424742e-06,
          "std": 0.000106263134512119
        }
      },
      {
        "coord": [
          162,
          14
        ],
        "element_error": 4.7711655497550964e-06,
        "y_ref": 0.008349415846168995,
        "y_mixed": 0.00835418701171875,
        "x_storage_error": 0.0001543520193081349,
        "w_storage_error": 0.0,
        "accumulation_error_estimate": 1.4901161193847656e-08,
        "demote_error": 3.643333911895752e-06,
        "condition_indicator": 4.277224652247371,
        "product_stats": {
          "min": -0.0003747187147382647,
          "max": 0.0005267485394142568,
          "mean": 8.154827810358256e-06,
          "std": 9.957370639313012e-05
        }
      }
    ]
  }
}