{
  "detector": {
    "detected_exceeded": false,
    "actual_err": 6.248056888580322e-05,
    "predicted_bound": 0.00014038147783139722,
    "elapsed_sec": 3.9454996585845947
  },
  "meta": {
    "distribution": "adversarial_sum",
    "bias": true,
    "batch_size": 32,
    "in_features": 1024,
    "out_features": 4096
  },
  "analyzer_report": {
    "component_estimates": {
      "input_storage_error": 6.248056888580322e-05,
      "weight_storage_error": 6.248056888580322e-05,
      "accumulation_error": 6.248056888580322e-05,
      "output_storage_error": 0.00010560452938079834,
      "bias_storage_error": 6.248056888580322e-05
    },
    "component_ratios": {
      "input_storage_error": 0.1757408105955824,
      "weight_storage_error": 0.1757408105955824,
      "accumulation_error": 0.1757408105955824,
      "output_storage_error": 0.29703675761767045,
      "bias_storage_error": 0.1757408105955824
    },
    "primary_source": "input_storage",
    "suggestion": "\u4e3b\u8981\u8bef\u5dee\u6765\u6e90\u4e3a\u8f93\u5165\u5b58\u50a8\u7cbe\u5ea6\u3002\u5efa\u8bae\uff1a\u63d0\u5347\u8f93\u5165\u5b58\u50a8\u7cbe\u5ea6\u6216\u8fdb\u884c\u8f93\u5165\u5f52\u4e00\u5316/\u6807\u51c6\u5316\u4ee5\u964d\u4f4e\u6570\u503c\u8303\u56f4\u3002",
    "aggregated_ratios": {
      "input_storage": 0.9752958611510438,
      "weight_storage": 0.0,
      "bias_storage": 0.0,
      "accumulation": 0.00010495008027987361,
      "demote": 0.024599188768676335
    },
    "top_neurons_summary": [
      {
        "coord": [
          26,
          883
        ],
        "neuron_error": 6.248056888580322e-05,
        "y_ref": -0.1306777149438858,
        "y_mixed": -0.130615234375,
        "input_storage_error": 0.0014779460616409779,
        "weight_storage_error": 0.0,
        "bias_storage_error": 0.0,
        "accumulation_estimate": 2.384185791015625e-07,
        "demote_error": 5.8531761169433594e-05,
        "in_features": 1024,
        "neuron_idx": 883,
        "batch_idx": 26
      },
      {
        "coord": [
          17,
          1332
        ],
        "neuron_error": 6.23464584350586e-05,
        "y_ref": 0.13384878635406494,
        "y_mixed": 0.1339111328125,
        "input_storage_error": 0.0013262275606393814,
        "weight_storage_error": 0.0,
        "bias_storage_error": 0.0,
        "accumulation_estimate": 2.384185791015625e-07,
        "demote_error": 5.5342912673950195e-05,
        "in_features": 1024,
        "neuron_idx": 1332,
        "batch_idx": 17
      },
      {
        "coord": [
          9,
          2743
        ],
        "neuron_error": 5.511939525604248e-05,
        "y_ref": 0.12885113060474396,
        "y_mixed": 0.12890625,
        "input_storage_error": 0.001474202610552311,
        "weight_storage_error": 0.0,
        "bias_storage_error": 0.0,
        "accumulation_estimate": 2.384185791015625e-07,
        "demote_error": 4.398822784423828e-05,
        "in_features": 1024,
        "neuron_idx": 2743,
        "batch_idx": 9
      },
      {
        "coord": [
          23,
          1384
        ],
        "neuron_error": 4.933774471282959e-05,
        "y_ref": -0.06556345522403717,
        "y_mixed": -0.06561279296875,
        "input_storage_error": 0.0014067499432712793,
        "weight_storage_error": 0.0,
        "bias_storage_error": 0.0,
        "accumulation_estimate": 1.1920928955078125e-07,
        "demote_error": 2.9556453227996826e-05,
        "in_features": 1024,
        "neuron_idx": 1384,
        "batch_idx": 23
      },
      {
        "coord": [
          25,
          3901
        ],
        "neuron_error": 4.9233436584472656e-05,
        "y_ref": -0.08446085453033447,
        "y_mixed": -0.08441162109375,
        "input_storage_error": 0.001481714891269803,
        "weight_storage_error": 0.0,
        "bias_storage_error": 0.0,
        "accumulation_estimate": 1.1920928955078125e-07,
        "demote_error": 2.90796160697937e-05,
        "in_features": 1024,
        "neuron_idx": 3901,
        "batch_idx": 25
      },
      {
        "coord": [
          30,
          3746
        ],
        "neuron_error": 4.868954420089722e-05,
        "y_ref": 0.0635862872004509,
        "y_mixed": 0.06353759765625,
        "input_storage_error": 0.0013950576540082693,
        "weight_storage_error": 0.0,
        "bias_storage_error": 0.0,
        "accumulation_estimate": 1.1920928955078125e-07,
        "demote_error": 2.8580427169799805e-05,
        "in_features": 1024,
        "neuron_idx": 3746,
        "batch_idx": 30
      },
      {
        "coord": [
          7,
          2894
        ],
        "neuron_error": 4.855543375015259e-05,
        "y_ref": 0.07282742112874985,
        "y_mixed": 0.0728759765625,
        "input_storage_error": 0.0014506469015032053,
        "weight_storage_error": 0.0,
        "bias_storage_error": 0.0,
        "accumulation_estimate": 1.1920928955078125e-07,
        "demote_error": 2.804398536682129e-05,
        "in_features": 1024,
        "neuron_idx": 2894,
        "batch_idx": 7
      },
      {
        "coord": [
          9,
          3637
        ],
        "neuron_error": 4.6662986278533936e-05,
        "y_ref": 0.07518094033002853,
        "y_mixed": 0.07513427734375,
        "input_storage_error": 0.001474202610552311,
        "weight_storage_error": 0.0,
        "bias_storage_error": 0.0,
        "accumulation_estimate": 1.1920928955078125e-07,
        "demote_error": 2.9921531677246094e-05,
        "in_features": 1024,
        "neuron_idx": 3637,
        "batch_idx": 9
      },
      {
        "coord": [
          13,
          3787
        ],
        "neuron_error": 4.626810550689697e-05,
        "y_ref": -0.0649561733007431,
        "y_mixed": -0.06500244140625,
        "input_storage_error": 0.0014640826266258955,
        "weight_storage_error": 0.0,
        "bias_storage_error": 0.0,
        "accumulation_estimate": 1.1920928955078125e-07,
        "demote_error": 3.049522638320923e-05,
        "in_features": 1024,
        "neuron_idx": 3787,
        "batch_idx": 13
      },
      {
        "coord": [
          7,
          2785
        ],
        "neuron_error": 4.6096742153167725e-05,
        "y_ref": 0.07319609075784683,
        "y_mixed": 0.0732421875,
        "input_storage_error": 0.0014506469015032053,
        "weight_storage_error": 0.0,
        "bias_storage_error": 0.0,
        "accumulation_estimate": 1.1920928955078125e-07,
        "demote_error": 2.969801425933838e-05,
        "in_features": 1024,
        "neuron_idx": 2785,
        "batch_idx": 7
      }
    ]
  }
}