{
  "detector": {
    "detected_exceeded": false,
    "actual_err": 9.386241436004639e-05,
    "predicted_bound": 0.00017542494024382906,
    "elapsed_sec": 3.5581326484680176
  },
  "analyzer_report": {
    "component_estimates": {
      "input_storage_error": 9.386241436004639e-05,
      "statistics_computation_error": 9.386241436004639e-05,
      "output_storage_error": 0.00014221668243408203,
      "weight_storage_error": 9.386241436004639e-05,
      "bias_storage_error": 9.386241436004639e-05
    },
    "component_ratios": {
      "input_storage_error": 0.18131836499712148,
      "statistics_computation_error": 0.18131836499712148,
      "output_storage_error": 0.2747265400115141,
      "weight_storage_error": 0.18131836499712148,
      "bias_storage_error": 0.18131836499712148
    },
    "primary_source": "demote",
    "suggestion": "\u4e3b\u8981\u8bef\u5dee\u6765\u6e90\u4e3a\u8f93\u51fa\u964d\u7cbe\u5ea6\u3002\u5efa\u8bae\uff1a\u5ef6\u8fdf\u964d\u7cbe\u5ea6\u6216\u63d0\u9ad8\u8f93\u51fa\u7cbe\u5ea6\uff1b\u68c0\u67e5LayerNorm\u8f93\u51fa\u7684\u6570\u503c\u8303\u56f4\u3002",
    "statistics_errors": {
      "mean_error": 3.1096760721993633e-09,
      "var_error": 9.237055564881302e-13,
      "std_error": 2.3283064365386963e-10
    },
    "norm_behavior_stats": {
      "normal": 10
    },
    "top_elements_summary": [
      {
        "coord": [
          4,
          165,
          100
        ],
        "element_error": 9.386241436004639e-05,
        "x_original": 0.00039638590533286333,
        "y_ref": 0.12698133289813995,
        "y_mixed": 0.1270751953125,
        "norm_behavior": "normal",
        "storage_error": 1.0419171303510666e-07,
        "weight_error": 0.0,
        "bias_error": 0.0,
        "demote_error": 6.097555160522461e-05,
        "local_mean_error": 1.2823875294998288e-10,
        "local_std_error": 0.0
      },
      {
        "coord": [
          7,
          459,
          757
        ],
        "element_error": 9.3117356300354e-05,
        "x_original": 0.00042067287722602487,
        "y_ref": 0.13278354704380035,
        "y_mixed": 0.1326904296875,
        "norm_behavior": "normal",
        "storage_error": 1.025036908686161e-07,
        "weight_error": 0.0,
        "bias_error": 0.0,
        "demote_error": 6.0886144638061523e-05,
        "local_mean_error": 5.058495844423305e-10,
        "local_std_error": 0.0
      },
      {
        "coord": [
          0,
          135,
          669
        ],
        "element_error": 9.225308895111084e-05,
        "x_original": -0.0004347671347204596,
        "y_ref": -0.1385796219110489,
        "y_mixed": -0.138671875,
        "norm_behavior": "normal",
        "storage_error": 1.0835356079041958e-07,
        "weight_error": 0.0,
        "bias_error": 0.0,
        "demote_error": 5.812942981719971e-05,
        "local_mean_error": 4.24279278377071e-10,
        "local_std_error": 0.0
      },
      {
        "coord": [
          5,
          483,
          674
        ],
        "element_error": 8.830428123474121e-05,
        "x_original": 0.00041804774082265794,
        "y_ref": 0.13045939803123474,
        "y_mixed": 0.13037109375,
        "norm_behavior": "normal",
        "storage_error": 9.997165761888027e-08,
        "weight_error": 0.0,
        "bias_error": 0.0,
        "demote_error": 5.6937336921691895e-05,
        "local_mean_error": 7.189555617514998e-10,
        "local_std_error": 0.0
      },
      {
        "coord": [
          3,
          281,
          254
        ],
        "element_error": 8.448958396911621e-05,
        "x_original": -0.00041474003228358924,
        "y_ref": -0.13065281510353088,
        "y_mixed": -0.1307373046875,
        "norm_behavior": "normal",
        "storage_error": 1.0829535312950611e-07,
        "weight_error": 0.0,
        "bias_error": 0.0,
        "demote_error": 5.0321221351623535e-05,
        "local_mean_error": 1.3938006304670125e-10,
        "local_std_error": 0.0
      },
      {
        "coord": [
          1,
          241,
          533
        ],
        "element_error": 8.381903171539307e-05,
        "x_original": 0.0003956348227802664,
        "y_ref": 0.1258162409067154,
        "y_mixed": 0.125732421875,
        "norm_behavior": "normal",
        "storage_error": 9.840005077421665e-08,
        "weight_error": 0.0,
        "bias_error": 0.0,
        "demote_error": 5.282461643218994e-05,
        "local_mean_error": 3.2787283998914063e-10,
        "local_std_error": 0.0
      },
      {
        "coord": [
          5,
          476,
          69
        ],
        "element_error": 8.35806131362915e-05,
        "x_original": 0.00041731493547558784,
        "y_ref": 0.1313091665506363,
        "y_mixed": 0.1312255859375,
        "norm_behavior": "normal",
        "storage_error": 8.242204785346985e-08,
        "weight_error": 0.0,
        "bias_error": 0.0,
        "demote_error": 5.768239498138428e-05,
        "local_mean_error": 4.409912435221486e-10,
        "local_std_error": 0.0
      },
      {
        "coord": [
          0,
          433,
          249
        ],
        "element_error": 7.97659158706665e-05,
        "x_original": 0.00041643480653874576,
        "y_ref": 0.12992511689662933,
        "y_mixed": 0.1300048828125,
        "norm_behavior": "normal",
        "storage_error": 8.245115168392658e-08,
        "weight_error": 0.0,
        "bias_error": 0.0,
        "demote_error": 5.377829074859619e-05,
        "local_mean_error": 2.7284841053187847e-10,
        "local_std_error": 0.0
      },
      {
        "coord": [
          2,
          166,
          522
        ],
        "element_error": 7.922947406768799e-05,
        "x_original": -0.00041573384078219533,
        "y_ref": -0.1321229189634323,
        "y_mixed": -0.1322021484375,
        "norm_behavior": "normal",
        "storage_error": 6.816117092967033e-08,
        "weight_error": 0.0,
        "bias_error": 0.0,
        "demote_error": 5.796551704406738e-05,
        "local_mean_error": 8.697043085703626e-10,
        "local_std_error": 0.0
      },
      {
        "coord": [
          3,
          471,
          556
        ],
        "element_error": 7.888674736022949e-05,
        "x_original": -0.00041883924859575927,
        "y_ref": -0.13322189450263977,
        "y_mixed": -0.13330078125,
        "norm_behavior": "normal",
        "storage_error": 6.219488568603992e-08,
        "weight_error": 0.0,
        "bias_error": 0.0,
        "demote_error": 5.9157609939575195e-05,
        "local_mean_error": 2.1032064978498966e-10,
        "local_std_error": 0.0
      }
    ]
  }
}