{
  "detector": {
    "detected_exceeded": false,
    "actual_err": 9.053945541381836e-05,
    "predicted_bound": 0.00016917590983211997,
    "elapsed_sec": 3.649486541748047
  },
  "analyzer_report": {
    "component_estimates": {
      "input_storage_error": 9.053945541381836e-05,
      "statistics_computation_error": 9.053945541381836e-05,
      "output_storage_error": 0.00013977289199829102,
      "weight_storage_error": 9.053945541381836e-05,
      "bias_storage_error": 9.053945541381836e-05
    },
    "component_ratios": {
      "input_storage_error": 0.18038237738985868,
      "statistics_computation_error": 0.18038237738985868,
      "output_storage_error": 0.27847049044056527,
      "weight_storage_error": 0.18038237738985868,
      "bias_storage_error": 0.18038237738985868
    },
    "primary_source": "demote",
    "suggestion": "\u4e3b\u8981\u8bef\u5dee\u6765\u6e90\u4e3a\u8f93\u51fa\u964d\u7cbe\u5ea6\u3002\u5efa\u8bae\uff1a\u5ef6\u8fdf\u964d\u7cbe\u5ea6\u6216\u63d0\u9ad8\u8f93\u51fa\u7cbe\u5ea6\uff1b\u68c0\u67e5LayerNorm\u8f93\u51fa\u7684\u6570\u503c\u8303\u56f4\u3002",
    "statistics_errors": {
      "mean_error": 3.1154741009231657e-09,
      "var_error": 9.325873406851315e-13,
      "std_error": 2.3283064365386963e-10
    },
    "norm_behavior_stats": {
      "normal": 10
    },
    "top_elements_summary": [
      {
        "coord": [
          0,
          286,
          130
        ],
        "element_error": 9.053945541381836e-05,
        "x_original": -0.0004075678298249841,
        "y_ref": -0.13046163320541382,
        "y_mixed": -0.13037109375,
        "norm_behavior": "normal",
        "storage_error": 1.1047814041376114e-07,
        "weight_error": 0.0,
        "bias_error": 0.0,
        "demote_error": 5.5670738220214844e-05,
        "local_mean_error": 1.5234036254696548e-10,
        "local_std_error": 0.0
      },
      {
        "coord": [
          3,
          311,
          93
        ],
        "element_error": 8.831918239593506e-05,
        "x_original": 0.0004113735631108284,
        "y_ref": 0.12777386605739594,
        "y_mixed": 0.127685546875,
        "norm_behavior": "normal",
        "storage_error": 1.0151416063308716e-07,
        "weight_error": 0.0,
        "bias_error": 0.0,
        "demote_error": 5.6356191635131836e-05,
        "local_mean_error": 3.792592906393111e-10,
        "local_std_error": 0.0
      },
      {
        "coord": [
          6,
          468,
          414
        ],
        "element_error": 8.620321750640869e-05,
        "x_original": -0.0004252418293617666,
        "y_ref": -0.1322380155324936,
        "y_mixed": -0.13232421875,
        "norm_behavior": "normal",
        "storage_error": 9.691575542092323e-08,
        "weight_error": 0.0,
        "bias_error": 0.0,
        "demote_error": 5.5164098739624023e-05,
        "local_mean_error": 1.2605596566572785e-09,
        "local_std_error": 0.0
      },
      {
        "coord": [
          1,
          53,
          182
        ],
        "element_error": 8.462369441986084e-05,
        "x_original": -0.0004237999673932791,
        "y_ref": -0.13370443880558014,
        "y_mixed": -0.1337890625,
        "norm_behavior": "normal",
        "storage_error": 1.0826624929904938e-07,
        "weight_error": 0.0,
        "bias_error": 0.0,
        "demote_error": 5.036592483520508e-05,
        "local_mean_error": 1.6063950170064345e-10,
        "local_std_error": 0.0
      },
      {
        "coord": [
          1,
          173,
          737
        ],
        "element_error": 8.381903171539307e-05,
        "x_original": 0.00040897741564549506,
        "y_ref": 0.1274031549692154,
        "y_mixed": 0.1273193359375,
        "norm_behavior": "normal",
        "storage_error": 8.95524863153696e-08,
        "weight_error": 0.0,
        "bias_error": 0.0,
        "demote_error": 5.561113357543945e-05,
        "local_mean_error": 2.8830982046201825e-10,
        "local_std_error": 0.0
      },
      {
        "coord": [
          6,
          416,
          562
        ],
        "element_error": 8.274614810943604e-05,
        "x_original": 0.00041021316428668797,
        "y_ref": 0.12992213666439056,
        "y_mixed": 0.1300048828125,
        "norm_behavior": "normal",
        "storage_error": 1.0521034710109234e-07,
        "weight_error": 0.0,
        "bias_error": 0.0,
        "demote_error": 4.9620866775512695e-05,
        "local_mean_error": 4.2035708247567527e-10,
        "local_std_error": 0.0
      },
      {
        "coord": [
          7,
          243,
          358
        ],
        "element_error": 8.152425289154053e-05,
        "x_original": 0.00042406466673128307,
        "y_ref": 0.13285304605960846,
        "y_mixed": 0.1329345703125,
        "norm_behavior": "normal",
        "storage_error": 8.198549039661884e-08,
        "weight_error": 0.0,
        "bias_error": 0.0,
        "demote_error": 5.5283308029174805e-05,
        "local_mean_error": 1.0113581083714962e-09,
        "local_std_error": 0.0
      },
      {
        "coord": [
          2,
          144,
          590
        ],
        "element_error": 8.113682270050049e-05,
        "x_original": -0.0003941889444831759,
        "y_ref": -0.1259356290102005,
        "y_mixed": -0.1258544921875,
        "norm_behavior": "normal",
        "storage_error": 8.303322829306126e-08,
        "weight_error": 0.0,
        "bias_error": 0.0,
        "demote_error": 5.46574592590332e-05,
        "local_mean_error": 7.371454557869583e-10,
        "local_std_error": 0.0
      },
      {
        "coord": [
          2,
          364,
          556
        ],
        "element_error": 8.103251457214355e-05,
        "x_original": 0.0004268338670954108,
        "y_ref": 0.13509079813957214,
        "y_mixed": 0.135009765625,
        "norm_behavior": "normal",
        "storage_error": 6.461050361394882e-08,
        "weight_error": 0.0,
        "bias_error": 0.0,
        "demote_error": 6.0111284255981445e-05,
        "local_mean_error": 1.558305484650191e-09,
        "local_std_error": 0.0
      },
      {
        "coord": [
          3,
          257,
          425
        ],
        "element_error": 8.03917646408081e-05,
        "x_original": -0.00039661629125475883,
        "y_ref": -0.1257741004228592,
        "y_mixed": -0.1258544921875,
        "norm_behavior": "normal",
        "storage_error": 1.1222437024116516e-07,
        "weight_error": 0.0,
        "bias_error": 0.0,
        "demote_error": 4.455447196960449e-05,
        "local_mean_error": 1.1339125194353983e-09,
        "local_std_error": 0.0
      }
    ]
  }
}