{
  "detector": {
    "detected_exceeded": false,
    "actual_err": 2.980215185743873e-08,
    "predicted_bound": 3.360175032867119e-05,
    "elapsed_sec": 2.387817144393921
  },
  "analyzer_report": {
    "component_estimates": {
      "input_storage_error": 2.980215185743873e-08,
      "output_storage_error": 3.05424582620617e-05
    },
    "component_ratios": {
      "input_storage_error": 0.0009748102186081802,
      "output_storage_error": 0.9990251897813918
    },
    "primary_source": "storage",
    "suggestion": "\u4e3b\u8981\u8bef\u5dee\u6765\u6e90\u4e3a\u8f93\u5165\u5b58\u50a8\u7cbe\u5ea6\u3002\u5efa\u8bae\uff1a\u63d0\u5347\u8f93\u5165\u5b58\u50a8\u7cbe\u5ea6\u6216\u8fdb\u884c\u8f93\u5165\u5f52\u4e00\u5316\uff0c\u7279\u522b\u6ce8\u610f\u63a5\u8fd1\u96f6\u7684\u503c\u3002 \u68c0\u6d4b\u5230\u63a5\u8fd1\u96f6\u7684\u8f93\u5165\u503c\uff0c\u8fd9\u4e9b\u5728ReLU\u4e2d\u6700\u5bb9\u6613\u4ea7\u751f\u7cbe\u5ea6\u8bef\u5dee\u3002\u8003\u8651\u6dfb\u52a0\u5c0f\u7684\u504f\u7f6e\u6216\u4f7f\u7528Leaky ReLU\u3002",
    "relu_behavior_stats": {
      "near_zero": 10
    },
    "top_elements_summary": [
      {
        "coord": [
          0,
          108,
          8,
          8
        ],
        "element_error": 2.980215185743873e-08,
        "x_original": 8.046625339375169e-07,
        "y_ref": 8.046625339375169e-07,
        "y_mixed": 7.748603820800781e-07,
        "relu_behavior": "near_zero",
        "storage_error": 2.980215185743873e-08,
        "demote_error": 0.0
      },
      {
        "coord": [
          0,
          76,
          3,
          6
        ],
        "element_error": 2.9801981327182148e-08,
        "x_original": 8.642670081826509e-07,
        "y_ref": 8.642670081826509e-07,
        "y_mixed": 8.344650268554688e-07,
        "relu_behavior": "near_zero",
        "storage_error": 2.9801981327182148e-08,
        "demote_error": 0.0
      },
      {
        "coord": [
          0,
          233,
          14,
          19
        ],
        "element_error": 2.9801640266668983e-08,
        "x_original": 7.450573775713565e-07,
        "y_ref": 7.450573775713565e-07,
        "y_mixed": 7.152557373046875e-07,
        "relu_behavior": "near_zero",
        "storage_error": 2.9801640266668983e-08,
        "demote_error": 0.0
      },
      {
        "coord": [
          0,
          43,
          2,
          31
        ],
        "element_error": 2.9801547896113334e-08,
        "x_original": 2.9801547896113334e-08,
        "y_ref": 2.9801547896113334e-08,
        "y_mixed": 0.0,
        "relu_behavior": "near_zero",
        "storage_error": 2.9801547896113334e-08,
        "demote_error": 0.0
      },
      {
        "coord": [
          0,
          147,
          5,
          15
        ],
        "element_error": 2.980149815812183e-08,
        "x_original": 3.278263704942219e-07,
        "y_ref": 3.278263704942219e-07,
        "y_mixed": 3.5762786865234375e-07,
        "relu_behavior": "near_zero",
        "storage_error": 2.980149815812183e-08,
        "demote_error": 0.0
      },
      {
        "coord": [
          0,
          194,
          27,
          25
        ],
        "element_error": 2.980149815812183e-08,
        "x_original": 2.6822007725968433e-07,
        "y_ref": 2.6822007725968433e-07,
        "y_mixed": 2.384185791015625e-07,
        "relu_behavior": "near_zero",
        "storage_error": 2.980149815812183e-08,
        "demote_error": 0.0
      },
      {
        "coord": [
          0,
          175,
          3,
          27
        ],
        "element_error": 2.980084445880493e-08,
        "x_original": 8.642688271720544e-07,
        "y_ref": 8.642688271720544e-07,
        "y_mixed": 8.940696716308594e-07,
        "relu_behavior": "near_zero",
        "storage_error": 2.980084445880493e-08,
        "demote_error": 0.0
      },
      {
        "coord": [
          0,
          55,
          17,
          18
        ],
        "element_error": 2.980067392854835e-08,
        "x_original": 9.238703455594077e-07,
        "y_ref": 9.238703455594077e-07,
        "y_mixed": 8.940696716308594e-07,
        "relu_behavior": "near_zero",
        "storage_error": 2.980067392854835e-08,
        "demote_error": 0.0
      },
      {
        "coord": [
          0,
          56,
          13,
          21
        ],
        "element_error": 2.980064550683892e-08,
        "x_original": 3.8743186792089546e-07,
        "y_ref": 3.8743186792089546e-07,
        "y_mixed": 4.172325134277344e-07,
        "relu_behavior": "near_zero",
        "storage_error": 2.980064550683892e-08,
        "demote_error": 0.0
      },
      {
        "coord": [
          0,
          190,
          13,
          5
        ],
        "element_error": 2.9800219181197463e-08,
        "x_original": 5.662420221597131e-07,
        "y_ref": 5.662420221597131e-07,
        "y_mixed": 5.364418029785156e-07,
        "relu_behavior": "near_zero",
        "storage_error": 2.9800219181197463e-08,
        "demote_error": 0.0
      }
    ]
  }
}