{
  "detector": {
    "detected_exceeded": false,
    "actual_err": 0.0029516220092773438,
    "predicted_bound": 0.005439331661909819,
    "elapsed_sec": 2.2784945964813232
  },
  "analyzer_report": {
    "component_estimates": {
      "input_storage_error": 0.0029516220092773438,
      "affine_params_error": 0.0029516220092773438,
      "statistics_computation_error": 0.0029516220092773438,
      "output_storage_error": 0.0038909912109375
    },
    "component_ratios": {
      "input_storage_error": 0.23157500935278713,
      "affine_params_error": 0.23157500935278713,
      "statistics_computation_error": 0.23157500935278713,
      "output_storage_error": 0.3052749719416386
    },
    "primary_source": "statistics",
    "suggestion": "\u4e3b\u8981\u8bef\u5dee\u6765\u6e90\u4e3a\u7edf\u8ba1\u91cf\u8ba1\u7b97\u7cbe\u5ea6\u3002\u5efa\u8bae\uff1a\u589e\u5927batch size\u3001\u4f7f\u7528\u66f4\u7a33\u5b9a\u7684\u7edf\u8ba1\u7b97\u6cd5\u6216\u8003\u8651LayerNorm\u66ff\u4ee3\u3002 31.2%\u7684\u901a\u9053\u65b9\u5dee\u63a5\u8fd1eps\uff0c\u5b58\u5728\u6570\u503c\u4e0d\u7a33\u5b9a\u98ce\u9669\u3002\u8003\u8651\u589e\u5927eps\u503c\u6216\u68c0\u67e5\u8f93\u5165\u6570\u636e\u9884\u5904\u7406\u3002",
    "batch_statistics": {
      "batch_size": 4,
      "num_channels": 32,
      "spatial_size": [
        16,
        16
      ],
      "input_range": {
        "min": -0.043294757604599,
        "max": 0.04315103217959404,
        "mean": 7.724249007878825e-05,
        "std": 0.010020210407674313
      }
    },
    "numerical_feature_stats": {
      "near_zero_variance": 10,
      "extreme_values": 0,
      "small_batch": 0,
      "high_variance": 0
    },
    "channel_analysis_summary": [
      {
        "channel_index": 29,
        "channel_error": 0.00022567875566892326,
        "weight_error": 0.0,
        "bias_error": 0.0,
        "stats_instability_estimate": 0.5,
        "numerical_features": {
          "near_zero_variance": true,
          "extreme_values": false,
          "small_batch": false,
          "high_variance": false,
          "near_zero_mean": false,
          "skewed_distribution": false
        }
      },
      {
        "channel_index": 17,
        "channel_error": 0.00022492354037240148,
        "weight_error": 0.0,
        "bias_error": 0.0,
        "stats_instability_estimate": 0.5,
        "numerical_features": {
          "near_zero_variance": true,
          "extreme_values": false,
          "small_batch": false,
          "high_variance": false,
          "near_zero_mean": false,
          "skewed_distribution": false
        }
      },
      {
        "channel_index": 15,
        "channel_error": 0.0002248252130812034,
        "weight_error": 0.0,
        "bias_error": 0.0,
        "stats_instability_estimate": 5.0,
        "numerical_features": {
          "near_zero_variance": true,
          "extreme_values": false,
          "small_batch": false,
          "high_variance": false,
          "near_zero_mean": false,
          "skewed_distribution": false
        }
      },
      {
        "channel_index": 22,
        "channel_error": 0.0002096440875902772,
        "weight_error": 0.0,
        "bias_error": 0.0,
        "stats_instability_estimate": 0.5,
        "numerical_features": {
          "near_zero_variance": true,
          "extreme_values": false,
          "small_batch": false,
          "high_variance": false,
          "near_zero_mean": false,
          "skewed_distribution": false
        }
      },
      {
        "channel_index": 0,
        "channel_error": 0.00020587907056324184,
        "weight_error": 0.0,
        "bias_error": 0.0,
        "stats_instability_estimate": 0.5,
        "numerical_features": {
          "near_zero_variance": true,
          "extreme_values": false,
          "small_batch": false,
          "high_variance": false,
          "near_zero_mean": false,
          "skewed_distribution": false
        }
      },
      {
        "channel_index": 4,
        "channel_error": 0.00020175047393422574,
        "weight_error": 0.0,
        "bias_error": 0.0,
        "stats_instability_estimate": 0.5,
        "numerical_features": {
          "near_zero_variance": true,
          "extreme_values": false,
          "small_batch": false,
          "high_variance": false,
          "near_zero_mean": false,
          "skewed_distribution": false
        }
      },
      {
        "channel_index": 31,
        "channel_error": 0.00020173178927507252,
        "weight_error": 0.0,
        "bias_error": 0.0,
        "stats_instability_estimate": 5.0,
        "numerical_features": {
          "near_zero_variance": true,
          "extreme_values": false,
          "small_batch": false,
          "high_variance": false,
          "near_zero_mean": false,
          "skewed_distribution": false
        }
      },
      {
        "channel_index": 6,
        "channel_error": 0.00020065545686520636,
        "weight_error": 0.0,
        "bias_error": 0.0,
        "stats_instability_estimate": 0.5,
        "numerical_features": {
          "near_zero_variance": true,
          "extreme_values": false,
          "small_batch": false,
          "high_variance": false,
          "near_zero_mean": false,
          "skewed_distribution": false
        }
      },
      {
        "channel_index": 30,
        "channel_error": 0.00019583212269935757,
        "weight_error": 0.0,
        "bias_error": 0.0,
        "stats_instability_estimate": 5.0,
        "numerical_features": {
          "near_zero_variance": true,
          "extreme_values": false,
          "small_batch": false,
          "high_variance": false,
          "near_zero_mean": false,
          "skewed_distribution": false
        }
      },
      {
        "channel_index": 16,
        "channel_error": 0.00019577963394112885,
        "weight_error": 0.0,
        "bias_error": 0.0,
        "stats_instability_estimate": 0.5,
        "numerical_features": {
          "near_zero_variance": true,
          "extreme_values": false,
          "small_batch": false,
          "high_variance": false,
          "near_zero_mean": false,
          "skewed_distribution": false
        }
      }
    ]
  }
}