{
  "detector": {
    "detected_exceeded": false,
    "actual_err": 6.181001663208008e-05,
    "predicted_bound": 0.00013538583589252086,
    "elapsed_sec": 3.9726057052612305
  },
  "meta": {
    "distribution": "adversarial_sum",
    "bias": true,
    "batch_size": 32,
    "in_features": 1024,
    "out_features": 4096
  },
  "analyzer_report": {
    "component_estimates": {
      "input_storage_error": 6.181001663208008e-05,
      "weight_storage_error": 6.181001663208008e-05,
      "accumulation_error": 6.181001663208008e-05,
      "output_storage_error": 0.00010564923286437988,
      "bias_storage_error": 6.181001663208008e-05
    },
    "component_ratios": {
      "input_storage_error": 0.17515412549615741,
      "weight_storage_error": 0.17515412549615741,
      "accumulation_error": 0.17515412549615741,
      "output_storage_error": 0.29938349801537034,
      "bias_storage_error": 0.17515412549615741
    },
    "primary_source": "input_storage",
    "suggestion": "\u4e3b\u8981\u8bef\u5dee\u6765\u6e90\u4e3a\u8f93\u5165\u5b58\u50a8\u7cbe\u5ea6\u3002\u5efa\u8bae\uff1a\u63d0\u5347\u8f93\u5165\u5b58\u50a8\u7cbe\u5ea6\u6216\u8fdb\u884c\u8f93\u5165\u5f52\u4e00\u5316/\u6807\u51c6\u5316\u4ee5\u964d\u4f4e\u6570\u503c\u8303\u56f4\u3002",
    "aggregated_ratios": {
      "input_storage": 0.9733372670553151,
      "weight_storage": 0.0,
      "bias_storage": 0.0,
      "accumulation": 0.00012823679023501888,
      "demote": 0.026534496154449944
    },
    "top_neurons_summary": [
      {
        "coord": [
          9,
          2553
        ],
        "neuron_error": 6.181001663208008e-05,
        "y_ref": 0.12676924467086792,
        "y_mixed": 0.1268310546875,
        "input_storage_error": 0.0014506775187328458,
        "weight_storage_error": 0.0,
        "bias_storage_error": 0.0,
        "accumulation_estimate": 2.384185791015625e-07,
        "demote_error": 5.154311656951904e-05,
        "in_features": 1024,
        "neuron_idx": 2553,
        "batch_idx": 9
      },
      {
        "coord": [
          12,
          168
        ],
        "neuron_error": 5.677342414855957e-05,
        "y_ref": 0.13189271092414856,
        "y_mixed": 0.1318359375,
        "input_storage_error": 0.0014395795296877623,
        "weight_storage_error": 0.0,
        "bias_storage_error": 0.0,
        "accumulation_estimate": 2.384185791015625e-07,
        "demote_error": 5.953013896942139e-05,
        "in_features": 1024,
        "neuron_idx": 168,
        "batch_idx": 12
      },
      {
        "coord": [
          28,
          4020
        ],
        "neuron_error": 5.4582953453063965e-05,
        "y_ref": -0.06366612017154694,
        "y_mixed": -0.063720703125,
        "input_storage_error": 0.00145703402813524,
        "weight_storage_error": 0.0,
        "bias_storage_error": 0.0,
        "accumulation_estimate": 1.1920928955078125e-07,
        "demote_error": 3.0294060707092285e-05,
        "in_features": 1024,
        "neuron_idx": 4020,
        "batch_idx": 28
      },
      {
        "coord": [
          31,
          5
        ],
        "neuron_error": 5.379319190979004e-05,
        "y_ref": 0.1303028166294098,
        "y_mixed": 0.1302490234375,
        "input_storage_error": 0.0014322244096547365,
        "weight_storage_error": 0.0,
        "bias_storage_error": 0.0,
        "accumulation_estimate": 2.384185791015625e-07,
        "demote_error": 4.1961669921875e-05,
        "in_features": 1024,
        "neuron_idx": 5,
        "batch_idx": 31
      },
      {
        "coord": [
          5,
          1565
        ],
        "neuron_error": 5.301833152770996e-05,
        "y_ref": -0.1262737214565277,
        "y_mixed": -0.126220703125,
        "input_storage_error": 0.0014189128996804357,
        "weight_storage_error": 0.0,
        "bias_storage_error": 0.0,
        "accumulation_estimate": 2.384185791015625e-07,
        "demote_error": 4.297494888305664e-05,
        "in_features": 1024,
        "neuron_idx": 1565,
        "batch_idx": 5
      },
      {
        "coord": [
          23,
          3381
        ],
        "neuron_error": 5.1140785217285156e-05,
        "y_ref": -0.08885729312896729,
        "y_mixed": -0.08880615234375,
        "input_storage_error": 0.0015142369084060192,
        "weight_storage_error": 0.0,
        "bias_storage_error": 0.0,
        "accumulation_estimate": 1.1920928955078125e-07,
        "demote_error": 2.6345252990722656e-05,
        "in_features": 1024,
        "neuron_idx": 3381,
        "batch_idx": 23
      },
      {
        "coord": [
          2,
          1274
        ],
        "neuron_error": 5.094707012176514e-05,
        "y_ref": -0.12785856425762177,
        "y_mixed": -0.1278076171875,
        "input_storage_error": 0.0014280183240771294,
        "weight_storage_error": 0.0,
        "bias_storage_error": 0.0,
        "accumulation_estimate": 2.384185791015625e-07,
        "demote_error": 5.424022674560547e-05,
        "in_features": 1024,
        "neuron_idx": 1274,
        "batch_idx": 2
      },
      {
        "coord": [
          25,
          261
        ],
        "neuron_error": 4.7363340854644775e-05,
        "y_ref": 0.09620507806539536,
        "y_mixed": 0.09625244140625,
        "input_storage_error": 0.0014471319736912847,
        "weight_storage_error": 0.0,
        "bias_storage_error": 0.0,
        "accumulation_estimate": 1.1920928955078125e-07,
        "demote_error": 2.527981996536255e-05,
        "in_features": 1024,
        "neuron_idx": 261,
        "batch_idx": 25
      },
      {
        "coord": [
          28,
          2609
        ],
        "neuron_error": 4.704296588897705e-05,
        "y_ref": -0.07719548046588898,
        "y_mixed": -0.0771484375,
        "input_storage_error": 0.00145703402813524,
        "weight_storage_error": 0.0,
        "bias_storage_error": 0.0,
        "accumulation_estimate": 1.1920928955078125e-07,
        "demote_error": 2.4497509002685547e-05,
        "in_features": 1024,
        "neuron_idx": 2609,
        "batch_idx": 28
      },
      {
        "coord": [
          31,
          937
        ],
        "neuron_error": 4.646182060241699e-05,
        "y_ref": 0.13081291317939758,
        "y_mixed": 0.130859375,
        "input_storage_error": 0.0014322244096547365,
        "weight_storage_error": 0.0,
        "bias_storage_error": 0.0,
        "accumulation_estimate": 2.384185791015625e-07,
        "demote_error": 3.7997961044311523e-05,
        "in_features": 1024,
        "neuron_idx": 937,
        "batch_idx": 31
      }
    ]
  }
}