{
  "detector": {
    "detected_exceeded": false,
    "actual_err": 6.252527236938477e-05,
    "predicted_bound": 0.00014278955495683476,
    "elapsed_sec": 3.7740261554718018
  },
  "meta": {
    "distribution": "adversarial_sum",
    "bias": true,
    "batch_size": 32,
    "in_features": 1024,
    "out_features": 4096
  },
  "analyzer_report": {
    "component_estimates": {
      "input_storage_error": 6.252527236938477e-05,
      "weight_storage_error": 6.252527236938477e-05,
      "accumulation_error": 6.252527236938477e-05,
      "output_storage_error": 0.00010983645915985107,
      "bias_storage_error": 6.252527236938477e-05
    },
    "component_ratios": {
      "input_storage_error": 0.1737114469054026,
      "weight_storage_error": 0.1737114469054026,
      "accumulation_error": 0.1737114469054026,
      "output_storage_error": 0.3051542123783896,
      "bias_storage_error": 0.1737114469054026
    },
    "primary_source": "input_storage",
    "suggestion": "\u4e3b\u8981\u8bef\u5dee\u6765\u6e90\u4e3a\u8f93\u5165\u5b58\u50a8\u7cbe\u5ea6\u3002\u5efa\u8bae\uff1a\u63d0\u5347\u8f93\u5165\u5b58\u50a8\u7cbe\u5ea6\u6216\u8fdb\u884c\u8f93\u5165\u5f52\u4e00\u5316/\u6807\u51c6\u5316\u4ee5\u964d\u4f4e\u6570\u503c\u8303\u56f4\u3002",
    "aggregated_ratios": {
      "input_storage": 0.9704927283227106,
      "weight_storage": 0.0,
      "bias_storage": 0.0,
      "accumulation": 0.00013523130406440994,
      "demote": 0.029372040373225036
    },
    "top_neurons_summary": [
      {
        "coord": [
          14,
          3895
        ],
        "neuron_error": 6.252527236938477e-05,
        "y_ref": -0.12750095129013062,
        "y_mixed": -0.1275634765625,
        "input_storage_error": 0.0015034431125968695,
        "weight_storage_error": 0.0,
        "bias_storage_error": 0.0,
        "accumulation_estimate": 2.384185791015625e-07,
        "demote_error": 4.267692565917969e-05,
        "in_features": 1024,
        "neuron_idx": 3895,
        "batch_idx": 14
      },
      {
        "coord": [
          13,
          3427
        ],
        "neuron_error": 6.224215030670166e-05,
        "y_ref": -0.1393444687128067,
        "y_mixed": -0.1392822265625,
        "input_storage_error": 0.001438045408576727,
        "weight_storage_error": 0.0,
        "bias_storage_error": 0.0,
        "accumulation_estimate": 2.384185791015625e-07,
        "demote_error": 5.7309865951538086e-05,
        "in_features": 1024,
        "neuron_idx": 3427,
        "batch_idx": 13
      },
      {
        "coord": [
          25,
          421
        ],
        "neuron_error": 5.942583084106445e-05,
        "y_ref": 0.13788002729415894,
        "y_mixed": 0.137939453125,
        "input_storage_error": 0.0014485262800008059,
        "weight_storage_error": 0.0,
        "bias_storage_error": 0.0,
        "accumulation_estimate": 2.384185791015625e-07,
        "demote_error": 5.313754081726074e-05,
        "in_features": 1024,
        "neuron_idx": 421,
        "batch_idx": 25
      },
      {
        "coord": [
          31,
          2710
        ],
        "neuron_error": 5.9351325035095215e-05,
        "y_ref": 0.1323869377374649,
        "y_mixed": 0.1324462890625,
        "input_storage_error": 0.0013750060461461544,
        "weight_storage_error": 0.0,
        "bias_storage_error": 0.0,
        "accumulation_estimate": 2.384185791015625e-07,
        "demote_error": 5.614757537841797e-05,
        "in_features": 1024,
        "neuron_idx": 2710,
        "batch_idx": 31
      },
      {
        "coord": [
          19,
          2010
        ],
        "neuron_error": 5.381554365158081e-05,
        "y_ref": -0.06592518836259842,
        "y_mixed": -0.06597900390625,
        "input_storage_error": 0.0014823030214756727,
        "weight_storage_error": 0.0,
        "bias_storage_error": 0.0,
        "accumulation_estimate": 1.1920928955078125e-07,
        "demote_error": 2.6419758796691895e-05,
        "in_features": 1024,
        "neuron_idx": 2010,
        "batch_idx": 19
      },
      {
        "coord": [
          11,
          2260
        ],
        "neuron_error": 5.233287811279297e-05,
        "y_ref": -0.1271449327468872,
        "y_mixed": -0.127197265625,
        "input_storage_error": 0.001474857097491622,
        "weight_storage_error": 0.0,
        "bias_storage_error": 0.0,
        "accumulation_estimate": 2.384185791015625e-07,
        "demote_error": 5.075335502624512e-05,
        "in_features": 1024,
        "neuron_idx": 2260,
        "batch_idx": 11
      },
      {
        "coord": [
          24,
          4038
        ],
        "neuron_error": 5.0574541091918945e-05,
        "y_ref": -0.07563301920890808,
        "y_mixed": -0.07568359375,
        "input_storage_error": 0.0014643048634752631,
        "weight_storage_error": 0.0,
        "bias_storage_error": 0.0,
        "accumulation_estimate": 1.1920928955078125e-07,
        "demote_error": 2.7842819690704346e-05,
        "in_features": 1024,
        "neuron_idx": 4038,
        "batch_idx": 24
      },
      {
        "coord": [
          30,
          1997
        ],
        "neuron_error": 5.041062831878662e-05,
        "y_ref": 0.1300552934408188,
        "y_mixed": 0.1300048828125,
        "input_storage_error": 0.0015050559304654598,
        "weight_storage_error": 0.0,
        "bias_storage_error": 0.0,
        "accumulation_estimate": 2.384185791015625e-07,
        "demote_error": 4.316866397857666e-05,
        "in_features": 1024,
        "neuron_idx": 1997,
        "batch_idx": 30
      },
      {
        "coord": [
          15,
          414
        ],
        "neuron_error": 5.015730857849121e-05,
        "y_ref": 0.1416517198085785,
        "y_mixed": 0.1416015625,
        "input_storage_error": 0.0014607437187805772,
        "weight_storage_error": 0.0,
        "bias_storage_error": 0.0,
        "accumulation_estimate": 2.384185791015625e-07,
        "demote_error": 5.485117435455322e-05,
        "in_features": 1024,
        "neuron_idx": 414,
        "batch_idx": 15
      },
      {
        "coord": [
          12,
          2953
        ],
        "neuron_error": 4.89652156829834e-05,
        "y_ref": -0.06757798790931702,
        "y_mixed": -0.067626953125,
        "input_storage_error": 0.001391386496834457,
        "weight_storage_error": 0.0,
        "bias_storage_error": 0.0,
        "accumulation_estimate": 1.1920928955078125e-07,
        "demote_error": 2.7857720851898193e-05,
        "in_features": 1024,
        "neuron_idx": 2953,
        "batch_idx": 12
      }
    ]
  }
}