{
  "detector": {
    "detected_exceeded": false,
    "actual_err": 7.12275505065918e-05,
    "predicted_bound": 0.0001462813452235423,
    "elapsed_sec": 3.9384305477142334
  },
  "meta": {
    "distribution": "adversarial_sum",
    "bias": true,
    "batch_size": 32,
    "in_features": 1024,
    "out_features": 4096
  },
  "analyzer_report": {
    "component_estimates": {
      "input_storage_error": 7.12275505065918e-05,
      "weight_storage_error": 7.12275505065918e-05,
      "accumulation_error": 7.12275505065918e-05,
      "output_storage_error": 0.00010888278484344482,
      "bias_storage_error": 7.12275505065918e-05
    },
    "component_ratios": {
      "input_storage_error": 0.18087561963143756,
      "weight_storage_error": 0.18087561963143756,
      "accumulation_error": 0.18087561963143756,
      "output_storage_error": 0.27649752147424983,
      "bias_storage_error": 0.18087561963143756
    },
    "primary_source": "input_storage",
    "suggestion": "\u4e3b\u8981\u8bef\u5dee\u6765\u6e90\u4e3a\u8f93\u5165\u5b58\u50a8\u7cbe\u5ea6\u3002\u5efa\u8bae\uff1a\u63d0\u5347\u8f93\u5165\u5b58\u50a8\u7cbe\u5ea6\u6216\u8fdb\u884c\u8f93\u5165\u5f52\u4e00\u5316/\u6807\u51c6\u5316\u4ee5\u964d\u4f4e\u6570\u503c\u8303\u56f4\u3002",
    "aggregated_ratios": {
      "input_storage": 0.970513234714421,
      "weight_storage": 0.0,
      "bias_storage": 0.0,
      "accumulation": 0.00013697675879421203,
      "demote": 0.029349788526784822
    },
    "top_neurons_summary": [
      {
        "coord": [
          21,
          2739
        ],
        "neuron_error": 7.12275505065918e-05,
        "y_ref": 0.1281026005744934,
        "y_mixed": 0.128173828125,
        "input_storage_error": 0.0013588032452389598,
        "weight_storage_error": 0.0,
        "bias_storage_error": 0.0,
        "accumulation_estimate": 2.384185791015625e-07,
        "demote_error": 5.6296586990356445e-05,
        "in_features": 1024,
        "neuron_idx": 2739,
        "batch_idx": 21
      },
      {
        "coord": [
          5,
          1248
        ],
        "neuron_error": 5.796551704406738e-05,
        "y_ref": 0.14263609051704407,
        "y_mixed": 0.142578125,
        "input_storage_error": 0.001392836100421846,
        "weight_storage_error": 0.0,
        "bias_storage_error": 0.0,
        "accumulation_estimate": 2.384185791015625e-07,
        "demote_error": 4.629790782928467e-05,
        "in_features": 1024,
        "neuron_idx": 1248,
        "batch_idx": 5
      },
      {
        "coord": [
          6,
          3976
        ],
        "neuron_error": 5.626678466796875e-05,
        "y_ref": -0.12592029571533203,
        "y_mixed": -0.1259765625,
        "input_storage_error": 0.0014876637142151594,
        "weight_storage_error": 0.0,
        "bias_storage_error": 0.0,
        "accumulation_estimate": 2.384185791015625e-07,
        "demote_error": 5.4642558097839355e-05,
        "in_features": 1024,
        "neuron_idx": 3976,
        "batch_idx": 6
      },
      {
        "coord": [
          20,
          3119
        ],
        "neuron_error": 5.435943603515625e-05,
        "y_ref": 0.13178157806396484,
        "y_mixed": 0.1318359375,
        "input_storage_error": 0.0014458224177360535,
        "weight_storage_error": 0.0,
        "bias_storage_error": 0.0,
        "accumulation_estimate": 2.384185791015625e-07,
        "demote_error": 4.877150058746338e-05,
        "in_features": 1024,
        "neuron_idx": 3119,
        "batch_idx": 20
      },
      {
        "coord": [
          22,
          3303
        ],
        "neuron_error": 5.32492995262146e-05,
        "y_ref": 0.08177932351827621,
        "y_mixed": 0.08172607421875,
        "input_storage_error": 0.0015344445127993822,
        "weight_storage_error": 0.0,
        "bias_storage_error": 0.0,
        "accumulation_estimate": 1.1920928955078125e-07,
        "demote_error": 3.042072057723999e-05,
        "in_features": 1024,
        "neuron_idx": 3303,
        "batch_idx": 22
      },
      {
        "coord": [
          24,
          564
        ],
        "neuron_error": 5.005300045013428e-05,
        "y_ref": 0.12910033762454987,
        "y_mixed": 0.129150390625,
        "input_storage_error": 0.0014334609732031822,
        "weight_storage_error": 0.0,
        "bias_storage_error": 0.0,
        "accumulation_estimate": 2.384185791015625e-07,
        "demote_error": 5.199015140533447e-05,
        "in_features": 1024,
        "neuron_idx": 564,
        "batch_idx": 24
      },
      {
        "coord": [
          3,
          666
        ],
        "neuron_error": 4.902482032775879e-05,
        "y_ref": -0.14763203263282776,
        "y_mixed": -0.1475830078125,
        "input_storage_error": 0.001371749327518046,
        "weight_storage_error": 0.0,
        "bias_storage_error": 0.0,
        "accumulation_estimate": 2.384185791015625e-07,
        "demote_error": 4.9620866775512695e-05,
        "in_features": 1024,
        "neuron_idx": 666,
        "batch_idx": 3
      },
      {
        "coord": [
          11,
          2195
        ],
        "neuron_error": 4.89652156829834e-05,
        "y_ref": -0.13615736365318298,
        "y_mixed": -0.1361083984375,
        "input_storage_error": 0.0014411949086934328,
        "weight_storage_error": 0.0,
        "bias_storage_error": 0.0,
        "accumulation_estimate": 2.384185791015625e-07,
        "demote_error": 4.0858983993530273e-05,
        "in_features": 1024,
        "neuron_idx": 2195,
        "batch_idx": 11
      },
      {
        "coord": [
          0,
          2803
        ],
        "neuron_error": 4.883110523223877e-05,
        "y_ref": 0.06379394233226776,
        "y_mixed": 0.0638427734375,
        "input_storage_error": 0.0014468519948422909,
        "weight_storage_error": 0.0,
        "bias_storage_error": 0.0,
        "accumulation_estimate": 1.1920928955078125e-07,
        "demote_error": 2.6702880859375e-05,
        "in_features": 1024,
        "neuron_idx": 2803,
        "batch_idx": 0
      },
      {
        "coord": [
          20,
          1595
        ],
        "neuron_error": 4.8823654651641846e-05,
        "y_ref": 0.06932372599840164,
        "y_mixed": 0.06927490234375,
        "input_storage_error": 0.0014458224177360535,
        "weight_storage_error": 0.0,
        "bias_storage_error": 0.0,
        "accumulation_estimate": 1.1920928955078125e-07,
        "demote_error": 2.8625130653381348e-05,
        "in_features": 1024,
        "neuron_idx": 1595,
        "batch_idx": 20
      }
    ]
  }
}