{
  "detector": {
    "detected_exceeded": false,
    "actual_err": 3.750622272491455e-05,
    "predicted_bound": 9.757113512023353e-05,
    "elapsed_sec": 2.993046283721924
  },
  "analyzer_report": {
    "component_estimates": {
      "input_storage_error": 4.0434300899505615e-05,
      "matmul1_accumulation_error": 4.0434300899505615e-05,
      "scaling_error": 4.0434300899505615e-05,
      "softmax_numerical_error": 4.0434300899505615e-05,
      "matmul2_accumulation_error": 4.0434300899505615e-05,
      "output_demote_error": 6.890296936035156e-05
    },
    "component_ratios": {
      "input_storage_error": 0.14916307066487094,
      "matmul1_accumulation_error": 0.14916307066487094,
      "scaling_error": 0.14916307066487094,
      "softmax_numerical_error": 0.14916307066487094,
      "matmul2_accumulation_error": 0.14916307066487094,
      "output_demote_error": 0.2541846466756452
    },
    "primary_source": "storage_error",
    "suggestion": "\u4e3b\u8981\u8bef\u5dee\u6765\u6e90\u4e3a\u8f93\u5165\u5b58\u50a8\u7cbe\u5ea6\u3002\u5efa\u8bae\uff1a\u63d0\u5347Q/K/V\u7684\u5b58\u50a8\u7cbe\u5ea6\uff1b\u8fdb\u884c\u8f93\u5165\u5f52\u4e00\u5316\uff1b\u68c0\u67e5embedding\u5c42\u7684\u8f93\u51fa\u8303\u56f4\u3002 \u68c0\u6d4b\u5230\u5927\u91cf\u5c16\u9510\u7684attention\u6a21\u5f0f\uff08\u4f4e\u71b5\uff09\uff0c\u8fd9\u4f1a\u653e\u5927softmax\u7684\u6570\u503c\u8bef\u5dee\u3002\u8003\u8651\u4f7f\u7528attention dropout\u6216\u6e29\u5ea6\u7f29\u653e\u3002",
    "attention_pattern_stats": {
      "global_avg_entropy": 3.878161668777466,
      "global_sparsity": 0.6949920654296875,
      "max_attention_weight": 1.0,
      "min_attention_weight": 0.0
    },
    "attention_behavior_stats": {
      "high_entropy_tokens": 0,
      "low_entropy_tokens": 7,
      "total_analyzed": 8
    },
    "top_tokens_summary": [
      {
        "batch_idx": 0,
        "head_idx": 7,
        "token_idx": 1,
        "token_error": 8.781191354501061e-06,
        "entropy_ref": 0.6931130290031433,
        "max_attention_weight_ref": 0.5041318535804749,
        "attention_weight_error": 0.0,
        "stage_errors": {
          "storage_error": 2.27156142500462e-05,
          "matmul1_error": 1.3286241233711465e-09,
          "softmax_error": 8.522005373379216e-07,
          "matmul2_error": 7.303511665668339e-07,
          "demote_error": 8.522005373379216e-08
        }
      },
      {
        "batch_idx": 0,
        "head_idx": 6,
        "token_idx": 1,
        "token_error": 8.736133167985827e-06,
        "entropy_ref": 0.6931372880935669,
        "max_attention_weight_ref": 0.502231776714325,
        "attention_weight_error": 1.7881393432617188e-07,
        "stage_errors": {
          "storage_error": 1.9927351331716636e-05,
          "matmul1_error": 9.318830022607802e-10,
          "softmax_error": 5.905037596676266e-07,
          "matmul2_error": 7.047963663353585e-07,
          "demote_error": 5.905037596676266e-08
        }
      },
      {
        "batch_idx": 0,
        "head_idx": 0,
        "token_idx": 0,
        "token_error": 8.294780855067074e-06,
        "entropy_ref": -0.0,
        "max_attention_weight_ref": 1.0,
        "attention_weight_error": 0.0,
        "stage_errors": {
          "storage_error": 2.1848248707101448e-05,
          "matmul1_error": 1.2251703512679778e-09,
          "softmax_error": 7.618124072905631e-07,
          "matmul2_error": 7.122680472093634e-07,
          "demote_error": 7.61812407290563e-08
        }
      },
      {
        "batch_idx": 0,
        "head_idx": 6,
        "token_idx": 0,
        "token_error": 8.280509064206854e-06,
        "entropy_ref": -0.0,
        "max_attention_weight_ref": 1.0,
        "attention_weight_error": 0.0,
        "stage_errors": {
          "storage_error": 2.0476742975006346e-05,
          "matmul1_error": 1.0185833366081798e-09,
          "softmax_error": 6.454429239965975e-07,
          "matmul2_error": 7.047963663353585e-07,
          "demote_error": 6.454429239965975e-08
        }
      },
      {
        "batch_idx": 0,
        "head_idx": 5,
        "token_idx": 0,
        "token_error": 7.371781975962222e-06,
        "entropy_ref": -0.0,
        "max_attention_weight_ref": 1.0,
        "attention_weight_error": 0.0,
        "stage_errors": {
          "storage_error": 2.2377282220986672e-05,
          "matmul1_error": 1.33171569786653e-09,
          "softmax_error": 8.502534910803662e-07,
          "matmul2_error": 6.952802777959732e-07,
          "demote_error": 8.502534910803661e-08
        }
      },
      {
        "batch_idx": 0,
        "head_idx": 7,
        "token_idx": 0,
        "token_error": 7.322159945033491e-06,
        "entropy_ref": -0.0,
        "max_attention_weight_ref": 1.0,
        "attention_weight_error": 0.0,
        "stage_errors": {
          "storage_error": 2.093201874231454e-05,
          "matmul1_error": 1.0505524824741366e-09,
          "softmax_error": 6.738409865647554e-07,
          "matmul2_error": 7.303511665668339e-07,
          "demote_error": 6.738409865647555e-08
        }
      },
      {
        "batch_idx": 0,
        "head_idx": 3,
        "token_idx": 0,
        "token_error": 7.2538459789939225e-06,
        "entropy_ref": -0.0,
        "max_attention_weight_ref": 1.0,
        "attention_weight_error": 0.0,
        "stage_errors": {
          "storage_error": 2.2376447304850444e-05,
          "matmul1_error": 1.3111136667847041e-09,
          "softmax_error": 8.062750566750765e-07,
          "matmul2_error": 7.127118806238286e-07,
          "demote_error": 8.062750566750765e-08
        }
      },
      {
        "batch_idx": 0,
        "head_idx": 3,
        "token_idx": 2,
        "token_error": 7.181537512224168e-06,
        "entropy_ref": 1.0985713005065918,
        "max_attention_weight_ref": 0.3375798463821411,
        "attention_weight_error": 6.854534149169922e-07,
        "stage_errors": {
          "storage_error": 2.2553598682861775e-05,
          "matmul1_error": 1.3399209070530832e-09,
          "softmax_error": 8.239901944762096e-07,
          "matmul2_error": 7.127118806238286e-07,
          "demote_error": 8.239901944762096e-08
        }
      }
    ],
    "head_analysis": [
      {
        "head_idx": 0,
        "avg_error": 1.794089371287555e-06,
        "avg_entropy": 3.878161907196045,
        "avg_max_weight": 0.04285942763090134,
        "sparsity": 0.6949462890625
      },
      {
        "head_idx": 1,
        "avg_error": 1.7595168628758984e-06,
        "avg_entropy": 3.878161668777466,
        "avg_max_weight": 0.04286807402968407,
        "sparsity": 0.6949462890625
      },
      {
        "head_idx": 2,
        "avg_error": 1.9642991446744418e-06,
        "avg_entropy": 3.8781611919403076,
        "avg_max_weight": 0.042902372777462006,
        "sparsity": 0.69482421875
      },
      {
        "head_idx": 3,
        "avg_error": 1.9243498172727413e-06,
        "avg_entropy": 3.8781614303588867,
        "avg_max_weight": 0.042883895337581635,
        "sparsity": 0.695068359375
      },
      {
        "head_idx": 4,
        "avg_error": 1.8652391418072511e-06,
        "avg_entropy": 3.878161668777466,
        "avg_max_weight": 0.042883917689323425,
        "sparsity": 0.69512939453125
      },
      {
        "head_idx": 5,
        "avg_error": 1.8703493651628378e-06,
        "avg_entropy": 3.878162145614624,
        "avg_max_weight": 0.04286009445786476,
        "sparsity": 0.69488525390625
      },
      {
        "head_idx": 6,
        "avg_error": 1.867106334429991e-06,
        "avg_entropy": 3.8781614303588867,
        "avg_max_weight": 0.04287382587790489,
        "sparsity": 0.6953125
      },
      {
        "head_idx": 7,
        "avg_error": 1.8549158085079398e-06,
        "avg_entropy": 3.878162384033203,
        "avg_max_weight": 0.04285074397921562,
        "sparsity": 0.69482421875
      }
    ]
  }
}