{
  "detector": {
    "detected_exceeded": false,
    "actual_err": 0.0020875930786132812,
    "predicted_bound": 0.0028334617614746097,
    "elapsed_sec": 2.429034471511841
  },
  "analyzer_report": {
    "component_estimates": {
      "input_storage_error": 0.0020875930786132812,
      "max_subtraction_error": 0.0020875930786132812,
      "exponential_error": 0.0020875930786132812,
      "sum_accumulation_error": 0.0020875930786132812,
      "output_storage_error": 0.0025758743286132812
    },
    "component_ratios": {
      "input_storage_error": 0.1910622326961683,
      "max_subtraction_error": 0.1910622326961683,
      "exponential_error": 0.1910622326961683,
      "sum_accumulation_error": 0.1910622326961683,
      "output_storage_error": 0.23575106921532687
    },
    "primary_source": "storage",
    "suggestion": "\u5206\u6790\u7ed3\u679c\u4e0d\u660e\u786e\uff1b\u8bf7\u68c0\u67e5\u8f93\u5165\u5206\u5e03\u6216\u589e\u52a0MC\u91c7\u6837\u3002 \u68c0\u6d4b\u5230\u6781\u5c0f\u7684exp\u503c\uff0c\u53ef\u80fd\u5bfc\u81f4\u4e0b\u6ea2\u548c\u7cbe\u5ea6\u635f\u5931\u3002 100.0%\u7684top\u8bef\u5dee\u6765\u81eamax logit\u4f4d\u7f6e\uff0c\u8fd9\u901a\u5e38\u5bf9softmax\u8f93\u51fa\u5f71\u54cd\u6700\u5927\u3002",
    "input_stats": {
      "min": -16.683828353881836,
      "max": 30.496164321899414,
      "mean": 0.8991886377334595,
      "std": 6.0082011222839355,
      "range": 47.17999267578125
    },
    "stability_stats": {
      "max_shifted_logit": 0.0,
      "min_shifted_logit": -45.76665115356445,
      "max_exp_val": 1.0,
      "min_exp_val": 1.3298294325711626e-20,
      "exp_sum_max": 2.3623476028442383,
      "exp_sum_min": 1.0446306467056274
    },
    "max_logit_error_ratio": 1.0,
    "top_elements_summary": [
      {
        "coord": [
          4,
          104
        ],
        "element_error": 0.0020875930786132812,
        "x_original": 23.86728286743164,
        "y_ref": 0.7772092819213867,
        "y_mixed": 0.779296875,
        "storage_error": 0.007717132568359375,
        "demote_error": 0.0002225637435913086,
        "logit_analysis": {
          "softmax_position": 104,
          "softmax_dim_size": 512,
          "is_max_logit": true,
          "distance_from_max": 0.0
        }
      },
      {
        "coord": [
          5,
          263
        ],
        "element_error": 0.0018921494483947754,
        "x_original": 22.225723266601562,
        "y_ref": 0.5814819931983948,
        "y_mixed": 0.57958984375,
        "storage_error": 0.0069732666015625,
        "demote_error": 5.125999450683594e-05,
        "logit_analysis": {
          "softmax_position": 263,
          "softmax_dim_size": 512,
          "is_max_logit": true,
          "distance_from_max": 0.0
        }
      },
      {
        "coord": [
          4,
          15
        ],
        "element_error": 0.0010245591402053833,
        "x_original": 21.802845001220703,
        "y_ref": 0.09861977398395538,
        "y_mixed": 0.09759521484375,
        "storage_error": 0.005970001220703125,
        "demote_error": 2.691894769668579e-05,
        "logit_analysis": {
          "softmax_position": 15,
          "softmax_dim_size": 512,
          "is_max_logit": true,
          "distance_from_max": 0.0
        }
      },
      {
        "coord": [
          5,
          79
        ],
        "element_error": 0.0007148906588554382,
        "x_original": 20.182086944580078,
        "y_ref": 0.07533491402864456,
        "y_mixed": 0.0760498046875,
        "storage_error": 0.005413055419921875,
        "demote_error": 1.744180917739868e-05,
        "logit_analysis": {
          "softmax_position": 79,
          "softmax_dim_size": 512,
          "is_max_logit": true,
          "distance_from_max": 0.0
        }
      },
      {
        "coord": [
          4,
          417
        ],
        "element_error": 0.000596463680267334,
        "x_original": 21.410825729370117,
        "y_ref": 0.06663650274276733,
        "y_mixed": 0.0660400390625,
        "storage_error": 0.0045757293701171875,
        "demote_error": 2.2023916244506836e-05,
        "logit_analysis": {
          "softmax_position": 417,
          "softmax_dim_size": 512,
          "is_max_logit": true,
          "distance_from_max": 0.0
        }
      },
      {
        "coord": [
          5,
          159
        ],
        "element_error": 0.0005511641502380371,
        "x_original": 21.282886505126953,
        "y_ref": 0.22649961709976196,
        "y_mixed": 0.22705078125,
        "storage_error": 0.001636505126953125,
        "demote_error": 6.00665807723999e-05,
        "logit_analysis": {
          "softmax_position": 159,
          "softmax_dim_size": 512,
          "is_max_logit": true,
          "distance_from_max": 0.0
        }
      },
      {
        "coord": [
          7,
          6
        ],
        "element_error": 0.0005417466163635254,
        "x_original": 27.105466842651367,
        "y_ref": 0.9208449721336365,
        "y_mixed": 0.92138671875,
        "storage_error": 0.0039081573486328125,
        "demote_error": 1.817941665649414e-05,
        "logit_analysis": {
          "softmax_position": 6,
          "softmax_dim_size": 512,
          "is_max_logit": true,
          "distance_from_max": 0.0
        }
      },
      {
        "coord": [
          6,
          76
        ],
        "element_error": 0.0005407929420471191,
        "x_original": 24.174333572387695,
        "y_ref": 0.5186071991920471,
        "y_mixed": 0.51806640625,
        "storage_error": 0.0024585723876953125,
        "demote_error": 4.8220157623291016e-05,
        "logit_analysis": {
          "softmax_position": 76,
          "softmax_dim_size": 512,
          "is_max_logit": true,
          "distance_from_max": 0.0
        }
      },
      {
        "coord": [
          6,
          479
        ],
        "element_error": 0.00048616528511047363,
        "x_original": 23.452438354492188,
        "y_ref": 0.2519552409648895,
        "y_mixed": 0.25244140625,
        "storage_error": 0.0006866455078125,
        "demote_error": 2.0503997802734375e-05,
        "logit_analysis": {
          "softmax_position": 479,
          "softmax_dim_size": 512,
          "is_max_logit": true,
          "distance_from_max": 0.0
        }
      },
      {
        "coord": [
          4,
          369
        ],
        "element_error": 0.00045671314001083374,
        "x_original": 20.866500854492188,
        "y_ref": 0.038664720952510834,
        "y_mixed": 0.0382080078125,
        "storage_error": 0.0071258544921875,
        "demote_error": 2.868473529815674e-07,
        "logit_analysis": {
          "softmax_position": 369,
          "softmax_dim_size": 512,
          "is_max_logit": true,
          "distance_from_max": 0.0
        }
      }
    ]
  }
}