{
  "detector": {
    "detected_exceeded": false,
    "actual_err": 0.0012217164039611816,
    "predicted_bound": 0.0013836205005645754,
    "elapsed_sec": 2.4820690155029297
  },
  "analyzer_report": {
    "component_estimates": {
      "input_storage_error": 0.0012217164039611816,
      "max_subtraction_error": 0.0012217164039611816,
      "exponential_error": 0.0012217164039611816,
      "sum_accumulation_error": 0.0012217164039611816,
      "output_storage_error": 0.0012217164039611816
    },
    "component_ratios": {
      "input_storage_error": 0.2,
      "max_subtraction_error": 0.2,
      "exponential_error": 0.2,
      "sum_accumulation_error": 0.2,
      "output_storage_error": 0.2
    },
    "primary_source": "storage",
    "suggestion": "\u5206\u6790\u7ed3\u679c\u4e0d\u660e\u786e\uff1b\u8bf7\u68c0\u67e5\u8f93\u5165\u5206\u5e03\u6216\u589e\u52a0MC\u91c7\u6837\u3002 \u68c0\u6d4b\u5230\u6781\u5c0f\u7684exp\u503c\uff0c\u53ef\u80fd\u5bfc\u81f4\u4e0b\u6ea2\u548c\u7cbe\u5ea6\u635f\u5931\u3002 100.0%\u7684top\u8bef\u5dee\u6765\u81eamax logit\u4f4d\u7f6e\uff0c\u8fd9\u901a\u5e38\u5bf9softmax\u8f93\u51fa\u5f71\u54cd\u6700\u5927\u3002",
    "input_stats": {
      "min": -16.4053955078125,
      "max": 31.059722900390625,
      "mean": 1.0815341472625732,
      "std": 6.1112260818481445,
      "range": 47.465118408203125
    },
    "stability_stats": {
      "max_shifted_logit": 0.0,
      "min_shifted_logit": -44.75608825683594,
      "max_exp_val": 1.0,
      "min_exp_val": 3.653237036109338e-20,
      "exp_sum_max": 2.13209867477417,
      "exp_sum_min": 1.0040531158447266
    },
    "max_logit_error_ratio": 1.0,
    "top_elements_summary": [
      {
        "coord": [
          2,
          331
        ],
        "element_error": 0.0012217164039611816,
        "x_original": 24.492061614990234,
        "y_ref": 0.9104014039039612,
        "y_mixed": 0.9091796875,
        "storage_error": 0.007686614990234375,
        "demote_error": 0.0002199411392211914,
        "logit_analysis": {
          "softmax_position": 331,
          "softmax_dim_size": 512,
          "is_max_logit": true,
          "distance_from_max": 0.0
        }
      },
      {
        "coord": [
          4,
          504
        ],
        "element_error": 0.0007695555686950684,
        "x_original": 26.47482681274414,
        "y_ref": 0.8718633055686951,
        "y_mixed": 0.87109375,
        "storage_error": 0.006076812744140625,
        "demote_error": 7.027387619018555e-05,
        "logit_analysis": {
          "softmax_position": 504,
          "softmax_dim_size": 512,
          "is_max_logit": true,
          "distance_from_max": 0.0
        }
      },
      {
        "coord": [
          2,
          58
        ],
        "element_error": 0.0006477832794189453,
        "x_original": 21.57132911682129,
        "y_ref": 0.049065351486206055,
        "y_mixed": 0.049713134765625,
        "storage_error": 0.0067958831787109375,
        "demote_error": 1.3198703527450562e-05,
        "logit_analysis": {
          "softmax_position": 58,
          "softmax_dim_size": 512,
          "is_max_logit": true,
          "distance_from_max": 0.0
        }
      },
      {
        "coord": [
          7,
          499
        ],
        "element_error": 0.0004735291004180908,
        "x_original": 23.478181838989258,
        "y_ref": 0.05400034785270691,
        "y_mixed": 0.054473876953125,
        "storage_error": 0.0061931610107421875,
        "demote_error": 1.4737248420715332e-05,
        "logit_analysis": {
          "softmax_position": 499,
          "softmax_dim_size": 512,
          "is_max_logit": true,
          "distance_from_max": 0.0
        }
      },
      {
        "coord": [
          7,
          463
        ],
        "element_error": 0.0004602670669555664,
        "x_original": 25.863189697265625,
        "y_ref": 0.5863977670669556,
        "y_mixed": 0.5859375,
        "storage_error": 0.003814697265625,
        "demote_error": 0.00012969970703125,
        "logit_analysis": {
          "softmax_position": 463,
          "softmax_dim_size": 512,
          "is_max_logit": true,
          "distance_from_max": 0.0
        }
      },
      {
        "coord": [
          1,
          296
        ],
        "element_error": 0.000449545681476593,
        "x_original": 24.923999786376953,
        "y_ref": 0.10298860818147659,
        "y_mixed": 0.1025390625,
        "storage_error": 0.002124786376953125,
        "demote_error": 1.903623342514038e-05,
        "logit_analysis": {
          "softmax_position": 296,
          "softmax_dim_size": 512,
          "is_max_logit": true,
          "distance_from_max": 0.0
        }
      },
      {
        "coord": [
          3,
          365
        ],
        "element_error": 0.00039908289909362793,
        "x_original": 25.02231216430664,
        "y_ref": 0.29873892664909363,
        "y_mixed": 0.29833984375,
        "storage_error": 0.006687164306640625,
        "demote_error": 5.358457565307617e-05,
        "logit_analysis": {
          "softmax_position": 365,
          "softmax_dim_size": 512,
          "is_max_logit": true,
          "distance_from_max": 0.0
        }
      },
      {
        "coord": [
          1,
          146
        ],
        "element_error": 0.0003967881202697754,
        "x_original": 26.950393676757812,
        "y_ref": 0.7813414931297302,
        "y_mixed": 0.78173828125,
        "storage_error": 0.0027313232421875,
        "demote_error": 0.0001246929168701172,
        "logit_analysis": {
          "softmax_position": 146,
          "softmax_dim_size": 512,
          "is_max_logit": true,
          "distance_from_max": 0.0
        }
      },
      {
        "coord": [
          4,
          128
        ],
        "element_error": 0.00036459416151046753,
        "x_original": 24.1886043548584,
        "y_ref": 0.08862466365098953,
        "y_mixed": 0.0889892578125,
        "storage_error": 0.0011043548583984375,
        "demote_error": 5.751848220825195e-06,
        "logit_analysis": {
          "softmax_position": 128,
          "softmax_dim_size": 512,
          "is_max_logit": true,
          "distance_from_max": 0.0
        }
      },
      {
        "coord": [
          0,
          293
        ],
        "element_error": 0.00034034252166748047,
        "x_original": 26.13150405883789,
        "y_ref": 0.8929184675216675,
        "y_mixed": 0.892578125,
        "storage_error": 0.006504058837890625,
        "demote_error": 8.463859558105469e-05,
        "logit_analysis": {
          "softmax_position": 293,
          "softmax_dim_size": 512,
          "is_max_logit": true,
          "distance_from_max": 0.0
        }
      }
    ]
  }
}