{
  "detector": {
    "detected_exceeded": false,
    "actual_err": 0.00010257959365844727,
    "predicted_bound": 0.00019593916804296898,
    "elapsed_sec": 3.8760571479797363
  },
  "analyzer_report": {
    "component_estimates": {
      "input_storage_error": 0.00010257959365844727,
      "statistics_computation_error": 0.00010257959365844727,
      "output_storage_error": 0.00014480948448181152,
      "weight_storage_error": 0.00010257959365844727,
      "bias_storage_error": 0.00010257959365844727
    },
    "component_ratios": {
      "input_storage_error": 0.1847855263864283,
      "statistics_computation_error": 0.1847855263864283,
      "output_storage_error": 0.2608578944542868,
      "weight_storage_error": 0.1847855263864283,
      "bias_storage_error": 0.1847855263864283
    },
    "primary_source": "demote",
    "suggestion": "\u4e3b\u8981\u8bef\u5dee\u6765\u6e90\u4e3a\u8f93\u51fa\u964d\u7cbe\u5ea6\u3002\u5efa\u8bae\uff1a\u5ef6\u8fdf\u964d\u7cbe\u5ea6\u6216\u63d0\u9ad8\u8f93\u51fa\u7cbe\u5ea6\uff1b\u68c0\u67e5LayerNorm\u8f93\u51fa\u7684\u6570\u503c\u8303\u56f4\u3002",
    "statistics_errors": {
      "mean_error": 2.921410668932367e-09,
      "var_error": 1.0524914273446484e-12,
      "std_error": 2.3283064365386963e-10
    },
    "norm_behavior_stats": {
      "normal": 10
    },
    "top_elements_summary": [
      {
        "coord": [
          3,
          494,
          92
        ],
        "element_error": 0.00010257959365844727,
        "x_original": 0.0004947283887304366,
        "y_ref": 0.15541499853134155,
        "y_mixed": 0.155517578125,
        "norm_behavior": "normal",
        "storage_error": 2.285814844071865e-07,
        "weight_error": 0.0,
        "bias_error": 0.0,
        "demote_error": 3.0353665351867676e-05,
        "local_mean_error": 1.0868461686186492e-10,
        "local_std_error": 0.0
      },
      {
        "coord": [
          3,
          136,
          209
        ],
        "element_error": 9.304285049438477e-05,
        "x_original": 0.0004063959640916437,
        "y_ref": 0.12759250402450562,
        "y_mixed": 0.127685546875,
        "norm_behavior": "normal",
        "storage_error": 1.0771327652037144e-07,
        "weight_error": 0.0,
        "bias_error": 0.0,
        "demote_error": 5.8710575103759766e-05,
        "local_mean_error": 8.919869287637994e-10,
        "local_std_error": 0.0
      },
      {
        "coord": [
          1,
          160,
          13
        ],
        "element_error": 9.296834468841553e-05,
        "x_original": 0.0004433538706507534,
        "y_ref": 0.13955546915531158,
        "y_mixed": 0.1396484375,
        "norm_behavior": "normal",
        "storage_error": 1.0468647815287113e-07,
        "weight_error": 0.0,
        "bias_error": 0.0,
        "demote_error": 6.000697612762451e-05,
        "local_mean_error": 3.923332769772969e-10,
        "local_std_error": 0.0
      },
      {
        "coord": [
          6,
          484,
          540
        ],
        "element_error": 8.7738037109375e-05,
        "x_original": -0.0004259033012203872,
        "y_ref": -0.13582992553710938,
        "y_mixed": -0.1357421875,
        "norm_behavior": "normal",
        "storage_error": 8.771894499659538e-08,
        "weight_error": 0.0,
        "bias_error": 0.0,
        "demote_error": 6.002187728881836e-05,
        "local_mean_error": 3.001332515850663e-11,
        "local_std_error": 2.3283064365386963e-10
      },
      {
        "coord": [
          7,
          29,
          189
        ],
        "element_error": 8.67992639541626e-05,
        "x_original": 0.0005213621770963073,
        "y_ref": 0.16268445551395416,
        "y_mixed": 0.16259765625,
        "norm_behavior": "normal",
        "storage_error": 1.7916318029165268e-07,
        "weight_error": 0.0,
        "bias_error": 0.0,
        "demote_error": 3.0055642127990723e-05,
        "local_mean_error": 3.41970007866621e-10,
        "local_std_error": 0.0
      },
      {
        "coord": [
          7,
          472,
          54
        ],
        "element_error": 8.545815944671631e-05,
        "x_original": 0.00040038657607510686,
        "y_ref": 0.12508545815944672,
        "y_mixed": 0.125,
        "norm_behavior": "normal",
        "storage_error": 8.178176358342171e-08,
        "weight_error": 0.0,
        "bias_error": 0.0,
        "demote_error": 5.9664249420166016e-05,
        "local_mean_error": 1.8462742445990443e-10,
        "local_std_error": 0.0
      },
      {
        "coord": [
          2,
          117,
          405
        ],
        "element_error": 8.413195610046387e-05,
        "x_original": -0.00039851211477071047,
        "y_ref": -0.12715932726860046,
        "y_mixed": -0.1270751953125,
        "norm_behavior": "normal",
        "storage_error": 1.1466909199953079e-07,
        "weight_error": 0.0,
        "bias_error": 0.0,
        "demote_error": 4.7713518142700195e-05,
        "local_mean_error": 5.679794412571937e-10,
        "local_std_error": 0.0
      },
      {
        "coord": [
          1,
          81,
          204
        ],
        "element_error": 8.238852024078369e-05,
        "x_original": -0.000392556277802214,
        "y_ref": -0.12540589272975922,
        "y_mixed": -0.12548828125,
        "norm_behavior": "normal",
        "storage_error": 1.1912197805941105e-07,
        "weight_error": 0.0,
        "bias_error": 0.0,
        "demote_error": 4.4792890548706055e-05,
        "local_mean_error": 1.8826540326699615e-10,
        "local_std_error": 0.0
      },
      {
        "coord": [
          6,
          208,
          49
        ],
        "element_error": 8.179247379302979e-05,
        "x_original": 0.0004192058404441923,
        "y_ref": 0.13350464403629303,
        "y_mixed": 0.1334228515625,
        "norm_behavior": "normal",
        "storage_error": 6.59783836454153e-08,
        "weight_error": 0.0,
        "bias_error": 0.0,
        "demote_error": 6.031990051269531e-05,
        "local_mean_error": 1.9442722987150773e-09,
        "local_std_error": 0.0
      },
      {
        "coord": [
          6,
          364,
          748
        ],
        "element_error": 8.094310760498047e-05,
        "x_original": 0.0004192606720607728,
        "y_ref": 0.12992393970489502,
        "y_mixed": 0.1300048828125,
        "norm_behavior": "normal",
        "storage_error": 1.176085788756609e-07,
        "weight_error": 0.0,
        "bias_error": 0.0,
        "demote_error": 4.35560941696167e-05,
        "local_mean_error": 6.893969839438796e-10,
        "local_std_error": 0.0
      }
    ]
  }
}