{
  "detector": {
    "detected_exceeded": false,
    "actual_err": 0.001552388072013855,
    "predicted_bound": 0.0020030796527862552,
    "elapsed_sec": 2.516019105911255
  },
  "analyzer_report": {
    "component_estimates": {
      "input_storage_error": 0.001552388072013855,
      "max_subtraction_error": 0.001552388072013855,
      "exponential_error": 0.001552388072013855,
      "sum_accumulation_error": 0.001552388072013855,
      "output_storage_error": 0.0016023516654968262
    },
    "component_ratios": {
      "input_storage_error": 0.1987208344142467,
      "max_subtraction_error": 0.1987208344142467,
      "exponential_error": 0.1987208344142467,
      "sum_accumulation_error": 0.1987208344142467,
      "output_storage_error": 0.20511666234301323
    },
    "primary_source": "storage",
    "suggestion": "\u5206\u6790\u7ed3\u679c\u4e0d\u660e\u786e\uff1b\u8bf7\u68c0\u67e5\u8f93\u5165\u5206\u5e03\u6216\u589e\u52a0MC\u91c7\u6837\u3002 \u68c0\u6d4b\u5230\u6781\u5c0f\u7684exp\u503c\uff0c\u53ef\u80fd\u5bfc\u81f4\u4e0b\u6ea2\u548c\u7cbe\u5ea6\u635f\u5931\u3002 100.0%\u7684top\u8bef\u5dee\u6765\u81eamax logit\u4f4d\u7f6e\uff0c\u8fd9\u901a\u5e38\u5bf9softmax\u8f93\u51fa\u5f71\u54cd\u6700\u5927\u3002",
    "input_stats": {
      "min": -17.864011764526367,
      "max": 31.757999420166016,
      "mean": 1.0567448139190674,
      "std": 6.262655258178711,
      "range": 49.62200927734375
    },
    "stability_stats": {
      "max_shifted_logit": 0.0,
      "min_shifted_logit": -45.32143783569336,
      "max_exp_val": 1.0,
      "min_exp_val": 2.0756284783254002e-20,
      "exp_sum_max": 2.0281431674957275,
      "exp_sum_min": 1.0361425876617432
    },
    "max_logit_error_ratio": 1.0,
    "top_elements_summary": [
      {
        "coord": [
          6,
          272
        ],
        "element_error": 0.001552388072013855,
        "x_original": 25.934524536132812,
        "y_ref": 0.19327183067798615,
        "y_mixed": 0.19482421875,
        "storage_error": 0.0029754638671875,
        "demote_error": 4.331767559051514e-05,
        "logit_analysis": {
          "softmax_position": 272,
          "softmax_dim_size": 512,
          "is_max_logit": true,
          "distance_from_max": 0.0
        }
      },
      {
        "coord": [
          6,
          55
        ],
        "element_error": 0.0014895200729370117,
        "x_original": 27.209896087646484,
        "y_ref": 0.691919207572937,
        "y_mixed": 0.6904296875,
        "storage_error": 0.006771087646484375,
        "demote_error": 0.00012856721878051758,
        "logit_analysis": {
          "softmax_position": 55,
          "softmax_dim_size": 512,
          "is_max_logit": true,
          "distance_from_max": 0.0
        }
      },
      {
        "coord": [
          3,
          233
        ],
        "element_error": 0.0013582110404968262,
        "x_original": 23.06679344177246,
        "y_ref": 0.2926179766654968,
        "y_mixed": 0.291259765625,
        "storage_error": 0.0042934417724609375,
        "demote_error": 7.805228233337402e-05,
        "logit_analysis": {
          "softmax_position": 233,
          "softmax_dim_size": 512,
          "is_max_logit": true,
          "distance_from_max": 0.0
        }
      },
      {
        "coord": [
          3,
          148
        ],
        "element_error": 0.001332700252532959,
        "x_original": 23.887969970703125,
        "y_ref": 0.665171205997467,
        "y_mixed": 0.66650390625,
        "storage_error": 0.002655029296875,
        "demote_error": 1.7642974853515625e-05,
        "logit_analysis": {
          "softmax_position": 148,
          "softmax_dim_size": 512,
          "is_max_logit": true,
          "distance_from_max": 0.0
        }
      },
      {
        "coord": [
          7,
          232
        ],
        "element_error": 0.0012063384056091309,
        "x_original": 23.504751205444336,
        "y_ref": 0.6623391509056091,
        "y_mixed": 0.6611328125,
        "storage_error": 0.0047512054443359375,
        "demote_error": 0.0001488327980041504,
        "logit_analysis": {
          "softmax_position": 232,
          "softmax_dim_size": 512,
          "is_max_logit": true,
          "distance_from_max": 0.0
        }
      },
      {
        "coord": [
          7,
          299
        ],
        "element_error": 0.000910535454750061,
        "x_original": 22.420909881591797,
        "y_ref": 0.22406505048274994,
        "y_mixed": 0.2249755859375,
        "storage_error": 0.000965118408203125,
        "demote_error": 1.4156103134155273e-05,
        "logit_analysis": {
          "softmax_position": 299,
          "softmax_dim_size": 512,
          "is_max_logit": true,
          "distance_from_max": 0.0
        }
      },
      {
        "coord": [
          0,
          94
        ],
        "element_error": 0.0008873045444488525,
        "x_original": 29.472015380859375,
        "y_ref": 0.08932724595069885,
        "y_mixed": 0.08843994140625,
        "storage_error": 0.003265380859375,
        "demote_error": 2.5354325771331787e-05,
        "logit_analysis": {
          "softmax_position": 94,
          "softmax_dim_size": 512,
          "is_max_logit": true,
          "distance_from_max": 0.0
        }
      },
      {
        "coord": [
          2,
          357
        ],
        "element_error": 0.0008742809295654297,
        "x_original": 26.875328063964844,
        "y_ref": 0.49306178092956543,
        "y_mixed": 0.4921875,
        "storage_error": 0.00032806396484375,
        "demote_error": 3.0219554901123047e-05,
        "logit_analysis": {
          "softmax_position": 357,
          "softmax_dim_size": 512,
          "is_max_logit": true,
          "distance_from_max": 0.0
        }
      },
      {
        "coord": [
          0,
          342
        ],
        "element_error": 0.0008289217948913574,
        "x_original": 31.757999420166016,
        "y_ref": 0.8785656094551086,
        "y_mixed": 0.87939453125,
        "storage_error": 0.007625579833984375,
        "demote_error": 0.0002213120460510254,
        "logit_analysis": {
          "softmax_position": 342,
          "softmax_dim_size": 512,
          "is_max_logit": true,
          "distance_from_max": 0.0
        }
      },
      {
        "coord": [
          2,
          488
        ],
        "element_error": 0.000748753547668457,
        "x_original": 26.762407302856445,
        "y_ref": 0.44041335582733154,
        "y_mixed": 0.441162109375,
        "storage_error": 0.0032176971435546875,
        "demote_error": 4.827976226806641e-06,
        "logit_analysis": {
          "softmax_position": 488,
          "softmax_dim_size": 512,
          "is_max_logit": true,
          "distance_from_max": 0.0
        }
      }
    ]
  }
}