{
  "detector": {
    "detected_exceeded": false,
    "actual_err": 9.055435657501221e-05,
    "predicted_bound": 0.00017182940791826698,
    "elapsed_sec": 3.8603830337524414
  },
  "analyzer_report": {
    "component_estimates": {
      "input_storage_error": 9.055435657501221e-05,
      "statistics_computation_error": 9.055435657501221e-05,
      "output_storage_error": 0.0001360177993774414,
      "weight_storage_error": 9.055435657501221e-05,
      "bias_storage_error": 9.055435657501221e-05
    },
    "component_ratios": {
      "input_storage_error": 0.18175020935518602,
      "statistics_computation_error": 0.18175020935518602,
      "output_storage_error": 0.2729991625792559,
      "weight_storage_error": 0.18175020935518602,
      "bias_storage_error": 0.18175020935518602
    },
    "primary_source": "demote",
    "suggestion": "\u4e3b\u8981\u8bef\u5dee\u6765\u6e90\u4e3a\u8f93\u51fa\u964d\u7cbe\u5ea6\u3002\u5efa\u8bae\uff1a\u5ef6\u8fdf\u964d\u7cbe\u5ea6\u6216\u63d0\u9ad8\u8f93\u51fa\u7cbe\u5ea6\uff1b\u68c0\u67e5LayerNorm\u8f93\u51fa\u7684\u6570\u503c\u8303\u56f4\u3002",
    "statistics_errors": {
      "mean_error": 2.8790054784622043e-09,
      "var_error": 9.379164112033322e-13,
      "std_error": 2.3283064365386963e-10
    },
    "norm_behavior_stats": {
      "normal": 10
    },
    "top_elements_summary": [
      {
        "coord": [
          5,
          473,
          298
        ],
        "element_error": 9.055435657501221e-05,
        "x_original": -0.00042853172635659575,
        "y_ref": -0.134734109044075,
        "y_mixed": -0.1346435546875,
        "norm_behavior": "normal",
        "storage_error": 9.353971108794212e-08,
        "weight_error": 0.0,
        "bias_error": 0.0,
        "demote_error": 6.0886144638061523e-05,
        "local_mean_error": 2.7284841053187847e-10,
        "local_std_error": 0.0
      },
      {
        "coord": [
          1,
          427,
          114
        ],
        "element_error": 8.9988112449646e-05,
        "x_original": 0.0004118493525311351,
        "y_ref": 0.13070522248744965,
        "y_mixed": 0.130615234375,
        "norm_behavior": "normal",
        "storage_error": 1.0046642273664474e-07,
        "weight_error": 0.0,
        "bias_error": 0.0,
        "demote_error": 5.848705768585205e-05,
        "local_mean_error": 8.341203283634968e-10,
        "local_std_error": 0.0
      },
      {
        "coord": [
          5,
          422,
          11
        ],
        "element_error": 8.822977542877197e-05,
        "x_original": 0.00040045499918051064,
        "y_ref": 0.12552212178707123,
        "y_mixed": 0.1256103515625,
        "norm_behavior": "normal",
        "storage_error": 8.821371011435986e-08,
        "weight_error": 0.0,
        "bias_error": 0.0,
        "demote_error": 6.046891212463379e-05,
        "local_mean_error": 3.8198777474462986e-10,
        "local_std_error": 0.0
      },
      {
        "coord": [
          0,
          280,
          383
        ],
        "element_error": 8.280575275421143e-05,
        "x_original": -0.00043261449900455773,
        "y_ref": -0.1372462958097458,
        "y_mixed": -0.1373291015625,
        "norm_behavior": "normal",
        "storage_error": 1.1522206477820873e-07,
        "weight_error": 0.0,
        "bias_error": 0.0,
        "demote_error": 4.6625733375549316e-05,
        "local_mean_error": 7.202061169664375e-10,
        "local_std_error": 0.0
      },
      {
        "coord": [
          2,
          158,
          77
        ],
        "element_error": 8.037686347961426e-05,
        "x_original": 0.00040396960685029626,
        "y_ref": 0.12776592373847961,
        "y_mixed": 0.127685546875,
        "norm_behavior": "normal",
        "storage_error": 8.853385224938393e-08,
        "weight_error": 0.0,
        "bias_error": 0.0,
        "demote_error": 5.24371862411499e-05,
        "local_mean_error": 1.0737721822806634e-10,
        "local_std_error": 0.0
      },
      {
        "coord": [
          4,
          55,
          58
        ],
        "element_error": 7.735192775726318e-05,
        "x_original": 0.0004390747344586998,
        "y_ref": 0.13835038244724274,
        "y_mixed": 0.138427734375,
        "norm_behavior": "normal",
        "storage_error": 9.228824637830257e-08,
        "weight_error": 0.0,
        "bias_error": 0.0,
        "demote_error": 4.8354268074035645e-05,
        "local_mean_error": 5.300080374581739e-10,
        "local_std_error": 0.0
      },
      {
        "coord": [
          3,
          11,
          142
        ],
        "element_error": 7.653236389160156e-05,
        "x_original": -0.000492523773573339,
        "y_ref": -0.1542203426361084,
        "y_mixed": -0.154296875,
        "norm_behavior": "normal",
        "storage_error": 4.901085048913956e-08,
        "weight_error": 0.0,
        "bias_error": 0.0,
        "demote_error": 6.085634231567383e-05,
        "local_mean_error": 5.834408511873335e-10,
        "local_std_error": 0.0
      },
      {
        "coord": [
          3,
          456,
          600
        ],
        "element_error": 7.651746273040771e-05,
        "x_original": -0.00039732898585498333,
        "y_ref": -0.1250455528497696,
        "y_mixed": -0.1251220703125,
        "norm_behavior": "normal",
        "storage_error": 1.1478550732135773e-07,
        "weight_error": 0.0,
        "bias_error": 0.0,
        "demote_error": 4.029273986816406e-05,
        "local_mean_error": 1.709850039333105e-10,
        "local_std_error": 0.0
      },
      {
        "coord": [
          1,
          175,
          414
        ],
        "element_error": 7.581710815429688e-05,
        "x_original": 0.00039393495535477996,
        "y_ref": 0.1254420280456543,
        "y_mixed": 0.1253662109375,
        "norm_behavior": "normal",
        "storage_error": 6.746267899870872e-08,
        "weight_error": 0.0,
        "bias_error": 0.0,
        "demote_error": 5.479156970977783e-05,
        "local_mean_error": 9.290488378610462e-10,
        "local_std_error": 0.0
      },
      {
        "coord": [
          4,
          165,
          170
        ],
        "element_error": 7.349252700805664e-05,
        "x_original": -0.0004484005330596119,
        "y_ref": -0.14262670278549194,
        "y_mixed": -0.1427001953125,
        "norm_behavior": "normal",
        "storage_error": 6.481423042714596e-08,
        "weight_error": 0.0,
        "bias_error": 0.0,
        "demote_error": 5.283951759338379e-05,
        "local_mean_error": 5.752553988713771e-10,
        "local_std_error": 2.3283064365386963e-10
      }
    ]
  }
}