{
  "detector": {
    "detected_exceeded": false,
    "actual_err": 5.204230546951294e-06,
    "predicted_bound": 3.90847086237045e-05,
    "elapsed_sec": 2.75708270072937
  },
  "matrix_info": {
    "input_shape": [
      256,
      1024
    ],
    "weight_shape": [
      1024,
      512
    ],
    "output_shape": [
      256,
      512
    ],
    "accumulation_dim": 1024
  },
  "analyzer_report": {
    "component_estimates": {
      "input_storage_error": 5.204230546951294e-06,
      "weight_storage_error": 5.204230546951294e-06,
      "accumulation_error": 5.204230546951294e-06,
      "demote_error": 3.4411437809467316e-05
    },
    "component_ratios": {
      "input_storage_error": 0.10403440507884497,
      "weight_storage_error": 0.10403440507884497,
      "accumulation_error": 0.10403440507884497,
      "demote_error": 0.687896784763465
    },
    "primary_source": "x_storage",
    "suggestion": "\u4e3b\u8981\u8bef\u5dee\u6765\u6e90\u4e3a\u8f93\u5165\u5b58\u50a8\u7cbe\u5ea6\u3002\u5efa\u8bae\uff1a\u63d0\u5347\u8f93\u5165\u5b58\u50a8\u7cbe\u5ea6\uff1b\u8fdb\u884c\u8f93\u5165\u5f52\u4e00\u5316\u6216\u6743\u91cd\u7f29\u653e\u4ee5\u6539\u5584\u6570\u503c\u8303\u56f4\u3002",
    "numerical_stability": {
      "average_condition_indicator": 3.7988926322075094,
      "accumulation_dimension": 1024,
      "stability_assessment": "good"
    },
    "top_elements_summary": [
      {
        "coord": [
          30,
          73
        ],
        "element_error": 5.204230546951294e-06,
        "y_ref": 0.009058516472578049,
        "y_mixed": 0.009063720703125,
        "x_storage_error": 0.00014639500295743346,
        "w_storage_error": 0.0,
        "accumulation_error_estimate": 1.4901161193847656e-08,
        "demote_error": 3.7383288145065308e-06,
        "condition_indicator": 4.188420393076566,
        "product_stats": {
          "min": -0.0005629939842037857,
          "max": 0.0005949617479927838,
          "mean": 8.847639946907293e-06,
          "std": 0.00010451279376866296
        }
      },
      {
        "coord": [
          151,
          472
        ],
        "element_error": 4.922039806842804e-06,
        "y_ref": 0.009694253094494343,
        "y_mixed": 0.0096893310546875,
        "x_storage_error": 0.00013855133147444576,
        "w_storage_error": 0.0,
        "accumulation_error_estimate": 1.4901161193847656e-08,
        "demote_error": 3.0891969799995422e-06,
        "condition_indicator": 3.542366339337199,
        "product_stats": {
          "min": -0.0004939743084833026,
          "max": 0.0005770272691734135,
          "mean": 9.465254152019043e-06,
          "std": 9.953077096724883e-05
        }
      },
      {
        "coord": [
          64,
          95
        ],
        "element_error": 4.869885742664337e-06,
        "y_ref": -0.008137804456055164,
        "y_mixed": -0.0081329345703125,
        "x_storage_error": 0.00014992555952630937,
        "w_storage_error": 0.0,
        "accumulation_error_estimate": 1.4901161193847656e-08,
        "demote_error": 3.430992364883423e-06,
        "condition_indicator": 3.82100894398893,
        "product_stats": {
          "min": -0.00048785965191200376,
          "max": 0.00041028301347978413,
          "mean": -7.945669494802132e-06,
          "std": 0.00010413731797598302
        }
      },
      {
        "coord": [
          220,
          218
        ],
        "element_error": 4.848465323448181e-06,
        "y_ref": -0.008229335770010948,
        "y_mixed": -0.0082244873046875,
        "x_storage_error": 0.0001471112627768889,
        "w_storage_error": 0.0,
        "accumulation_error_estimate": 1.4901161193847656e-08,
        "demote_error": 2.991408109664917e-06,
        "condition_indicator": 4.799391418385403,
        "product_stats": {
          "min": -0.0008999800775200129,
          "max": 0.0005270784604363143,
          "mean": -8.034649908950087e-06,
          "std": 0.0001098031279980205
        }
      },
      {
        "coord": [
          147,
          6
        ],
        "element_error": 4.828907549381256e-06,
        "y_ref": 0.008000434376299381,
        "y_mixed": 0.00799560546875,
        "x_storage_error": 0.00013906112872064114,
        "w_storage_error": 0.0,
        "accumulation_error_estimate": 1.4901161193847656e-08,
        "demote_error": 3.475695848464966e-06,
        "condition_indicator": 4.580662320919798,
        "product_stats": {
          "min": -0.0005705380463041365,
          "max": 0.00047837640158832073,
          "mean": 7.811599971319083e-06,
          "std": 0.00010086051770485938
        }
      },
      {
        "coord": [
          219,
          203
        ],
        "element_error": 4.802830517292023e-06,
        "y_ref": -0.010004962794482708,
        "y_mixed": -0.010009765625,
        "x_storage_error": 0.00015175121370702982,
        "w_storage_error": 0.0,
        "accumulation_error_estimate": 1.4901161193847656e-08,
        "demote_error": 3.071501851081848e-06,
        "condition_indicator": 3.1089028017070417,
        "product_stats": {
          "min": -0.000605033419560641,
          "max": 0.0004765293560922146,
          "mean": -9.772164048627019e-06,
          "std": 0.00010951974400086328
        }
      },
      {
        "coord": [
          60,
          128
        ],
        "element_error": 4.73950058221817e-06,
        "y_ref": 0.008151083253324032,
        "y_mixed": 0.00815582275390625,
        "x_storage_error": 0.00014452793402597308,
        "w_storage_error": 0.0,
        "accumulation_error_estimate": 1.4901161193847656e-08,
        "demote_error": 3.7783756852149963e-06,
        "condition_indicator": 3.3397823147948844,
        "product_stats": {
          "min": -0.0007698844419792295,
          "max": 0.0005003332626074553,
          "mean": 7.960978109622374e-06,
          "std": 0.00010701316205086187
        }
      },
      {
        "coord": [
          48,
          293
        ],
        "element_error": 4.717148840427399e-06,
        "y_ref": 0.007992693223059177,
        "y_mixed": 0.00798797607421875,
        "x_storage_error": 0.00014134368393570185,
        "w_storage_error": 0.0,
        "accumulation_error_estimate": 1.4901161193847656e-08,
        "demote_error": 3.7206336855888367e-06,
        "condition_indicator": 3.392799323631361,
        "product_stats": {
          "min": -0.000452803069492802,
          "max": 0.0007703038863837719,
          "mean": 7.804389497323427e-06,
          "std": 0.00010369062511017546
        }
      },
      {
        "coord": [
          67,
          498
        ],
        "element_error": 4.689209163188934e-06,
        "y_ref": 0.008061329834163189,
        "y_mixed": 0.008056640625,
        "x_storage_error": 0.00014093487698119134,
        "w_storage_error": 0.0,
        "accumulation_error_estimate": 1.4901161193847656e-08,
        "demote_error": 3.7997961044311523e-06,
        "condition_indicator": 3.5122443664816396,
        "product_stats": {
          "min": -0.00041639033588580787,
          "max": 0.0005415021441876888,
          "mean": 7.871523848734796e-06,
          "std": 9.531430987408385e-05
        }
      },
      {
        "coord": [
          26,
          290
        ],
        "element_error": 4.66126948595047e-06,
        "y_ref": 0.0090056536719203,
        "y_mixed": 0.00901031494140625,
        "x_storage_error": 0.00014180644939187914,
        "w_storage_error": 0.0,
        "accumulation_error_estimate": 1.4901161193847656e-08,
        "demote_error": 3.7606805562973022e-06,
        "condition_indicator": 3.703348099752266,
        "product_stats": {
          "min": -0.0005011209286749363,
          "max": 0.0007402977789752185,
          "mean": 8.79546223586658e-06,
          "std": 0.00010159894736716524
        }
      }
    ]
  }
}