{
  "detector": {
    "detected_exceeded": false,
    "actual_err": 6.191432476043701e-06,
    "predicted_bound": 4.031070893688593e-05,
    "elapsed_sec": 2.6765408515930176
  },
  "matrix_info": {
    "input_shape": [
      256,
      1024
    ],
    "weight_shape": [
      1024,
      512
    ],
    "output_shape": [
      256,
      512
    ],
    "accumulation_dim": 1024
  },
  "analyzer_report": {
    "component_estimates": {
      "input_storage_error": 6.191432476043701e-06,
      "weight_storage_error": 6.191432476043701e-06,
      "accumulation_error": 6.191432476043701e-06,
      "demote_error": 3.462657332420349e-05
    },
    "component_ratios": {
      "input_storage_error": 0.11637840487360829,
      "weight_storage_error": 0.11637840487360829,
      "accumulation_error": 0.11637840487360829,
      "demote_error": 0.6508647853791751
    },
    "primary_source": "x_storage",
    "suggestion": "\u4e3b\u8981\u8bef\u5dee\u6765\u6e90\u4e3a\u8f93\u5165\u5b58\u50a8\u7cbe\u5ea6\u3002\u5efa\u8bae\uff1a\u63d0\u5347\u8f93\u5165\u5b58\u50a8\u7cbe\u5ea6\uff1b\u8fdb\u884c\u8f93\u5165\u5f52\u4e00\u5316\u6216\u6743\u91cd\u7f29\u653e\u4ee5\u6539\u5584\u6570\u503c\u8303\u56f4\u3002 \u68c0\u6d4b\u5230\u6570\u503c\u7a33\u5b9a\u6027\u95ee\u9898\uff08\u6761\u4ef6\u6570\u6307\u6807=4.60\uff09\u3002\u5efa\u8bae\uff1a(1)\u8f93\u5165/\u6743\u91cd\u9884\u5904\u7406\u548c\u5f52\u4e00\u5316\uff1b(2)\u68c0\u67e5\u662f\u5426\u5b58\u5728\u75c5\u6001\u77e9\u9635\u3002",
    "numerical_stability": {
      "average_condition_indicator": 4.599330696675745,
      "accumulation_dimension": 1024,
      "stability_assessment": "good"
    },
    "top_elements_summary": [
      {
        "coord": [
          43,
          465
        ],
        "element_error": 6.191432476043701e-06,
        "y_ref": -0.015844814479351044,
        "y_mixed": -0.015838623046875,
        "x_storage_error": 0.00014710112009197474,
        "w_storage_error": 0.0,
        "accumulation_error_estimate": 2.9802322387695312e-08,
        "demote_error": 6.239861249923706e-06,
        "condition_indicator": 9.487255958416206,
        "product_stats": {
          "min": -0.0005456849467009306,
          "max": 0.00038569295429624617,
          "mean": -1.5473498933715746e-05,
          "std": 0.00010167138680117205
        }
      },
      {
        "coord": [
          32,
          226
        ],
        "element_error": 5.43985515832901e-06,
        "y_ref": 0.007955268956720829,
        "y_mixed": 0.0079498291015625,
        "x_storage_error": 0.00014106082380749285,
        "w_storage_error": 0.0,
        "accumulation_error_estimate": 1.4901161193847656e-08,
        "demote_error": 3.723427653312683e-06,
        "condition_indicator": 3.8530279257959905,
        "product_stats": {
          "min": -0.0005132685764692724,
          "max": 0.0005087509634904563,
          "mean": 7.767141141812317e-06,
          "std": 0.00010440716141602024
        }
      },
      {
        "coord": [
          86,
          505
        ],
        "element_error": 5.375593900680542e-06,
        "y_ref": 0.00815044716000557,
        "y_mixed": 0.00815582275390625,
        "x_storage_error": 0.00015579690807498991,
        "w_storage_error": 0.0,
        "accumulation_error_estimate": 1.4901161193847656e-08,
        "demote_error": 3.766268491744995e-06,
        "condition_indicator": 3.355480502890898,
        "product_stats": {
          "min": -0.0004952402086928487,
          "max": 0.0005684222560375929,
          "mean": 7.960989933053497e-06,
          "std": 0.0001033630469464697
        }
      },
      {
        "coord": [
          235,
          44
        ],
        "element_error": 5.075708031654358e-06,
        "y_ref": -0.011088063940405846,
        "y_mixed": -0.0110931396484375,
        "x_storage_error": 0.00014661316527053714,
        "w_storage_error": 0.0,
        "accumulation_error_estimate": 1.4901161193847656e-08,
        "demote_error": 3.514811396598816e-06,
        "condition_indicator": 4.462274532885834,
        "product_stats": {
          "min": -0.0006651742733083665,
          "max": 0.000535185681656003,
          "mean": -1.0829710845428053e-05,
          "std": 0.00010715360258473083
        }
      },
      {
        "coord": [
          86,
          112
        ],
        "element_error": 4.966743290424347e-06,
        "y_ref": -0.008448402397334576,
        "y_mixed": -0.008453369140625,
        "x_storage_error": 0.00015579690807498991,
        "w_storage_error": 0.0,
        "accumulation_error_estimate": 1.4901161193847656e-08,
        "demote_error": 3.698281943798065e-06,
        "condition_indicator": 3.6325579561328567,
        "product_stats": {
          "min": -0.0007136992062442005,
          "max": 0.0004825271025765687,
          "mean": -8.251633516920265e-06,
          "std": 0.00010355326230637729
        }
      },
      {
        "coord": [
          1,
          30
        ],
        "element_error": 4.918314516544342e-06,
        "y_ref": -0.011044652201235294,
        "y_mixed": -0.01103973388671875,
        "x_storage_error": 0.0001442904758732766,
        "w_storage_error": 0.0,
        "accumulation_error_estimate": 1.4901161193847656e-08,
        "demote_error": 3.497116267681122e-06,
        "condition_indicator": 4.453803767350341,
        "product_stats": {
          "min": -0.0007701775175519288,
          "max": 0.0004943324602209032,
          "mean": -1.0784403457364533e-05,
          "std": 0.00010645147267496213
        }
      },
      {
        "coord": [
          239,
          367
        ],
        "element_error": 4.866160452365875e-06,
        "y_ref": 0.009656050242483616,
        "y_mixed": 0.00965118408203125,
        "x_storage_error": 0.00013892010611016303,
        "w_storage_error": 0.0,
        "accumulation_error_estimate": 1.4901161193847656e-08,
        "demote_error": 3.727152943611145e-06,
        "condition_indicator": 3.9897330503547277,
        "product_stats": {
          "min": -0.0004047389084007591,
          "max": 0.0007149247685447335,
          "mean": 9.42862516239984e-06,
          "std": 9.557921293890104e-05
        }
      },
      {
        "coord": [
          25,
          59
        ],
        "element_error": 4.774890840053558e-06,
        "y_ref": -0.008067124523222446,
        "y_mixed": -0.0080718994140625,
        "x_storage_error": 0.00014953927893657237,
        "w_storage_error": 0.0,
        "accumulation_error_estimate": 1.4901161193847656e-08,
        "demote_error": 3.5157427191734314e-06,
        "condition_indicator": 5.257495906421148,
        "product_stats": {
          "min": -0.0005704474751837552,
          "max": 0.0005231172544881701,
          "mean": -7.879281838540919e-06,
          "std": 9.713158215163276e-05
        }
      },
      {
        "coord": [
          227,
          182
        ],
        "element_error": 4.766508936882019e-06,
        "y_ref": 0.009554864838719368,
        "y_mixed": 0.00955963134765625,
        "x_storage_error": 0.00014878301590215415,
        "w_storage_error": 0.0,
        "accumulation_error_estimate": 1.4901161193847656e-08,
        "demote_error": 3.6517158150672913e-06,
        "condition_indicator": 4.146263551382518,
        "product_stats": {
          "min": -0.00046261082752607763,
          "max": 0.0005738168838433921,
          "mean": 9.332013178209309e-06,
          "std": 9.775923535926268e-05
        }
      },
      {
        "coord": [
          94,
          105
        ],
        "element_error": 4.75812703371048e-06,
        "y_ref": 0.00826739240437746,
        "y_mixed": 0.00826263427734375,
        "x_storage_error": 0.00015368011372629553,
        "w_storage_error": 0.0,
        "accumulation_error_estimate": 1.4901161193847656e-08,
        "demote_error": 3.2652169466018677e-06,
        "condition_indicator": 3.3554138151269277,
        "product_stats": {
          "min": -0.0007182040135376155,