{
  "detector": {
    "detected_exceeded": false,
    "actual_err": 5.360692739486694e-06,
    "predicted_bound": 3.9367414137814195e-05,
    "elapsed_sec": 2.662585973739624
  },
  "matrix_info": {
    "input_shape": [
      256,
      1024
    ],
    "weight_shape": [
      1024,
      512
    ],
    "output_shape": [
      256,
      512
    ],
    "accumulation_dim": 1024
  },
  "analyzer_report": {
    "component_estimates": {
      "input_storage_error": 5.360692739486694e-06,
      "weight_storage_error": 5.360692739486694e-06,
      "accumulation_error": 5.360692739486694e-06,
      "demote_error": 3.447383642196655e-05
    },
    "component_ratios": {
      "input_storage_error": 0.1060349274187606,
      "weight_storage_error": 0.1060349274187606,
      "accumulation_error": 0.1060349274187606,
      "demote_error": 0.6818952177437182
    },
    "primary_source": "x_storage",
    "suggestion": "\u4e3b\u8981\u8bef\u5dee\u6765\u6e90\u4e3a\u8f93\u5165\u5b58\u50a8\u7cbe\u5ea6\u3002\u5efa\u8bae\uff1a\u63d0\u5347\u8f93\u5165\u5b58\u50a8\u7cbe\u5ea6\uff1b\u8fdb\u884c\u8f93\u5165\u5f52\u4e00\u5316\u6216\u6743\u91cd\u7f29\u653e\u4ee5\u6539\u5584\u6570\u503c\u8303\u56f4\u3002 \u68c0\u6d4b\u5230\u6570\u503c\u7a33\u5b9a\u6027\u95ee\u9898\uff08\u6761\u4ef6\u6570\u6307\u6807=4.00\uff09\u3002\u5efa\u8bae\uff1a(1)\u8f93\u5165/\u6743\u91cd\u9884\u5904\u7406\u548c\u5f52\u4e00\u5316\uff1b(2)\u68c0\u67e5\u662f\u5426\u5b58\u5728\u75c5\u6001\u77e9\u9635\u3002",
    "numerical_stability": {
      "average_condition_indicator": 4.003774264169858,
      "accumulation_dimension": 1024,
      "stability_assessment": "good"
    },
    "top_elements_summary": [
      {
        "coord": [
          188,
          348
        ],
        "element_error": 5.360692739486694e-06,
        "y_ref": 0.008161183446645737,
        "y_mixed": 0.00815582275390625,
        "x_storage_error": 0.000138934759888798,
        "w_storage_error": 0.0,
        "accumulation_error_estimate": 1.4901161193847656e-08,
        "demote_error": 3.693625330924988e-06,
        "condition_indicator": 3.690421933157446,
        "product_stats": {
          "min": -0.0004703178710769862,
          "max": 0.0006935381679795682,
          "mean": 7.968274985614698e-06,
          "std": 9.634516754886135e-05
        }
      },
      {
        "coord": [
          145,
          159
        ],
        "element_error": 5.356036126613617e-06,
        "y_ref": -0.010752090252935886,
        "y_mixed": -0.0107574462890625,
        "x_storage_error": 0.0001535529299871996,
        "w_storage_error": 0.0,
        "accumulation_error_estimate": 1.4901161193847656e-08,
        "demote_error": 3.509223461151123e-06,
        "condition_indicator": 4.029154966629258,
        "product_stats": {
          "min": -0.0004775225243065506,
          "max": 0.0004820202011615038,
          "mean": -1.050189348461572e-05,
          "std": 0.00010155597556149587
        }
      },
      {
        "coord": [
          133,
          20
        ],
        "element_error": 5.229376256465912e-06,
        "y_ref": 0.008806721307337284,
        "y_mixed": 0.00881195068359375,
        "x_storage_error": 0.00013771283556707203,
        "w_storage_error": 0.0,
        "accumulation_error_estimate": 1.4901161193847656e-08,
        "demote_error": 3.577210009098053e-06,
        "condition_indicator": 3.9068475419327866,
        "product_stats": {
          "min": -0.00042599340667948127,
          "max": 0.0004918550257571042,
          "mean": 8.60193176777102e-06,
          "std": 9.040514123626053e-05
        }
      },
      {
        "coord": [
          66,
          481
        ],
        "element_error": 5.097128450870514e-06,
        "y_ref": 0.00818380806595087,
        "y_mixed": 0.0081787109375,
        "x_storage_error": 0.00014146762259770185,
        "w_storage_error": 0.0,
        "accumulation_error_estimate": 1.4901161193847656e-08,
        "demote_error": 3.618188202381134e-06,
        "condition_indicator": 4.243370662895754,
        "product_stats": {
          "min": -0.0005678558372892439,
          "max": 0.0005373716703616083,
          "mean": 7.990553967829328e-06,
          "std": 9.474213584326208e-05
        }
      },
      {
        "coord": [
          232,
          322
        ],
        "element_error": 5.009584128856659e-06,
        "y_ref": -0.008028742857277393,
        "y_mixed": -0.00803375244140625,
        "x_storage_error": 0.0001439053739886731,
        "w_storage_error": 0.0,
        "accumulation_error_estimate": 1.4901161193847656e-08,
        "demote_error": 3.744848072528839e-06,
        "condition_indicator": 3.525249070289988,
        "product_stats": {
          "min": -0.0006622301880270243,
          "max": 0.0004774337576236576,
          "mean": -7.84180338087026e-06,
          "std": 0.00010180674871662632
        }
      },
      {
        "coord": [
          122,
          163
        ],
        "element_error": 4.988163709640503e-06,
        "y_ref": 0.00787852331995964,
        "y_mixed": 0.00787353515625,
        "x_storage_error": 0.00014559004921466112,
        "w_storage_error": 0.0,
        "accumulation_error_estimate": 1.4901161193847656e-08,
        "demote_error": 3.689900040626526e-06,
        "condition_indicator": 3.353549821011122,
        "product_stats": {
          "min": -0.0005638456786982715,
          "max": 0.00040098497993312776,
          "mean": 7.692600775044411e-06,
          "std": 9.169517579721287e-05
        }
      },
      {
        "coord": [
          24,
          170
        ],
        "element_error": 4.9658119678497314e-06,
        "y_ref": 0.00891609862446785,
        "y_mixed": 0.0089111328125,
        "x_storage_error": 0.00013974547619000077,
        "w_storage_error": 0.0,
        "accumulation_error_estimate": 1.4901161193847656e-08,
        "demote_error": 3.6368146538734436e-06,
        "condition_indicator": 4.757267244634341,
        "product_stats": {
          "min": -0.0006605404196307063,
          "max": 0.0006494747358374298,
          "mean": 8.705829714017455e-06,
          "std": 0.00010056804603664204
        }
      },
      {
        "coord": [
          213,
          489
        ],
        "element_error": 4.9658119678497314e-06,
        "y_ref": 0.0079219751060009,
        "y_mixed": 0.00792694091796875,
        "x_storage_error": 0.0001474304881412536,
        "w_storage_error": 0.0,
        "accumulation_error_estimate": 1.4901161193847656e-08,
        "demote_error": 3.4775584936141968e-06,
        "condition_indicator": 4.895371054597827,
        "product_stats": {
          "min": -0.0004067081608809531,
          "max": 0.0007427019299939275,
          "mean": 7.737755367998034e-06,
          "std": 0.00010219823889201507
        }
      },
      {
        "coord": [
          107,
          295
        ],
        "element_error": 4.891306161880493e-06,
        "y_ref": -0.00810730829834938,
        "y_mixed": -0.0081024169921875,
        "x_storage_error": 0.0001454623998142779,
        "w_storage_error": 0.0,
        "accumulation_error_estimate": 1.4901161193847656e-08,
        "demote_error": 3.7532299757003784e-06,
        "condition_indicator": 4.307693238904713,
        "product_stats": {
          "min": -0.0005688630044460297,
          "max": 0.0006952258991077542,
          "mean": -7.91618185758125e-06,
          "std": 0.00010259007103741169
        }
      },
      {
        "coord": [
          233,
          271
        ],
        "element_error": 4.877336323261261e-06,
        "y_ref": 0.008000482805073261,
        "y_mixed": 0.00799560546875,
        "x_storage_error": 0.00014881153765600175,
        "w_storage_error": 0.0,
        "accumulation_error_estimate": 1.4901161193847656e-08,
        "demote_error": 3.703869879245758e-06,
        "condition_indicator": 3.3288171076453565,
        "product_stats": {
          "min": -0.0005645625642500818,
          "max": 0.0005491685587912798,