{
  "detector": {
    "detected_exceeded": false,
    "actual_err": 9.617209434509277e-05,
    "predicted_bound": 0.00017998099501710386,
    "elapsed_sec": 3.855889320373535
  },
  "analyzer_report": {
    "component_estimates": {
      "input_storage_error": 9.617209434509277e-05,
      "statistics_computation_error": 9.617209434509277e-05,
      "output_storage_error": 0.00014425814151763916,
      "weight_storage_error": 9.617209434509277e-05,
      "bias_storage_error": 9.617209434509277e-05
    },
    "component_ratios": {
      "input_storage_error": 0.18181818181818182,
      "statistics_computation_error": 0.18181818181818182,
      "output_storage_error": 0.2727272727272727,
      "weight_storage_error": 0.18181818181818182,
      "bias_storage_error": 0.18181818181818182
    },
    "primary_source": "demote",
    "suggestion": "\u4e3b\u8981\u8bef\u5dee\u6765\u6e90\u4e3a\u8f93\u51fa\u964d\u7cbe\u5ea6\u3002\u5efa\u8bae\uff1a\u5ef6\u8fdf\u964d\u7cbe\u5ea6\u6216\u63d0\u9ad8\u8f93\u51fa\u7cbe\u5ea6\uff1b\u68c0\u67e5LayerNorm\u8f93\u51fa\u7684\u6570\u503c\u8303\u56f4\u3002",
    "statistics_errors": {
      "mean_error": 3.2830484997248277e-09,
      "var_error": 1.0436096431476471e-12,
      "std_error": 2.3283064365386963e-10
    },
    "norm_behavior_stats": {
      "normal": 10
    },
    "top_elements_summary": [
      {
        "coord": [
          7,
          74,
          221
        ],
        "element_error": 9.617209434509277e-05,
        "x_original": 0.0004402448539622128,
        "y_ref": 0.1384536325931549,
        "y_mixed": 0.1385498046875,
        "norm_behavior": "normal",
        "storage_error": 1.1426163837313652e-07,
        "weight_error": 0.0,
        "bias_error": 0.0,
        "demote_error": 5.984306335449219e-05,
        "local_mean_error": 6.905338523210958e-10,
        "local_std_error": 0.0
      },
      {
        "coord": [
          2,
          412,
          515
        ],
        "element_error": 9.15229320526123e-05,
        "x_original": -0.00040612590964883566,
        "y_ref": -0.1276549994945526,
        "y_mixed": -0.1275634765625,
        "norm_behavior": "normal",
        "storage_error": 9.906943887472153e-08,
        "weight_error": 0.0,
        "bias_error": 0.0,
        "demote_error": 6.0230493545532227e-05,
        "local_mean_error": 8.230927051045e-11,
        "local_std_error": 2.3283064365386963e-10
      },
      {
        "coord": [
          0,
          480,
          46
        ],
        "element_error": 9.037554264068604e-05,
        "x_original": 0.00041522085666656494,
        "y_ref": 0.13223384320735931,
        "y_mixed": 0.13232421875,
        "norm_behavior": "normal",
        "storage_error": 1.043081283569336e-07,
        "weight_error": 0.0,
        "bias_error": 0.0,
        "demote_error": 5.772709846496582e-05,
        "local_mean_error": 1.0300027497578412e-09,
        "local_std_error": 0.0
      },
      {
        "coord": [
          7,
          180,
          590
        ],
        "element_error": 8.797645568847656e-05,
        "x_original": -0.000401875760871917,
        "y_ref": -0.12674307823181152,
        "y_mixed": -0.1268310546875,
        "norm_behavior": "normal",
        "storage_error": 9.796349331736565e-08,
        "weight_error": 0.0,
        "bias_error": 0.0,
        "demote_error": 5.7131052017211914e-05,
        "local_mean_error": 3.625473254942335e-10,
        "local_std_error": 0.0
      },
      {
        "coord": [
          2,
          486,
          270
        ],
        "element_error": 8.706748485565186e-05,
        "x_original": -0.0004416837473399937,
        "y_ref": -0.14078207314014435,
        "y_mixed": -0.140869140625,
        "norm_behavior": "normal",
        "storage_error": 1.0587973520159721e-07,
        "weight_error": 0.0,
        "bias_error": 0.0,
        "demote_error": 5.3554773330688477e-05,
        "local_mean_error": 1.8894752429332584e-10,
        "local_std_error": 0.0
      },
      {
        "coord": [
          4,
          115,
          687
        ],
        "element_error": 8.416175842285156e-05,
        "x_original": -0.00040210678707808256,
        "y_ref": -0.12821173667907715,
        "y_mixed": -0.1282958984375,
        "norm_behavior": "normal",
        "storage_error": 1.0535586625337601e-07,
        "weight_error": 0.0,
        "bias_error": 0.0,
        "demote_error": 5.109608173370361e-05,
        "local_mean_error": 7.244125299621373e-10,
        "local_std_error": 0.0
      },
      {
        "coord": [
          0,
          192,
          651
        ],
        "element_error": 8.416175842285156e-05,
        "x_original": 0.0004121301171835512,
        "y_ref": 0.13028693199157715,
        "y_mixed": 0.13037109375,
        "norm_behavior": "normal",
        "storage_error": 9.560608305037022e-08,
        "weight_error": 0.0,
        "bias_error": 0.0,
        "demote_error": 5.428493022918701e-05,
        "local_mean_error": 1.0770335734378023e-09,
        "local_std_error": 0.0
      },
      {
        "coord": [
          7,
          222,
          635
        ],
        "element_error": 8.411705493927002e-05,
        "x_original": 0.0003995116276200861,
        "y_ref": 0.12601451575756073,
        "y_mixed": 0.1260986328125,
        "norm_behavior": "normal",
        "storage_error": 7.791095413267612e-08,
        "weight_error": 0.0,
        "bias_error": 0.0,
        "demote_error": 5.969405174255371e-05,
        "local_mean_error": 6.716618372593075e-10,
        "local_std_error": 0.0
      },
      {
        "coord": [
          3,
          134,
          403
        ],
        "element_error": 8.231401443481445e-05,
        "x_original": -0.0004924151580780745,
        "y_ref": -0.15567940473556519,
        "y_mixed": -0.15576171875,
        "norm_behavior": "normal",
        "storage_error": 1.5762634575366974e-07,
        "weight_error": 0.0,
        "bias_error": 0.0,
        "demote_error": 3.266334533691406e-05,
        "local_mean_error": 5.693010507457075e-10,
        "local_std_error": 0.0
      },
      {
        "coord": [
          3,
          408,
          279
        ],
        "element_error": 8.061528205871582e-05,
        "x_original": -0.0004197038651909679,
        "y_ref": -0.13167241215705872,
        "y_mixed": -0.131591796875,
        "norm_behavior": "normal",
        "storage_error": 8.716597221791744e-08,
        "weight_error": 0.0,
        "bias_error": 0.0,
        "demote_error": 5.348026752471924e-05,
        "local_mean_error": 1.282614903175272e-09,
        "local_std_error": 0.0
      }
    ]
  }
}