{
  "detector": {
    "detected_exceeded": false,
    "actual_err": 2.9802137646584015e-08,
    "predicted_bound": 3.360191440151539e-05,
    "elapsed_sec": 2.3434221744537354
  },
  "analyzer_report": {
    "component_estimates": {
      "input_storage_error": 2.9802137646584015e-08,
      "output_storage_error": 3.054289845749736e-05
    },
    "component_ratios": {
      "input_storage_error": 0.0009747957186130191,
      "output_storage_error": 0.999025204281387
    },
    "primary_source": "storage",
    "suggestion": "\u4e3b\u8981\u8bef\u5dee\u6765\u6e90\u4e3a\u8f93\u5165\u5b58\u50a8\u7cbe\u5ea6\u3002\u5efa\u8bae\uff1a\u63d0\u5347\u8f93\u5165\u5b58\u50a8\u7cbe\u5ea6\u6216\u8fdb\u884c\u8f93\u5165\u5f52\u4e00\u5316\uff0c\u7279\u522b\u6ce8\u610f\u63a5\u8fd1\u96f6\u7684\u503c\u3002 \u68c0\u6d4b\u5230\u63a5\u8fd1\u96f6\u7684\u8f93\u5165\u503c\uff0c\u8fd9\u4e9b\u5728ReLU\u4e2d\u6700\u5bb9\u6613\u4ea7\u751f\u7cbe\u5ea6\u8bef\u5dee\u3002\u8003\u8651\u6dfb\u52a0\u5c0f\u7684\u504f\u7f6e\u6216\u4f7f\u7528Leaky ReLU\u3002",
    "relu_behavior_stats": {
      "near_zero": 10
    },
    "top_elements_summary": [
      {
        "coord": [
          0,
          218,
          0,
          7
        ],
        "element_error": 2.9802137646584015e-08,
        "x_original": 2.086160719727559e-07,
        "y_ref": 2.086160719727559e-07,
        "y_mixed": 1.7881393432617188e-07,
        "relu_behavior": "near_zero",
        "storage_error": 2.9802137646584015e-08,
        "demote_error": 0.0
      },
      {
        "coord": [
          0,
          141,
          27,
          19
        ],
        "element_error": 2.9801924483763287e-08,
        "x_original": 8.046623065638414e-07,
        "y_ref": 8.046623065638414e-07,
        "y_mixed": 7.748603820800781e-07,
        "relu_behavior": "near_zero",
        "storage_error": 2.9801924483763287e-08,
        "demote_error": 0.0
      },
      {
        "coord": [
          0,
          105,
          7,
          8
        ],
        "element_error": 2.980155500154069e-08,
        "x_original": 4.470356032015843e-07,
        "y_ref": 4.470356032015843e-07,
        "y_mixed": 4.76837158203125e-07,
        "relu_behavior": "near_zero",
        "storage_error": 2.980155500154069e-08,
        "demote_error": 0.0
      },
      {
        "coord": [
          0,
          54,
          14,
          27
        ],
        "element_error": 2.980135604957468e-08,
        "x_original": 3.874311573781597e-07,
        "y_ref": 3.874311573781597e-07,
        "y_mixed": 4.172325134277344e-07,
        "relu_behavior": "near_zero",
        "storage_error": 2.980135604957468e-08,
        "demote_error": 0.0
      },
      {
        "coord": [
          0,
          215,
          25,
          20
        ],
        "element_error": 2.980135604957468e-08,
        "x_original": 6.258497364797222e-07,
        "y_ref": 6.258497364797222e-07,
        "y_mixed": 6.556510925292969e-07,
        "relu_behavior": "near_zero",
        "storage_error": 2.980135604957468e-08,
        "demote_error": 0.0
      },
      {
        "coord": [
          0,
          95,
          27,
          29
        ],
        "element_error": 2.9801185519318096e-08,
        "x_original": 6.854545517853694e-07,
        "y_ref": 6.854545517853694e-07,
        "y_mixed": 7.152557373046875e-07,
        "relu_behavior": "near_zero",
        "storage_error": 2.9801185519318096e-08,
        "demote_error": 0.0
      },
      {
        "coord": [
          0,
          198,
          20,
          16
        ],
        "element_error": 2.980078761538607e-08,
        "x_original": 5.066379458185111e-07,
        "y_ref": 5.066379458185111e-07,
        "y_mixed": 4.76837158203125e-07,
        "relu_behavior": "near_zero",
        "storage_error": 2.980078761538607e-08,
        "demote_error": 0.0
      },
      {
        "coord": [
          0,
          245,
          21,
          6
        ],
        "element_error": 2.980078761538607e-08,
        "x_original": 8.642688840154733e-07,
        "y_ref": 8.642688840154733e-07,
        "y_mixed": 8.940696716308594e-07,
        "relu_behavior": "near_zero",
        "storage_error": 2.980078761538607e-08,
        "demote_error": 0.0
      },
      {
        "coord": [
          0,
          157,
          31,
          5
        ],
        "element_error": 2.9800247602906893e-08,
        "x_original": 4.470369106002181e-07,
        "y_ref": 4.470369106002181e-07,
        "y_mixed": 4.76837158203125e-07,
        "relu_behavior": "near_zero",
        "storage_error": 2.9800247602906893e-08,
        "demote_error": 0.0
      },
      {
        "coord": [
          0,
          46,
          29,
          25
        ],
        "element_error": 2.980010549435974e-08,
        "x_original": 5.066372636974847e-07,
        "y_ref": 5.066372636974847e-07,
        "y_mixed": 4.76837158203125e-07,
        "relu_behavior": "near_zero",
        "storage_error": 2.980010549435974e-08,
        "demote_error": 0.0
      }
    ]
  }
}