{
  "detector": {
    "detected_exceeded": false,
    "actual_err": 6.0439109802246094e-05,
    "predicted_bound": 0.00014427205314859748,
    "elapsed_sec": 4.191196441650391
  },
  "meta": {
    "distribution": "adversarial_sum",
    "bias": true,
    "batch_size": 32,
    "in_features": 1024,
    "out_features": 4096
  },
  "analyzer_report": {
    "component_estimates": {
      "input_storage_error": 6.0439109802246094e-05,
      "weight_storage_error": 6.0439109802246094e-05,
      "accumulation_error": 6.0439109802246094e-05,
      "output_storage_error": 0.00011165440082550049,
      "bias_storage_error": 6.0439109802246094e-05
    },
    "component_ratios": {
      "input_storage_error": 0.17101657039254542,
      "weight_storage_error": 0.17101657039254542,
      "accumulation_error": 0.17101657039254542,
      "output_storage_error": 0.31593371842981827,
      "bias_storage_error": 0.17101657039254542
    },
    "primary_source": "input_storage",
    "suggestion": "\u4e3b\u8981\u8bef\u5dee\u6765\u6e90\u4e3a\u8f93\u5165\u5b58\u50a8\u7cbe\u5ea6\u3002\u5efa\u8bae\uff1a\u63d0\u5347\u8f93\u5165\u5b58\u50a8\u7cbe\u5ea6\u6216\u8fdb\u884c\u8f93\u5165\u5f52\u4e00\u5316/\u6807\u51c6\u5316\u4ee5\u964d\u4f4e\u6570\u503c\u8303\u56f4\u3002",
    "aggregated_ratios": {
      "input_storage": 0.9672530483338959,
      "weight_storage": 0.0,
      "bias_storage": 0.0,
      "accumulation": 0.00014635509124515786,
      "demote": 0.03260059657485891
    },
    "top_neurons_summary": [
      {
        "coord": [
          13,
          1833
        ],
        "neuron_error": 6.0439109802246094e-05,
        "y_ref": -0.14593446254730225,
        "y_mixed": -0.1458740234375,
        "input_storage_error": 0.0014459106605499983,
        "weight_storage_error": 0.0,
        "bias_storage_error": 0.0,
        "accumulation_estimate": 2.384185791015625e-07,
        "demote_error": 5.81890344619751e-05,
        "in_features": 1024,
        "neuron_idx": 1833,
        "batch_idx": 13
      },
      {
        "coord": [
          10,
          2655
        ],
        "neuron_error": 5.812942981719971e-05,
        "y_ref": 0.1463041752576828,
        "y_mixed": 0.1463623046875,
        "input_storage_error": 0.0013747026678174734,
        "weight_storage_error": 0.0,
        "bias_storage_error": 0.0,
        "accumulation_estimate": 2.384185791015625e-07,
        "demote_error": 5.336105823516846e-05,
        "in_features": 1024,
        "neuron_idx": 2655,
        "batch_idx": 10
      },
      {
        "coord": [
          21,
          1480
        ],
        "neuron_error": 5.669891834259033e-05,
        "y_ref": -0.1474042385816574,
        "y_mixed": -0.1474609375,
        "input_storage_error": 0.0014632295351475477,
        "weight_storage_error": 0.0,
        "bias_storage_error": 0.0,
        "accumulation_estimate": 2.384185791015625e-07,
        "demote_error": 5.112588405609131e-05,
        "in_features": 1024,
        "neuron_idx": 1480,
        "batch_idx": 21
      },
      {
        "coord": [
          21,
          357
        ],
        "neuron_error": 5.6371092796325684e-05,
        "y_ref": -0.12530051171779633,
        "y_mixed": -0.125244140625,
        "input_storage_error": 0.0014632295351475477,
        "weight_storage_error": 0.0,
        "bias_storage_error": 0.0,
        "accumulation_estimate": 2.384185791015625e-07,
        "demote_error": 4.997849464416504e-05,
        "in_features": 1024,
        "neuron_idx": 357,
        "batch_idx": 21
      },
      {
        "coord": [
          17,
          234
        ],
        "neuron_error": 5.5164098739624023e-05,
        "y_ref": 0.12871727347373962,
        "y_mixed": 0.128662109375,
        "input_storage_error": 0.0014203536557033658,
        "weight_storage_error": 0.0,
        "bias_storage_error": 0.0,
        "accumulation_estimate": 2.384185791015625e-07,
        "demote_error": 5.6549906730651855e-05,
        "in_features": 1024,
        "neuron_idx": 234,
        "batch_idx": 17
      },
      {
        "coord": [
          7,
          2981
        ],
        "neuron_error": 5.379319190979004e-05,
        "y_ref": 0.1259082853794098,
        "y_mixed": 0.1258544921875,
        "input_storage_error": 0.0013629688182845712,
        "weight_storage_error": 0.0,
        "bias_storage_error": 0.0,
        "accumulation_estimate": 2.384185791015625e-07,
        "demote_error": 5.367398262023926e-05,
        "in_features": 1024,
        "neuron_idx": 2981,
        "batch_idx": 7
      },
      {
        "coord": [
          13,
          452
        ],
        "neuron_error": 5.2094459533691406e-05,
        "y_ref": 0.1352018117904663,
        "y_mixed": 0.13525390625,
        "input_storage_error": 0.0014459106605499983,
        "weight_storage_error": 0.0,
        "bias_storage_error": 0.0,
        "accumulation_estimate": 2.384185791015625e-07,
        "demote_error": 4.750490188598633e-05,
        "in_features": 1024,
        "neuron_idx": 452,
        "batch_idx": 13
      },
      {
        "coord": [
          20,
          3271
        ],
        "neuron_error": 5.054473876953125e-05,
        "y_ref": 0.09239673614501953,
        "y_mixed": 0.09234619140625,
        "input_storage_error": 0.0013903994113206863,
        "weight_storage_error": 0.0,
        "bias_storage_error": 0.0,
        "accumulation_estimate": 1.1920928955078125e-07,
        "demote_error": 2.8617680072784424e-05,
        "in_features": 1024,
        "neuron_idx": 3271,
        "batch_idx": 20
      },
      {
        "coord": [
          27,
          2883
        ],
        "neuron_error": 4.985928535461426e-05,
        "y_ref": -0.07142230868339539,
        "y_mixed": -0.07147216796875,
        "input_storage_error": 0.0014398542698472738,
        "weight_storage_error": 0.0,
        "bias_storage_error": 0.0,
        "accumulation_estimate": 1.1920928955078125e-07,
        "demote_error": 2.87666916847229e-05,
        "in_features": 1024,
        "neuron_idx": 2883,
        "batch_idx": 27
      },
      {
        "coord": [
          10,
          2712
        ],
        "neuron_error": 4.9754977226257324e-05,
        "y_ref": -0.12529389560222626,
        "y_mixed": -0.125244140625,
        "input_storage_error": 0.0013747026678174734,
        "weight_storage_error": 0.0,
        "bias_storage_error": 0.0,
        "accumulation_estimate": 2.384185791015625e-07,
        "demote_error": 5.0202012062072754e-05,
        "in_features": 1024,
        "neuron_idx": 2712,
        "batch_idx": 10
      }
    ]
  }
}