{
  "detector": {
    "detected_exceeded": false,
    "actual_err": 5.239620804786682e-06,
    "predicted_bound": 3.925821365555749e-05,
    "elapsed_sec": 2.6030232906341553
  },
  "matrix_info": {
    "input_shape": [
      256,
      1024
    ],
    "weight_shape": [
      1024,
      512
    ],
    "output_shape": [
      256,
      512
    ],
    "accumulation_dim": 1024
  },
  "analyzer_report": {
    "component_estimates": {
      "input_storage_error": 5.239620804786682e-06,
      "weight_storage_error": 5.239620804786682e-06,
      "accumulation_error": 5.239620804786682e-06,
      "demote_error": 3.4403055906295776e-05
    },
    "component_ratios": {
      "input_storage_error": 0.10453751532944368,
      "weight_storage_error": 0.10453751532944368,
      "accumulation_error": 0.10453751532944368,
      "demote_error": 0.686387454011669
    },
    "primary_source": "x_storage",
    "suggestion": "\u4e3b\u8981\u8bef\u5dee\u6765\u6e90\u4e3a\u8f93\u5165\u5b58\u50a8\u7cbe\u5ea6\u3002\u5efa\u8bae\uff1a\u63d0\u5347\u8f93\u5165\u5b58\u50a8\u7cbe\u5ea6\uff1b\u8fdb\u884c\u8f93\u5165\u5f52\u4e00\u5316\u6216\u6743\u91cd\u7f29\u653e\u4ee5\u6539\u5584\u6570\u503c\u8303\u56f4\u3002",
    "numerical_stability": {
      "average_condition_indicator": 3.934331881486261,
      "accumulation_dimension": 1024,
      "stability_assessment": "good"
    },
    "top_elements_summary": [
      {
        "coord": [
          189,
          389
        ],
        "element_error": 5.239620804786682e-06,
        "y_ref": 0.008265024051070213,
        "y_mixed": 0.008270263671875,
        "x_storage_error": 0.00014816824113950133,
        "w_storage_error": 0.0,
        "accumulation_error_estimate": 1.4901161193847656e-08,
        "demote_error": 3.429129719734192e-06,
        "condition_indicator": 3.784346091048613,
        "product_stats": {
          "min": -0.000488478341139853,
          "max": 0.0010430165566504002,
          "mean": 8.073078788584098e-06,
          "std": 0.00010257273243041709
        }
      },
      {
        "coord": [
          38,
          224
        ],
        "element_error": 5.169771611690521e-06,
        "y_ref": -0.00799314584583044,
        "y_mixed": -0.00798797607421875,
        "x_storage_error": 0.00014372785517480224,
        "w_storage_error": 0.0,
        "accumulation_error_estimate": 1.4901161193847656e-08,
        "demote_error": 3.5297125577926636e-06,
        "condition_indicator": 3.866336941826139,
        "product_stats": {
          "min": -0.0005823570536449552,
          "max": 0.0004073441668879241,
          "mean": -7.80420577939367e-06,
          "std": 0.00010438611207064241
        }
      },
      {
        "coord": [
          55,
          66
        ],
        "element_error": 5.127862095832825e-06,
        "y_ref": -0.008389832451939583,
        "y_mixed": -0.00838470458984375,
        "x_storage_error": 0.00014453681069426239,
        "w_storage_error": 0.0,
        "accumulation_error_estimate": 1.4901161193847656e-08,
        "demote_error": 3.6973506212234497e-06,
        "condition_indicator": 4.183269065238814,
        "product_stats": {
          "min": -0.0005799157661385834,
          "max": 0.0005115462117828429,
          "mean": -8.191797860490624e-06,
          "std": 9.651362779550254e-05
        }
      },
      {
        "coord": [
          101,
          395
        ],
        "element_error": 4.872679710388184e-06,
        "y_ref": -0.007929697632789612,
        "y_mixed": -0.0079345703125,
        "x_storage_error": 0.00013804897025693208,
        "w_storage_error": 0.0,
        "accumulation_error_estimate": 1.4901161193847656e-08,
        "demote_error": 3.191642463207245e-06,
        "condition_indicator": 3.4356695409846854,
        "product_stats": {
          "min": -0.0006592481513507664,
          "max": 0.00045118393609300256,
          "mean": -7.745485163468402e-06,
          "std": 9.880404104478657e-05
        }
      },
      {
        "coord": [
          96,
          315
        ],
        "element_error": 4.868023097515106e-06,
        "y_ref": -0.010455031879246235,
        "y_mixed": -0.01045989990234375,
        "x_storage_error": 0.00013690812920685858,
        "w_storage_error": 0.0,
        "accumulation_error_estimate": 1.4901161193847656e-08,
        "demote_error": 3.5762786865234375e-06,
        "condition_indicator": 3.605114401687956,
        "product_stats": {
          "min": -0.0007101214723661542,
          "max": 0.0005002876278012991,
          "mean": -1.0211250810243655e-05,
          "std": 9.984047937905416e-05
        }
      },
      {
        "coord": [
          226,
          189
        ],
        "element_error": 4.830770194530487e-06,
        "y_ref": -0.01000696700066328,
        "y_mixed": -0.01000213623046875,
        "x_storage_error": 0.00015249988064169884,
        "w_storage_error": 0.0,
        "accumulation_error_estimate": 1.4901161193847656e-08,
        "demote_error": 3.6051496863365173e-06,
        "condition_indicator": 3.859136355312562,
        "product_stats": {
          "min": -0.0007250237395055592,
          "max": 0.00045712897554039955,
          "mean": -9.771229997568298e-06,
          "std": 9.981679613701999e-05
        }
      },
      {
        "coord": [
          95,
          252
        ],
        "element_error": 4.816800355911255e-06,
        "y_ref": 0.010615300387144089,
        "y_mixed": 0.0106201171875,
        "x_storage_error": 0.00013668065366800874,
        "w_storage_error": 0.0,
        "accumulation_error_estimate": 1.4901161193847656e-08,
        "demote_error": 3.762543201446533e-06,
        "condition_indicator": 4.228454512591038,
        "product_stats": {
          "min": -0.0005343016237020493,
          "max": 0.0008198658470064402,
          "mean": 1.0367532922828104e-05,
          "std": 0.00010440860933158547
        }
      },
      {
        "coord": [
          108,
          217
        ],
        "element_error": 4.753470420837402e-06,
        "y_ref": 0.010975822806358337,
        "y_mixed": 0.0109710693359375,
        "x_storage_error": 0.00014723502681590617,
        "w_storage_error": 0.0,
        "accumulation_error_estimate": 1.4901161193847656e-08,
        "demote_error": 3.5027042031288147e-06,
        "condition_indicator": 3.796422411687682,
        "product_stats": {
          "min": -0.0004760630545206368,
          "max": 0.000456787645816803,
          "mean": 1.0717356417444535e-05,
          "std": 0.00010324179311282933
        }
      },
      {
        "coord": [
          38,
          250
        ],
        "element_error": 4.7264620661735535e-06,
        "y_ref": 0.010350185446441174,
        "y_mixed": 0.010345458984375,
        "x_storage_error": 0.00014372785517480224,
        "w_storage_error": 0.0,
        "accumulation_error_estimate": 1.4901161193847656e-08,
        "demote_error": 3.5017728805541992e-06,
        "condition_indicator": 3.866336941826139,
        "product_stats": {
          "min": -0.0004427340754773468,
          "max": 0.0006225586403161287,
          "mean": 1.0106405170517974e-05,
          "std": 0.00010587087308522314
        }
      },
      {
        "coord": [
          7,
          90
        ],
        "element_error": 4.704110324382782e-06,
        "y_ref": -0.007916386239230633,
        "y_mixed": -0.00791168212890625,
        "x_storage_error": 0.0001495633041486144,
        "w_storage_error": 0.0,
        "accumulation_error_estimate": 1.4901161193847656e-08,
        "demote_error": 3.700144588947296e-06,
        "condition_indicator": 4.718232552658986,
        "product_stats": {
          "min": -0.0004297152045182884,
          "max": 0.0005283926147967577,
          "mean": -7.729870048933662e-06,
          "std": 9.794969082577154e-05
        }
      }
    ]
  }
}