{
  "detector": {
    "detected_exceeded": false,
    "actual_err": 0.0012513995170593262,
    "predicted_bound": 0.0016688942909240724,
    "elapsed_sec": 2.497774124145508
  },
  "analyzer_report": {
    "component_estimates": {
      "input_storage_error": 0.0012513995170593262,
      "max_subtraction_error": 0.0012513995170593262,
      "exponential_error": 0.0012513995170593262,
      "sum_accumulation_error": 0.0012513995170593262,
      "output_storage_error": 0.0012513995170593262
    },
    "component_ratios": {
      "input_storage_error": 0.2,
      "max_subtraction_error": 0.2,
      "exponential_error": 0.2,
      "sum_accumulation_error": 0.2,
      "output_storage_error": 0.2
    },
    "primary_source": "storage",
    "suggestion": "\u5206\u6790\u7ed3\u679c\u4e0d\u660e\u786e\uff1b\u8bf7\u68c0\u67e5\u8f93\u5165\u5206\u5e03\u6216\u589e\u52a0MC\u91c7\u6837\u3002 \u68c0\u6d4b\u5230\u6781\u5c0f\u7684exp\u503c\uff0c\u53ef\u80fd\u5bfc\u81f4\u4e0b\u6ea2\u548c\u7cbe\u5ea6\u635f\u5931\u3002 100.0%\u7684top\u8bef\u5dee\u6765\u81eamax logit\u4f4d\u7f6e\uff0c\u8fd9\u901a\u5e38\u5bf9softmax\u8f93\u51fa\u5f71\u54cd\u6700\u5927\u3002",
    "input_stats": {
      "min": -17.06767463684082,
      "max": 31.420963287353516,
      "mean": 0.9190170168876648,
      "std": 6.271513938903809,
      "range": 48.48863983154297
    },
    "stability_stats": {
      "max_shifted_logit": 0.0,
      "min_shifted_logit": -45.40373611450195,
      "max_exp_val": 1.0,
      "min_exp_val": 1.9116481613811453e-20,
      "exp_sum_max": 2.8685998916625977,
      "exp_sum_min": 1.0065544843673706
    },
    "max_logit_error_ratio": 1.0,
    "top_elements_summary": [
      {
        "coord": [
          6,
          436
        ],
        "element_error": 0.0012513995170593262,
        "x_original": 24.836809158325195,
        "y_ref": 0.3486021161079407,
        "y_mixed": 0.349853515625,
        "storage_error": 0.0069408416748046875,
        "demote_error": 7.191300392150879e-05,
        "logit_analysis": {
          "softmax_position": 436,
          "softmax_dim_size": 512,
          "is_max_logit": true,
          "distance_from_max": 0.0
        }
      },
      {
        "coord": [
          6,
          362
        ],
        "element_error": 0.0010426044464111328,
        "x_original": 24.594192504882812,
        "y_ref": 0.27350354194641113,
        "y_mixed": 0.2724609375,
        "storage_error": 0.0004425048828125,
        "demote_error": 5.075335502624512e-05,
        "logit_analysis": {
          "softmax_position": 362,
          "softmax_dim_size": 512,
          "is_max_logit": true,
          "distance_from_max": 0.0
        }
      },
      {
        "coord": [
          4,
          181
        ],
        "element_error": 0.001028895378112793,
        "x_original": 25.13391876220703,
        "y_ref": 0.7807093858718872,
        "y_mixed": 0.78173828125,
        "storage_error": 0.00670623779296875,
        "demote_error": 8.660554885864258e-05,
        "logit_analysis": {
          "softmax_position": 181,
          "softmax_dim_size": 512,
          "is_max_logit": true,
          "distance_from_max": 0.0
        }
      },
      {
        "coord": [
          1,
          115
        ],
        "element_error": 0.0007493644952774048,
        "x_original": 22.161914825439453,
        "y_ref": 0.1028611809015274,
        "y_mixed": 0.10211181640625,
        "storage_error": 0.005664825439453125,
        "demote_error": 2.7686357498168945e-05,
        "logit_analysis": {
          "softmax_position": 115,
          "softmax_dim_size": 512,
          "is_max_logit": true,
          "distance_from_max": 0.0
        }
      },
      {
        "coord": [
          1,
          379
        ],
        "element_error": 0.0006039738655090332,
        "x_original": 24.185523986816406,
        "y_ref": 0.778204619884491,
        "y_mixed": 0.77880859375,
        "storage_error": 0.00197601318359375,
        "demote_error": 0.00013685226440429688,
        "logit_analysis": {
          "softmax_position": 379,
          "softmax_dim_size": 512,
          "is_max_logit": true,
          "distance_from_max": 0.0
        }
      },
      {
        "coord": [
          0,
          503
        ],
        "element_error": 0.00046509504318237305,
        "x_original": 25.450618743896484,
        "y_ref": 0.9106677174568176,
        "y_mixed": 0.9111328125,
        "storage_error": 0.002506256103515625,
        "demote_error": 0.0002384781837463379,
        "logit_analysis": {
          "softmax_position": 503,
          "softmax_dim_size": 512,
          "is_max_logit": true,
          "distance_from_max": 0.0
        }
      },
      {
        "coord": [
          4,
          457
        ],
        "element_error": 0.00046084076166152954,
        "x_original": 23.295440673828125,
        "y_ref": 0.12417910248041153,
        "y_mixed": 0.12371826171875,
        "storage_error": 0.001434326171875,
        "demote_error": 1.5601515769958496e-05,
        "logit_analysis": {
          "softmax_position": 457,
          "softmax_dim_size": 512,
          "is_max_logit": true,
          "distance_from_max": 0.0
        }
      },
      {
        "coord": [
          6,
          136
        ],
        "element_error": 0.00041303038597106934,
        "x_original": 24.233047485351562,
        "y_ref": 0.19059857726097107,
        "y_mixed": 0.190185546875,
        "storage_error": 0.0013275146484375,
        "demote_error": 1.259148120880127e-05,
        "logit_analysis": {
          "softmax_position": 136,
          "softmax_dim_size": 512,
          "is_max_logit": true,
          "distance_from_max": 0.0
        }
      },
      {
        "coord": [
          4,
          458
        ],
        "element_error": 0.0004130154848098755,
        "x_original": 22.5642147064209,
        "y_ref": 0.059769704937934875,
        "y_mixed": 0.059356689453125,
        "storage_error": 0.0017147064208984375,
        "demote_error": 3.5017728805541992e-06,
        "logit_analysis": {
          "softmax_position": 458,
          "softmax_dim_size": 512,
          "is_max_logit": true,
          "distance_from_max": 0.0
        }
      },
      {
        "coord": [
          5,
          262
        ],
        "element_error": 0.0002715177834033966,
        "x_original": 23.009483337402344,
        "y_ref": 0.021868985146284103,
        "y_mixed": 0.0221405029296875,
        "storage_error": 0.00614166259765625,
        "demote_error": 3.961846232414246e-06,
        "logit_analysis": {
          "softmax_position": 262,
          "softmax_dim_size": 512,
          "is_max_logit": true,
          "distance_from_max": 0.0
        }
      }
    ]
  }
}