{
  "detector": {
    "detected_exceeded": false,
    "actual_err": 6.183981895446777e-06,
    "predicted_bound": 3.9556041883770376e-05,
    "elapsed_sec": 2.600560426712036
  },
  "matrix_info": {
    "input_shape": [
      256,
      1024
    ],
    "weight_shape": [
      1024,
      512
    ],
    "output_shape": [
      256,
      512
    ],
    "accumulation_dim": 1024
  },
  "analyzer_report": {
    "component_estimates": {
      "input_storage_error": 6.183981895446777e-06,
      "weight_storage_error": 6.183981895446777e-06,
      "accumulation_error": 6.183981895446777e-06,
      "demote_error": 3.4582801163196564e-05
    },
    "component_ratios": {
      "input_storage_error": 0.11638301228682102,
      "weight_storage_error": 0.11638301228682102,
      "accumulation_error": 0.11638301228682102,
      "demote_error": 0.6508509631395369
    },
    "primary_source": "x_storage",
    "suggestion": "\u4e3b\u8981\u8bef\u5dee\u6765\u6e90\u4e3a\u8f93\u5165\u5b58\u50a8\u7cbe\u5ea6\u3002\u5efa\u8bae\uff1a\u63d0\u5347\u8f93\u5165\u5b58\u50a8\u7cbe\u5ea6\uff1b\u8fdb\u884c\u8f93\u5165\u5f52\u4e00\u5316\u6216\u6743\u91cd\u7f29\u653e\u4ee5\u6539\u5584\u6570\u503c\u8303\u56f4\u3002 \u68c0\u6d4b\u5230\u6570\u503c\u7a33\u5b9a\u6027\u95ee\u9898\uff08\u6761\u4ef6\u6570\u6307\u6807=4.05\uff09\u3002\u5efa\u8bae\uff1a(1)\u8f93\u5165/\u6743\u91cd\u9884\u5904\u7406\u548c\u5f52\u4e00\u5316\uff1b(2)\u68c0\u67e5\u662f\u5426\u5b58\u5728\u75c5\u6001\u77e9\u9635\u3002",
    "numerical_stability": {
      "average_condition_indicator": 4.049167691149121,
      "accumulation_dimension": 1024,
      "stability_assessment": "good"
    },
    "top_elements_summary": [
      {
        "coord": [
          217,
          66
        ],
        "element_error": 6.183981895446777e-06,
        "y_ref": 0.008798137307167053,
        "y_mixed": 0.0088043212890625,
        "x_storage_error": 0.00015703342796768993,
        "w_storage_error": 0.0,
        "accumulation_error_estimate": 1.4901161193847656e-08,
        "demote_error": 3.8119032979011536e-06,
        "condition_indicator": 3.8900832905441582,
        "product_stats": {
          "min": -0.0006415197858586907,
          "max": 0.0006590443081222475,
          "mean": 8.594244718551636e-06,
          "std": 0.00010525099787628278
        }
      },
      {
        "coord": [
          25,
          316
        ],
        "element_error": 5.4407864809036255e-06,
        "y_ref": -0.007856087759137154,
        "y_mixed": -0.00785064697265625,
        "x_storage_error": 0.00014611735241487622,
        "w_storage_error": 0.0,
        "accumulation_error_estimate": 1.4901161193847656e-08,
        "demote_error": 3.069639205932617e-06,
        "condition_indicator": 4.271064343542553,
        "product_stats": {
          "min": -0.0005324133671820164,
          "max": 0.0007396579021587968,
          "mean": -7.669646038266364e-06,
          "std": 0.00010424525680718943
        }
      },
      {
        "coord": [
          44,
          271
        ],
        "element_error": 5.248934030532837e-06,
        "y_ref": 0.008214477449655533,
        "y_mixed": 0.008209228515625,
        "x_storage_error": 0.00015045910549815744,
        "w_storage_error": 0.0,
        "accumulation_error_estimate": 1.4901161193847656e-08,
        "demote_error": 3.729015588760376e-06,
        "condition_indicator": 3.944900887052078,
        "product_stats": {
          "min": -0.000518388522323221,
          "max": 0.0006472774548456073,
          "mean": 8.020468158065341e-06,
          "std": 0.00010385204950580373
        }
      },
      {
        "coord": [
          107,
          123
        ],
        "element_error": 5.2014365792274475e-06,
        "y_ref": 0.008321241475641727,
        "y_mixed": 0.0083160400390625,
        "x_storage_error": 0.00014637556159868836,
        "w_storage_error": 0.0,
        "accumulation_error_estimate": 1.4901161193847656e-08,
        "demote_error": 3.7690624594688416e-06,
        "condition_indicator": 3.519593419826347,
        "product_stats": {
          "min": -0.00039406391442753375,
          "max": 0.0007814132259227335,
          "mean": 8.12481448519975e-06,
          "std": 9.862867591436952e-05
        }
      },
      {
        "coord": [
          189,
          210
        ],
        "element_error": 5.1865354180336e-06,
        "y_ref": 0.008252562023699284,
        "y_mixed": 0.00824737548828125,
        "x_storage_error": 0.00014665097114630044,
        "w_storage_error": 0.0,
        "accumulation_error_estimate": 1.4901161193847656e-08,
        "demote_error": 3.5436823964118958e-06,
        "condition_indicator": 3.4227176862313713,
        "product_stats": {
          "min": -0.0005192428943701088,
          "max": 0.0005113162915222347,
          "mean": 8.057539162109606e-06,
          "std": 0.0001006348174996674
        }
      },
      {
        "coord": [
          224,
          256
        ],
        "element_error": 5.1567330956459045e-06,
        "y_ref": -0.008600800298154354,
        "y_mixed": -0.00860595703125,
        "x_storage_error": 0.00014153098163660616,
        "w_storage_error": 0.0,
        "accumulation_error_estimate": 1.4901161193847656e-08,
        "demote_error": 3.7085264921188354e-06,
        "condition_indicator": 4.526335634278959,
        "product_stats": {
          "min": -0.000681738369166851,
          "max": 0.0007078993949107826,
          "mean": -8.400635124417022e-06,
          "std": 0.00010986478446284309
        }
      },
      {
        "coord": [
          30,
          119
        ],
        "element_error": 5.145557224750519e-06,
        "y_ref": -0.008165935985744,
        "y_mixed": -0.00817108154296875,
        "x_storage_error": 0.0001409129035891965,
        "w_storage_error": 0.0,
        "accumulation_error_estimate": 1.4901161193847656e-08,
        "demote_error": 3.6349520087242126e-06,
        "condition_indicator": 3.767600157269749,
        "product_stats": {
          "min": -0.0006899935542605817,
          "max": 0.0005418232176452875,
          "mean": -7.976021151989698e-06,
          "std": 0.00010066285904031247
        }
      },
      {
        "coord": [
          43,
          363
        ],
        "element_error": 4.964880645275116e-06,
        "y_ref": -0.009633260779082775,
        "y_mixed": -0.0096282958984375,
        "x_storage_error": 0.00014492454647552222,
        "w_storage_error": 0.0,
        "accumulation_error_estimate": 1.4901161193847656e-08,
        "demote_error": 3.512948751449585e-06,
        "condition_indicator": 5.030070250349403,
        "product_stats": {
          "min": -0.0008021841058507562,
          "max": 0.0007485685055144131,
          "mean": -9.406060598848853e-06,
          "std": 0.00010435119475005195
        }
      },
      {
        "coord": [
          222,
          275
        ],
        "element_error": 4.925765097141266e-06,
        "y_ref": 0.008343853987753391,
        "y_mixed": 0.00833892822265625,
        "x_storage_error": 0.00013905188825447112,
        "w_storage_error": 0.0,
        "accumulation_error_estimate": 1.4901161193847656e-08,
        "demote_error": 3.5725533962249756e-06,
        "condition_indicator": 3.315315473858186,
        "product_stats": {
          "min": -0.0005420867237262428,
          "max": 0.0005967240431345999,
          "mean": 8.146973414113745e-06,
          "std": 9.964445780497044e-05
        }
      },
      {
        "coord": [
          69,
          10
        ],
        "element_error": 4.871748387813568e-06,
        "y_ref": 0.008336170576512814,
        "y_mixed": 0.008331298828125,
        "x_storage_error": 0.00014191905211191624,
        "w_storage_error": 0.0,
        "accumulation_error_estimate": 1.4901161193847656e-08,
        "demote_error": 3.6293640732765198e-06,
        "condition_indicator": 4.803995768538403,
        "product_stats": {
          "min": -0.0004911310388706625,