{
  "detector": {
    "detected_exceeded": false,
    "actual_err": 5.716085433959961e-05,
    "predicted_bound": 0.00013066802130197176,
    "elapsed_sec": 3.9521961212158203
  },
  "meta": {
    "distribution": "adversarial_sum",
    "bias": true,
    "batch_size": 32,
    "in_features": 1024,
    "out_features": 4096
  },
  "analyzer_report": {
    "component_estimates": {
      "input_storage_error": 5.716085433959961e-05,
      "weight_storage_error": 5.716085433959961e-05,
      "accumulation_error": 5.716085433959961e-05,
      "output_storage_error": 9.936094284057617e-05,
      "bias_storage_error": 5.716085433959961e-05
    },
    "component_ratios": {
      "input_storage_error": 0.17426858077412322,
      "weight_storage_error": 0.17426858077412322,
      "accumulation_error": 0.17426858077412322,
      "output_storage_error": 0.3029256769035072,
      "bias_storage_error": 0.17426858077412322
    },
    "primary_source": "input_storage",
    "suggestion": "\u4e3b\u8981\u8bef\u5dee\u6765\u6e90\u4e3a\u8f93\u5165\u5b58\u50a8\u7cbe\u5ea6\u3002\u5efa\u8bae\uff1a\u63d0\u5347\u8f93\u5165\u5b58\u50a8\u7cbe\u5ea6\u6216\u8fdb\u884c\u8f93\u5165\u5f52\u4e00\u5316/\u6807\u51c6\u5316\u4ee5\u964d\u4f4e\u6570\u503c\u8303\u56f4\u3002",
    "aggregated_ratios": {
      "input_storage": 0.9750335504021425,
      "weight_storage": 0.0,
      "bias_storage": 0.0,
      "accumulation": 0.00011057804666179139,
      "demote": 0.024855871551195795
    },
    "top_neurons_summary": [
      {
        "coord": [
          22,
          1529
        ],
        "neuron_error": 5.716085433959961e-05,
        "y_ref": 0.1266440749168396,
        "y_mixed": 0.1265869140625,
        "input_storage_error": 0.0014252685941755772,
        "weight_storage_error": 0.0,
        "bias_storage_error": 0.0,
        "accumulation_estimate": 2.384185791015625e-07,
        "demote_error": 5.91278076171875e-05,
        "in_features": 1024,
        "neuron_idx": 1529,
        "batch_idx": 22
      },
      {
        "coord": [
          23,
          3651
        ],
        "neuron_error": 5.3629279136657715e-05,
        "y_ref": 0.12517569959163666,
        "y_mixed": 0.1251220703125,
        "input_storage_error": 0.0014959765831008554,
        "weight_storage_error": 0.0,
        "bias_storage_error": 0.0,
        "accumulation_estimate": 2.384185791015625e-07,
        "demote_error": 5.276501178741455e-05,
        "in_features": 1024,
        "neuron_idx": 3651,
        "batch_idx": 23
      },
      {
        "coord": [
          27,
          3633
        ],
        "neuron_error": 5.180388689041138e-05,
        "y_ref": -0.06310112029314041,
        "y_mixed": -0.06304931640625,
        "input_storage_error": 0.001435415237210691,
        "weight_storage_error": 0.0,
        "bias_storage_error": 0.0,
        "accumulation_estimate": 1.1920928955078125e-07,
        "demote_error": 2.9362738132476807e-05,
        "in_features": 1024,
        "neuron_idx": 3633,
        "batch_idx": 27
      },
      {
        "coord": [
          14,
          4022
        ],
        "neuron_error": 4.997849464416504e-05,
        "y_ref": -0.13312873244285583,
        "y_mixed": -0.1331787109375,
        "input_storage_error": 0.0015804208815097809,
        "weight_storage_error": 0.0,
        "bias_storage_error": 0.0,
        "accumulation_estimate": 2.384185791015625e-07,
        "demote_error": 3.7029385566711426e-05,
        "in_features": 1024,
        "neuron_idx": 4022,
        "batch_idx": 14
      },
      {
        "coord": [
          14,
          3363
        ],
        "neuron_error": 4.832446575164795e-05,
        "y_ref": -0.12531788647174835,
        "y_mixed": -0.1253662109375,
        "input_storage_error": 0.0015804208815097809,
        "weight_storage_error": 0.0,
        "bias_storage_error": 0.0,
        "accumulation_estimate": 2.384185791015625e-07,
        "demote_error": 5.364418029785156e-05,
        "in_features": 1024,
        "neuron_idx": 3363,
        "batch_idx": 14
      },
      {
        "coord": [
          25,
          3294
        ],
        "neuron_error": 4.810839891433716e-05,
        "y_ref": -0.09593433886766434,
        "y_mixed": -0.09588623046875,
        "input_storage_error": 0.001431870274245739,
        "weight_storage_error": 0.0,
        "bias_storage_error": 0.0,
        "accumulation_estimate": 1.1920928955078125e-07,
        "demote_error": 2.537667751312256e-05,
        "in_features": 1024,
        "neuron_idx": 3294,
        "batch_idx": 25
      },
      {
        "coord": [
          16,
          736
        ],
        "neuron_error": 4.7557055950164795e-05,
        "y_ref": -0.07219111174345016,
        "y_mixed": -0.0721435546875,
        "input_storage_error": 0.0015065802726894617,
        "weight_storage_error": 0.0,
        "bias_storage_error": 0.0,
        "accumulation_estimate": 1.1920928955078125e-07,
        "demote_error": 3.0346214771270752e-05,
        "in_features": 1024,
        "neuron_idx": 736,
        "batch_idx": 16
      },
      {
        "coord": [
          3,
          834
        ],
        "neuron_error": 4.715472459793091e-05,
        "y_ref": 0.07145828753709793,
        "y_mixed": 0.0714111328125,
        "input_storage_error": 0.001447380636818707,
        "weight_storage_error": 0.0,
        "bias_storage_error": 0.0,
        "accumulation_estimate": 1.1920928955078125e-07,
        "demote_error": 2.8096139430999756e-05,
        "in_features": 1024,
        "neuron_idx": 834,
        "batch_idx": 3
      },
      {
        "coord": [
          9,
          2128
        ],
        "neuron_error": 4.7147274017333984e-05,
        "y_ref": -0.07029861211776733,
        "y_mixed": -0.07025146484375,
        "input_storage_error": 0.0014260995667427778,
        "weight_storage_error": 0.0,
        "bias_storage_error": 0.0,
        "accumulation_estimate": 1.1920928955078125e-07,
        "demote_error": 2.9459595680236816e-05,
        "in_features": 1024,
        "neuron_idx": 2128,
        "batch_idx": 9
      },
      {
        "coord": [
          11,
          599
        ],
        "neuron_error": 4.59328293800354e-05,
        "y_ref": -0.08110062032938004,
        "y_mixed": -0.0810546875,
        "input_storage_error": 0.0013865332584828138,
        "weight_storage_error": 0.0,
        "bias_storage_error": 0.0,
        "accumulation_estimate": 1.1920928955078125e-07,
        "demote_error": 2.993643283843994e-05,
        "in_features": 1024,
        "neuron_idx": 599,
        "batch_idx": 11
      }
    ]
  }
}