{
  "detector": {
    "detected_exceeded": false,
    "actual_err": 9.445846080780029e-05,
    "predicted_bound": 0.0001719984429655597,
    "elapsed_sec": 3.78851056098938
  },
  "analyzer_report": {
    "component_estimates": {
      "input_storage_error": 9.445846080780029e-05,
      "statistics_computation_error": 9.445846080780029e-05,
      "output_storage_error": 0.0001417696475982666,
      "weight_storage_error": 9.445846080780029e-05,
      "bias_storage_error": 9.445846080780029e-05
    },
    "component_ratios": {
      "input_storage_error": 0.1817895038715228,
      "statistics_computation_error": 0.1817895038715228,
      "output_storage_error": 0.2728419845139088,
      "weight_storage_error": 0.1817895038715228,
      "bias_storage_error": 0.1817895038715228
    },
    "primary_source": "demote",
    "suggestion": "\u4e3b\u8981\u8bef\u5dee\u6765\u6e90\u4e3a\u8f93\u51fa\u964d\u7cbe\u5ea6\u3002\u5efa\u8bae\uff1a\u5ef6\u8fdf\u964d\u7cbe\u5ea6\u6216\u63d0\u9ad8\u8f93\u51fa\u7cbe\u5ea6\uff1b\u68c0\u67e5LayerNorm\u8f93\u51fa\u7684\u6570\u503c\u8303\u56f4\u3002",
    "statistics_errors": {
      "mean_error": 3.090235622948967e-09,
      "var_error": 9.654499422140361e-13,
      "std_error": 2.3283064365386963e-10
    },
    "norm_behavior_stats": {
      "normal": 10
    },
    "top_elements_summary": [
      {
        "coord": [
          7,
          56,
          685
        ],
        "element_error": 9.445846080780029e-05,
        "x_original": 0.0004004246729891747,
        "y_ref": 0.1260041743516922,
        "y_mixed": 0.1260986328125,
        "norm_behavior": "normal",
        "storage_error": 1.1853990145027637e-07,
        "weight_error": 0.0,
        "bias_error": 0.0,
        "demote_error": 5.675852298736572e-05,
        "local_mean_error": 7.47604644857347e-10,
        "local_std_error": 0.0
      },
      {
        "coord": [
          5,
          151,
          408
        ],
        "element_error": 9.053945541381836e-05,
        "x_original": -0.00042948793270625174,
        "y_ref": -0.13522237539291382,
        "y_mixed": -0.1351318359375,
        "norm_behavior": "normal",
        "storage_error": 9.607174433767796e-08,
        "weight_error": 0.0,
        "bias_error": 0.0,
        "demote_error": 6.07222318649292e-05,
        "local_mean_error": 1.7402044250047766e-09,
        "local_std_error": 0.0
      },
      {
        "coord": [
          1,
          196,
          444
        ],
        "element_error": 8.924305438995361e-05,
        "x_original": 0.000403766956878826,
        "y_ref": 0.12906114757061005,
        "y_mixed": 0.129150390625,
        "norm_behavior": "normal",
        "storage_error": 1.1411611922085285e-07,
        "weight_error": 0.0,
        "bias_error": 0.0,
        "demote_error": 5.346536636352539e-05,
        "local_mean_error": 9.695213520899415e-10,
        "local_std_error": 0.0
      },
      {
        "coord": [
          1,
          8,
          470
        ],
        "element_error": 8.806586265563965e-05,
        "x_original": 0.00039659900357946754,
        "y_ref": 0.12569841742515564,
        "y_mixed": 0.1256103515625,
        "norm_behavior": "normal",
        "storage_error": 1.0890653356909752e-07,
        "weight_error": 0.0,
        "bias_error": 0.0,
        "demote_error": 5.358457565307617e-05,
        "local_mean_error": 2.374918040004559e-10,
        "local_std_error": 0.0
      },
      {
        "coord": [
          7,
          427,
          438
        ],
        "element_error": 8.442997932434082e-05,
        "x_original": -0.00040213530883193016,
        "y_ref": -0.12577006220817566,
        "y_mixed": -0.1258544921875,
        "norm_behavior": "normal",
        "storage_error": 7.683411240577698e-08,
        "weight_error": 0.0,
        "bias_error": 0.0,
        "demote_error": 6.021559238433838e-05,
        "local_mean_error": 1.9235812942497432e-10,
        "local_std_error": 0.0
      },
      {
        "coord": [
          5,
          320,
          97
        ],
        "element_error": 8.413195610046387e-05,
        "x_original": 0.0004237701359670609,
        "y_ref": 0.13460561633110046,
        "y_mixed": 0.134521484375,
        "norm_behavior": "normal",
        "storage_error": 1.0032090358436108e-07,
        "weight_error": 0.0,
        "bias_error": 0.0,
        "demote_error": 5.2481889724731445e-05,
        "local_mean_error": 2.0600054995156825e-10,
        "local_std_error": 2.3283064365386963e-10
      },
      {
        "coord": [
          1,
          113,
          590
        ],
        "element_error": 8.377432823181152e-05,
        "x_original": -0.0004285713948775083,
        "y_ref": -0.1346818506717682,
        "y_mixed": -0.134765625,
        "norm_behavior": "normal",
        "storage_error": 1.0521034710109234e-07,
        "weight_error": 0.0,
        "bias_error": 0.0,
        "demote_error": 5.015730857849121e-05,
        "local_mean_error": 1.1582415027078241e-09,
        "local_std_error": 0.0
      },
      {
        "coord": [
          7,
          8,
          5
        ],
        "element_error": 8.162856101989746e-05,
        "x_original": 0.000405937316827476,
        "y_ref": 0.1287025511264801,
        "y_mixed": 0.1287841796875,
        "norm_behavior": "normal",
        "storage_error": 8.952338248491287e-08,
        "weight_error": 0.0,
        "bias_error": 0.0,
        "demote_error": 5.3241848945617676e-05,
        "local_mean_error": 2.994511305587366e-10,
        "local_std_error": 0.0
      },
      {
        "coord": [
          1,
          345,
          158
        ],
        "element_error": 8.150935173034668e-05,
        "x_original": -0.00041611885535530746,
        "y_ref": -0.13020846247673035,
        "y_mixed": -0.130126953125,
        "norm_behavior": "normal",
        "storage_error": 7.843482308089733e-08,
        "weight_error": 0.0,
        "bias_error": 0.0,
        "demote_error": 5.671381950378418e-05,
        "local_mean_error": 7.09405867382884e-11,
        "local_std_error": 2.3283064365386963e-10
      },
      {
        "coord": [
          0,
          32,
          767
        ],
        "element_error": 8.10772180557251e-05,
        "x_original": 0.00045889103785157204,
        "y_ref": 0.14286325871944427,
        "y_mixed": 0.1429443359375,
        "norm_behavior": "normal",
        "storage_error": 6.472691893577576e-08,
        "weight_error": 0.0,
        "bias_error": 0.0,
        "demote_error": 6.082653999328613e-05,
        "local_mean_error": 6.139089236967266e-10,
        "local_std_error": 0.0
      }
    ]
  }
}