{
  "detector": {
    "detected_exceeded": false,
    "actual_err": 5.169771611690521e-06,
    "predicted_bound": 3.911119238182437e-05,
    "elapsed_sec": 2.6045522689819336
  },
  "matrix_info": {
    "input_shape": [
      256,
      1024
    ],
    "weight_shape": [
      1024,
      512
    ],
    "output_shape": [
      256,
      512
    ],
    "accumulation_dim": 1024
  },
  "analyzer_report": {
    "component_estimates": {
      "input_storage_error": 5.169771611690521e-06,
      "weight_storage_error": 5.169771611690521e-06,
      "accumulation_error": 5.169771611690521e-06,
      "demote_error": 3.4310854971408844e-05
    },
    "component_ratios": {
      "input_storage_error": 0.10376864695105993,
      "weight_storage_error": 0.10376864695105993,
      "accumulation_error": 0.10376864695105993,
      "demote_error": 0.6886940591468202
    },
    "primary_source": "x_storage",
    "suggestion": "\u4e3b\u8981\u8bef\u5dee\u6765\u6e90\u4e3a\u8f93\u5165\u5b58\u50a8\u7cbe\u5ea6\u3002\u5efa\u8bae\uff1a\u63d0\u5347\u8f93\u5165\u5b58\u50a8\u7cbe\u5ea6\uff1b\u8fdb\u884c\u8f93\u5165\u5f52\u4e00\u5316\u6216\u6743\u91cd\u7f29\u653e\u4ee5\u6539\u5584\u6570\u503c\u8303\u56f4\u3002",
    "numerical_stability": {
      "average_condition_indicator": 3.9555434230999786,
      "accumulation_dimension": 1024,
      "stability_assessment": "good"
    },
    "top_elements_summary": [
      {
        "coord": [
          206,
          309
        ],
        "element_error": 5.169771611690521e-06,
        "y_ref": 0.00782258901745081,
        "y_mixed": 0.0078277587890625,
        "x_storage_error": 0.00014563284639734775,
        "w_storage_error": 0.0,
        "accumulation_error_estimate": 1.4901161193847656e-08,
        "demote_error": 3.2652169466018677e-06,
        "condition_indicator": 3.9405152705588766,
        "product_stats": {
          "min": -0.000424143421696499,
          "max": 0.0006978396559134126,
          "mean": 7.641107913514134e-06,
          "std": 0.00010529410792514682
        }
      },
      {
        "coord": [
          250,
          258
        ],
        "element_error": 5.010515451431274e-06,
        "y_ref": -0.010495427995920181,
        "y_mixed": -0.01049041748046875,
        "x_storage_error": 0.0001487631379859522,
        "w_storage_error": 0.0,
        "accumulation_error_estimate": 1.4901161193847656e-08,
        "demote_error": 3.7997961044311523e-06,
        "condition_indicator": 4.447044704401102,
        "product_stats": {
          "min": -0.0006385226733982563,
          "max": 0.0004820465110242367,
          "mean": -1.0248257240164094e-05,
          "std": 0.00010500926146050915
        }
      },
      {
        "coord": [
          149,
          431
        ],
        "element_error": 4.936940968036652e-06,
        "y_ref": 0.008755852468311787,
        "y_mixed": 0.00875091552734375,
        "x_storage_error": 0.00015063156024552882,
        "w_storage_error": 0.0,
        "accumulation_error_estimate": 1.4901161193847656e-08,
        "demote_error": 3.4458935260772705e-06,
        "condition_indicator": 3.6873984296389946,
        "product_stats": {
          "min": -0.0005670820828527212,
          "max": 0.0004878382314927876,
          "mean": 8.549179256078787e-06,
          "std": 0.00010124671825906262
        }
      },
      {
        "coord": [
          111,
          122
        ],
        "element_error": 4.8857182264328e-06,
        "y_ref": -0.008341671898961067,
        "y_mixed": -0.0083465576171875,
        "x_storage_error": 0.00014463832485489547,
        "w_storage_error": 0.0,
        "accumulation_error_estimate": 1.4901161193847656e-08,
        "demote_error": 3.507360816001892e-06,
        "condition_indicator": 4.391792557109286,
        "product_stats": {
          "min": -0.0006405525491572917,
          "max": 0.0004638399987015873,
          "mean": -8.147510015987791e-06,
          "std": 9.763285197550431e-05
        }
      },
      {
        "coord": [
          69,
          58
        ],
        "element_error": 4.794448614120483e-06,
        "y_ref": 0.00937369093298912,
        "y_mixed": 0.009368896484375,
        "x_storage_error": 0.00014700356405228376,
        "w_storage_error": 0.0,
        "accumulation_error_estimate": 1.4901161193847656e-08,
        "demote_error": 3.516674041748047e-06,
        "condition_indicator": 3.4683792972346983,
        "product_stats": {
          "min": -0.0006833654479123652,
          "max": 0.0007884437218308449,
          "mean": 9.152749044005759e-06,
          "std": 0.00010762202145997435
        }
      },
      {
        "coord": [
          122,
          507
        ],
        "element_error": 4.757195711135864e-06,
        "y_ref": 0.008252132683992386,
        "y_mixed": 0.00824737548828125,
        "x_storage_error": 0.00013705695164389908,
        "w_storage_error": 0.0,
        "accumulation_error_estimate": 1.4901161193847656e-08,
        "demote_error": 3.7243589758872986e-06,
        "condition_indicator": 3.7434820970974094,
        "product_stats": {
          "min": -0.00046527216909453273,
          "max": 0.0005850433371961117,
          "mean": 8.057717423071153e-06,
          "std": 9.26853172131814e-05
        }
      },
      {
        "coord": [
          68,
          124
        ],
        "element_error": 4.733912646770477e-06,
        "y_ref": -0.00809952151030302,
        "y_mixed": -0.00809478759765625,
        "x_storage_error": 0.0001474417804274708,
        "w_storage_error": 0.0,
        "accumulation_error_estimate": 1.4901161193847656e-08,
        "demote_error": 3.7029385566711426e-06,
        "condition_indicator": 3.613714516302857,
        "product_stats": {
          "min": -0.0006083514308556914,
          "max": 0.00043845304753631353,
          "mean": -7.908681254775729e-06,
          "std": 0.00010175746865570545
        }
      },
      {
        "coord": [
          20,
          202
        ],
        "element_error": 4.732981324195862e-06,
        "y_ref": 0.008824313059449196,
        "y_mixed": 0.008819580078125,
        "x_storage_error": 0.0001516086922492832,
        "w_storage_error": 0.0,
        "accumulation_error_estimate": 1.4901161193847656e-08,
        "demote_error": 3.6461278796195984e-06,
        "condition_indicator": 4.227370620730373,
        "product_stats": {
          "min": -0.0006799263646826148,
          "max": 0.0007255366654135287,
          "mean": 8.61643366079079e-06,
          "std": 0.00011084376455983147
        }
      },
      {
        "coord": [
          192,
          276
        ],
        "element_error": 4.714354872703552e-06,
        "y_ref": 0.008257919922471046,
        "y_mixed": 0.00826263427734375,
        "x_storage_error": 0.00014700884639751166,
        "w_storage_error": 0.0,
        "accumulation_error_estimate": 1.4901161193847656e-08,
        "demote_error": 3.6312267184257507e-06,
        "condition_indicator": 3.9366379215903113,
        "product_stats": {
          "min": -0.0006596895982511342,
          "max": 0.0005841923411935568,
          "mean": 8.065433576120995e-06,
          "std": 0.00010362506873207167
        }
      },
      {
        "coord": [
          26,
          262
        ],
        "element_error": 4.707835614681244e-06,
        "y_ref": -0.009097159840166569,
        "y_mixed": -0.00910186767578125,
        "x_storage_error": 0.00015227828407660127,
        "w_storage_error": 0.0,
        "accumulation_error_estimate": 1.4901161193847656e-08,
        "demote_error": 3.287568688392639e-06,
        "condition_indicator": 4.099098816335872,
        "product_stats": {
          "min": -0.0006248902063816786,
          "max": 0.0007530869916081429,
          "mean": -8.885332135832869e-06,
          "std": 0.00010884403309319168
        }
      }
    ]
  }
}