{
  "detector": {
    "detected_exceeded": false,
    "actual_err": 0.00010879337787628174,
    "predicted_bound": 0.00020514197385637092,
    "elapsed_sec": 3.5621731281280518
  },
  "analyzer_report": {
    "component_estimates": {
      "input_storage_error": 0.00010879337787628174,
      "statistics_computation_error": 0.00010879337787628174,
      "output_storage_error": 0.00014701485633850098,
      "weight_storage_error": 0.00010879337787628174,
      "bias_storage_error": 0.00010879337787628174
    },
    "component_ratios": {
      "input_storage_error": 0.1868697210135654,
      "statistics_computation_error": 0.1868697210135654,
      "output_storage_error": 0.2525211159457384,
      "weight_storage_error": 0.1868697210135654,
      "bias_storage_error": 0.1868697210135654
    },
    "primary_source": "demote",
    "suggestion": "\u4e3b\u8981\u8bef\u5dee\u6765\u6e90\u4e3a\u8f93\u51fa\u964d\u7cbe\u5ea6\u3002\u5efa\u8bae\uff1a\u5ef6\u8fdf\u964d\u7cbe\u5ea6\u6216\u63d0\u9ad8\u8f93\u51fa\u7cbe\u5ea6\uff1b\u68c0\u67e5LayerNorm\u8f93\u51fa\u7684\u6570\u503c\u8303\u56f4\u3002",
    "statistics_errors": {
      "mean_error": 2.8362592274788767e-09,
      "var_error": 8.93507490218326e-13,
      "std_error": 2.3283064365386963e-10
    },
    "norm_behavior_stats": {
      "normal": 10
    },
    "top_elements_summary": [
      {
        "coord": [
          1,
          164,
          412
        ],
        "element_error": 0.00010879337787628174,
        "x_original": -0.0005008737207390368,
        "y_ref": -0.15965469181537628,
        "y_mixed": -0.1595458984375,
        "norm_behavior": "normal",
        "storage_error": 1.9470462575554848e-07,
        "weight_error": 0.0,
        "bias_error": 0.0,
        "demote_error": 4.7519803047180176e-05,
        "local_mean_error": 7.871676643844694e-10,
        "local_std_error": 0.0
      },
      {
        "coord": [
          1,
          310,
          111
        ],
        "element_error": 9.554624557495117e-05,
        "x_original": 0.00049332290655002,
        "y_ref": 0.15688687562942505,
        "y_mixed": 0.156982421875,
        "norm_behavior": "normal",
        "storage_error": 2.0355219021439552e-07,
        "weight_error": 0.0,
        "bias_error": 0.0,
        "demote_error": 3.11434268951416e-05,
        "local_mean_error": 2.0759216567967087e-10,
        "local_std_error": 0.0
      },
      {
        "coord": [
          0,
          125,
          486
        ],
        "element_error": 9.383261203765869e-05,
        "x_original": -0.00040042822365649045,
        "y_ref": -0.12539444863796234,
        "y_mixed": -0.12548828125,
        "norm_behavior": "normal",
        "storage_error": 1.1498923413455486e-07,
        "weight_error": 0.0,
        "bias_error": 0.0,
        "demote_error": 5.7324767112731934e-05,
        "local_mean_error": 5.190941010368988e-10,
        "local_std_error": 0.0
      },
      {
        "coord": [
          3,
          346,
          493
        ],
        "element_error": 9.31471586227417e-05,
        "x_original": -0.0004204377473797649,
        "y_ref": -0.13278357684612274,
        "y_mixed": -0.1326904296875,
        "norm_behavior": "normal",
        "storage_error": 1.0579242371022701e-07,
        "weight_error": 0.0,
        "bias_error": 0.0,
        "demote_error": 5.9798359870910645e-05,
        "local_mean_error": 2.793285602820106e-10,
        "local_std_error": 0.0
      },
      {
        "coord": [
          1,
          246,
          334
        ],
        "element_error": 9.3117356300354e-05,
        "x_original": 0.0004070830764248967,
        "y_ref": 0.12790073454380035,
        "y_mixed": 0.1278076171875,
        "norm_behavior": "normal",
        "storage_error": 1.0256189852952957e-07,
        "weight_error": 0.0,
        "bias_error": 0.0,
        "demote_error": 6.07222318649292e-05,
        "local_mean_error": 5.820766091346741e-11,
        "local_std_error": 0.0
      },
      {
        "coord": [
          0,
          228,
          293
        ],
        "element_error": 8.532404899597168e-05,
        "x_original": 0.0003978283202741295,
        "y_ref": 0.12576916813850403,
        "y_mixed": 0.1258544921875,
        "norm_behavior": "normal",
        "storage_error": 9.228824637830257e-08,
        "weight_error": 0.0,
        "bias_error": 0.0,
        "demote_error": 5.619227886199951e-05,
        "local_mean_error": 1.2674661320488667e-10,
        "local_std_error": 0.0
      },
      {
        "coord": [
          0,
          285,
          130
        ],
        "element_error": 8.17030668258667e-05,
        "x_original": -0.0004330436640884727,
        "y_ref": -0.13728873431682587,
        "y_mixed": -0.13720703125,
        "norm_behavior": "normal",
        "storage_error": 7.552444003522396e-08,
        "weight_error": 0.0,
        "bias_error": 0.0,
        "demote_error": 5.8203935623168945e-05,
        "local_mean_error": 1.1660858945106156e-09,
        "local_std_error": 2.3283064365386963e-10
      },
      {
        "coord": [
          0,
          194,
          408
        ],
        "element_error": 8.094310760498047e-05,
        "x_original": 0.00040609450661577284,
        "y_ref": 0.13057410717010498,
        "y_mixed": 0.1304931640625,
        "norm_behavior": "normal",
        "storage_error": 6.766640581190586e-08,
        "weight_error": 0.0,
        "bias_error": 0.0,
        "demote_error": 5.984306335449219e-05,
        "local_mean_error": 9.395080269314349e-10,
        "local_std_error": 0.0
      },
      {
        "coord": [
          4,
          210,
          618
        ],
        "element_error": 7.942318916320801e-05,
        "x_original": -0.0004556818457785994,
        "y_ref": -0.1422913372516632,
        "y_mixed": -0.1422119140625,
        "norm_behavior": "normal",
        "storage_error": 6.394111551344395e-08,
        "weight_error": 0.0,
        "bias_error": 0.0,
        "demote_error": 5.8978796005249023e-05,
        "local_mean_error": 7.398739398922771e-10,
        "local_std_error": 0.0
      },
      {
        "coord": [
          2,
          66,
          447
        ],
        "element_error": 7.911026477813721e-05,
        "x_original": -0.00040689625893719494,
        "y_ref": -0.12772850692272186,
        "y_mixed": -0.1278076171875,
        "norm_behavior": "normal",
        "storage_error": 8.425558917224407e-08,
        "weight_error": 0.0,
        "bias_error": 0.0,
        "demote_error": 5.24371862411499e-05,
        "local_mean_error": 1.3142198440618813e-10,
        "local_std_error": 0.0
      }
    ]
  }
}