{
  "detector": {
    "detected_exceeded": false,
    "actual_err": 5.024485290050507e-06,
    "predicted_bound": 3.893784341926221e-05,
    "elapsed_sec": 2.7035093307495117
  },
  "matrix_info": {
    "input_shape": [
      256,
      1024
    ],
    "weight_shape": [
      1024,
      512
    ],
    "output_shape": [
      256,
      512
    ],
    "accumulation_dim": 1024
  },
  "analyzer_report": {
    "component_estimates": {
      "input_storage_error": 5.024485290050507e-06,
      "weight_storage_error": 5.024485290050507e-06,
      "accumulation_error": 5.024485290050507e-06,
      "demote_error": 3.447197377681732e-05
    },
    "component_ratios": {
      "input_storage_error": 0.1014116806706893,
      "weight_storage_error": 0.1014116806706893,
      "accumulation_error": 0.1014116806706893,
      "demote_error": 0.6957649579879321
    },
    "primary_source": "x_storage",
    "suggestion": "\u4e3b\u8981\u8bef\u5dee\u6765\u6e90\u4e3a\u8f93\u5165\u5b58\u50a8\u7cbe\u5ea6\u3002\u5efa\u8bae\uff1a\u63d0\u5347\u8f93\u5165\u5b58\u50a8\u7cbe\u5ea6\uff1b\u8fdb\u884c\u8f93\u5165\u5f52\u4e00\u5316\u6216\u6743\u91cd\u7f29\u653e\u4ee5\u6539\u5584\u6570\u503c\u8303\u56f4\u3002 \u68c0\u6d4b\u5230\u6570\u503c\u7a33\u5b9a\u6027\u95ee\u9898\uff08\u6761\u4ef6\u6570\u6307\u6807=4.27\uff09\u3002\u5efa\u8bae\uff1a(1)\u8f93\u5165/\u6743\u91cd\u9884\u5904\u7406\u548c\u5f52\u4e00\u5316\uff1b(2)\u68c0\u67e5\u662f\u5426\u5b58\u5728\u75c5\u6001\u77e9\u9635\u3002",
    "numerical_stability": {
      "average_condition_indicator": 4.265761853530303,
      "accumulation_dimension": 1024,
      "stability_assessment": "good"
    },
    "top_elements_summary": [
      {
        "coord": [
          140,
          345
        ],
        "element_error": 5.024485290050507e-06,
        "y_ref": 0.0087406812235713,
        "y_mixed": 0.00873565673828125,
        "x_storage_error": 0.00014301837654784322,
        "w_storage_error": 0.0,
        "accumulation_error_estimate": 1.4901161193847656e-08,
        "demote_error": 3.63960862159729e-06,
        "condition_indicator": 9.556432072346407,
        "product_stats": {
          "min": -0.0004748082428704947,
          "max": 0.0005358096095733345,
          "mean": 8.53446817927761e-06,
          "std": 9.445691830478609e-05
        }
      },
      {
        "coord": [
          183,
          225
        ],
        "element_error": 4.949048161506653e-06,
        "y_ref": -0.008509455248713493,
        "y_mixed": -0.008514404296875,
        "x_storage_error": 0.00014244559861253947,
        "w_storage_error": 0.0,
        "accumulation_error_estimate": 1.4901161193847656e-08,
        "demote_error": 3.255903720855713e-06,
        "condition_indicator": 3.9210757314061038,
        "product_stats": {
          "min": -0.0005444843554869294,
          "max": 0.0004270942881703377,
          "mean": -8.311667443194892e-06,
          "std": 0.00010148673027288169
        }
      },
      {
        "coord": [
          198,
          504
        ],
        "element_error": 4.948116838932037e-06,
        "y_ref": -0.008183659054338932,
        "y_mixed": -0.0081787109375,
        "x_storage_error": 0.00014801524230279028,
        "w_storage_error": 0.0,
        "accumulation_error_estimate": 1.4901161193847656e-08,
        "demote_error": 3.589317202568054e-06,
        "condition_indicator": 3.5829741722289103,
        "product_stats": {
          "min": -0.0007923762896098197,
          "max": 0.0007338498253375292,
          "mean": -7.990528501977678e-06,
          "std": 0.00011032736074412242
        }
      },
      {
        "coord": [
          116,
          38
        ],
        "element_error": 4.8764050006866455e-06,
        "y_ref": 0.009549248963594437,
        "y_mixed": 0.00954437255859375,
        "x_storage_error": 0.0001437018800061196,
        "w_storage_error": 0.0,
        "accumulation_error_estimate": 1.4901161193847656e-08,
        "demote_error": 3.6945566534996033e-06,
        "condition_indicator": 3.0248623501181684,
        "product_stats": {
          "min": -0.0004329839430283755,
          "max": 0.0004477184556890279,
          "mean": 9.324284292233642e-06,
          "std": 0.00010344561451347545
        }
      },
      {
        "coord": [
          242,
          426
        ],
        "element_error": 4.8549845814704895e-06,
        "y_ref": -0.00851162988692522,
        "y_mixed": -0.00850677490234375,
        "x_storage_error": 0.00013969068822916597,
        "w_storage_error": 0.0,
        "accumulation_error_estimate": 1.4901161193847656e-08,
        "demote_error": 3.762543201446533e-06,
        "condition_indicator": 3.9032121548635854,
        "product_stats": {
          "min": -0.00046860534348525107,
          "max": 0.0003756304213311523,
          "mean": -8.31107081467053e-06,
          "std": 9.487247734796256e-05
        }
      },
      {
        "coord": [
          181,
          62
        ],
        "element_error": 4.827044904232025e-06,
        "y_ref": -0.009325922466814518,
        "y_mixed": -0.00933074951171875,
        "x_storage_error": 0.00014536449452862144,
        "w_storage_error": 0.0,
        "accumulation_error_estimate": 1.4901161193847656e-08,
        "demote_error": 3.809109330177307e-06,
        "condition_indicator": 4.150324714939445,
        "product_stats": {
          "min": -0.0005112566868774593,
          "max": 0.0007196409860625863,
          "mean": -9.10834023670759e-06,
          "std": 0.00010524242679821327
        }
      },
      {
        "coord": [
          117,
          356
        ],
        "element_error": 4.820525646209717e-06,
        "y_ref": -0.00811285525560379,
        "y_mixed": -0.00811767578125,
        "x_storage_error": 0.00016013832646422088,
        "w_storage_error": 0.0,
        "accumulation_error_estimate": 1.4901161193847656e-08,
        "demote_error": 3.2652169466018677e-06,
        "condition_indicator": 4.011653796351087,
        "product_stats": {
          "min": -0.0005025777500122786,
          "max": 0.000686943472828716,
          "mean": -7.924232704681344e-06,
          "std": 0.00011226848437217996
        }
      },
      {
        "coord": [
          64,
          253
        ],
        "element_error": 4.801899194717407e-06,
        "y_ref": 0.009493794292211533,
        "y_mixed": 0.00949859619140625,
        "x_storage_error": 0.0001515015319455415,
        "w_storage_error": 0.0,
        "accumulation_error_estimate": 1.4901161193847656e-08,
        "demote_error": 3.4710392355918884e-06,
        "condition_indicator": 3.5900830675067383,
        "product_stats": {
          "min": -0.00039418431697413325,
          "max": 0.0006783735589124262,
          "mean": 9.27258406591136e-06,
          "std": 9.63022030191496e-05
        }
      },
      {
        "coord": [
          98,
          354
        ],
        "element_error": 4.786066710948944e-06,
        "y_ref": -0.011202794499695301,
        "y_mixed": -0.01120758056640625,
        "x_storage_error": 0.0001454476296203211,
        "w_storage_error": 0.0,
        "accumulation_error_estimate": 1.4901161193847656e-08,
        "demote_error": 3.1087547540664673e-06,
        "condition_indicator": 3.4295796689747076,
        "product_stats": {
          "min": -0.000695130554959178,
          "max": 0.0003948587691411376,
          "mean": -1.0941867003566585e-05,
          "std": 0.0001034360975609161
        }
      },
      {
        "coord": [
          226,
          347
        ],
        "element_error": 4.782341420650482e-06,
        "y_ref": 0.00812815222889185,
        "y_mixed": 0.0081329345703125,
        "x_storage_error": 0.00015926442574709654,
        "w_storage_error": 0.0,
        "accumulation_error_estimate": 1.4901161193847656e-08,
        "demote_error": 3.742985427379608e-06,
        "condition_indicator": 3.487420806567867,
        "product_stats": {
          "min": -0.0005154688260518014,