{
  "detector": {
    "detected_exceeded": false,
    "actual_err": 6.034970283508301e-06,
    "predicted_bound": 4.00185032049194e-05,
    "elapsed_sec": 2.67448353767395
  },
  "matrix_info": {
    "input_shape": [
      256,
      1024
    ],
    "weight_shape": [
      1024,
      512
    ],
    "output_shape": [
      256,
      512
    ],
    "accumulation_dim": 1024
  },
  "analyzer_report": {
    "component_estimates": {
      "input_storage_error": 6.034970283508301e-06,
      "weight_storage_error": 6.034970283508301e-06,
      "accumulation_error": 6.034970283508301e-06,
      "demote_error": 3.440491855144501e-05
    },
    "component_ratios": {
      "input_storage_error": 0.114930296903267,
      "weight_storage_error": 0.114930296903267,
      "accumulation_error": 0.114930296903267,
      "demote_error": 0.655209109290199
    },
    "primary_source": "x_storage",
    "suggestion": "\u4e3b\u8981\u8bef\u5dee\u6765\u6e90\u4e3a\u8f93\u5165\u5b58\u50a8\u7cbe\u5ea6\u3002\u5efa\u8bae\uff1a\u63d0\u5347\u8f93\u5165\u5b58\u50a8\u7cbe\u5ea6\uff1b\u8fdb\u884c\u8f93\u5165\u5f52\u4e00\u5316\u6216\u6743\u91cd\u7f29\u653e\u4ee5\u6539\u5584\u6570\u503c\u8303\u56f4\u3002 \u68c0\u6d4b\u5230\u6570\u503c\u7a33\u5b9a\u6027\u95ee\u9898\uff08\u6761\u4ef6\u6570\u6307\u6807=4.36\uff09\u3002\u5efa\u8bae\uff1a(1)\u8f93\u5165/\u6743\u91cd\u9884\u5904\u7406\u548c\u5f52\u4e00\u5316\uff1b(2)\u68c0\u67e5\u662f\u5426\u5b58\u5728\u75c5\u6001\u77e9\u9635\u3002",
    "numerical_stability": {
      "average_condition_indicator": 4.359318190225819,
      "accumulation_dimension": 1024,
      "stability_assessment": "good"
    },
    "top_elements_summary": [
      {
        "coord": [
          176,
          196
        ],
        "element_error": 6.034970283508301e-06,
        "y_ref": -0.01782830059528351,
        "y_mixed": -0.017822265625,
        "x_storage_error": 0.00014585259486921132,
        "w_storage_error": 0.0,
        "accumulation_error_estimate": 2.9802322387695312e-08,
        "demote_error": 6.370246410369873e-06,
        "condition_indicator": 4.005659431598222,
        "product_stats": {
          "min": -0.0005362399388104677,
          "max": 0.00039666236261837184,
          "mean": -1.741077721817419e-05,
          "std": 9.973587293643504e-05
        }
      },
      {
        "coord": [
          100,
          86
        ],
        "element_error": 5.8067962527275085e-06,
        "y_ref": 0.008642281405627728,
        "y_mixed": 0.008636474609375,
        "x_storage_error": 0.00015162878844421357,
        "w_storage_error": 0.0,
        "accumulation_error_estimate": 1.4901161193847656e-08,
        "demote_error": 3.3499673008918762e-06,
        "condition_indicator": 3.0496325918068408,
        "product_stats": {
          "min": -0.0005004210979677737,
          "max": 0.0006568258977495134,
          "mean": 8.437329597654752e-06,
          "std": 0.00010052428115159273
        }
      },
      {
        "coord": [
          43,
          110
        ],
        "element_error": 5.580484867095947e-06,
        "y_ref": -0.009027622640132904,
        "y_mixed": -0.009033203125,
        "x_storage_error": 0.00014433258911594748,
        "w_storage_error": 0.0,
        "accumulation_error_estimate": 1.4901161193847656e-08,
        "demote_error": 3.411434590816498e-06,
        "condition_indicator": 4.241809594191563,
        "product_stats": {
          "min": -0.0008522855350747705,
          "max": 0.0004956164630129933,
          "mean": -8.818155038170516e-06,
          "std": 0.00010554755135672167
        }
      },
      {
        "coord": [
          252,
          244
        ],
        "element_error": 5.373731255531311e-06,
        "y_ref": -0.007863650098443031,
        "y_mixed": -0.0078582763671875,
        "x_storage_error": 0.00014966106391511858,
        "w_storage_error": 0.0,
        "accumulation_error_estimate": 1.4901161193847656e-08,
        "demote_error": 3.606081008911133e-06,
        "condition_indicator": 3.276410535344046,
        "product_stats": {
          "min": -0.0005480460240505636,
          "max": 0.0007388130179606378,
          "mean": -7.677622306800913e-06,
          "std": 0.00010292453953297809
        }
      },
      {
        "coord": [
          220,
          415
        ],
        "element_error": 5.034729838371277e-06,
        "y_ref": 0.008023528382182121,
        "y_mixed": 0.00801849365234375,
        "x_storage_error": 0.00015022559091448784,
        "w_storage_error": 0.0,
        "accumulation_error_estimate": 1.4901161193847656e-08,
        "demote_error": 3.8137659430503845e-06,
        "condition_indicator": 3.5658473900706507,
        "product_stats": {
          "min": -0.0005024666897952557,
          "max": 0.0005850497400388122,
          "mean": 7.834285497665405e-06,
          "std": 0.00010177003423450515
        }
      },
      {
        "coord": [
          47,
          158
        ],
        "element_error": 4.926696419715881e-06,
        "y_ref": 0.007899126037955284,
        "y_mixed": 0.007904052734375,
        "x_storage_error": 0.00014721772458869964,
        "w_storage_error": 0.0,
        "accumulation_error_estimate": 1.4901161193847656e-08,
        "demote_error": 3.8063153624534607e-06,
        "condition_indicator": 3.5698988574459714,
        "product_stats": {
          "min": -0.0005740417400375009,
          "max": 0.000567941926419735,
          "mean": 7.715083484072238e-06,
          "std": 0.00010087661939905956
        }
      },
      {
        "coord": [
          209,
          210
        ],
        "element_error": 4.892237484455109e-06,
        "y_ref": -0.008343820460140705,
        "y_mixed": -0.00833892822265625,
        "x_storage_error": 0.0001458220067434013,
        "w_storage_error": 0.0,
        "accumulation_error_estimate": 1.4901161193847656e-08,
        "demote_error": 3.7141144275665283e-06,
        "condition_indicator": 9.502886419063604,
        "product_stats": {
          "min": -0.00047436190652661026,
          "max": 0.0004948534769937396,
          "mean": -8.147112566803116e-06,
          "std": 0.00010124158870894462
        }
      },
      {
        "coord": [
          221,
          218
        ],
        "element_error": 4.892237484455109e-06,
        "y_ref": -0.010012502782046795,
        "y_mixed": -0.01001739501953125,
        "x_storage_error": 0.000141901895403862,
        "w_storage_error": 0.0,
        "accumulation_error_estimate": 1.4901161193847656e-08,
        "demote_error": 3.441236913204193e-06,
        "condition_indicator": 3.222814314988362,
        "product_stats": {
          "min": -0.0005438309162855148,
          "max": 0.0004703046870417893,
          "mean": -9.779252650332637e-06,
          "std": 9.930047963280231e-05
        }
      },
      {
        "coord": [
          219,
          487
        ],
        "element_error": 4.847534000873566e-06,
        "y_ref": -0.008364598266780376,
        "y_mixed": -0.00836944580078125,
        "x_storage_error": 0.0001470311835873872,
        "w_storage_error": 0.0,
        "accumulation_error_estimate": 1.4901161193847656e-08,
        "demote_error": 3.715045750141144e-06,
        "condition_indicator": 4.75016156286645,
        "product_stats": {
          "min": -0.0005840222002007067,
          "max": 0.000555948936380446,
          "mean": -8.16966075944947e-06,
          "std": 9.913767280522734e-05
        }
      },
      {
        "coord": [
          43,
          194
        ],
        "element_error": 4.766508936882019e-06,
        "y_ref": 0.007899286225438118,
        "y_mixed": 0.007904052734375,
        "x_storage_error": 0.00014433258911594748,
        "w_storage_error": 0.0,
        "accumulation_error_estimate": 1.4901161193847656e-08,
        "demote_error": 3.3266842365264893e-06,
        "condition_indicator": 4.408061204882485,
        "product_stats": {
          "min": -0.00043233076576143503,