{
  "detector": {
    "detected_exceeded": false,
    "actual_err": 6.480515003204346e-05,
    "predicted_bound": 0.0001439941377611831,
    "elapsed_sec": 4.131000757217407
  },
  "meta": {
    "distribution": "adversarial_sum",
    "bias": true,
    "batch_size": 32,
    "in_features": 1024,
    "out_features": 4096
  },
  "analyzer_report": {
    "component_estimates": {
      "input_storage_error": 6.480515003204346e-05,
      "weight_storage_error": 6.480515003204346e-05,
      "accumulation_error": 6.480515003204346e-05,
      "output_storage_error": 0.00011560320854187012,
      "bias_storage_error": 6.480515003204346e-05
    },
    "component_ratios": {
      "input_storage_error": 0.17289496700325993,
      "weight_storage_error": 0.17289496700325993,
      "accumulation_error": 0.17289496700325993,
      "output_storage_error": 0.30842013198696033,
      "bias_storage_error": 0.17289496700325993
    },
    "primary_source": "input_storage",
    "suggestion": "\u4e3b\u8981\u8bef\u5dee\u6765\u6e90\u4e3a\u8f93\u5165\u5b58\u50a8\u7cbe\u5ea6\u3002\u5efa\u8bae\uff1a\u63d0\u5347\u8f93\u5165\u5b58\u50a8\u7cbe\u5ea6\u6216\u8fdb\u884c\u8f93\u5165\u5f52\u4e00\u5316/\u6807\u51c6\u5316\u4ee5\u964d\u4f4e\u6570\u503c\u8303\u56f4\u3002",
    "aggregated_ratios": {
      "input_storage": 0.9647967556564567,
      "weight_storage": 0.0,
      "bias_storage": 0.0,
      "accumulation": 0.00015377234399651066,
      "demote": 0.03504947199954678
    },
    "top_neurons_summary": [
      {
        "coord": [
          13,
          3766
        ],
        "neuron_error": 6.480515003204346e-05,
        "y_ref": 0.13116832077503204,
        "y_mixed": 0.131103515625,
        "input_storage_error": 0.001405911287292838,
        "weight_storage_error": 0.0,
        "bias_storage_error": 0.0,
        "accumulation_estimate": 2.384185791015625e-07,
        "demote_error": 5.862116813659668e-05,
        "in_features": 1024,
        "neuron_idx": 3766,
        "batch_idx": 13
      },
      {
        "coord": [
          9,
          2370
        ],
        "neuron_error": 6.270408630371094e-05,
        "y_ref": 0.1367814540863037,
        "y_mixed": 0.13671875,
        "input_storage_error": 0.001389242708683014,
        "weight_storage_error": 0.0,
        "bias_storage_error": 0.0,
        "accumulation_estimate": 2.384185791015625e-07,
        "demote_error": 5.297362804412842e-05,
        "in_features": 1024,
        "neuron_idx": 2370,
        "batch_idx": 9
      },
      {
        "coord": [
          2,
          2987
        ],
        "neuron_error": 6.26295804977417e-05,
        "y_ref": 0.14117591083049774,
        "y_mixed": 0.14111328125,
        "input_storage_error": 0.0014219072181731462,
        "weight_storage_error": 0.0,
        "bias_storage_error": 0.0,
        "accumulation_estimate": 2.384185791015625e-07,
        "demote_error": 5.6549906730651855e-05,
        "in_features": 1024,
        "neuron_idx": 2987,
        "batch_idx": 2
      },
      {
        "coord": [
          10,
          3934
        ],
        "neuron_error": 6.097555160522461e-05,
        "y_ref": 0.13165277242660522,
        "y_mixed": 0.131591796875,
        "input_storage_error": 0.0014837465714663267,
        "weight_storage_error": 0.0,
        "bias_storage_error": 0.0,
        "accumulation_estimate": 2.384185791015625e-07,
        "demote_error": 4.7460198402404785e-05,
        "in_features": 1024,
        "neuron_idx": 3934,
        "batch_idx": 10
      },
      {
        "coord": [
          24,
          1835
        ],
        "neuron_error": 5.9351325035095215e-05,
        "y_ref": -0.1405622810125351,
        "y_mixed": -0.1405029296875,
        "input_storage_error": 0.0014172142837196589,
        "weight_storage_error": 0.0,
        "bias_storage_error": 0.0,
        "accumulation_estimate": 2.384185791015625e-07,
        "demote_error": 6.003677845001221e-05,
        "in_features": 1024,
        "neuron_idx": 1835,
        "batch_idx": 24
      },
      {
        "coord": [
          0,
          3712
        ],
        "neuron_error": 5.708634853363037e-05,
        "y_ref": 0.12811674177646637,
        "y_mixed": 0.128173828125,
        "input_storage_error": 0.0014191910158842802,
        "weight_storage_error": 0.0,
        "bias_storage_error": 0.0,
        "accumulation_estimate": 2.384185791015625e-07,
        "demote_error": 5.431473255157471e-05,
        "in_features": 1024,
        "neuron_idx": 3712,
        "batch_idx": 0
      },
      {
        "coord": [
          9,
          1629
        ],
        "neuron_error": 5.511939525604248e-05,
        "y_ref": 0.12603168189525604,
        "y_mixed": 0.1259765625,
        "input_storage_error": 0.001389242708683014,
        "weight_storage_error": 0.0,
        "bias_storage_error": 0.0,
        "accumulation_estimate": 2.384185791015625e-07,
        "demote_error": 5.958974361419678e-05,
        "in_features": 1024,
        "neuron_idx": 1629,
        "batch_idx": 9
      },
      {
        "coord": [
          11,
          741
        ],
        "neuron_error": 5.476176738739014e-05,
        "y_ref": 0.1360536366701126,
        "y_mixed": 0.1361083984375,
        "input_storage_error": 0.0014804629608988762,
        "weight_storage_error": 0.0,
        "bias_storage_error": 0.0,
        "accumulation_estimate": 2.384185791015625e-07,
        "demote_error": 5.3301453590393066e-05,
        "in_features": 1024,
        "neuron_idx": 741,
        "batch_idx": 11
      },
      {
        "coord": [
          4,
          54
        ],
        "neuron_error": 5.297362804412842e-05,
        "y_ref": 0.13042406737804413,
        "y_mixed": 0.13037109375,
        "input_storage_error": 0.001398060703650117,
        "weight_storage_error": 0.0,
        "bias_storage_error": 0.0,
        "accumulation_estimate": 2.384185791015625e-07,
        "demote_error": 4.297494888305664e-05,
        "in_features": 1024,
        "neuron_idx": 54,
        "batch_idx": 4
      },
      {
        "coord": [
          13,
          2012
        ],
        "neuron_error": 5.14984130859375e-05,
        "y_ref": 0.07561302185058594,
        "y_mixed": 0.0755615234375,
        "input_storage_error": 0.001405911287292838,
        "weight_storage_error": 0.0,
        "bias_storage_error": 0.0,
        "accumulation_estimate": 1.1920928955078125e-07,
        "demote_error": 3.0435621738433838e-05,
        "in_features": 1024,
        "neuron_idx": 2012,
        "batch_idx": 13
      }
    ]
  }
}