{
  "detector": {
    "detected_exceeded": false,
    "actual_err": 5.2362680435180664e-05,
    "predicted_bound": 0.00014158713311189787,
    "elapsed_sec": 2.82098126411438
  },
  "analyzer_report": {
    "component_estimates": {
      "input_storage_error": 3.8743019104003906e-05,
      "matmul1_accumulation_error": 3.8743019104003906e-05,
      "scaling_error": 3.8743019104003906e-05,
      "softmax_numerical_error": 3.8743019104003906e-05,
      "matmul2_accumulation_error": 3.8743019104003906e-05,
      "output_demote_error": 6.742030382156372e-05
    },
    "component_ratios": {
      "input_storage_error": 0.14836371936431852,
      "matmul1_accumulation_error": 0.14836371936431852,
      "scaling_error": 0.14836371936431852,
      "softmax_numerical_error": 0.14836371936431852,
      "matmul2_accumulation_error": 0.14836371936431852,
      "output_demote_error": 0.2581814031784074
    },
    "primary_source": "storage_error",
    "suggestion": "\u4e3b\u8981\u8bef\u5dee\u6765\u6e90\u4e3a\u8f93\u5165\u5b58\u50a8\u7cbe\u5ea6\u3002\u5efa\u8bae\uff1a\u63d0\u5347Q/K/V\u7684\u5b58\u50a8\u7cbe\u5ea6\uff1b\u8fdb\u884c\u8f93\u5165\u5f52\u4e00\u5316\uff1b\u68c0\u67e5embedding\u5c42\u7684\u8f93\u51fa\u8303\u56f4\u3002 \u68c0\u6d4b\u5230\u5927\u91cf\u5c16\u9510\u7684attention\u6a21\u5f0f\uff08\u4f4e\u71b5\uff09\uff0c\u8fd9\u4f1a\u653e\u5927softmax\u7684\u6570\u503c\u8bef\u5dee\u3002\u8003\u8651\u4f7f\u7528attention dropout\u6216\u6e29\u5ea6\u7f29\u653e\u3002",
    "attention_pattern_stats": {
      "global_avg_entropy": 3.878161907196045,
      "global_sparsity": 0.6948318481445312,
      "max_attention_weight": 1.0,
      "min_attention_weight": 0.0
    },
    "attention_behavior_stats": {
      "high_entropy_tokens": 0,
      "low_entropy_tokens": 7,
      "total_analyzed": 8
    },
    "top_tokens_summary": [
      {
        "batch_idx": 0,
        "head_idx": 7,
        "token_idx": 1,
        "token_error": 9.638693882152438e-06,
        "entropy_ref": 0.6931054592132568,
        "max_attention_weight_ref": 0.5045700669288635,
        "attention_weight_error": 3.5762786865234375e-07,
        "stage_errors": {
          "storage_error": 2.0278000647522276e-05,
          "matmul1_error": 9.809877645105637e-10,
          "softmax_error": 6.170914275571705e-07,
          "matmul2_error": 7.08155630491092e-07,
          "demote_error": 6.170914275571704e-08
        }
      },
      {
        "batch_idx": 0,
        "head_idx": 6,
        "token_idx": 0,
        "token_error": 9.070023224921897e-06,
        "entropy_ref": -0.0,
        "max_attention_weight_ref": 1.0,
        "attention_weight_error": 0.0,
        "stage_errors": {
          "storage_error": 2.0205432974762516e-05,
          "matmul1_error": 9.73238706093611e-10,
          "softmax_error": 5.947935278527439e-07,
          "matmul2_error": 7.026168077572948e-07,
          "demote_error": 5.9479352785274385e-08
        }
      },
      {
        "batch_idx": 0,
        "head_idx": 6,
        "token_idx": 1,
        "token_error": 8.225950296036899e-06,
        "entropy_ref": 0.6931275129318237,
        "max_attention_weight_ref": 0.5031355619430542,
        "attention_weight_error": 5.960464477539062e-07,
        "stage_errors": {
          "storage_error": 2.028363496719976e-05,
          "matmul1_error": 9.86034609607949e-10,
          "softmax_error": 6.026137270964683e-07,
          "matmul2_error": 7.026168077572948e-07,
          "demote_error": 6.026137270964682e-08
        }
      },
      {
        "batch_idx": 0,
        "head_idx": 4,
        "token_idx": 1,
        "token_error": 8.091767085716128e-06,
        "entropy_ref": 0.6931146383285522,
        "max_attention_weight_ref": 0.5040319561958313,
        "attention_weight_error": 2.682209014892578e-07,
        "stage_errors": {
          "storage_error": 2.02574674403877e-05,
          "matmul1_error": 9.980099119391692e-10,
          "softmax_error": 6.297166692093015e-07,
          "matmul2_error": 6.956162906135433e-07,
          "demote_error": 6.297166692093015e-08
        }
      },
      {
        "batch_idx": 0,
        "head_idx": 7,
        "token_idx": 0,
        "token_error": 7.900061973487027e-06,
        "entropy_ref": -0.0,
        "max_attention_weight_ref": 1.0,
        "attention_weight_error": 0.0,
        "stage_errors": {
          "storage_error": 1.9894128399755573e-05,
          "matmul1_error": 9.199637474236603e-10,
          "softmax_error": 5.787042027805001e-07,
          "matmul2_error": 7.08155630491092e-07,
          "demote_error": 5.787042027805001e-08
        }
      },
      {
        "batch_idx": 0,
        "head_idx": 4,
        "token_idx": 0,
        "token_error": 7.476941391360015e-06,
        "entropy_ref": -0.0,
        "max_attention_weight_ref": 1.0,
        "attention_weight_error": 0.0,
        "stage_errors": {
          "storage_error": 2.2685017938783858e-05,
          "matmul1_error": 1.38274158216386e-09,
          "softmax_error": 8.724717190489173e-07,
          "matmul2_error": 6.956162906135433e-07,
          "demote_error": 8.724717190489173e-08
        }
      },
      {
        "batch_idx": 0,
        "head_idx": 1,
        "token_idx": 0,
        "token_error": 7.410726539092138e-06,
        "entropy_ref": -0.0,
        "max_attention_weight_ref": 1.0,
        "attention_weight_error": 0.0,
        "stage_errors": {
          "storage_error": 2.1862622816115618e-05,
          "matmul1_error": 1.2279266905961535e-09,
          "softmax_error": 7.646158337593079e-07,
          "matmul2_error": 7.119147994671949e-07,
          "demote_error": 7.64615833759308e-08
        }
      },
      {
        "batch_idx": 0,
        "head_idx": 0,
        "token_idx": 2,
        "token_error": 6.727161235176027e-06,
        "entropy_ref": 1.0985963344573975,
        "max_attention_weight_ref": 0.33600670099258423,
        "attention_weight_error": 1.7881393432617188e-07,
        "stage_errors": {
          "storage_error": 2.035043644355028e-05,
          "matmul1_error": 9.93876018855486e-10,
          "softmax_error": 6.251022568903864e-07,
          "matmul2_error": 7.072798780427548e-07,
          "demote_error": 6.251022568903864e-08
        }
      }
    ],
    "head_analysis": [
      {
        "head_idx": 0,
        "avg_error": 1.7432704453312908e-06,
        "avg_entropy": 3.878161907196045,
        "avg_max_weight": 0.04286251217126846,
        "sparsity": 0.69464111328125
      },
      {
        "head_idx": 1,
        "avg_error": 1.8205878404842224e-06,
        "avg_entropy": 3.8781614303588867,
        "avg_max_weight": 0.04289332404732704,
        "sparsity": 0.69476318359375
      },
      {
        "head_idx": 2,
        "avg_error": 1.5438365608133608e-06,
        "avg_entropy": 3.878161907196045,
        "avg_max_weight": 0.042853593826293945,
        "sparsity": 0.69488525390625
      },
      {
        "head_idx": 3,
        "avg_error": 1.6184328615054255e-06,
        "avg_entropy": 3.878161907196045,
        "avg_max_weight": 0.04283728078007698,
        "sparsity": 0.69476318359375
      },
      {
        "head_idx": 4,
        "avg_error": 1.8131714796254528e-06,
        "avg_entropy": 3.8781614303588867,
        "avg_max_weight": 0.04287790134549141,
        "sparsity": 0.69488525390625
      },
      {
        "head_idx": 5,
        "avg_error": 1.8218686363979941e-06,
        "avg_entropy": 3.878162145614624,
        "avg_max_weight": 0.04284230247139931,
        "sparsity": 0.694580078125
      },
      {
        "head_idx": 6,
        "avg_error": 2.048766191364848e-06,
        "avg_entropy": 3.878161668777466,
        "avg_max_weight": 0.04286830499768257,
        "sparsity": 0.695068359375
      },
      {
        "head_idx": 7,
        "avg_error": 1.8481813413018244e-06,
        "avg_entropy": 3.8781609535217285,
        "avg_max_weight": 0.042891472578048706,
        "sparsity": 0.695068359375
      }
    ]
  }
}