{
  "detector": {
    "detected_exceeded": false,
    "actual_err": 6.395578384399414e-05,
    "predicted_bound": 0.00014798738266108558,
    "elapsed_sec": 4.140426397323608
  },
  "meta": {
    "distribution": "adversarial_sum",
    "bias": true,
    "batch_size": 32,
    "in_features": 1024,
    "out_features": 4096
  },
  "analyzer_report": {
    "component_estimates": {
      "input_storage_error": 6.395578384399414e-05,
      "weight_storage_error": 6.395578384399414e-05,
      "accumulation_error": 6.395578384399414e-05,
      "output_storage_error": 0.00011137127876281738,
      "bias_storage_error": 6.395578384399414e-05
    },
    "component_ratios": {
      "input_storage_error": 0.17417417417417416,
      "weight_storage_error": 0.17417417417417416,
      "accumulation_error": 0.17417417417417416,
      "output_storage_error": 0.3033033033033033,
      "bias_storage_error": 0.17417417417417416
    },
    "primary_source": "input_storage",
    "suggestion": "\u4e3b\u8981\u8bef\u5dee\u6765\u6e90\u4e3a\u8f93\u5165\u5b58\u50a8\u7cbe\u5ea6\u3002\u5efa\u8bae\uff1a\u63d0\u5347\u8f93\u5165\u5b58\u50a8\u7cbe\u5ea6\u6216\u8fdb\u884c\u8f93\u5165\u5f52\u4e00\u5316/\u6807\u51c6\u5316\u4ee5\u964d\u4f4e\u6570\u503c\u8303\u56f4\u3002",
    "aggregated_ratios": {
      "input_storage": 0.9658817143999141,
      "weight_storage": 0.0,
      "bias_storage": 0.0,
      "accumulation": 0.00015135359010077818,
      "demote": 0.03396693200998517
    },
    "top_neurons_summary": [
      {
        "coord": [
          0,
          2227
        ],
        "neuron_error": 6.395578384399414e-05,
        "y_ref": 0.131655752658844,
        "y_mixed": 0.131591796875,
        "input_storage_error": 0.0014538192190229893,
        "weight_storage_error": 0.0,
        "bias_storage_error": 0.0,
        "accumulation_estimate": 2.384185791015625e-07,
        "demote_error": 5.976855754852295e-05,
        "in_features": 1024,
        "neuron_idx": 2227,
        "batch_idx": 0
      },
      {
        "coord": [
          7,
          3143
        ],
        "neuron_error": 6.352365016937256e-05,
        "y_ref": -0.14593754708766937,
        "y_mixed": -0.1458740234375,
        "input_storage_error": 0.0014729605754837394,
        "weight_storage_error": 0.0,
        "bias_storage_error": 0.0,
        "accumulation_estimate": 2.384185791015625e-07,
        "demote_error": 5.91278076171875e-05,
        "in_features": 1024,
        "neuron_idx": 3143,
        "batch_idx": 7
      },
      {
        "coord": [
          19,
          478
        ],
        "neuron_error": 6.331503391265869e-05,
        "y_ref": -0.13019026815891266,
        "y_mixed": -0.130126953125,
        "input_storage_error": 0.0014428062131628394,
        "weight_storage_error": 0.0,
        "bias_storage_error": 0.0,
        "accumulation_estimate": 2.384185791015625e-07,
        "demote_error": 5.672872066497803e-05,
        "in_features": 1024,
        "neuron_idx": 478,
        "batch_idx": 19
      },
      {
        "coord": [
          8,
          2486
        ],
        "neuron_error": 5.759298801422119e-05,
        "y_ref": 0.13006247580051422,
        "y_mixed": 0.1300048828125,
        "input_storage_error": 0.001521091558970511,
        "weight_storage_error": 0.0,
        "bias_storage_error": 0.0,
        "accumulation_estimate": 2.384185791015625e-07,
        "demote_error": 5.266070365905762e-05,
        "in_features": 1024,
        "neuron_idx": 2486,
        "batch_idx": 8
      },
      {
        "coord": [
          21,
          2708
        ],
        "neuron_error": 5.704164505004883e-05,
        "y_ref": 0.13079434633255005,
        "y_mixed": 0.1307373046875,
        "input_storage_error": 0.0014484009006991982,
        "weight_storage_error": 0.0,
        "bias_storage_error": 0.0,
        "accumulation_estimate": 2.384185791015625e-07,
        "demote_error": 5.854666233062744e-05,
        "in_features": 1024,
        "neuron_idx": 2708,
        "batch_idx": 21
      },
      {
        "coord": [
          0,
          1355
        ],
        "neuron_error": 5.632638931274414e-05,
        "y_ref": 0.13823992013931274,
        "y_mixed": 0.13818359375,
        "input_storage_error": 0.0014538192190229893,
        "weight_storage_error": 0.0,
        "bias_storage_error": 0.0,
        "accumulation_estimate": 2.384185791015625e-07,
        "demote_error": 5.109608173370361e-05,
        "in_features": 1024,
        "neuron_idx": 1355,
        "batch_idx": 0
      },
      {
        "coord": [
          0,
          2081
        ],
        "neuron_error": 5.358457565307617e-05,
        "y_ref": 0.13446789979934692,
        "y_mixed": 0.134521484375,
        "input_storage_error": 0.0014538192190229893,
        "weight_storage_error": 0.0,
        "bias_storage_error": 0.0,
        "accumulation_estimate": 2.384185791015625e-07,
        "demote_error": 5.4717063903808594e-05,
        "in_features": 1024,
        "neuron_idx": 2081,
        "batch_idx": 0
      },
      {
        "coord": [
          22,
          3145
        ],
        "neuron_error": 5.3241848945617676e-05,
        "y_ref": -0.12944777309894562,
        "y_mixed": -0.12939453125,
        "input_storage_error": 0.0013616698561236262,
        "weight_storage_error": 0.0,
        "bias_storage_error": 0.0,
        "accumulation_estimate": 2.384185791015625e-07,
        "demote_error": 5.482137203216553e-05,
        "in_features": 1024,
        "neuron_idx": 3145,
        "batch_idx": 22
      },
      {
        "coord": [
          6,
          2341
        ],
        "neuron_error": 5.112588405609131e-05,
        "y_ref": -0.1254371553659439,
        "y_mixed": -0.12548828125,
        "input_storage_error": 0.0014595352113246918,
        "weight_storage_error": 0.0,
        "bias_storage_error": 0.0,
        "accumulation_estimate": 2.384185791015625e-07,
        "demote_error": 4.151463508605957e-05,
        "in_features": 1024,
        "neuron_idx": 2341,
        "batch_idx": 6
      },
      {
        "coord": [
          17,
          3299
        ],
        "neuron_error": 4.936009645462036e-05,
        "y_ref": 0.06663871556520462,
        "y_mixed": 0.06658935546875,
        "input_storage_error": 0.0013863065978512168,
        "weight_storage_error": 0.0,
        "bias_storage_error": 0.0,
        "accumulation_estimate": 1.1920928955078125e-07,
        "demote_error": 1.932680606842041e-05,
        "in_features": 1024,
        "neuron_idx": 3299,
        "batch_idx": 17
      }
    ]
  }
}