{
  "detector": {
    "detected_exceeded": false,
    "actual_err": 6.502866744995117e-05,
    "predicted_bound": 0.00013961945951450618,
    "elapsed_sec": 4.101665735244751
  },
  "meta": {
    "distribution": "adversarial_sum",
    "bias": true,
    "batch_size": 32,
    "in_features": 1024,
    "out_features": 4096
  },
  "analyzer_report": {
    "component_estimates": {
      "input_storage_error": 6.502866744995117e-05,
      "weight_storage_error": 6.502866744995117e-05,
      "accumulation_error": 6.502866744995117e-05,
      "output_storage_error": 0.00010955333709716797,
      "bias_storage_error": 6.502866744995117e-05
    },
    "component_ratios": {
      "input_storage_error": 0.17591099645275718,
      "weight_storage_error": 0.17591099645275718,
      "accumulation_error": 0.17591099645275718,
      "output_storage_error": 0.2963560141889713,
      "bias_storage_error": 0.17591099645275718
    },
    "primary_source": "input_storage",
    "suggestion": "\u4e3b\u8981\u8bef\u5dee\u6765\u6e90\u4e3a\u8f93\u5165\u5b58\u50a8\u7cbe\u5ea6\u3002\u5efa\u8bae\uff1a\u63d0\u5347\u8f93\u5165\u5b58\u50a8\u7cbe\u5ea6\u6216\u8fdb\u884c\u8f93\u5165\u5f52\u4e00\u5316/\u6807\u51c6\u5316\u4ee5\u964d\u4f4e\u6570\u503c\u8303\u56f4\u3002",
    "aggregated_ratios": {
      "input_storage": 0.9698366341903515,
      "weight_storage": 0.0,
      "bias_storage": 0.0,
      "accumulation": 0.00012852565990795637,
      "demote": 0.030034840149740553
    },
    "top_neurons_summary": [
      {
        "coord": [
          28,
          2488
        ],
        "neuron_error": 6.502866744995117e-05,
        "y_ref": 0.12688809633255005,
        "y_mixed": 0.126953125,
        "input_storage_error": 0.0014770274283364415,
        "weight_storage_error": 0.0,
        "bias_storage_error": 0.0,
        "accumulation_estimate": 2.384185791015625e-07,
        "demote_error": 5.9470534324645996e-05,
        "in_features": 1024,
        "neuron_idx": 2488,
        "batch_idx": 28
      },
      {
        "coord": [
          7,
          356
        ],
        "neuron_error": 6.312131881713867e-05,
        "y_ref": 0.13019007444381714,
        "y_mixed": 0.130126953125,
        "input_storage_error": 0.0016120809596031904,
        "weight_storage_error": 0.0,
        "bias_storage_error": 0.0,
        "accumulation_estimate": 2.384185791015625e-07,
        "demote_error": 5.491077899932861e-05,
        "in_features": 1024,
        "neuron_idx": 356,
        "batch_idx": 7
      },
      {
        "coord": [
          12,
          386
        ],
        "neuron_error": 5.957484245300293e-05,
        "y_ref": -0.129090815782547,
        "y_mixed": -0.129150390625,
        "input_storage_error": 0.0013973892200738192,
        "weight_storage_error": 0.0,
        "bias_storage_error": 0.0,
        "accumulation_estimate": 2.384185791015625e-07,
        "demote_error": 5.4508447647094727e-05,
        "in_features": 1024,
        "neuron_idx": 386,
        "batch_idx": 12
      },
      {
        "coord": [
          28,
          3838
        ],
        "neuron_error": 5.759298801422119e-05,
        "y_ref": -0.13811911642551422,
        "y_mixed": -0.1380615234375,
        "input_storage_error": 0.0014770274283364415,
        "weight_storage_error": 0.0,
        "bias_storage_error": 0.0,
        "accumulation_estimate": 2.384185791015625e-07,
        "demote_error": 5.3316354751586914e-05,
        "in_features": 1024,
        "neuron_idx": 3838,
        "batch_idx": 28
      },
      {
        "coord": [
          14,
          2715
        ],
        "neuron_error": 5.501508712768555e-05,
        "y_ref": -0.12615364789962769,
        "y_mixed": -0.1260986328125,
        "input_storage_error": 0.0014167381450533867,
        "weight_storage_error": 0.0,
        "bias_storage_error": 0.0,
        "accumulation_estimate": 2.384185791015625e-07,
        "demote_error": 5.1140785217285156e-05,
        "in_features": 1024,
        "neuron_idx": 2715,
        "batch_idx": 14
      },
      {
        "coord": [
          22,
          4042
        ],
        "neuron_error": 5.204230546951294e-05,
        "y_ref": 0.06932694464921951,
        "y_mixed": 0.06927490234375,
        "input_storage_error": 0.0013988276477903128,
        "weight_storage_error": 0.0,
        "bias_storage_error": 0.0,
        "accumulation_estimate": 1.1920928955078125e-07,
        "demote_error": 3.0077993869781494e-05,
        "in_features": 1024,
        "neuron_idx": 4042,
        "batch_idx": 22
      },
      {
        "coord": [
          0,
          1003
        ],
        "neuron_error": 5.1409006118774414e-05,
        "y_ref": -0.13263902068138123,
        "y_mixed": -0.1326904296875,
        "input_storage_error": 0.0013765018666163087,
        "weight_storage_error": 0.0,
        "bias_storage_error": 0.0,
        "accumulation_estimate": 2.384185791015625e-07,
        "demote_error": 5.447864532470703e-05,
        "in_features": 1024,
        "neuron_idx": 1003,
        "batch_idx": 0
      },
      {
        "coord": [
          22,
          3958
        ],
        "neuron_error": 4.984438419342041e-05,
        "y_ref": 0.06586812436580658,
        "y_mixed": 0.06591796875,
        "input_storage_error": 0.0013988276477903128,
        "weight_storage_error": 0.0,
        "bias_storage_error": 0.0,
        "accumulation_estimate": 1.1920928955078125e-07,
        "demote_error": 2.714991569519043e-05,
        "in_features": 1024,
        "neuron_idx": 3958,
        "batch_idx": 22
      },
      {
        "coord": [
          0,
          1175
        ],
        "neuron_error": 4.813075065612793e-05,
        "y_ref": -0.06623604893684387,
        "y_mixed": -0.0662841796875,
        "input_storage_error": 0.0013765018666163087,
        "weight_storage_error": 0.0,
        "bias_storage_error": 0.0,
        "accumulation_estimate": 1.1920928955078125e-07,
        "demote_error": 3.0212104320526123e-05,
        "in_features": 1024,
        "neuron_idx": 1175,
        "batch_idx": 0
      },
      {
        "coord": [
          27,
          3305
        ],
        "neuron_error": 4.7050416469573975e-05,
        "y_ref": -0.06456121057271957,
        "y_mixed": -0.06451416015625,
        "input_storage_error": 0.0014616635162383318,
        "weight_storage_error": 0.0,
        "bias_storage_error": 0.0,
        "accumulation_estimate": 1.1920928955078125e-07,
        "demote_error": 3.045797348022461e-05,
        "in_features": 1024,
        "neuron_idx": 3305,
        "batch_idx": 27
      }
    ]
  }
}