{
  "detector": {
    "detected_exceeded": false,
    "actual_err": 4.566460847854614e-05,
    "predicted_bound": 9.199457126669587e-05,
    "elapsed_sec": 2.800189256668091
  },
  "analyzer_report": {
    "component_estimates": {
      "input_storage_error": 4.509836435317993e-05,
      "matmul1_accumulation_error": 4.509836435317993e-05,
      "scaling_error": 4.509836435317993e-05,
      "softmax_numerical_error": 4.509836435317993e-05,
      "matmul2_accumulation_error": 4.509836435317993e-05,
      "output_demote_error": 7.109344005584717e-05
    },
    "component_ratios": {
      "input_storage_error": 0.15205868314618032,
      "matmul1_accumulation_error": 0.15205868314618032,
      "scaling_error": 0.15205868314618032,
      "softmax_numerical_error": 0.15205868314618032,
      "matmul2_accumulation_error": 0.15205868314618032,
      "output_demote_error": 0.2397065842690984
    },
    "primary_source": "storage_error",
    "suggestion": "\u4e3b\u8981\u8bef\u5dee\u6765\u6e90\u4e3a\u8f93\u5165\u5b58\u50a8\u7cbe\u5ea6\u3002\u5efa\u8bae\uff1a\u63d0\u5347Q/K/V\u7684\u5b58\u50a8\u7cbe\u5ea6\uff1b\u8fdb\u884c\u8f93\u5165\u5f52\u4e00\u5316\uff1b\u68c0\u67e5embedding\u5c42\u7684\u8f93\u51fa\u8303\u56f4\u3002 \u68c0\u6d4b\u5230\u5927\u91cf\u5c16\u9510\u7684attention\u6a21\u5f0f\uff08\u4f4e\u71b5\uff09\uff0c\u8fd9\u4f1a\u653e\u5927softmax\u7684\u6570\u503c\u8bef\u5dee\u3002\u8003\u8651\u4f7f\u7528attention dropout\u6216\u6e29\u5ea6\u7f29\u653e\u3002",
    "attention_pattern_stats": {
      "global_avg_entropy": 3.878162145614624,
      "global_sparsity": 0.6947860717773438,
      "max_attention_weight": 1.0,
      "min_attention_weight": 0.0
    },
    "attention_behavior_stats": {
      "high_entropy_tokens": 0,
      "low_entropy_tokens": 7,
      "total_analyzed": 8
    },
    "top_tokens_summary": [
      {
        "batch_idx": 0,
        "head_idx": 0,
        "token_idx": 1,
        "token_error": 8.709674148121849e-06,
        "entropy_ref": 0.6931151151657104,
        "max_attention_weight_ref": 0.5040028691291809,
        "attention_weight_error": 1.7881393432617188e-06,
        "stage_errors": {
          "storage_error": 2.088271003231057e-05,
          "matmul1_error": 1.081364292630687e-09,
          "softmax_error": 6.865622708573938e-07,
          "matmul2_error": 7.056320100673475e-07,
          "demote_error": 6.865622708573938e-08
        }
      },
      {
        "batch_idx": 0,
        "head_idx": 7,
        "token_idx": 1,
        "token_error": 8.35015089251101e-06,
        "entropy_ref": 0.6930903196334839,
        "max_attention_weight_ref": 0.5053293704986572,
        "attention_weight_error": 1.0728836059570312e-06,
        "stage_errors": {
          "storage_error": 2.0573650544974953e-05,
          "matmul1_error": 1.053742501840986e-09,
          "softmax_error": 6.5777130657807e-07,
          "matmul2_error": 6.916078746144194e-07,
          "demote_error": 6.5777130657807e-08
        }
      },
      {
        "batch_idx": 0,
        "head_idx": 3,
        "token_idx": 0,
        "token_error": 7.992173777893186e-06,
        "entropy_ref": -0.0,
        "max_attention_weight_ref": 1.0,
        "attention_weight_error": 0.0,
        "stage_errors": {
          "storage_error": 1.9404681097512366e-05,
          "matmul1_error": 8.737550613801752e-10,
          "softmax_error": 5.385867552831769e-07,
          "matmul2_error": 6.849145393061917e-07,
          "demote_error": 5.385867552831769e-08
        }
      },
      {
        "batch_idx": 0,
        "head_idx": 6,
        "token_idx": 1,
        "token_error": 7.895621820352972e-06,
        "entropy_ref": 0.6931363940238953,
        "max_attention_weight_ref": 0.5023240447044373,
        "attention_weight_error": 3.2782554626464844e-07,
        "stage_errors": {
          "storage_error": 1.982621279239538e-05,
          "matmul1_error": 9.544938174813227e-10,
          "softmax_error": 6.015092367306352e-07,
          "matmul2_error": 6.798249614803354e-07,
          "demote_error": 6.015092367306352e-08
        }
      },
      {
        "batch_idx": 0,
        "head_idx": 1,
        "token_idx": 1,
        "token_error": 7.844500942155719e-06,
        "entropy_ref": 0.6931239366531372,
        "max_attention_weight_ref": 0.5034050345420837,
        "attention_weight_error": 1.0728836059570312e-06,
        "stage_errors": {
          "storage_error": 2.3101273654901888e-05,
          "matmul1_error": 1.4146984990895645e-09,
          "softmax_error": 9.173683793051169e-07,
          "matmul2_error": 7.112287221389124e-07,
          "demote_error": 9.173683793051168e-08
        }
      },
      {
        "batch_idx": 0,
        "head_idx": 1,
        "token_idx": 0,
        "token_error": 7.73654755903408e-06,
        "entropy_ref": -0.0,
        "max_attention_weight_ref": 1.0,
        "attention_weight_error": 0.0,
        "stage_errors": {
          "storage_error": 1.9802299902949017e-05,
          "matmul1_error": 9.059548666832709e-10,
          "softmax_error": 5.874710041098297e-07,
          "matmul2_error": 7.112287221389124e-07,
          "demote_error": 5.874710041098297e-08
        }
      },
      {
        "batch_idx": 0,
        "head_idx": 2,
        "token_idx": 1,
        "token_error": 7.593447662657127e-06,
        "entropy_ref": 0.6930928826332092,
        "max_attention_weight_ref": 0.5052102208137512,
        "attention_weight_error": 1.9371509552001953e-06,
        "stage_errors": {
          "storage_error": 2.2511102542921435e-05,
          "matmul1_error": 1.3317024258301355e-09,
          "softmax_error": 8.516988600604237e-07,
          "matmul2_error": 7.083985110512004e-07,
          "demote_error": 8.516988600604236e-08
        }
      },
      {
        "batch_idx": 0,
        "head_idx": 2,
        "token_idx": 3,
        "token_error": 7.460124834324233e-06,
        "entropy_ref": 1.3862731456756592,
        "max_attention_weight_ref": 0.25282472372055054,
        "attention_weight_error": 5.066394805908203e-07,
        "stage_errors": {
          "storage_error": 2.2142160560179036e-05,
          "matmul1_error": 1.274015260043184e-09,
          "softmax_error": 8.148046617861838e-07,
          "matmul2_error": 7.083985110512004e-07,
          "demote_error": 8.148046617861837e-08
        }
      }
    ],
    "head_analysis": [
      {
        "head_idx": 0,
        "avg_error": 1.7376656842316152e-06,
        "avg_entropy": 3.878161907196045,
        "avg_max_weight": 0.04286345839500427,
        "sparsity": 0.6947021484375
      },
      {
        "head_idx": 1,
        "avg_error": 1.8352475308347493e-06,
        "avg_entropy": 3.8781626224517822,
        "avg_max_weight": 0.04283794015645981,
        "sparsity": 0.69512939453125
      },
      {
        "head_idx": 2,
        "avg_error": 1.7985335034609307e-06,
        "avg_entropy": 3.878162145614624,
        "avg_max_weight": 0.04285229742527008,
        "sparsity": 0.69464111328125
      },
      {
        "head_idx": 3,
        "avg_error": 1.824650553317042e-06,
        "avg_entropy": 3.878161907196045,
        "avg_max_weight": 0.04285595566034317,
        "sparsity": 0.69482421875
      },
      {
        "head_idx": 4,
        "avg_error": 1.8252172822030843e-06,
        "avg_entropy": 3.8781614303588867,
        "avg_max_weight": 0.04286322742700577,
        "sparsity": 0.6947021484375
      },
      {
        "head_idx": 5,
        "avg_error": 1.929618520080112e-06,
        "avg_entropy": 3.8781609535217285,
        "avg_max_weight": 0.042878881096839905,
        "sparsity": 0.69464111328125
      },
      {
        "head_idx": 6,
        "avg_error": 1.8158028751713573e-06,
        "avg_entropy": 3.878162145614624,
        "avg_max_weight": 0.0428466871380806,
        "sparsity": 0.69488525390625
      },
      {
        "head_idx": 7,
        "avg_error": 1.8119807236871566e-06,
        "avg_entropy": 3.8781611919403076,