{
  "detector": {
    "detected_exceeded": false,
    "actual_err": 5.252659320831299e-06,
    "predicted_bound": 3.9222261693794284e-05,
    "elapsed_sec": 2.6178622245788574
  },
  "matrix_info": {
    "input_shape": [
      256,
      1024
    ],
    "weight_shape": [
      1024,
      512
    ],
    "output_shape": [
      256,
      512
    ],
    "accumulation_dim": 1024
  },
  "analyzer_report": {
    "component_estimates": {
      "input_storage_error": 5.252659320831299e-06,
      "weight_storage_error": 5.252659320831299e-06,
      "accumulation_error": 5.252659320831299e-06,
      "demote_error": 3.438722342252731e-05
    },
    "component_ratios": {
      "input_storage_error": 0.10474899244098583,
      "weight_storage_error": 0.10474899244098583,
      "accumulation_error": 0.10474899244098583,
      "demote_error": 0.6857530226770425
    },
    "primary_source": "x_storage",
    "suggestion": "\u4e3b\u8981\u8bef\u5dee\u6765\u6e90\u4e3a\u8f93\u5165\u5b58\u50a8\u7cbe\u5ea6\u3002\u5efa\u8bae\uff1a\u63d0\u5347\u8f93\u5165\u5b58\u50a8\u7cbe\u5ea6\uff1b\u8fdb\u884c\u8f93\u5165\u5f52\u4e00\u5316\u6216\u6743\u91cd\u7f29\u653e\u4ee5\u6539\u5584\u6570\u503c\u8303\u56f4\u3002",
    "numerical_stability": {
      "average_condition_indicator": 3.8349830961053484,
      "accumulation_dimension": 1024,
      "stability_assessment": "good"
    },
    "top_elements_summary": [
      {
        "coord": [
          22,
          389
        ],
        "element_error": 5.252659320831299e-06,
        "y_ref": -0.008059017360210419,
        "y_mixed": -0.00806427001953125,
        "x_storage_error": 0.0001402396592311561,
        "w_storage_error": 0.0,
        "accumulation_error_estimate": 1.4901161193847656e-08,
        "demote_error": 3.693625330924988e-06,
        "condition_indicator": 3.073786079230341,
        "product_stats": {
          "min": -0.0007443214999511838,
          "max": 0.0004919551429338753,
          "mean": -7.871654815971851e-06,
          "std": 0.00010408343950985
        }
      },
      {
        "coord": [
          47,
          50
        ],
        "element_error": 5.037523806095123e-06,
        "y_ref": -0.009915621019899845,
        "y_mixed": -0.00991058349609375,
        "x_storage_error": 0.00014630341320298612,
        "w_storage_error": 0.0,
        "accumulation_error_estimate": 1.4901161193847656e-08,
        "demote_error": 3.269873559474945e-06,
        "condition_indicator": 3.9114077601619,
        "product_stats": {
          "min": -0.0006406679167412221,
          "max": 0.00037455937126651406,
          "mean": -9.681495612312574e-06,
          "std": 0.00010229960753349587
        }
      },
      {
        "coord": [
          227,
          115
        ],
        "element_error": 5.022622644901276e-06,
        "y_ref": 0.008038775064051151,
        "y_mixed": 0.00803375244140625,
        "x_storage_error": 0.00014575150271411985,
        "w_storage_error": 0.0,
        "accumulation_error_estimate": 1.4901161193847656e-08,
        "demote_error": 3.5855919122695923e-06,
        "condition_indicator": 3.6357257777486485,
        "product_stats": {
          "min": -0.00049077213043347,
          "max": 0.0007676432142034173,
          "mean": 7.848962923162617e-06,
          "std": 0.00010585345444269478
        }
      },
      {
        "coord": [
          189,
          85
        ],
        "element_error": 5.02169132232666e-06,
        "y_ref": -0.008252397179603577,
        "y_mixed": -0.00824737548828125,
        "x_storage_error": 0.0001442346110707149,
        "w_storage_error": 0.0,
        "accumulation_error_estimate": 1.4901161193847656e-08,
        "demote_error": 3.3155083656311035e-06,
        "condition_indicator": 3.5691080056269886,
        "product_stats": {
          "min": -0.0005720579065382481,
          "max": 0.0005399775691330433,
          "mean": -8.057316335907672e-06,
          "std": 9.684245742391795e-05
        }
      },
      {
        "coord": [
          54,
          211
        ],
        "element_error": 4.909001290798187e-06,
        "y_ref": -0.010235927067697048,
        "y_mixed": -0.01023101806640625,
        "x_storage_error": 0.00015017898113001138,
        "w_storage_error": 0.0,
        "accumulation_error_estimate": 1.4901161193847656e-08,
        "demote_error": 3.489665687084198e-06,
        "condition_indicator": 4.559459260634873,
        "product_stats": {
          "min": -0.0007659056573174894,
          "max": 0.0006863449816592038,
          "mean": -9.994635547627695e-06,
          "std": 0.00010409073729533702
        }
      },
      {
        "coord": [
          203,
          506
        ],
        "element_error": 4.900619387626648e-06,
        "y_ref": 0.009366167709231377,
        "y_mixed": 0.00936126708984375,
        "x_storage_error": 0.00014850024308543652,
        "w_storage_error": 0.0,
        "accumulation_error_estimate": 1.4901161193847656e-08,
        "demote_error": 3.771856427192688e-06,
        "condition_indicator": 3.987307762950596,
        "product_stats": {
          "min": -0.0005767410038970411,
          "max": 0.0008596277330070734,
          "mean": 9.145544026978314e-06,
          "std": 0.00010191136243520305
        }
      },
      {
        "coord": [
          4,
          41
        ],
        "element_error": 4.842877388000488e-06,
        "y_ref": 0.008000448346138,
        "y_mixed": 0.00799560546875,
        "x_storage_error": 0.0001439589395886287,
        "w_storage_error": 0.0,
        "accumulation_error_estimate": 1.4901161193847656e-08,
        "demote_error": 3.7010759115219116e-06,
        "condition_indicator": 3.6950775248230197,
        "product_stats": {
          "min": -0.00042336093611083925,
          "max": 0.0006633776356466115,
          "mean": 7.811825526005123e-06,
          "std": 0.00010297334665665403
        }
      },
      {
        "coord": [
          127,
          37
        ],
        "element_error": 4.800967872142792e-06,
        "y_ref": -0.007079091854393482,
        "y_mixed": -0.007083892822265625,
        "x_storage_error": 0.00014618570276070386,
        "w_storage_error": 0.0,
        "accumulation_error_estimate": 7.450580596923828e-09,
        "demote_error": 1.8421560525894165e-06,
        "condition_indicator": 3.061720317476389,
        "product_stats": {
          "min": -0.0004719292337540537,
          "max": 0.00044869029079563916,
          "mean": -6.91606646796572e-06,
          "std": 9.841236169449985e-05
        }
      },
      {
        "coord": [
          52,
          30
        ],
        "element_error": 4.785135388374329e-06,
        "y_ref": -0.008160607889294624,
        "y_mixed": -0.00815582275390625,
        "x_storage_error": 0.0001437759055988863,
        "w_storage_error": 0.0,
        "accumulation_error_estimate": 1.4901161193847656e-08,
        "demote_error": 3.443099558353424e-06,
        "condition_indicator": 4.662565910832829,
        "product_stats": {
          "min": -0.0006080827442929149,
          "max": 0.0005094627267681062,
          "mean": -7.968028512550518e-06,
          "std": 0.0001012534776236862
        }
      },
      {
        "coord": [
          176,
          503
        ],
        "element_error": 4.780478775501251e-06,
        "y_ref": -0.008402812294661999,
        "y_mixed": -0.0084075927734375,
        "x_storage_error": 0.00014877758803777397,
        "w_storage_error": 0.0,
        "accumulation_error_estimate": 1.4901161193847656e-08,
        "demote_error": 3.6926940083503723e-06,
        "condition_indicator": 4.193672561567896,
        "product_stats": {
          "min": -0.0005577205447480083,
          "max": 0.0005977985565550625,
          "mean": -8.20693458081223e-06,
          "std": 9.65353538049385e-05
        }
      }
    ]
  }
}