{
  "detector": {
    "detected_exceeded": false,
    "actual_err": 6.22868537902832e-05,
    "predicted_bound": 0.00013577696954598651,
    "elapsed_sec": 3.9114224910736084
  },
  "meta": {
    "distribution": "adversarial_sum",
    "bias": true,
    "batch_size": 32,
    "in_features": 1024,
    "out_features": 4096
  },
  "analyzer_report": {
    "component_estimates": {
      "input_storage_error": 6.22868537902832e-05,
      "weight_storage_error": 6.22868537902832e-05,
      "accumulation_error": 6.22868537902832e-05,
      "output_storage_error": 0.00010575354099273682,
      "bias_storage_error": 6.22868537902832e-05
    },
    "component_ratios": {
      "input_storage_error": 0.17550489146408027,
      "weight_storage_error": 0.17550489146408027,
      "accumulation_error": 0.17550489146408027,
      "output_storage_error": 0.29798043414367886,
      "bias_storage_error": 0.17550489146408027
    },
    "primary_source": "input_storage",
    "suggestion": "\u4e3b\u8981\u8bef\u5dee\u6765\u6e90\u4e3a\u8f93\u5165\u5b58\u50a8\u7cbe\u5ea6\u3002\u5efa\u8bae\uff1a\u63d0\u5347\u8f93\u5165\u5b58\u50a8\u7cbe\u5ea6\u6216\u8fdb\u884c\u8f93\u5165\u5f52\u4e00\u5316/\u6807\u51c6\u5316\u4ee5\u964d\u4f4e\u6570\u503c\u8303\u56f4\u3002",
    "aggregated_ratios": {
      "input_storage": 0.9711777935626581,
      "weight_storage": 0.0,
      "bias_storage": 0.0,
      "accumulation": 0.00012793655346452482,
      "demote": 0.02869426988387743
    },
    "top_neurons_summary": [
      {
        "coord": [
          25,
          792
        ],
        "neuron_error": 6.22868537902832e-05,
        "y_ref": -0.12542599439620972,
        "y_mixed": -0.12548828125,
        "input_storage_error": 0.001473260810598731,
        "weight_storage_error": 0.0,
        "bias_storage_error": 0.0,
        "accumulation_estimate": 2.384185791015625e-07,
        "demote_error": 5.5477023124694824e-05,
        "in_features": 1024,
        "neuron_idx": 792,
        "batch_idx": 25
      },
      {
        "coord": [
          1,
          1234
        ],
        "neuron_error": 5.835294723510742e-05,
        "y_ref": -0.1254245638847351,
        "y_mixed": -0.1253662109375,
        "input_storage_error": 0.0013909609988331795,
        "weight_storage_error": 0.0,
        "bias_storage_error": 0.0,
        "accumulation_estimate": 2.384185791015625e-07,
        "demote_error": 5.2869319915771484e-05,
        "in_features": 1024,
        "neuron_idx": 1234,
        "batch_idx": 1
      },
      {
        "coord": [
          21,
          3177
        ],
        "neuron_error": 5.723536014556885e-05,
        "y_ref": -0.12738417088985443,
        "y_mixed": -0.12744140625,
        "input_storage_error": 0.0013948557898402214,
        "weight_storage_error": 0.0,
        "bias_storage_error": 0.0,
        "accumulation_estimate": 2.384185791015625e-07,
        "demote_error": 5.576014518737793e-05,
        "in_features": 1024,
        "neuron_idx": 3177,
        "batch_idx": 21
      },
      {
        "coord": [
          16,
          3706
        ],
        "neuron_error": 5.456805229187012e-05,
        "y_ref": -0.12859460711479187,
        "y_mixed": -0.1285400390625,
        "input_storage_error": 0.0014553212095052004,
        "weight_storage_error": 0.0,
        "bias_storage_error": 0.0,
        "accumulation_estimate": 2.384185791015625e-07,
        "demote_error": 5.0514936447143555e-05,
        "in_features": 1024,
        "neuron_idx": 3706,
        "batch_idx": 16
      },
      {
        "coord": [
          29,
          1556
        ],
        "neuron_error": 5.362182855606079e-05,
        "y_ref": -0.06786368042230606,
        "y_mixed": -0.06781005859375,
        "input_storage_error": 0.001453191740438342,
        "weight_storage_error": 0.0,
        "bias_storage_error": 0.0,
        "accumulation_estimate": 1.1920928955078125e-07,
        "demote_error": 2.89231538772583e-05,
        "in_features": 1024,
        "neuron_idx": 1556,
        "batch_idx": 29
      },
      {
        "coord": [
          13,
          3950
        ],
        "neuron_error": 5.3182244300842285e-05,
        "y_ref": 0.13506294786930084,
        "y_mixed": 0.135009765625,
        "input_storage_error": 0.0014428277499973774,
        "weight_storage_error": 0.0,
        "bias_storage_error": 0.0,
        "accumulation_estimate": 2.384185791015625e-07,
        "demote_error": 5.1081180572509766e-05,
        "in_features": 1024,
        "neuron_idx": 3950,
        "batch_idx": 13
      },
      {
        "coord": [
          11,
          2056
        ],
        "neuron_error": 5.263090133666992e-05,
        "y_ref": 0.08075791597366333,
        "y_mixed": 0.080810546875,
        "input_storage_error": 0.0014773663133382797,
        "weight_storage_error": 0.0,
        "bias_storage_error": 0.0,
        "accumulation_estimate": 1.1920928955078125e-07,
        "demote_error": 2.9578804969787598e-05,
        "in_features": 1024,
        "neuron_idx": 2056,
        "batch_idx": 11
      },
      {
        "coord": [
          20,
          3673
        ],
        "neuron_error": 5.002319812774658e-05,
        "y_ref": 0.08723025023937225,
        "y_mixed": 0.0872802734375,
        "input_storage_error": 0.001454260665923357,
        "weight_storage_error": 0.0,
        "bias_storage_error": 0.0,
        "accumulation_estimate": 1.1920928955078125e-07,
        "demote_error": 2.9571354389190674e-05,
        "in_features": 1024,
        "neuron_idx": 3673,
        "batch_idx": 20
      },
      {
        "coord": [
          23,
          476
        ],
        "neuron_error": 4.972517490386963e-05,
        "y_ref": -0.13090910017490387,
        "y_mixed": -0.130859375,
        "input_storage_error": 0.001473803073167801,
        "weight_storage_error": 0.0,
        "bias_storage_error": 0.0,
        "accumulation_estimate": 2.384185791015625e-07,
        "demote_error": 4.51207160949707e-05,
        "in_features": 1024,
        "neuron_idx": 476,
        "batch_idx": 23
      },
      {
        "coord": [
          6,
          1399
        ],
        "neuron_error": 4.9695372581481934e-05,
        "y_ref": 0.11497889459133148,
        "y_mixed": 0.11492919921875,
        "input_storage_error": 0.001463005319237709,
        "weight_storage_error": 0.0,
        "bias_storage_error": 0.0,
        "accumulation_estimate": 1.1920928955078125e-07,
        "demote_error": 2.8893351554870605e-05,
        "in_features": 1024,
        "neuron_idx": 1399,
        "batch_idx": 6
      }
    ]
  }
}