{
  "detector": {
    "detected_exceeded": false,
    "actual_err": 0.0018495917320251465,
    "predicted_bound": 0.0020345509052276615,
    "elapsed_sec": 2.5269548892974854
  },
  "analyzer_report": {
    "component_estimates": {
      "input_storage_error": 0.0018495917320251465,
      "max_subtraction_error": 0.0018495917320251465,
      "exponential_error": 0.0018495917320251465,
      "sum_accumulation_error": 0.0018495917320251465,
      "output_storage_error": 0.0018495917320251465
    },
    "component_ratios": {
      "input_storage_error": 0.2,
      "max_subtraction_error": 0.2,
      "exponential_error": 0.2,
      "sum_accumulation_error": 0.2,
      "output_storage_error": 0.2
    },
    "primary_source": "storage",
    "suggestion": "\u5206\u6790\u7ed3\u679c\u4e0d\u660e\u786e\uff1b\u8bf7\u68c0\u67e5\u8f93\u5165\u5206\u5e03\u6216\u589e\u52a0MC\u91c7\u6837\u3002 \u68c0\u6d4b\u5230\u6781\u5c0f\u7684exp\u503c\uff0c\u53ef\u80fd\u5bfc\u81f4\u4e0b\u6ea2\u548c\u7cbe\u5ea6\u635f\u5931\u3002 100.0%\u7684top\u8bef\u5dee\u6765\u81eamax logit\u4f4d\u7f6e\uff0c\u8fd9\u901a\u5e38\u5bf9softmax\u8f93\u51fa\u5f71\u54cd\u6700\u5927\u3002",
    "input_stats": {
      "min": -19.50542449951172,
      "max": 31.05870819091797,
      "mean": 0.9421060681343079,
      "std": 6.089057922363281,
      "range": 50.56413269042969
    },
    "stability_stats": {
      "max_shifted_logit": 0.0,
      "min_shifted_logit": -46.163360595703125,
      "max_exp_val": 1.0,
      "min_exp_val": 8.943494554381808e-21,
      "exp_sum_max": 1.9284279346466064,
      "exp_sum_min": 1.0069226026535034
    },
    "max_logit_error_ratio": 1.0,
    "top_elements_summary": [
      {
        "coord": [
          0,
          100
        ],
        "element_error": 0.0018495917320251465,
        "x_original": 27.292987823486328,
        "y_ref": 0.5772519707679749,
        "y_mixed": 0.5791015625,
        "storage_error": 0.003887176513671875,
        "demote_error": 0.0001811981201171875,
        "logit_analysis": {
          "softmax_position": 100,
          "softmax_dim_size": 512,
          "is_max_logit": true,
          "distance_from_max": 0.0
        }
      },
      {
        "coord": [
          7,
          441
        ],
        "element_error": 0.0010947436094284058,
        "x_original": 21.977285385131836,
        "y_ref": 0.1038246899843216,
        "y_mixed": 0.10491943359375,
        "storage_error": 0.0070896148681640625,
        "demote_error": 3.018975257873535e-05,
        "logit_analysis": {
          "softmax_position": 441,
          "softmax_dim_size": 512,
          "is_max_logit": true,
          "distance_from_max": 0.0
        }
      },
      {
        "coord": [
          0,
          226
        ],
        "element_error": 0.0008720457553863525,
        "x_original": 26.486536026000977,
        "y_ref": 0.25770798325538635,
        "y_mixed": 0.2568359375,
        "storage_error": 0.0021610260009765625,
        "demote_error": 5.841255187988281e-05,
        "logit_analysis": {
          "softmax_position": 226,
          "softmax_dim_size": 512,
          "is_max_logit": true,
          "distance_from_max": 0.0
        }
      },
      {
        "coord": [
          0,
          208
        ],
        "element_error": 0.0007213801145553589,
        "x_original": 25.832714080810547,
        "y_ref": 0.13402216136455536,
        "y_mixed": 0.13330078125,
        "storage_error": 0.004589080810546875,
        "demote_error": 2.574920654296875e-05,
        "logit_analysis": {
          "softmax_position": 208,
          "softmax_dim_size": 512,
          "is_max_logit": true,
          "distance_from_max": 0.0
        }
      },
      {
        "coord": [
          7,
          215
        ],
        "element_error": 0.0007209181785583496,
        "x_original": 23.6768856048584,
        "y_ref": 0.5681037306785583,
        "y_mixed": 0.5673828125,
        "storage_error": 0.0050106048583984375,
        "demote_error": 3.0517578125e-05,
        "logit_analysis": {
          "softmax_position": 215,
          "softmax_dim_size": 512,
          "is_max_logit": true,
          "distance_from_max": 0.0
        }
      },
      {
        "coord": [
          5,
          295
        ],
        "element_error": 0.0004858970642089844,
        "x_original": 26.47873306274414,
        "y_ref": 0.518557071685791,
        "y_mixed": 0.51904296875,
        "storage_error": 0.005641937255859375,
        "demote_error": 7.998943328857422e-05,
        "logit_analysis": {
          "softmax_position": 295,
          "softmax_dim_size": 512,
          "is_max_logit": true,
          "distance_from_max": 0.0
        }
      },
      {
        "coord": [
          7,
          41
        ],
        "element_error": 0.0004394948482513428,
        "x_original": 22.786596298217773,
        "y_ref": 0.23322758078575134,
        "y_mixed": 0.2327880859375,
        "storage_error": 0.0053462982177734375,
        "demote_error": 5.282461643218994e-05,
        "logit_analysis": {
          "softmax_position": 41,
          "softmax_dim_size": 512,
          "is_max_logit": true,
          "distance_from_max": 0.0
        }
      },
      {
        "coord": [
          2,
          63
        ],
        "element_error": 0.0003407597541809082,
        "x_original": 27.44506072998047,
        "y_ref": 0.8636220097541809,
        "y_mixed": 0.86328125,
        "storage_error": 0.00756072998046875,
        "demote_error": 1.1920928955078125e-07,
        "logit_analysis": {
          "softmax_position": 63,
          "softmax_dim_size": 512,
          "is_max_logit": true,
          "distance_from_max": 0.0
        }
      },
      {
        "coord": [
          4,
          113
        ],
        "element_error": 0.0002787262201309204,
        "x_original": 29.264022827148438,
        "y_ref": 0.14090372622013092,
        "y_mixed": 0.140625,
        "storage_error": 0.0016021728515625,
        "demote_error": 2.995133399963379e-05,
        "logit_analysis": {
          "softmax_position": 113,
          "softmax_dim_size": 512,
          "is_max_logit": true,
          "distance_from_max": 0.0
        }
      },
      {
        "coord": [
          5,
          95
        ],
        "element_error": 0.0002715587615966797,
        "x_original": 26.324325561523438,
        "y_ref": 0.4443633556365967,
        "y_mixed": 0.444091796875,
        "storage_error": 0.0037994384765625,
        "demote_error": 6.240606307983398e-05,
        "logit_analysis": {
          "softmax_position": 95,
          "softmax_dim_size": 512,
          "is_max_logit": true,
          "distance_from_max": 0.0
        }
      }
    ]
  }
}