{
  "detector": {
    "detected_exceeded": false,
    "actual_err": 5.427747964859009e-06,
    "predicted_bound": 3.937750661862083e-05,
    "elapsed_sec": 2.614832878112793
  },
  "matrix_info": {
    "input_shape": [
      256,
      1024
    ],
    "weight_shape": [
      1024,
      512
    ],
    "output_shape": [
      256,
      512
    ],
    "accumulation_dim": 1024
  },
  "analyzer_report": {
    "component_estimates": {
      "input_storage_error": 5.427747964859009e-06,
      "weight_storage_error": 5.427747964859009e-06,
      "accumulation_error": 5.427747964859009e-06,
      "demote_error": 3.4419819712638855e-05
    },
    "component_ratios": {
      "input_storage_error": 0.10704970427243672,
      "weight_storage_error": 0.10704970427243672,
      "accumulation_error": 0.10704970427243672,
      "demote_error": 0.6788508871826898
    },
    "primary_source": "x_storage",
    "suggestion": "\u4e3b\u8981\u8bef\u5dee\u6765\u6e90\u4e3a\u8f93\u5165\u5b58\u50a8\u7cbe\u5ea6\u3002\u5efa\u8bae\uff1a\u63d0\u5347\u8f93\u5165\u5b58\u50a8\u7cbe\u5ea6\uff1b\u8fdb\u884c\u8f93\u5165\u5f52\u4e00\u5316\u6216\u6743\u91cd\u7f29\u653e\u4ee5\u6539\u5584\u6570\u503c\u8303\u56f4\u3002 \u68c0\u6d4b\u5230\u6570\u503c\u7a33\u5b9a\u6027\u95ee\u9898\uff08\u6761\u4ef6\u6570\u6307\u6807=4.03\uff09\u3002\u5efa\u8bae\uff1a(1)\u8f93\u5165/\u6743\u91cd\u9884\u5904\u7406\u548c\u5f52\u4e00\u5316\uff1b(2)\u68c0\u67e5\u662f\u5426\u5b58\u5728\u75c5\u6001\u77e9\u9635\u3002",
    "numerical_stability": {
      "average_condition_indicator": 4.033162696098775,
      "accumulation_dimension": 1024,
      "stability_assessment": "good"
    },
    "top_elements_summary": [
      {
        "coord": [
          118,
          273
        ],
        "element_error": 5.427747964859009e-06,
        "y_ref": 0.007944401353597641,
        "y_mixed": 0.0079498291015625,
        "x_storage_error": 0.00014540943084284663,
        "w_storage_error": 0.0,
        "accumulation_error_estimate": 1.4901161193847656e-08,
        "demote_error": 3.6675482988357544e-06,
        "condition_indicator": 3.7523857992020484,
        "product_stats": {
          "min": -0.00047793256817385554,
          "max": 0.0005781714571639895,
          "mean": 7.759923391859047e-06,
          "std": 0.00010131838644156232
        }
      },
      {
        "coord": [
          87,
          423
        ],
        "element_error": 5.350448191165924e-06,
        "y_ref": -0.009371175430715084,
        "y_mixed": -0.00937652587890625,
        "x_storage_error": 0.0001365473581245169,
        "w_storage_error": 0.0,
        "accumulation_error_estimate": 1.4901161193847656e-08,
        "demote_error": 3.648921847343445e-06,
        "condition_indicator": 4.238345421867213,
        "product_stats": {
          "min": -0.0006487627979367971,
          "max": 0.0005123899900354445,
          "mean": -9.153198334388435e-06,
          "std": 9.98229588731192e-05
        }
      },
      {
        "coord": [
          103,
          402
        ],
        "element_error": 5.209818482398987e-06,
        "y_ref": -0.007863486185669899,
        "y_mixed": -0.0078582763671875,
        "x_storage_error": 0.0001400957553414628,
        "w_storage_error": 0.0,
        "accumulation_error_estimate": 1.4901161193847656e-08,
        "demote_error": 3.709457814693451e-06,
        "condition_indicator": 4.475260657494118,
        "product_stats": {
          "min": -0.0007461918285116553,
          "max": 0.0006691390299238265,
          "mean": -7.6777178037446e-06,
          "std": 0.00010617407679092139
        }
      },
      {
        "coord": [
          5,
          66
        ],
        "element_error": 5.1585957407951355e-06,
        "y_ref": 0.007817658595740795,
        "y_mixed": 0.0078125,
        "x_storage_error": 0.00014452950563281775,
        "w_storage_error": 0.0,
        "accumulation_error_estimate": 1.4901161193847656e-08,
        "demote_error": 3.77558171749115e-06,
        "condition_indicator": 3.689062632300027,
        "product_stats": {
          "min": -0.0006691933376714587,
          "max": 0.0006589031545445323,
          "mean": 7.633078894286882e-06,
          "std": 9.871758811641484e-05
        }
      },
      {
        "coord": [
          25,
          385
        ],
        "element_error": 5.0710514187812805e-06,
        "y_ref": -0.008577997796237469,
        "y_mixed": -0.00858306884765625,
        "x_storage_error": 0.00014493067283183336,
        "w_storage_error": 0.0,
        "accumulation_error_estimate": 1.4901161193847656e-08,
        "demote_error": 3.7830322980880737e-06,
        "condition_indicator": 4.100644378586217,
        "product_stats": {
          "min": -0.00042223799391649663,
          "max": 0.00042710642446763813,
          "mean": -8.378210623050109e-06,
          "std": 9.744444832904264e-05
        }
      },
      {
        "coord": [
          101,
          92
        ],
        "element_error": 4.9173831939697266e-06,
        "y_ref": 0.00790897011756897,
        "y_mixed": 0.007904052734375,
        "x_storage_error": 0.000140758027555421,
        "w_storage_error": 0.0,
        "accumulation_error_estimate": 1.4901161193847656e-08,
        "demote_error": 3.0761584639549255e-06,
        "condition_indicator": 4.043973510009788,
        "product_stats": {
          "min": -0.0005209139198996127,
          "max": 0.0006705447449348867,
          "mean": 7.72180464991834e-06,
          "std": 0.00010565807315288112
        }
      },
      {
        "coord": [
          74,
          199
        ],
        "element_error": 4.913657903671265e-06,
        "y_ref": 0.008402679115533829,
        "y_mixed": 0.0084075927734375,
        "x_storage_error": 0.0001433954603271559,
        "w_storage_error": 0.0,
        "accumulation_error_estimate": 1.4901161193847656e-08,
        "demote_error": 3.432855010032654e-06,
        "condition_indicator": 4.285464861716072,
        "product_stats": {
          "min": -0.0005463341367430985,
          "max": 0.0005709709948860109,
          "mean": 8.207184691855218e-06,
          "std": 9.435039100935683e-05
        }
      },
      {
        "coord": [
          244,
          107
        ],
        "element_error": 4.891306161880493e-06,
        "y_ref": -0.00871003046631813,
        "y_mixed": -0.00870513916015625,
        "x_storage_error": 0.00014751615526620299,
        "w_storage_error": 0.0,
        "accumulation_error_estimate": 1.4901161193847656e-08,
        "demote_error": 2.950429916381836e-06,
        "condition_indicator": 3.631262242421539,
        "product_stats": {
          "min": -0.0006498253205791116,
          "max": 0.00046458072029054165,
          "mean": -8.503995559294708e-06,
          "std": 0.00010155518248211592
        }
      },
      {
        "coord": [
          166,
          435
        ],
        "element_error": 4.891306161880493e-06,
        "y_ref": -0.00792204961180687,
        "y_mixed": -0.00792694091796875,
        "x_storage_error": 0.00014276208821684122,
        "w_storage_error": 0.0,
        "accumulation_error_estimate": 1.4901161193847656e-08,
        "demote_error": 2.876855432987213e-06,
        "condition_indicator": 4.233501331597149,
        "product_stats": {
          "min": -0.0005343021475709975,
          "max": 0.0004021332133561373,
          "mean": -7.738346539554186e-06,
          "std": 9.384537406731397e-05
        }
      },
      {
        "coord": [
          191,
          507
        ],
        "element_error": 4.761852324008942e-06,
        "y_ref": 0.010951048694550991,
        "y_mixed": 0.010955810546875,
        "x_storage_error": 0.0001435446902178228,
        "w_storage_error": 0.0,
        "accumulation_error_estimate": 1.4901161193847656e-08,
        "demote_error": 3.550201654434204e-06,
        "condition_indicator": 3.8817261257935805,
        "product_stats": {
          "min": -0.0005995880928821862,