{
  "detector": {
    "detected_exceeded": false,
    "actual_err": 2.9802265544276452e-08,
    "predicted_bound": 3.36018783855252e-05,
    "elapsed_sec": 2.3166589736938477
  },
  "analyzer_report": {
    "component_estimates": {
      "input_storage_error": 2.9802265544276452e-08,
      "output_storage_error": 3.054258559131995e-05
    },
    "component_ratios": {
      "input_storage_error": 0.0009748098736613777,
      "output_storage_error": 0.9990251901263386
    },
    "primary_source": "storage",
    "suggestion": "\u4e3b\u8981\u8bef\u5dee\u6765\u6e90\u4e3a\u8f93\u5165\u5b58\u50a8\u7cbe\u5ea6\u3002\u5efa\u8bae\uff1a\u63d0\u5347\u8f93\u5165\u5b58\u50a8\u7cbe\u5ea6\u6216\u8fdb\u884c\u8f93\u5165\u5f52\u4e00\u5316\uff0c\u7279\u522b\u6ce8\u610f\u63a5\u8fd1\u96f6\u7684\u503c\u3002 \u68c0\u6d4b\u5230\u63a5\u8fd1\u96f6\u7684\u8f93\u5165\u503c\uff0c\u8fd9\u4e9b\u5728ReLU\u4e2d\u6700\u5bb9\u6613\u4ea7\u751f\u7cbe\u5ea6\u8bef\u5dee\u3002\u8003\u8651\u6dfb\u52a0\u5c0f\u7684\u504f\u7f6e\u6216\u4f7f\u7528Leaky ReLU\u3002",
    "relu_behavior_stats": {
      "near_zero": 10
    },
    "top_elements_summary": [
      {
        "coord": [
          0,
          71,
          20,
          22
        ],
        "element_error": 2.9802265544276452e-08,
        "x_original": 9.238719371751358e-07,
        "y_ref": 9.238719371751358e-07,
        "y_mixed": 8.940696716308594e-07,
        "relu_behavior": "near_zero",
        "storage_error": 2.9802265544276452e-08,
        "demote_error": 0.0
      },
      {
        "coord": [
          0,
          52,
          18,
          0
        ],
        "element_error": 2.980220870085759e-08,
        "x_original": 9.834765251071076e-07,
        "y_ref": 9.834765251071076e-07,
        "y_mixed": 9.5367431640625e-07,
        "relu_behavior": "near_zero",
        "storage_error": 2.980220870085759e-08,
        "demote_error": 0.0
      },
      {
        "coord": [
          0,
          97,
          4,
          7
        ],
        "element_error": 2.9801981327182148e-08,
        "x_original": 6.258484290810884e-07,
        "y_ref": 6.258484290810884e-07,
        "y_mixed": 5.960464477539062e-07,
        "relu_behavior": "near_zero",
        "storage_error": 2.9801981327182148e-08,
        "demote_error": 0.0
      },
      {
        "coord": [
          0,
          210,
          12,
          31
        ],
        "element_error": 2.9801965339970593e-08,
        "x_original": 2.9801965339970593e-08,
        "y_ref": 2.9801965339970593e-08,
        "y_mixed": 0.0,
        "relu_behavior": "near_zero",
        "storage_error": 2.9801965339970593e-08,
        "demote_error": 0.0
      },
      {
        "coord": [
          0,
          56,
          20,
          6
        ],
        "element_error": 2.9801867640344426e-08,
        "x_original": 6.854529601696413e-07,
        "y_ref": 6.854529601696413e-07,
        "y_mixed": 6.556510925292969e-07,
        "relu_behavior": "near_zero",
        "storage_error": 2.9801867640344426e-08,
        "demote_error": 0.0
      },
      {
        "coord": [
          0,
          45,
          23,
          18
        ],
        "element_error": 2.9801640266668983e-08,
        "x_original": 8.046620223467471e-07,
        "y_ref": 8.046620223467471e-07,
        "y_mixed": 7.748603820800781e-07,
        "relu_behavior": "near_zero",
        "storage_error": 2.9801640266668983e-08,
        "demote_error": 0.0
      },
      {
        "coord": [
          0,
          235,
          15,
          0
        ],
        "element_error": 2.9800958145642653e-08,
        "x_original": 8.642687134852167e-07,
        "y_ref": 8.642687134852167e-07,
        "y_mixed": 8.940696716308594e-07,
        "relu_behavior": "near_zero",
        "storage_error": 2.9800958145642653e-08,
        "demote_error": 0.0
      },
      {
        "coord": [
          0,
          138,
          1,
          13
        ],
        "element_error": 2.9800588663420058e-08,
        "x_original": 3.278238125403732e-07,
        "y_ref": 3.278238125403732e-07,
        "y_mixed": 2.980232238769531e-07,
        "relu_behavior": "near_zero",
        "storage_error": 2.9800588663420058e-08,
        "demote_error": 0.0
      },
      {
        "coord": [
          0,
          202,
          21,
          24
        ],
        "element_error": 2.9800531820001197e-08,
        "x_original": 2.682191109215637e-07,
        "y_ref": 2.682191109215637e-07,
        "y_mixed": 2.384185791015625e-07,
        "relu_behavior": "near_zero",
        "storage_error": 2.9800531820001197e-08,
        "demote_error": 0.0
      },
      {
        "coord": [
          0,
          183,
          13,
          11
        ],
        "element_error": 2.9800474976582336e-08,
        "x_original": 2.682227489003708e-07,
        "y_ref": 2.682227489003708e-07,
        "y_mixed": 2.980232238769531e-07,
        "relu_behavior": "near_zero",
        "storage_error": 2.9800474976582336e-08,
        "demote_error": 0.0
      }
    ]
  }
}