{
  "detector": {
    "detected_exceeded": false,
    "actual_err": 9.034574031829834e-05,
    "predicted_bound": 0.00018425181915517899,
    "elapsed_sec": 3.7660109996795654
  },
  "analyzer_report": {
    "component_estimates": {
      "input_storage_error": 9.034574031829834e-05,
      "statistics_computation_error": 9.034574031829834e-05,
      "output_storage_error": 0.00014188885688781738,
      "weight_storage_error": 9.034574031829834e-05,
      "bias_storage_error": 9.034574031829834e-05
    },
    "component_ratios": {
      "input_storage_error": 0.1795167880618227,
      "statistics_computation_error": 0.1795167880618227,
      "output_storage_error": 0.28193284775270916,
      "weight_storage_error": 0.1795167880618227,
      "bias_storage_error": 0.1795167880618227
    },
    "primary_source": "demote",
    "suggestion": "\u4e3b\u8981\u8bef\u5dee\u6765\u6e90\u4e3a\u8f93\u51fa\u964d\u7cbe\u5ea6\u3002\u5efa\u8bae\uff1a\u5ef6\u8fdf\u964d\u7cbe\u5ea6\u6216\u63d0\u9ad8\u8f93\u51fa\u7cbe\u5ea6\uff1b\u68c0\u67e5LayerNorm\u8f93\u51fa\u7684\u6570\u503c\u8303\u56f4\u3002",
    "statistics_errors": {
      "mean_error": 3.1061802019394236e-09,
      "var_error": 1.049826892085548e-12,
      "std_error": 2.3283064365386963e-10
    },
    "norm_behavior_stats": {
      "normal": 10
    },
    "top_elements_summary": [
      {
        "coord": [
          7,
          190,
          130
        ],
        "element_error": 9.034574031829834e-05,
        "x_original": -0.0005019417149014771,
        "y_ref": -0.1588452011346817,
        "y_mixed": -0.158935546875,
        "norm_behavior": "normal",
        "storage_error": 1.6781268641352654e-07,
        "weight_error": 0.0,
        "bias_error": 0.0,
        "demote_error": 3.693997859954834e-05,
        "local_mean_error": 1.1648353392956778e-09,
        "local_std_error": 0.0
      },
      {
        "coord": [
          0,
          255,
          325
        ],
        "element_error": 8.809566497802734e-05,
        "x_original": -0.000406176463002339,
        "y_ref": -0.12832987308502197,
        "y_mixed": -0.12841796875,
        "norm_behavior": "normal",
        "storage_error": 8.879578672349453e-08,
        "weight_error": 0.0,
        "bias_error": 0.0,
        "demote_error": 5.996227264404297e-05,
        "local_mean_error": 1.9468870959826745e-10,
        "local_std_error": 0.0
      },
      {
        "coord": [
          5,
          316,
          499
        ],
        "element_error": 8.738040924072266e-05,
        "x_original": -0.00044428385444916785,
        "y_ref": -0.13839304447174072,
        "y_mixed": -0.1383056640625,
        "norm_behavior": "normal",
        "storage_error": 1.1004158295691013e-07,
        "weight_error": 0.0,
        "bias_error": 0.0,
        "demote_error": 5.295872688293457e-05,
        "local_mean_error": 1.0772964742500335e-09,
        "local_std_error": 0.0
      },
      {
        "coord": [
          1,
          416,
          157
        ],
        "element_error": 8.668005466461182e-05,
        "x_original": -0.00039540595025755465,
        "y_ref": -0.1265515238046646,
        "y_mixed": -0.12646484375,
        "norm_behavior": "normal",
        "storage_error": 1.0794610716402531e-07,
        "weight_error": 0.0,
        "bias_error": 0.0,
        "demote_error": 5.2794814109802246e-05,
        "local_mean_error": 7.635208021383733e-10,
        "local_std_error": 0.0
      },
      {
        "coord": [
          2,
          125,
          305
        ],
        "element_error": 8.407235145568848e-05,
        "x_original": -0.0004016291059087962,
        "y_ref": -0.1274794042110443,
        "y_mixed": -0.1275634765625,
        "norm_behavior": "normal",
        "storage_error": 1.0619987733662128e-07,
        "weight_error": 0.0,
        "bias_error": 0.0,
        "demote_error": 5.050003528594971e-05,
        "local_mean_error": 1.9554136088117957e-11,
        "local_std_error": 0.0
      },
      {
        "coord": [
          0,
          295,
          294
        ],
        "element_error": 8.347630500793457e-05,
        "x_original": 0.0003949123783968389,
        "y_ref": 0.12532761693000793,
        "y_mixed": 0.125244140625,
        "norm_behavior": "normal",
        "storage_error": 9.121140465140343e-08,
        "weight_error": 0.0,
        "bias_error": 0.0,
        "demote_error": 5.4582953453063965e-05,
        "local_mean_error": 2.1225332602625713e-10,
        "local_std_error": 2.3283064365386963e-10
      },
      {
        "coord": [
          4,
          23,
          298
        ],
        "element_error": 8.243322372436523e-05,
        "x_original": -0.000412391236750409,
        "y_ref": -0.12943416833877563,
        "y_mixed": -0.1295166015625,
        "norm_behavior": "normal",
        "storage_error": 7.290509529411793e-08,
        "weight_error": 0.0,
        "bias_error": 0.0,
        "demote_error": 5.920231342315674e-05,
        "local_mean_error": 6.175469025038183e-10,
        "local_std_error": 2.3283064365386963e-10
      },
      {
        "coord": [
          7,
          10,
          183
        ],
        "element_error": 8.237361907958984e-05,
        "x_original": -0.00040109618566930294,
        "y_ref": -0.1255706548690796,
        "y_mixed": -0.12548828125,
        "norm_behavior": "normal",
        "storage_error": 7.613562047481537e-08,
        "weight_error": 0.0,
        "bias_error": 0.0,
        "demote_error": 5.84721565246582e-05,
        "local_mean_error": 5.206857167650014e-10,
        "local_std_error": 2.3283064365386963e-10
      },
      {
        "coord": [
          5,
          353,
          249
        ],
        "element_error": 8.152425289154053e-05,
        "x_original": -0.00043596458272077143,
        "y_ref": -0.13761378824710846,
        "y_mixed": -0.1376953125,
        "norm_behavior": "normal",
        "storage_error": 1.0299845598638058e-07,
        "weight_error": 0.0,
        "bias_error": 0.0,
        "demote_error": 4.957616329193115e-05,
        "local_mean_error": 1.8843593352357857e-09,
        "local_std_error": 2.3283064365386963e-10
      },
      {
        "coord": [
          3,
          390,
          249
        ],
        "element_error": 7.861852645874023e-05,
        "x_original": -0.00041427326505072415,
        "y_ref": -0.13053661584854126,
        "y_mixed": -0.130615234375,
        "norm_behavior": "normal",
        "storage_error": 9.822542779147625e-08,
        "weight_error": 0.0,
        "bias_error": 0.0,
        "demote_error": 4.7832727432250977e-05,
        "local_mean_error": 8.310507837450132e-10,
        "local_std_error": 0.0
      }
    ]
  }
}