{
  "detector": {
    "detected_exceeded": false,
    "actual_err": 5.555152893066406e-05,
    "predicted_bound": 0.00013616963988170028,
    "elapsed_sec": 3.822223663330078
  },
  "meta": {
    "distribution": "adversarial_sum",
    "bias": true,
    "batch_size": 32,
    "in_features": 1024,
    "out_features": 4096
  },
  "analyzer_report": {
    "component_estimates": {
      "input_storage_error": 5.555152893066406e-05,
      "weight_storage_error": 5.555152893066406e-05,
      "accumulation_error": 5.555152893066406e-05,
      "output_storage_error": 0.00010575354099273682,
      "bias_storage_error": 5.555152893066406e-05
    },
    "component_ratios": {
      "input_storage_error": 0.16938525148802763,
      "weight_storage_error": 0.16938525148802763,
      "accumulation_error": 0.16938525148802763,
      "output_storage_error": 0.3224589940478895,
      "bias_storage_error": 0.16938525148802763
    },
    "primary_source": "input_storage",
    "suggestion": "\u4e3b\u8981\u8bef\u5dee\u6765\u6e90\u4e3a\u8f93\u5165\u5b58\u50a8\u7cbe\u5ea6\u3002\u5efa\u8bae\uff1a\u63d0\u5347\u8f93\u5165\u5b58\u50a8\u7cbe\u5ea6\u6216\u8fdb\u884c\u8f93\u5165\u5f52\u4e00\u5316/\u6807\u51c6\u5316\u4ee5\u964d\u4f4e\u6570\u503c\u8303\u56f4\u3002",
    "aggregated_ratios": {
      "input_storage": 0.9689155587218549,
      "weight_storage": 0.0,
      "bias_storage": 0.0,
      "accumulation": 0.0001358620649771096,
      "demote": 0.030948579213168056
    },
    "top_neurons_summary": [
      {
        "coord": [
          29,
          1180
        ],
        "neuron_error": 5.555152893066406e-05,
        "y_ref": 0.13006043434143066,
        "y_mixed": 0.1300048828125,
        "input_storage_error": 0.0013940304052084684,
        "weight_storage_error": 0.0,
        "bias_storage_error": 0.0,
        "accumulation_estimate": 2.384185791015625e-07,
        "demote_error": 5.11854887008667e-05,
        "in_features": 1024,
        "neuron_idx": 1180,
        "batch_idx": 29
      },
      {
        "coord": [
          12,
          1237
        ],
        "neuron_error": 5.480647087097168e-05,
        "y_ref": -0.12628796696662903,
        "y_mixed": -0.1263427734375,
        "input_storage_error": 0.001479731174185872,
        "weight_storage_error": 0.0,
        "bias_storage_error": 0.0,
        "accumulation_estimate": 2.384185791015625e-07,
        "demote_error": 4.4718384742736816e-05,
        "in_features": 1024,
        "neuron_idx": 1237,
        "batch_idx": 12
      },
      {
        "coord": [
          8,
          3048
        ],
        "neuron_error": 5.3822994232177734e-05,
        "y_ref": 0.12590831518173218,
        "y_mixed": 0.1258544921875,
        "input_storage_error": 0.0014350656419992447,
        "weight_storage_error": 0.0,
        "bias_storage_error": 0.0,
        "accumulation_estimate": 2.384185791015625e-07,
        "demote_error": 5.650520324707031e-05,
        "in_features": 1024,
        "neuron_idx": 3048,
        "batch_idx": 8
      },
      {
        "coord": [
          21,
          940
        ],
        "neuron_error": 5.11854887008667e-05,
        "y_ref": 0.14909903705120087,
        "y_mixed": 0.1490478515625,
        "input_storage_error": 0.0014643437461927533,
        "weight_storage_error": 0.0,
        "bias_storage_error": 0.0,
        "accumulation_estimate": 2.384185791015625e-07,
        "demote_error": 5.9157609939575195e-05,
        "in_features": 1024,
        "neuron_idx": 940,
        "batch_idx": 21
      },
      {
        "coord": [
          26,
          150
        ],
        "neuron_error": 5.030632019042969e-05,
        "y_ref": -0.14045262336730957,
        "y_mixed": -0.1405029296875,
        "input_storage_error": 0.0013432023115456104,
        "weight_storage_error": 0.0,
        "bias_storage_error": 0.0,
        "accumulation_estimate": 2.384185791015625e-07,
        "demote_error": 5.453824996948242e-05,
        "in_features": 1024,
        "neuron_idx": 150,
        "batch_idx": 26
      },
      {
        "coord": [
          31,
          799
        ],
        "neuron_error": 4.939734935760498e-05,
        "y_ref": 0.1278802901506424,
        "y_mixed": 0.1279296875,
        "input_storage_error": 0.0014471745816990733,
        "weight_storage_error": 0.0,
        "bias_storage_error": 0.0,
        "accumulation_estimate": 2.384185791015625e-07,
        "demote_error": 5.383789539337158e-05,
        "in_features": 1024,
        "neuron_idx": 799,
        "batch_idx": 31
      },
      {
        "coord": [
          22,
          4041
        ],
        "neuron_error": 4.875659942626953e-05,
        "y_ref": -0.06431877613067627,
        "y_mixed": -0.06427001953125,
        "input_storage_error": 0.0014613275416195393,
        "weight_storage_error": 0.0,
        "bias_storage_error": 0.0,
        "accumulation_estimate": 1.1920928955078125e-07,
        "demote_error": 3.010779619216919e-05,
        "in_features": 1024,
        "neuron_idx": 4041,
        "batch_idx": 22
      },
      {
        "coord": [
          3,
          131
        ],
        "neuron_error": 4.844367504119873e-05,
        "y_ref": 0.1344730406999588,
        "y_mixed": 0.134521484375,
        "input_storage_error": 0.00151295296382159,
        "weight_storage_error": 0.0,
        "bias_storage_error": 0.0,
        "accumulation_estimate": 2.384185791015625e-07,
        "demote_error": 5.424022674560547e-05,
        "in_features": 1024,
        "neuron_idx": 131,
        "batch_idx": 3
      },
      {
        "coord": [
          12,
          2964
        ],
        "neuron_error": 4.728883504867554e-05,
        "y_ref": -0.08955232053995132,
        "y_mixed": -0.089599609375,
        "input_storage_error": 0.001479731174185872,
        "weight_storage_error": 0.0,
        "bias_storage_error": 0.0,
        "accumulation_estimate": 1.1920928955078125e-07,
        "demote_error": 3.0338764190673828e-05,
        "in_features": 1024,
        "neuron_idx": 2964,
        "batch_idx": 12
      },
      {
        "coord": [
          8,
          3601
        ],
        "neuron_error": 4.69014048576355e-05,
        "y_ref": -0.08543508499860764,
        "y_mixed": -0.08538818359375,
        "input_storage_error": 0.0014350656419992447,
        "weight_storage_error": 0.0,
        "bias_storage_error": 0.0,
        "accumulation_estimate": 1.1920928955078125e-07,
        "demote_error": 2.7008354663848877e-05,
        "in_features": 1024,
        "neuron_idx": 3601,
        "batch_idx": 8
      }
    ]
  }
}