{
  "detector": {
    "detected_exceeded": false,
    "actual_err": 0.001735687255859375,
    "predicted_bound": 0.0019108623266220095,
    "elapsed_sec": 2.3965299129486084
  },
  "analyzer_report": {
    "component_estimates": {
      "input_storage_error": 0.001735687255859375,
      "max_subtraction_error": 0.001735687255859375,
      "exponential_error": 0.001735687255859375,
      "sum_accumulation_error": 0.001735687255859375,
      "output_storage_error": 0.001735687255859375
    },
    "component_ratios": {
      "input_storage_error": 0.2,
      "max_subtraction_error": 0.2,
      "exponential_error": 0.2,
      "sum_accumulation_error": 0.2,
      "output_storage_error": 0.2
    },
    "primary_source": "storage",
    "suggestion": "\u5206\u6790\u7ed3\u679c\u4e0d\u660e\u786e\uff1b\u8bf7\u68c0\u67e5\u8f93\u5165\u5206\u5e03\u6216\u589e\u52a0MC\u91c7\u6837\u3002 \u68c0\u6d4b\u5230\u6781\u5c0f\u7684exp\u503c\uff0c\u53ef\u80fd\u5bfc\u81f4\u4e0b\u6ea2\u548c\u7cbe\u5ea6\u635f\u5931\u3002 100.0%\u7684top\u8bef\u5dee\u6765\u81eamax logit\u4f4d\u7f6e\uff0c\u8fd9\u901a\u5e38\u5bf9softmax\u8f93\u51fa\u5f71\u54cd\u6700\u5927\u3002",
    "input_stats": {
      "min": -15.574069023132324,
      "max": 30.87054443359375,
      "mean": 0.9608272314071655,
      "std": 6.1418962478637695,
      "range": 46.44461441040039
    },
    "stability_stats": {
      "max_shifted_logit": 0.0,
      "min_shifted_logit": -46.17711639404297,
      "max_exp_val": 1.0,
      "min_exp_val": 8.821311738413343e-21,
      "exp_sum_max": 2.798096179962158,
      "exp_sum_min": 1.0549185276031494
    },
    "max_logit_error_ratio": 1.0,
    "top_elements_summary": [
      {
        "coord": [
          0,
          144
        ],
        "element_error": 0.001735687255859375,
        "x_original": 25.877479553222656,
        "y_ref": 0.5281028747558594,
        "y_mixed": 0.5263671875,
        "storage_error": 0.00247955322265625,
        "demote_error": 7.331371307373047e-05,
        "logit_analysis": {
          "softmax_position": 144,
          "softmax_dim_size": 512,
          "is_max_logit": true,
          "distance_from_max": 0.0
        }
      },
      {
        "coord": [
          0,
          423
        ],
        "element_error": 0.001493006944656372,
        "x_original": 25.714548110961914,
        "y_ref": 0.44870230555534363,
        "y_mixed": 0.4501953125,
        "storage_error": 0.0042018890380859375,
        "demote_error": 9.310245513916016e-05,
        "logit_analysis": {
          "softmax_position": 423,
          "softmax_dim_size": 512,
          "is_max_logit": true,
          "distance_from_max": 0.0
        }
      },
      {
        "coord": [
          3,
          457
        ],
        "element_error": 0.0014204084873199463,
        "x_original": 23.603609085083008,
        "y_ref": 0.37724170088768005,
        "y_mixed": 0.378662109375,
        "storage_error": 0.0057659149169921875,
        "demote_error": 9.119510650634766e-06,
        "logit_analysis": {
          "softmax_position": 457,
          "softmax_dim_size": 512,
          "is_max_logit": true,
          "distance_from_max": 0.0
        }
      },
      {
        "coord": [
          4,
          136
        ],
        "element_error": 0.000999540090560913,
        "x_original": 24.29705810546875,
        "y_ref": 0.2754136025905609,
        "y_mixed": 0.2744140625,
        "storage_error": 0.00018310546875,
        "demote_error": 5.1081180572509766e-05,
        "logit_analysis": {
          "softmax_position": 136,
          "softmax_dim_size": 512,
          "is_max_logit": true,
          "distance_from_max": 0.0
        }
      },
      {
        "coord": [
          4,
          287
        ],
        "element_error": 0.0008138716220855713,
        "x_original": 23.961063385009766,
        "y_ref": 0.19681796431541443,
        "y_mixed": 0.1976318359375,
        "storage_error": 0.007686614990234375,
        "demote_error": 5.799531936645508e-05,
        "logit_analysis": {
          "softmax_position": 287,
          "softmax_dim_size": 512,
          "is_max_logit": true,
          "distance_from_max": 0.0
        }
      },
      {
        "coord": [
          3,
          411
        ],
        "element_error": 0.0007174313068389893,
        "x_original": 22.985671997070312,
        "y_ref": 0.203354150056839,
        "y_mixed": 0.20263671875,
        "storage_error": 0.0012969970703125,
        "demote_error": 5.1394104957580566e-05,
        "logit_analysis": {
          "softmax_position": 411,
          "softmax_dim_size": 512,
          "is_max_logit": true,
          "distance_from_max": 0.0
        }
      },
      {
        "coord": [
          1,
          27
        ],
        "element_error": 0.000543937087059021,
        "x_original": 20.948974609375,
        "y_ref": 0.18280567228794098,
        "y_mixed": 0.183349609375,
        "storage_error": 0.004150390625,
        "demote_error": 4.9248337745666504e-05,
        "logit_analysis": {
          "softmax_position": 27,
          "softmax_dim_size": 512,
          "is_max_logit": true,
          "distance_from_max": 0.0
        }
      },
      {
        "coord": [
          4,
          170
        ],
        "element_error": 0.0005243420600891113,
        "x_original": 24.557600021362305,
        "y_ref": 0.3573858141899109,
        "y_mixed": 0.35791015625,
        "storage_error": 0.0048999786376953125,
        "demote_error": 5.987286567687988e-05,
        "logit_analysis": {
          "softmax_position": 170,
          "softmax_dim_size": 512,
          "is_max_logit": true,
          "distance_from_max": 0.0
        }
      },
      {
        "coord": [
          1,
          390
        ],
        "element_error": 0.00045780837535858154,
        "x_original": 19.834346771240234,
        "y_ref": 0.05996708571910858,
        "y_mixed": 0.05950927734375,
        "storage_error": 0.006221771240234375,
        "demote_error": 3.6135315895080566e-07,
        "logit_analysis": {
          "softmax_position": 390,
          "softmax_dim_size": 512,
          "is_max_logit": true,
          "distance_from_max": 0.0
        }
      },
      {
        "coord": [
          1,
          88
        ],
        "element_error": 0.0004462823271751404,
        "x_original": 20.175758361816406,
        "y_ref": 0.08436962217092514,
        "y_mixed": 0.08392333984375,
        "storage_error": 0.00388336181640625,
        "demote_error": 2.3096799850463867e-06,
        "logit_analysis": {
          "softmax_position": 88,
          "softmax_dim_size": 512,
          "is_max_logit": true,
          "distance_from_max": 0.0
        }
      }
    ]
  }
}