{
  "detector": {
    "detected_exceeded": false,
    "actual_err": 0.003431856632232666,
    "predicted_bound": 0.0038594901561737065,
    "elapsed_sec": 2.4495742321014404
  },
  "analyzer_report": {
    "component_estimates": {
      "input_storage_error": 0.003431856632232666,
      "max_subtraction_error": 0.003431856632232666,
      "exponential_error": 0.003431856632232666,
      "sum_accumulation_error": 0.003431856632232666,
      "output_storage_error": 0.003431856632232666
    },
    "component_ratios": {
      "input_storage_error": 0.2,
      "max_subtraction_error": 0.2,
      "exponential_error": 0.2,
      "sum_accumulation_error": 0.2,
      "output_storage_error": 0.2
    },
    "primary_source": "storage",
    "suggestion": "\u5206\u6790\u7ed3\u679c\u4e0d\u660e\u786e\uff1b\u8bf7\u68c0\u67e5\u8f93\u5165\u5206\u5e03\u6216\u589e\u52a0MC\u91c7\u6837\u3002 \u68c0\u6d4b\u5230\u6781\u5c0f\u7684exp\u503c\uff0c\u53ef\u80fd\u5bfc\u81f4\u4e0b\u6ea2\u548c\u7cbe\u5ea6\u635f\u5931\u3002 100.0%\u7684top\u8bef\u5dee\u6765\u81eamax logit\u4f4d\u7f6e\uff0c\u8fd9\u901a\u5e38\u5bf9softmax\u8f93\u51fa\u5f71\u54cd\u6700\u5927\u3002",
    "input_stats": {
      "min": -17.719600677490234,
      "max": 33.55302429199219,
      "mean": 1.0663334131240845,
      "std": 6.244243621826172,
      "range": 51.27262496948242
    },
    "stability_stats": {
      "max_shifted_logit": 0.0,
      "min_shifted_logit": -46.944541931152344,
      "max_exp_val": 1.0,
      "min_exp_val": 4.094911174313664e-21,
      "exp_sum_max": 1.712415337562561,
      "exp_sum_min": 1.0023056268692017
    },
    "max_logit_error_ratio": 1.0,
    "top_elements_summary": [
      {
        "coord": [
          7,
          182
        ],
        "element_error": 0.003431856632232666,
        "x_original": 24.367563247680664,
        "y_ref": 0.5839704871177673,
        "y_mixed": 0.58740234375,
        "storage_error": 0.0074367523193359375,
        "demote_error": 0.00020241737365722656,
        "logit_analysis": {
          "softmax_position": 182,
          "softmax_dim_size": 512,
          "is_max_logit": true,
          "distance_from_max": 0.0
        }
      },
      {
        "coord": [
          7,
          269
        ],
        "element_error": 0.003264486789703369,
        "x_original": 23.913095474243164,
        "y_ref": 0.37069612741470337,
        "y_mixed": 0.367431640625,
        "storage_error": 0.0068454742431640625,
        "demote_error": 2.8699636459350586e-05,
        "logit_analysis": {
          "softmax_position": 269,
          "softmax_dim_size": 512,
          "is_max_logit": true,
          "distance_from_max": 0.0
        }
      },
      {
        "coord": [
          3,
          473
        ],
        "element_error": 0.00250852108001709,
        "x_original": 26.928232192993164,
        "y_ref": 0.6924499273300171,
        "y_mixed": 0.68994140625,
        "storage_error": 0.0063571929931640625,
        "demote_error": 1.621246337890625e-05,
        "logit_analysis": {
          "softmax_position": 473,
          "softmax_dim_size": 512,
          "is_max_logit": true,
          "distance_from_max": 0.0
        }
      },
      {
        "coord": [
          3,
          454
        ],
        "element_error": 0.0022565722465515137,
        "x_original": 25.96247673034668,
        "y_ref": 0.2636125683784485,
        "y_mixed": 0.265869140625,
        "storage_error": 0.0062732696533203125,
        "demote_error": 0.00012072920799255371,
        "logit_analysis": {
          "softmax_position": 454,
          "softmax_dim_size": 512,
          "is_max_logit": true,
          "distance_from_max": 0.0
        }
      },
      {
        "coord": [
          2,
          466
        ],
        "element_error": 0.0009968280792236328,
        "x_original": 28.678077697753906,
        "y_ref": 0.8408405780792236,
        "y_mixed": 0.83984375,
        "storage_error": 0.00620269775390625,
        "demote_error": 0.0002231597900390625,
        "logit_analysis": {
          "softmax_position": 466,
          "softmax_dim_size": 512,
          "is_max_logit": true,
          "distance_from_max": 0.0
        }
      },
      {
        "coord": [
          2,
          157
        ],
        "element_error": 0.0008735358715057373,
        "x_original": 26.810161590576172,
        "y_ref": 0.12986376881599426,
        "y_mixed": 0.1307373046875,
        "storage_error": 0.002338409423828125,
        "demote_error": 5.036592483520508e-05,
        "logit_analysis": {
          "softmax_position": 157,
          "softmax_dim_size": 512,
          "is_max_logit": true,
          "distance_from_max": 0.0
        }
      },
      {
        "coord": [
          1,
          95
        ],
        "element_error": 0.0008347034454345703,
        "x_original": 26.347339630126953,
        "y_ref": 0.6981003284454346,
        "y_mixed": 0.697265625,
        "storage_error": 0.003589630126953125,
        "demote_error": 2.5570392608642578e-05,
        "logit_analysis": {
          "softmax_position": 95,
          "softmax_dim_size": 512,
          "is_max_logit": true,
          "distance_from_max": 0.0
        }
      },
      {
        "coord": [
          1,
          132
        ],
        "element_error": 0.0006324499845504761,
        "x_original": 25.09326934814453,
        "y_ref": 0.19919665157794952,
        "y_mixed": 0.1998291015625,
        "storage_error": 0.00048065185546875,
        "demote_error": 5.182623863220215e-05,
        "logit_analysis": {
          "softmax_position": 132,
          "softmax_dim_size": 512,
          "is_max_logit": true,
          "distance_from_max": 0.0
        }
      },
      {
        "coord": [
          6,
          116
        ],
        "element_error": 0.00036566704511642456,
        "x_original": 23.196044921875,
        "y_ref": 0.052094049751758575,
        "y_mixed": 0.052459716796875,
        "storage_error": 0.007080078125,
        "demote_error": 8.784234523773193e-06,
        "logit_analysis": {
          "softmax_position": 116,
          "softmax_dim_size": 512,
          "is_max_logit": true,
          "distance_from_max": 0.0
        }
      },
      {
        "coord": [
          6,
          151
        ],
        "element_error": 0.00030735135078430176,
        "x_original": 23.800434112548828,
        "y_ref": 0.0953390896320343,
        "y_mixed": 0.09503173828125,
        "storage_error": 0.003559112548828125,
        "demote_error": 2.3558735847473145e-05,
        "logit_analysis": {
          "softmax_position": 151,
          "softmax_dim_size": 512,
          "is_max_logit": true,
          "distance_from_max": 0.0
        }
      }
    ]
  }
}