{
  "detector": {
    "detected_exceeded": false,
    "actual_err": 0.00012129545211791992,
    "predicted_bound": 0.00021869863267056646,
    "elapsed_sec": 3.8384575843811035
  },
  "analyzer_report": {
    "component_estimates": {
      "input_storage_error": 0.00012129545211791992,
      "statistics_computation_error": 0.00012129545211791992,
      "output_storage_error": 0.00014348328113555908,
      "weight_storage_error": 0.00012129545211791992,
      "bias_storage_error": 0.00012129545211791992
    },
    "component_ratios": {
      "input_storage_error": 0.19294128801346322,
      "statistics_computation_error": 0.19294128801346322,
      "output_storage_error": 0.2282348479461471,
      "weight_storage_error": 0.19294128801346322,
      "bias_storage_error": 0.19294128801346322
    },
    "primary_source": "demote",
    "suggestion": "\u4e3b\u8981\u8bef\u5dee\u6765\u6e90\u4e3a\u8f93\u51fa\u964d\u7cbe\u5ea6\u3002\u5efa\u8bae\uff1a\u5ef6\u8fdf\u964d\u7cbe\u5ea6\u6216\u63d0\u9ad8\u8f93\u51fa\u7cbe\u5ea6\uff1b\u68c0\u67e5LayerNorm\u8f93\u51fa\u7684\u6570\u503c\u8303\u56f4\u3002",
    "statistics_errors": {
      "mean_error": 3.281229510321282e-09,
      "var_error": 1.1661782650662644e-12,
      "std_error": 4.656612873077393e-10
    },
    "norm_behavior_stats": {
      "normal": 10
    },
    "top_elements_summary": [
      {
        "coord": [
          3,
          240,
          251
        ],
        "element_error": 0.00012129545211791992,
        "x_original": -0.000505229807458818,
        "y_ref": -0.15918046236038208,
        "y_mixed": -0.1593017578125,
        "norm_behavior": "normal",
        "storage_error": 2.1758023649454117e-07,
        "weight_error": 0.0,
        "bias_error": 0.0,
        "demote_error": 5.239248275756836e-05,
        "local_mean_error": 4.21323420596309e-10,
        "local_std_error": 0.0
      },
      {
        "coord": [
          4,
          294,
          460
        ],
        "element_error": 9.033083915710449e-05,
        "x_original": -0.0005005812854506075,
        "y_ref": -0.1589672863483429,
        "y_mixed": -0.1590576171875,
        "norm_behavior": "normal",
        "storage_error": 9.773066267371178e-08,
        "weight_error": 0.0,
        "bias_error": 0.0,
        "demote_error": 5.9992074966430664e-05,
        "local_mean_error": 1.7189449863508344e-09,
        "local_std_error": 2.3283064365386963e-10
      },
      {
        "coord": [
          7,
          476,
          279
        ],
        "element_error": 8.678436279296875e-05,
        "x_original": -0.00041045897523872554,
        "y_ref": -0.13004016876220703,
        "y_mixed": -0.130126953125,
        "norm_behavior": "normal",
        "storage_error": 9.781797416508198e-08,
        "weight_error": 0.0,
        "bias_error": 0.0,
        "demote_error": 5.601346492767334e-05,
        "local_mean_error": 4.433786671143025e-10,
        "local_std_error": 0.0
      },
      {
        "coord": [
          1,
          55,
          390
        ],
        "element_error": 8.659064769744873e-05,
        "x_original": 0.0003996920713689178,
        "y_ref": 0.12594108283519745,
        "y_mixed": 0.1258544921875,
        "norm_behavior": "normal",
        "storage_error": 1.0253279469907284e-07,
        "weight_error": 0.0,
        "bias_error": 0.0,
        "demote_error": 5.422532558441162e-05,
        "local_mean_error": 1.227817847393453e-10,
        "local_std_error": 0.0
      },
      {
        "coord": [
          2,
          502,
          409
        ],
        "element_error": 8.566677570343018e-05,
        "x_original": -0.000416146736824885,
        "y_ref": -0.13057883083820343,
        "y_mixed": -0.1304931640625,
        "norm_behavior": "normal",
        "storage_error": 1.0631629265844822e-07,
        "weight_error": 0.0,
        "bias_error": 0.0,
        "demote_error": 5.227327346801758e-05,
        "local_mean_error": 6.925802154000849e-10,
        "local_std_error": 0.0
      },
      {
        "coord": [
          2,
          332,
          479
        ],
        "element_error": 8.273124694824219e-05,
        "x_original": 0.00041874818271026015,
        "y_ref": 0.13191866874694824,
        "y_mixed": 0.1318359375,
        "norm_behavior": "normal",
        "storage_error": 8.515780791640282e-08,
        "weight_error": 0.0,
        "bias_error": 0.0,
        "demote_error": 5.570054054260254e-05,
        "local_mean_error": 3.7607605918310583e-10,
        "local_std_error": 0.0
      },
      {
        "coord": [
          4,
          195,
          292
        ],
        "element_error": 8.206069469451904e-05,
        "x_original": -0.0004066583060193807,
        "y_ref": -0.12882418930530548,
        "y_mixed": -0.12890625,
        "norm_behavior": "normal",
        "storage_error": 8.378992788493633e-08,
        "weight_error": 0.0,
        "bias_error": 0.0,
        "demote_error": 5.5849552154541016e-05,
        "local_mean_error": 8.88235263118986e-10,
        "local_std_error": 0.0
      },
      {
        "coord": [
          6,
          237,
          660
        ],
        "element_error": 8.13901424407959e-05,
        "x_original": -0.000422120705479756,
        "y_ref": -0.1312662661075592,
        "y_mixed": -0.13134765625,
        "norm_behavior": "normal",
        "storage_error": 1.1859810911118984e-07,
        "weight_error": 0.0,
        "bias_error": 0.0,
        "demote_error": 4.3720006942749023e-05,
        "local_mean_error": 5.688889359589666e-10,
        "local_std_error": 0.0
      },
      {
        "coord": [
          4,
          120,
          767
        ],
        "element_error": 7.903575897216797e-05,
        "x_original": 0.0004056540783494711,
        "y_ref": 0.12617766857147217,
        "y_mixed": 0.1260986328125,
        "norm_behavior": "normal",
        "storage_error": 1.0407529771327972e-07,
        "weight_error": 0.0,
        "bias_error": 0.0,
        "demote_error": 4.5880675315856934e-05,
        "local_mean_error": 8.099050319287926e-10,
        "local_std_error": 0.0
      },
      {
        "coord": [
          1,
          408,
          485
        ],
        "element_error": 7.881224155426025e-05,
        "x_original": 0.0004022774228360504,
        "y_ref": 0.12678779661655426,
        "y_mixed": 0.126708984375,
        "norm_behavior": "normal",
        "storage_error": 6.52798917144537e-08,
        "weight_error": 0.0,
        "bias_error": 0.0,
        "demote_error": 5.857646465301514e-05,
        "local_mean_error": 1.2431655704858713e-09,
        "local_std_error": 0.0
      }
    ]
  }
}