{
  "detector": {
    "detected_exceeded": false,
    "actual_err": 2.980220870085759e-08,
    "predicted_bound": 3.36018783855252e-05,
    "elapsed_sec": 2.3138177394866943
  },
  "analyzer_report": {
    "component_estimates": {
      "input_storage_error": 2.980220870085759e-08,
      "output_storage_error": 3.0542651074938476e-05
    },
    "component_ratios": {
      "input_storage_error": 0.0009748059282113963,
      "output_storage_error": 0.9990251940717886
    },
    "primary_source": "storage",
    "suggestion": "\u4e3b\u8981\u8bef\u5dee\u6765\u6e90\u4e3a\u8f93\u5165\u5b58\u50a8\u7cbe\u5ea6\u3002\u5efa\u8bae\uff1a\u63d0\u5347\u8f93\u5165\u5b58\u50a8\u7cbe\u5ea6\u6216\u8fdb\u884c\u8f93\u5165\u5f52\u4e00\u5316\uff0c\u7279\u522b\u6ce8\u610f\u63a5\u8fd1\u96f6\u7684\u503c\u3002 \u68c0\u6d4b\u5230\u63a5\u8fd1\u96f6\u7684\u8f93\u5165\u503c\uff0c\u8fd9\u4e9b\u5728ReLU\u4e2d\u6700\u5bb9\u6613\u4ea7\u751f\u7cbe\u5ea6\u8bef\u5dee\u3002\u8003\u8651\u6dfb\u52a0\u5c0f\u7684\u504f\u7f6e\u6216\u4f7f\u7528Leaky ReLU\u3002",
    "relu_behavior_stats": {
      "near_zero": 10
    },
    "top_elements_summary": [
      {
        "coord": [
          0,
          180,
          2,
          9
        ],
        "element_error": 2.980220870085759e-08,
        "x_original": 8.046625907809357e-07,
        "y_ref": 8.046625907809357e-07,
        "y_mixed": 7.748603820800781e-07,
        "relu_behavior": "near_zero",
        "storage_error": 2.980220870085759e-08,
        "demote_error": 0.0
      },
      {
        "coord": [
          0,
          208,
          9,
          2
        ],
        "element_error": 2.98014697364124e-08,
        "x_original": 5.662449780174938e-07,
        "y_ref": 5.662449780174938e-07,
        "y_mixed": 5.960464477539062e-07,
        "relu_behavior": "near_zero",
        "storage_error": 2.98014697364124e-08,
        "demote_error": 0.0
      },
      {
        "coord": [
          0,
          197,
          28,
          8
        ],
        "element_error": 2.9801249468164315e-08,
        "x_original": 8.940589424355494e-08,
        "y_ref": 8.940589424355494e-08,
        "y_mixed": 5.960464477539063e-08,
        "relu_behavior": "near_zero",
        "storage_error": 2.9801249468164315e-08,
        "demote_error": 0.0
      },
      {
        "coord": [
          0,
          133,
          31,
          27
        ],
        "element_error": 2.9801185519318096e-08,
        "x_original": 2.682197646208806e-07,
        "y_ref": 2.682197646208806e-07,
        "y_mixed": 2.384185791015625e-07,
        "relu_behavior": "near_zero",
        "storage_error": 2.9801185519318096e-08,
        "demote_error": 0.0
      },
      {
        "coord": [
          0,
          174,
          8,
          2
        ],
        "element_error": 2.9801128675899236e-08,
        "x_original": 8.64266155531368e-07,
        "y_ref": 8.64266155531368e-07,
        "y_mixed": 8.344650268554688e-07,
        "relu_behavior": "near_zero",
        "storage_error": 2.9801128675899236e-08,
        "demote_error": 0.0
      },
      {
        "coord": [
          0,
          73,
          3,
          5
        ],
        "element_error": 2.9800887091369077e-08,
        "x_original": 2.0861482141754095e-07,
        "y_ref": 2.0861482141754095e-07,
        "y_mixed": 1.7881393432617188e-07,
        "relu_behavior": "near_zero",
        "storage_error": 2.9800887091369077e-08,
        "demote_error": 0.0
      },
      {
        "coord": [
          0,
          168,
          2,
          13
        ],
        "element_error": 2.980073077196721e-08,
        "x_original": 8.046611128520453e-07,
        "y_ref": 8.046611128520453e-07,
        "y_mixed": 7.748603820800781e-07,
        "relu_behavior": "near_zero",
        "storage_error": 2.980073077196721e-08,
        "demote_error": 0.0
      },
      {
        "coord": [
          0,
          63,
          27,
          2
        ],
        "element_error": 2.9800503398291767e-08,
        "x_original": 6.854552339063957e-07,
        "y_ref": 6.854552339063957e-07,
        "y_mixed": 7.152557373046875e-07,
        "relu_behavior": "near_zero",
        "storage_error": 2.9800503398291767e-08,
        "demote_error": 0.0
      },
      {
        "coord": [
          0,
          156,
          11,
          9
        ],
        "element_error": 2.9800219181197463e-08,
        "x_original": 6.8545551812349e-07,
        "y_ref": 6.8545551812349e-07,
        "y_mixed": 7.152557373046875e-07,
        "relu_behavior": "near_zero",
        "storage_error": 2.9800219181197463e-08,
        "demote_error": 0.0
      },
      {
        "coord": [
          0,
          249,
          24,
          13
        ],
        "element_error": 2.9799819500908598e-08,
        "x_original": 2.9799819500908598e-08,
        "y_ref": 2.9799819500908598e-08,
        "y_mixed": 0.0,
        "relu_behavior": "near_zero",
        "storage_error": 2.9799819500908598e-08,
        "demote_error": 0.0
      }
    ]
  }
}