{
  "detector": {
    "detected_exceeded": false,
    "actual_err": 5.323439836502075e-06,
    "predicted_bound": 3.937497749575414e-05,
    "elapsed_sec": 2.661816120147705
  },
  "matrix_info": {
    "input_shape": [
      256,
      1024
    ],
    "weight_shape": [
      1024,
      512
    ],
    "output_shape": [
      256,
      512
    ],
    "accumulation_dim": 1024
  },
  "analyzer_report": {
    "component_estimates": {
      "input_storage_error": 5.323439836502075e-06,
      "weight_storage_error": 5.323439836502075e-06,
      "accumulation_error": 5.323439836502075e-06,
      "demote_error": 3.442633897066116e-05
    },
    "component_ratios": {
      "input_storage_error": 0.10563080960212888,
      "weight_storage_error": 0.10563080960212888,
      "accumulation_error": 0.10563080960212888,
      "demote_error": 0.6831075711936133
    },
    "primary_source": "x_storage",
    "suggestion": "\u4e3b\u8981\u8bef\u5dee\u6765\u6e90\u4e3a\u8f93\u5165\u5b58\u50a8\u7cbe\u5ea6\u3002\u5efa\u8bae\uff1a\u63d0\u5347\u8f93\u5165\u5b58\u50a8\u7cbe\u5ea6\uff1b\u8fdb\u884c\u8f93\u5165\u5f52\u4e00\u5316\u6216\u6743\u91cd\u7f29\u653e\u4ee5\u6539\u5584\u6570\u503c\u8303\u56f4\u3002 \u68c0\u6d4b\u5230\u6570\u503c\u7a33\u5b9a\u6027\u95ee\u9898\uff08\u6761\u4ef6\u6570\u6307\u6807=4.07\uff09\u3002\u5efa\u8bae\uff1a(1)\u8f93\u5165/\u6743\u91cd\u9884\u5904\u7406\u548c\u5f52\u4e00\u5316\uff1b(2)\u68c0\u67e5\u662f\u5426\u5b58\u5728\u75c5\u6001\u77e9\u9635\u3002",
    "numerical_stability": {
      "average_condition_indicator": 4.070011400545872,
      "accumulation_dimension": 1024,
      "stability_assessment": "good"
    },
    "top_elements_summary": [
      {
        "coord": [
          151,
          79
        ],
        "element_error": 5.323439836502075e-06,
        "y_ref": -0.009577196091413498,
        "y_mixed": -0.00958251953125,
        "x_storage_error": 0.00014415413897950202,
        "w_storage_error": 0.0,
        "accumulation_error_estimate": 1.4901161193847656e-08,
        "demote_error": 3.287568688392639e-06,
        "condition_indicator": 4.169461074034113,
        "product_stats": {
          "min": -0.0007771780365146697,
          "max": 0.0006612158613279462,
          "mean": -9.35471871343907e-06,
          "std": 0.00010039648623205721
        }
      },
      {
        "coord": [
          114,
          54
        ],
        "element_error": 5.252659320831299e-06,
        "y_ref": -0.008786685764789581,
        "y_mixed": -0.00878143310546875,
        "x_storage_error": 0.0001461788488086313,
        "w_storage_error": 0.0,
        "accumulation_error_estimate": 1.4901161193847656e-08,
        "demote_error": 3.380700945854187e-06,
        "condition_indicator": 3.407004087106381,
        "product_stats": {
          "min": -0.0006210427382029593,
          "max": 0.0005881009856238961,
          "mean": -8.578921551816165e-06,
          "std": 9.982684423448518e-05
        }
      },
      {
        "coord": [
          195,
          24
        ],
        "element_error": 5.229376256465912e-06,
        "y_ref": 0.010836140252649784,
        "y_mixed": 0.01084136962890625,
        "x_storage_error": 0.00014914882194716483,
        "w_storage_error": 0.0,
        "accumulation_error_estimate": 1.4901161193847656e-08,
        "demote_error": 3.335997462272644e-06,
        "condition_indicator": 3.321864363619691,
        "product_stats": {
          "min": -0.00043217919301241636,
          "max": 0.0006186266546137631,
          "mean": 1.0584016308712307e-05,
          "std": 9.911279630614445e-05
        }
      },
      {
        "coord": [
          243,
          74
        ],
        "element_error": 5.085021257400513e-06,
        "y_ref": 0.00815073773264885,
        "y_mixed": 0.00815582275390625,
        "x_storage_error": 0.00015374398208223283,
        "w_storage_error": 0.0,
        "accumulation_error_estimate": 1.4901161193847656e-08,
        "demote_error": 3.7355348467826843e-06,
        "condition_indicator": 3.8053097866466365,
        "product_stats": {
          "min": -0.0007594617200084031,
          "max": 0.0007059691706672311,
          "mean": 7.96102176536806e-06,
          "std": 0.00010840455070137978
        }
      },
      {
        "coord": [
          13,
          72
        ],
        "element_error": 4.988163709640503e-06,
        "y_ref": -0.00831868126988411,
        "y_mixed": -0.00832366943359375,
        "x_storage_error": 0.00015850896306801587,
        "w_storage_error": 0.0,
        "accumulation_error_estimate": 1.4901161193847656e-08,
        "demote_error": 3.7513673305511475e-06,
        "condition_indicator": 3.5005104551358053,
        "product_stats": {
          "min": -0.000650139874778688,
          "max": 0.00052466313354671,
          "mean": -8.124916348606348e-06,
          "std": 0.00010720622231019661
        }
      },
      {
        "coord": [
          72,
          291
        ],
        "element_error": 4.9639493227005005e-06,
        "y_ref": -0.0112659502774477,
        "y_mixed": -0.011260986328125,
        "x_storage_error": 0.00014585195458494127,
        "w_storage_error": 0.0,
        "accumulation_error_estimate": 1.4901161193847656e-08,
        "demote_error": 3.686174750328064e-06,
        "condition_indicator": 4.143886936550012,
        "product_stats": {
          "min": -0.0008130771457217634,
          "max": 0.00032514234771952033,
          "mean": -1.1000656741089188e-05,
          "std": 9.890719957184047e-05
        }
      },
      {
        "coord": [
          65,
          452
        ],
        "element_error": 4.909001290798187e-06,
        "y_ref": 0.007853367365896702,
        "y_mixed": 0.0078582763671875,
        "x_storage_error": 0.00015160578186623752,
        "w_storage_error": 0.0,
        "accumulation_error_estimate": 1.4901161193847656e-08,
        "demote_error": 3.771856427192688e-06,
        "condition_indicator": 4.7683051570909125,
        "product_stats": {
          "min": -0.00043209613068029284,
          "max": 0.0006455552065744996,
          "mean": 7.670414561289363e-06,
          "std": 0.00010370258678449318
        }
      },
      {
        "coord": [
          80,
          12
        ],
        "element_error": 4.8782676458358765e-06,
        "y_ref": -0.008320918306708336,
        "y_mixed": -0.0083160400390625,
        "x_storage_error": 0.0001427296519977972,
        "w_storage_error": 0.0,
        "accumulation_error_estimate": 1.4901161193847656e-08,
        "demote_error": 3.3034011721611023e-06,
        "condition_indicator": 3.9428996303597077,
        "product_stats": {
          "min": -0.0007266144966706634,
          "max": 0.0004453588917385787,
          "mean": -8.124357009364758e-06,
          "std": 0.00010166901483898982
        }
      },
      {
        "coord": [
          173,
          263
        ],
        "element_error": 4.871748387813568e-06,
        "y_ref": -0.009051219560205936,
        "y_mixed": -0.00905609130859375,
        "x_storage_error": 0.0001431934506399557,
        "w_storage_error": 0.0,
        "accumulation_error_estimate": 1.4901161193847656e-08,
        "demote_error": 3.5231932997703552e-06,
        "condition_indicator": 4.952908468415335,
        "product_stats": {
          "min": -0.0005928476457484066,
          "max": 0.000454730965429917,
          "mean": -8.84040036908118e-06,
          "std": 9.90610642475076e-05
        }
      },
      {
        "coord": [
          22,
          220
        ],
        "element_error": 4.821456968784332e-06,
        "y_ref": 0.008540100418031216,
        "y_mixed": 0.008544921875,
        "x_storage_error": 0.00015150576655287296,
        "w_storage_error": 0.0,
        "accumulation_error_estimate": 1.4901161193847656e-08,
        "demote_error": 3.0677765607833862e-06,
        "condition_indicator": 4.6879640465001255,
        "product_stats": {
          "min": -0.0003430651850067079,