{
  "detector": {
    "detected_exceeded": false,
    "actual_err": 2.9801839218634996e-08,
    "predicted_bound": 3.360177033755463e-05,
    "elapsed_sec": 2.3135623931884766
  },
  "analyzer_report": {
    "component_estimates": {
      "input_storage_error": 2.9801839218634996e-08,
      "output_storage_error": 3.054319313378073e-05
    },
    "component_ratios": {
      "input_storage_error": 0.0009747765714466175,
      "output_storage_error": 0.9990252234285534
    },
    "primary_source": "storage",
    "suggestion": "\u4e3b\u8981\u8bef\u5dee\u6765\u6e90\u4e3a\u8f93\u5165\u5b58\u50a8\u7cbe\u5ea6\u3002\u5efa\u8bae\uff1a\u63d0\u5347\u8f93\u5165\u5b58\u50a8\u7cbe\u5ea6\u6216\u8fdb\u884c\u8f93\u5165\u5f52\u4e00\u5316\uff0c\u7279\u522b\u6ce8\u610f\u63a5\u8fd1\u96f6\u7684\u503c\u3002 \u68c0\u6d4b\u5230\u63a5\u8fd1\u96f6\u7684\u8f93\u5165\u503c\uff0c\u8fd9\u4e9b\u5728ReLU\u4e2d\u6700\u5bb9\u6613\u4ea7\u751f\u7cbe\u5ea6\u8bef\u5dee\u3002\u8003\u8651\u6dfb\u52a0\u5c0f\u7684\u504f\u7f6e\u6216\u4f7f\u7528Leaky ReLU\u3002",
    "relu_behavior_stats": {
      "near_zero": 10
    },
    "top_elements_summary": [
      {
        "coord": [
          0,
          114,
          10,
          13
        ],
        "element_error": 2.9801839218634996e-08,
        "x_original": 4.4703531898449e-07,
        "y_ref": 4.4703531898449e-07,
        "y_mixed": 4.76837158203125e-07,
        "relu_behavior": "near_zero",
        "storage_error": 2.9801839218634996e-08,
        "demote_error": 0.0
      },
      {
        "coord": [
          0,
          24,
          23,
          12
        ],
        "element_error": 2.9801583423250122e-08,
        "x_original": 8.642666102787189e-07,
        "y_ref": 8.642666102787189e-07,
        "y_mixed": 8.344650268554688e-07,
        "relu_behavior": "near_zero",
        "storage_error": 2.9801583423250122e-08,
        "demote_error": 0.0
      },
      {
        "coord": [
          0,
          202,
          20,
          7
        ],
        "element_error": 2.9801487499980794e-08,
        "x_original": 2.980315727540983e-08,
        "y_ref": 2.980315727540983e-08,
        "y_mixed": 5.960464477539063e-08,
        "relu_behavior": "near_zero",
        "storage_error": 2.9801487499980794e-08,
        "demote_error": 0.0
      },
      {
        "coord": [
          0,
          121,
          24,
          30
        ],
        "element_error": 2.9801128675899236e-08,
        "x_original": 4.4703602952722576e-07,
        "y_ref": 4.4703602952722576e-07,
        "y_mixed": 4.76837158203125e-07,
        "relu_behavior": "near_zero",
        "storage_error": 2.9801128675899236e-08,
        "demote_error": 0.0
      },
      {
        "coord": [
          0,
          182,
          2,
          6
        ],
        "element_error": 2.9801071832480375e-08,
        "x_original": 6.854521643617772e-07,
        "y_ref": 6.854521643617772e-07,
        "y_mixed": 6.556510925292969e-07,
        "relu_behavior": "near_zero",
        "storage_error": 2.9801071832480375e-08,
        "demote_error": 0.0
      },
      {
        "coord": [
          0,
          132,
          6,
          15
        ],
        "element_error": 2.9800830247950216e-08,
        "x_original": 8.940547502334084e-08,
        "y_ref": 8.940547502334084e-08,
        "y_mixed": 5.960464477539063e-08,
        "relu_behavior": "near_zero",
        "storage_error": 2.9800830247950216e-08,
        "demote_error": 0.0
      },
      {
        "coord": [
          0,
          25,
          13,
          15
        ],
        "element_error": 2.9800617085129488e-08,
        "x_original": 9.834749334913795e-07,
        "y_ref": 9.834749334913795e-07,
        "y_mixed": 9.5367431640625e-07,
        "relu_behavior": "near_zero",
        "storage_error": 2.9800617085129488e-08,
        "demote_error": 0.0
      },
      {
        "coord": [
          0,
          125,
          25,
          24
        ],
        "element_error": 2.9800595768847415e-08,
        "x_original": 8.940869378193383e-08,
        "y_ref": 8.940869378193383e-08,
        "y_mixed": 1.1920928955078125e-07,
        "relu_behavior": "near_zero",
        "storage_error": 2.9800595768847415e-08,
        "demote_error": 0.0
      },
      {
        "coord": [
          0,
          241,
          6,
          19
        ],
        "element_error": 2.9800560241710627e-08,
        "x_original": 7.450598218383675e-07,
        "y_ref": 7.450598218383675e-07,
        "y_mixed": 7.748603820800781e-07,
        "relu_behavior": "near_zero",
        "storage_error": 2.9800560241710627e-08,
        "demote_error": 0.0
      },
      {
        "coord": [
          0,
          26,
          20,
          4
        ],
        "element_error": 2.9799764433846576e-08,
        "x_original": 5.06642038544669e-07,
        "y_ref": 5.06642038544669e-07,
        "y_mixed": 5.364418029785156e-07,
        "relu_behavior": "near_zero",
        "storage_error": 2.9799764433846576e-08,
        "demote_error": 0.0
      }
    ]
  }
}