{
  "detector": {
    "detected_exceeded": false,
    "actual_err": 5.9157609939575195e-05,
    "predicted_bound": 0.00013357143834582532,
    "elapsed_sec": 3.909996271133423
  },
  "meta": {
    "distribution": "adversarial_sum",
    "bias": true,
    "batch_size": 32,
    "in_features": 1024,
    "out_features": 4096
  },
  "analyzer_report": {
    "component_estimates": {
      "input_storage_error": 5.9157609939575195e-05,
      "weight_storage_error": 5.9157609939575195e-05,
      "accumulation_error": 5.9157609939575195e-05,
      "output_storage_error": 0.00010581314563751221,
      "bias_storage_error": 5.9157609939575195e-05
    },
    "component_ratios": {
      "input_storage_error": 0.17275140333318828,
      "weight_storage_error": 0.17275140333318828,
      "accumulation_error": 0.17275140333318828,
      "output_storage_error": 0.3089943866672469,
      "bias_storage_error": 0.17275140333318828
    },
    "primary_source": "input_storage",
    "suggestion": "\u4e3b\u8981\u8bef\u5dee\u6765\u6e90\u4e3a\u8f93\u5165\u5b58\u50a8\u7cbe\u5ea6\u3002\u5efa\u8bae\uff1a\u63d0\u5347\u8f93\u5165\u5b58\u50a8\u7cbe\u5ea6\u6216\u8fdb\u884c\u8f93\u5165\u5f52\u4e00\u5316/\u6807\u51c6\u5316\u4ee5\u964d\u4f4e\u6570\u503c\u8303\u56f4\u3002",
    "aggregated_ratios": {
      "input_storage": 0.9733640328265585,
      "weight_storage": 0.0,
      "bias_storage": 0.0,
      "accumulation": 0.00011979072653660561,
      "demote": 0.026516176446904887
    },
    "top_neurons_summary": [
      {
        "coord": [
          28,
          3134
        ],
        "neuron_error": 5.9157609939575195e-05,
        "y_ref": 0.12542536854743958,
        "y_mixed": 0.1253662109375,
        "input_storage_error": 0.0014270003885030746,
        "weight_storage_error": 0.0,
        "bias_storage_error": 0.0,
        "accumulation_estimate": 2.384185791015625e-07,
        "demote_error": 5.1081180572509766e-05,
        "in_features": 1024,
        "neuron_idx": 3134,
        "batch_idx": 28
      },
      {
        "coord": [
          14,
          3162
        ],
        "neuron_error": 5.8069825172424316e-05,
        "y_ref": 0.12652884423732758,
        "y_mixed": 0.1265869140625,
        "input_storage_error": 0.001418220461346209,
        "weight_storage_error": 0.0,
        "bias_storage_error": 0.0,
        "accumulation_estimate": 2.384185791015625e-07,
        "demote_error": 5.501508712768555e-05,
        "in_features": 1024,
        "neuron_idx": 3162,
        "batch_idx": 14
      },
      {
        "coord": [
          0,
          3805
        ],
        "neuron_error": 5.1490962505340576e-05,
        "y_ref": -0.06566428393125534,
        "y_mixed": -0.06561279296875,
        "input_storage_error": 0.001496930723078549,
        "weight_storage_error": 0.0,
        "bias_storage_error": 0.0,
        "accumulation_estimate": 1.1920928955078125e-07,
        "demote_error": 2.577155828475952e-05,
        "in_features": 1024,
        "neuron_idx": 3805,
        "batch_idx": 0
      },
      {
        "coord": [
          27,
          3358
        ],
        "neuron_error": 5.1118433475494385e-05,
        "y_ref": -0.0819801315665245,
        "y_mixed": -0.08203125,
        "input_storage_error": 0.0014970919582992792,
        "weight_storage_error": 0.0,
        "bias_storage_error": 0.0,
        "accumulation_estimate": 1.1920928955078125e-07,
        "demote_error": 2.8967857360839844e-05,
        "in_features": 1024,
        "neuron_idx": 3358,
        "batch_idx": 27
      },
      {
        "coord": [
          27,
          3212
        ],
        "neuron_error": 5.041062831878662e-05,
        "y_ref": -0.09013830125331879,
        "y_mixed": -0.090087890625,
        "input_storage_error": 0.0014970919582992792,
        "weight_storage_error": 0.0,
        "bias_storage_error": 0.0,
        "accumulation_estimate": 1.1920928955078125e-07,
        "demote_error": 2.9847025871276855e-05,
        "in_features": 1024,
        "neuron_idx": 3212,
        "batch_idx": 27
      },
      {
        "coord": [
          28,
          791
        ],
        "neuron_error": 4.960596561431885e-05,
        "y_ref": -0.13215254247188568,
        "y_mixed": -0.1322021484375,
        "input_storage_error": 0.0014270003885030746,
        "weight_storage_error": 0.0,
        "bias_storage_error": 0.0,
        "accumulation_estimate": 2.384185791015625e-07,
        "demote_error": 5.8144330978393555e-05,
        "in_features": 1024,
        "neuron_idx": 791,
        "batch_idx": 28
      },
      {
        "coord": [
          26,
          962
        ],
        "neuron_error": 4.9561262130737305e-05,
        "y_ref": -0.12773510813713074,
        "y_mixed": -0.127685546875,
        "input_storage_error": 0.0014123718719929457,
        "weight_storage_error": 0.0,
        "bias_storage_error": 0.0,
        "accumulation_estimate": 2.384185791015625e-07,
        "demote_error": 4.225969314575195e-05,
        "in_features": 1024,
        "neuron_idx": 962,
        "batch_idx": 26
      },
      {
        "coord": [
          4,
          1374
        ],
        "neuron_error": 4.844367504119873e-05,
        "y_ref": 0.1506832093000412,
        "y_mixed": 0.150634765625,
        "input_storage_error": 0.001477545127272606,
        "weight_storage_error": 0.0,
        "bias_storage_error": 0.0,
        "accumulation_estimate": 2.384185791015625e-07,
        "demote_error": 4.6387314796447754e-05,
        "in_features": 1024,
        "neuron_idx": 1374,
        "batch_idx": 4
      },
      {
        "coord": [
          9,
          3574
        ],
        "neuron_error": 4.763901233673096e-05,
        "y_ref": 0.07404904067516327,
        "y_mixed": 0.0740966796875,
        "input_storage_error": 0.0013992581516504288,
        "weight_storage_error": 0.0,
        "bias_storage_error": 0.0,
        "accumulation_estimate": 1.1920928955078125e-07,
        "demote_error": 2.9884278774261475e-05,
        "in_features": 1024,
        "neuron_idx": 3574,
        "batch_idx": 9
      },
      {
        "coord": [
          16,
          1034
        ],
        "neuron_error": 4.7460198402404785e-05,
        "y_ref": 0.0780165046453476,
        "y_mixed": 0.07806396484375,
        "input_storage_error": 0.0014770821435377002,
        "weight_storage_error": 0.0,
        "bias_storage_error": 0.0,
        "accumulation_estimate": 1.1920928955078125e-07,
        "demote_error": 2.84537672996521e-05,
        "in_features": 1024,
        "neuron_idx": 1034,
        "batch_idx": 16
      }
    ]
  }
}