{
  "detector": {
    "detected_exceeded": false,
    "actual_err": 0.00011865794658660889,
    "predicted_bound": 0.0002245597788714804,
    "elapsed_sec": 3.737837791442871
  },
  "analyzer_report": {
    "component_estimates": {
      "input_storage_error": 0.00011865794658660889,
      "statistics_computation_error": 0.00011865794658660889,
      "output_storage_error": 0.0001523345708847046,
      "weight_storage_error": 0.00011865794658660889,
      "bias_storage_error": 0.00011865794658660889
    },
    "component_ratios": {
      "input_storage_error": 0.18925727866904338,
      "statistics_computation_error": 0.18925727866904338,
      "output_storage_error": 0.2429708853238265,
      "weight_storage_error": 0.18925727866904338,
      "bias_storage_error": 0.18925727866904338
    },
    "primary_source": "demote",
    "suggestion": "\u4e3b\u8981\u8bef\u5dee\u6765\u6e90\u4e3a\u8f93\u51fa\u964d\u7cbe\u5ea6\u3002\u5efa\u8bae\uff1a\u5ef6\u8fdf\u964d\u7cbe\u5ea6\u6216\u63d0\u9ad8\u8f93\u51fa\u7cbe\u5ea6\uff1b\u68c0\u67e5LayerNorm\u8f93\u51fa\u7684\u6570\u503c\u8303\u56f4\u3002",
    "statistics_errors": {
      "mean_error": 2.9539251045207493e-09,
      "var_error": 9.308109838457312e-13,
      "std_error": 2.3283064365386963e-10
    },
    "norm_behavior_stats": {
      "normal": 10
    },
    "top_elements_summary": [
      {
        "coord": [
          6,
          314,
          488
        ],
        "element_error": 0.00011865794658660889,
        "x_original": -0.0005557323456741869,
        "y_ref": -0.1754116266965866,
        "y_mixed": -0.17529296875,
        "norm_behavior": "normal",
        "storage_error": 2.1705636754631996e-07,
        "weight_error": 0.0,
        "bias_error": 0.0,
        "demote_error": 4.9933791160583496e-05,
        "local_mean_error": 4.5071146814734675e-10,
        "local_std_error": 2.3283064365386963e-10
      },
      {
        "coord": [
          4,
          27,
          737
        ],
        "element_error": 9.66191291809082e-05,
        "x_original": 0.00040089705726131797,
        "y_ref": 0.1257069706916809,
        "y_mixed": 0.1256103515625,
        "norm_behavior": "normal",
        "storage_error": 1.1542579159140587e-07,
        "weight_error": 0.0,
        "bias_error": 0.0,
        "demote_error": 6.0304999351501465e-05,
        "local_mean_error": 5.031779437558725e-10,
        "local_std_error": 0.0
      },
      {
        "coord": [
          4,
          430,
          303
        ],
        "element_error": 9.557604789733887e-05,
        "x_original": -0.0004373813862912357,
        "y_ref": -0.13857629895210266,
        "y_mixed": -0.138671875,
        "norm_behavior": "normal",
        "storage_error": 1.1670636013150215e-07,
        "weight_error": 0.0,
        "bias_error": 0.0,
        "demote_error": 5.821883678436279e-05,
        "local_mean_error": 1.489866008341778e-09,
        "local_std_error": 0.0
      },
      {
        "coord": [
          5,
          73,
          167
        ],
        "element_error": 9.310245513916016e-05,
        "x_original": -0.0004691029025707394,
        "y_ref": -0.14883267879486084,
        "y_mixed": -0.14892578125,
        "norm_behavior": "normal",
        "storage_error": 1.0486110113561153e-07,
        "weight_error": 0.0,
        "bias_error": 0.0,
        "demote_error": 6.020069122314453e-05,
        "local_mean_error": 7.81369635660667e-10,
        "local_std_error": 0.0
      },
      {
        "coord": [
          0,
          77,
          611
        ],
        "element_error": 8.943676948547363e-05,
        "x_original": 0.0004781467723660171,
        "y_ref": 0.15060213208198547,
        "y_mixed": 0.1505126953125,
        "norm_behavior": "normal",
        "storage_error": 1.175212673842907e-07,
        "weight_error": 0.0,
        "bias_error": 0.0,
        "demote_error": 5.24669885635376e-05,
        "local_mean_error": 4.63955984741915e-10,
        "local_std_error": 2.3283064365386963e-10
      },
      {
        "coord": [
          5,
          385,
          719
        ],
        "element_error": 8.903443813323975e-05,
        "x_original": -0.0003944580093957484,
        "y_ref": -0.12618766725063324,
        "y_mixed": -0.1260986328125,
        "norm_behavior": "normal",
        "storage_error": 1.1367956176400185e-07,
        "weight_error": 0.0,
        "bias_error": 0.0,
        "demote_error": 5.294382572174072e-05,
        "local_mean_error": 5.088622856419533e-10,
        "local_std_error": 0.0
      },
      {
        "coord": [
          3,
          460,
          504
        ],
        "element_error": 8.796155452728271e-05,
        "x_original": 0.0003990000404883176,
        "y_ref": 0.12759758532047272,
        "y_mixed": 0.127685546875,
        "norm_behavior": "normal",
        "storage_error": 1.1266092769801617e-07,
        "weight_error": 0.0,
        "bias_error": 0.0,
        "demote_error": 5.2541494369506836e-05,
        "local_mean_error": 5.870788299944252e-10,
        "local_std_error": 0.0
      },
      {
        "coord": [
          1,
          225,
          511
        ],
        "element_error": 8.447468280792236e-05,
        "x_original": 0.0004140059754718095,
        "y_ref": 0.13118799030780792,
        "y_mixed": 0.131103515625,
        "norm_behavior": "normal",
        "storage_error": 1.1132215149700642e-07,
        "weight_error": 0.0,
        "bias_error": 0.0,
        "demote_error": 4.957616329193115e-05,
        "local_mean_error": 9.343921192339621e-10,
        "local_std_error": 0.0
      },
      {
        "coord": [
          2,
          237,
          584
        ],
        "element_error": 8.404254913330078e-05,
        "x_original": -0.0004171027976553887,
        "y_ref": -0.1302109956741333,
        "y_mixed": -0.130126953125,
        "norm_behavior": "normal",
        "storage_error": 1.0870280675590038e-07,
        "weight_error": 0.0,
        "bias_error": 0.0,
        "demote_error": 5.0067901611328125e-05,
        "local_mean_error": 1.1827978596556932e-09,
        "local_std_error": 0.0
      },
      {
        "coord": [
          7,
          70,
          114
        ],
        "element_error": 8.316338062286377e-05,
        "x_original": -0.00039783172542229295,
        "y_ref": -0.12625961005687714,
        "y_mixed": -0.1263427734375,
        "norm_behavior": "normal",
        "storage_error": 8.888309821486473e-08,
        "weight_error": 0.0,
        "bias_error": 0.0,
        "demote_error": 5.5342912673950195e-05,
        "local_mean_error": 8.80845618667081e-10,
        "local_std_error": 0.0
      }
    ]
  }
}