{
  "detector": {
    "detected_exceeded": false,
    "actual_err": 9.486079216003418e-05,
    "predicted_bound": 0.0001829234213801101,
    "elapsed_sec": 3.6861774921417236
  },
  "analyzer_report": {
    "component_estimates": {
      "input_storage_error": 9.486079216003418e-05,
      "statistics_computation_error": 9.486079216003418e-05,
      "output_storage_error": 0.0001433342695236206,
      "weight_storage_error": 9.486079216003418e-05,
      "bias_storage_error": 9.486079216003418e-05
    },
    "component_ratios": {
      "input_storage_error": 0.18145540575207367,
      "statistics_computation_error": 0.18145540575207367,
      "output_storage_error": 0.2741783769917054,
      "weight_storage_error": 0.18145540575207367,
      "bias_storage_error": 0.18145540575207367
    },
    "primary_source": "demote",
    "suggestion": "\u4e3b\u8981\u8bef\u5dee\u6765\u6e90\u4e3a\u8f93\u51fa\u964d\u7cbe\u5ea6\u3002\u5efa\u8bae\uff1a\u5ef6\u8fdf\u964d\u7cbe\u5ea6\u6216\u63d0\u9ad8\u8f93\u51fa\u7cbe\u5ea6\uff1b\u68c0\u67e5LayerNorm\u8f93\u51fa\u7684\u6570\u503c\u8303\u56f4\u3002",
    "statistics_errors": {
      "mean_error": 3.1723175197839737e-09,
      "var_error": 9.494627306594339e-13,
      "std_error": 2.3283064365386963e-10
    },
    "norm_behavior_stats": {
      "normal": 10
    },
    "top_elements_summary": [
      {
        "coord": [
          7,
          151,
          670
        ],
        "element_error": 9.486079216003418e-05,
        "x_original": -0.00046456794370897114,
        "y_ref": -0.14675572514533997,
        "y_mixed": -0.1468505859375,
        "norm_behavior": "normal",
        "storage_error": 1.0986695997416973e-07,
        "weight_error": 0.0,
        "bias_error": 0.0,
        "demote_error": 6.021559238433838e-05,
        "local_mean_error": 2.0875745576631743e-10,
        "local_std_error": 2.3283064365386963e-10
      },
      {
        "coord": [
          1,
          30,
          458
        ],
        "element_error": 9.12696123123169e-05,
        "x_original": 0.0004142661055084318,
        "y_ref": 0.13064603507518768,
        "y_mixed": 0.1307373046875,
        "norm_behavior": "normal",
        "storage_error": 1.0538497008383274e-07,
        "weight_error": 0.0,
        "bias_error": 0.0,
        "demote_error": 5.748867988586426e-05,
        "local_mean_error": 1.4927650227036793e-09,
        "local_std_error": 0.0
      },
      {
        "coord": [
          0,
          2,
          172
        ],
        "element_error": 9.019672870635986e-05,
        "x_original": -0.0004249668854754418,
        "y_ref": -0.13253648579120636,
        "y_mixed": -0.1324462890625,
        "norm_behavior": "normal",
        "storage_error": 1.0497751645743847e-07,
        "weight_error": 0.0,
        "bias_error": 0.0,
        "demote_error": 5.6624412536621094e-05,
        "local_mean_error": 1.2319105735514313e-09,
        "local_std_error": 0.0
      },
      {
        "coord": [
          6,
          450,
          101
        ],
        "element_error": 8.74549150466919e-05,
        "x_original": -0.00040470113162882626,
        "y_ref": -0.1283833533525467,
        "y_mixed": -0.1282958984375,
        "norm_behavior": "normal",
        "storage_error": 1.0480289347469807e-07,
        "weight_error": 0.0,
        "bias_error": 0.0,
        "demote_error": 5.455315113067627e-05,
        "local_mean_error": 6.763229976058938e-10,
        "local_std_error": 2.3283064365386963e-10
      },
      {
        "coord": [
          7,
          300,
          758
        ],
        "element_error": 8.715689182281494e-05,
        "x_original": -0.0004009158874396235,
        "y_ref": -0.12613354623317719,
        "y_mixed": -0.126220703125,
        "norm_behavior": "normal",
        "storage_error": 1.0416260920464993e-07,
        "weight_error": 0.0,
        "bias_error": 0.0,
        "demote_error": 5.40614128112793e-05,
        "local_mean_error": 5.612719178316183e-10,
        "local_std_error": 0.0
      },
      {
        "coord": [
          7,
          309,
          59
        ],
        "element_error": 8.687376976013184e-05,
        "x_original": 0.0004039645427837968,
        "y_ref": 0.12728413939476013,
        "y_mixed": 0.127197265625,
        "norm_behavior": "normal",
        "storage_error": 8.346978574991226e-08,
        "weight_error": 0.0,
        "bias_error": 0.0,
        "demote_error": 6.07222318649292e-05,
        "local_mean_error": 6.85417944623623e-10,
        "local_std_error": 0.0
      },
      {
        "coord": [
          2,
          482,
          468
        ],
        "element_error": 8.64565372467041e-05,
        "x_original": 0.00041375221917405725,
        "y_ref": 0.1314341127872467,
        "y_mixed": 0.13134765625,
        "norm_behavior": "normal",
        "storage_error": 9.598443284630775e-08,
        "weight_error": 0.0,
        "bias_error": 0.0,
        "demote_error": 5.6430697441101074e-05,
        "local_mean_error": 9.536051948089153e-10,
        "local_std_error": 0.0
      },
      {
        "coord": [
          1,
          301,
          177
        ],
        "element_error": 8.529424667358398e-05,
        "x_original": -0.0003944914788007736,
        "y_ref": -0.12601333856582642,
        "y_mixed": -0.1260986328125,
        "norm_behavior": "normal",
        "storage_error": 9.12696123123169e-08,
        "weight_error": 0.0,
        "bias_error": 0.0,
        "demote_error": 5.652010440826416e-05,
        "local_mean_error": 2.3510438040830195e-10,
        "local_std_error": 0.0
      },
      {
        "coord": [
          6,
          494,
          418
        ],
        "element_error": 8.2358717918396e-05,
        "x_original": 0.0004657409153878689,
        "y_ref": 0.1460784524679184,
        "y_mixed": 0.14599609375,
        "norm_behavior": "normal",
        "storage_error": 1.0943040251731873e-07,
        "weight_error": 0.0,
        "bias_error": 0.0,
        "demote_error": 4.717707633972168e-05,
        "local_mean_error": 1.8790160538628697e-09,
        "local_std_error": 0.0
      },
      {
        "coord": [
          0,
          117,
          519
        ],
        "element_error": 8.220970630645752e-05,
        "x_original": -0.000399477721657604,
        "y_ref": -0.12613849341869354,
        "y_mixed": -0.126220703125,
        "norm_behavior": "normal",
        "storage_error": 1.1181691661477089e-07,
        "weight_error": 0.0,
        "bias_error": 0.0,
        "demote_error": 4.725158214569092e-05,
        "local_mean_error": 1.2214229627716122e-09,
        "local_std_error": 0.0
      }
    ]
  }
}