{
  "detector": {
    "detected_exceeded": false,
    "actual_err": 0.0027560293674468994,
    "predicted_bound": 0.0033326745033264164,
    "elapsed_sec": 2.4370951652526855
  },
  "analyzer_report": {
    "component_estimates": {
      "input_storage_error": 0.0027560293674468994,
      "max_subtraction_error": 0.0027560293674468994,
      "exponential_error": 0.0027560293674468994,
      "sum_accumulation_error": 0.0027560293674468994,
      "output_storage_error": 0.0027560293674468994
    },
    "component_ratios": {
      "input_storage_error": 0.2,
      "max_subtraction_error": 0.2,
      "exponential_error": 0.2,
      "sum_accumulation_error": 0.2,
      "output_storage_error": 0.2
    },
    "primary_source": "storage",
    "suggestion": "\u5206\u6790\u7ed3\u679c\u4e0d\u660e\u786e\uff1b\u8bf7\u68c0\u67e5\u8f93\u5165\u5206\u5e03\u6216\u589e\u52a0MC\u91c7\u6837\u3002 \u68c0\u6d4b\u5230\u6781\u5c0f\u7684exp\u503c\uff0c\u53ef\u80fd\u5bfc\u81f4\u4e0b\u6ea2\u548c\u7cbe\u5ea6\u635f\u5931\u3002 100.0%\u7684top\u8bef\u5dee\u6765\u81eamax logit\u4f4d\u7f6e\uff0c\u8fd9\u901a\u5e38\u5bf9softmax\u8f93\u51fa\u5f71\u54cd\u6700\u5927\u3002",
    "input_stats": {
      "min": -16.766979217529297,
      "max": 31.598079681396484,
      "mean": 0.89983069896698,
      "std": 6.118709564208984,
      "range": 48.36505889892578
    },
    "stability_stats": {
      "max_shifted_logit": 0.0,
      "min_shifted_logit": -44.684349060058594,
      "max_exp_val": 1.0,
      "min_exp_val": 3.9249468034048276e-20,
      "exp_sum_max": 4.249952793121338,
      "exp_sum_min": 1.0003396272659302
    },
    "max_logit_error_ratio": 1.0,
    "top_elements_summary": [
      {
        "coord": [
          3,
          96
        ],
        "element_error": 0.0027560293674468994,
        "x_original": 27.64736557006836,
        "y_ref": 0.4263400137424469,
        "y_mixed": 0.423583984375,
        "storage_error": 0.006740570068359375,
        "demote_error": 2.4110078811645508e-05,
        "logit_analysis": {
          "softmax_position": 96,
          "softmax_dim_size": 512,
          "is_max_logit": true,
          "distance_from_max": 0.0
        }
      },
      {
        "coord": [
          3,
          80
        ],
        "element_error": 0.0025414228439331055,
        "x_original": 27.91737174987793,
        "y_ref": 0.5584937334060669,
        "y_mixed": 0.56103515625,
        "storage_error": 0.0045032501220703125,
        "demote_error": 0.00015437602996826172,
        "logit_analysis": {
          "softmax_position": 80,
          "softmax_dim_size": 512,
          "is_max_logit": true,
          "distance_from_max": 0.0
        }
      },
      {
        "coord": [
          1,
          90
        ],
        "element_error": 0.0015476047992706299,
        "x_original": 23.635169982910156,
        "y_ref": 0.48478052020072937,
        "y_mixed": 0.486328125,
        "storage_error": 0.00545501708984375,
        "demote_error": 6.982684135437012e-05,
        "logit_analysis": {
          "softmax_position": 90,
          "softmax_dim_size": 512,
          "is_max_logit": true,
          "distance_from_max": 0.0
        }
      },
      {
        "coord": [
          1,
          117
        ],
        "element_error": 0.0013898611068725586,
        "x_original": 23.54788589477539,
        "y_ref": 0.44426095485687256,
        "y_mixed": 0.44287109375,
        "storage_error": 0.001010894775390625,
        "demote_error": 7.152557373046875e-07,
        "logit_analysis": {
          "softmax_position": 117,
          "softmax_dim_size": 512,
          "is_max_logit": true,
          "distance_from_max": 0.0
        }
      },
      {
        "coord": [
          7,
          325
        ],
        "element_error": 0.0010122060775756836,
        "x_original": 24.60550308227539,
        "y_ref": 0.6606088876724243,
        "y_mixed": 0.66162109375,
        "storage_error": 0.003871917724609375,
        "demote_error": 0.0001469254493713379,
        "logit_analysis": {
          "softmax_position": 325,
          "softmax_dim_size": 512,
          "is_max_logit": true,
          "distance_from_max": 0.0
        }
      },
      {
        "coord": [
          4,
          52
        ],
        "element_error": 0.0007062703371047974,
        "x_original": 23.14063262939453,
        "y_ref": 0.2198747843503952,
        "y_mixed": 0.2205810546875,
        "storage_error": 7.62939453125e-06,
        "demote_error": 5.613267421722412e-05,
        "logit_analysis": {
          "softmax_position": 52,
          "softmax_dim_size": 512,
          "is_max_logit": true,
          "distance_from_max": 0.0
        }
      },
      {
        "coord": [
          4,
          477
        ],
        "element_error": 0.0005874037742614746,
        "x_original": 22.740982055664062,
        "y_ref": 0.14743798971176147,
        "y_mixed": 0.1468505859375,
        "storage_error": 0.0066070556640625,
        "demote_error": 5.0693750381469727e-05,
        "logit_analysis": {
          "softmax_position": 477,
          "softmax_dim_size": 512,
          "is_max_logit": true,
          "distance_from_max": 0.0
        }
      },
      {
        "coord": [
          6,
          426
        ],
        "element_error": 0.0005760118365287781,
        "x_original": 22.055416107177734,
        "y_ref": 0.06888199597597122,
        "y_mixed": 0.0694580078125,
        "storage_error": 0.007083892822265625,
        "demote_error": 1.7881393432617188e-05,
        "logit_analysis": {
          "softmax_position": 426,
          "softmax_dim_size": 512,
          "is_max_logit": true,
          "distance_from_max": 0.0
        }
      },
      {
        "coord": [
          0,
          206
        ],
        "element_error": 0.0005658268928527832,
        "x_original": 24.660621643066406,
        "y_ref": 0.7715619206428528,
        "y_mixed": 0.77099609375,
        "storage_error": 0.00437164306640625,
        "demote_error": 0.00011676549911499023,
        "logit_analysis": {
          "softmax_position": 206,
          "softmax_dim_size": 512,
          "is_max_logit": true,
          "distance_from_max": 0.0
        }
      },
      {
        "coord": [
          4,
          474
        ],
        "element_error": 0.0005554854869842529,
        "x_original": 23.20842170715332,
        "y_ref": 0.23529669642448425,
        "y_mixed": 0.2347412109375,
        "storage_error": 0.0052967071533203125,
        "demote_error": 6.3478946685791016e-06,
        "logit_analysis": {
          "softmax_position": 474,
          "softmax_dim_size": 512,
          "is_max_logit": true,
          "distance_from_max": 0.0
        }
      }
    ]
  }
}