{
  "detector": {
    "detected_exceeded": false,
    "actual_err": 2.980203817060101e-08,
    "predicted_bound": 3.3601670293137434e-05,
    "elapsed_sec": 2.296233654022217
  },
  "analyzer_report": {
    "component_estimates": {
      "input_storage_error": 2.980203817060101e-08,
      "output_storage_error": 3.054314947803505e-05
    },
    "component_ratios": {
      "input_storage_error": 0.0009747844644572178,
      "output_storage_error": 0.9990252155355428
    },
    "primary_source": "storage",
    "suggestion": "\u4e3b\u8981\u8bef\u5dee\u6765\u6e90\u4e3a\u8f93\u5165\u5b58\u50a8\u7cbe\u5ea6\u3002\u5efa\u8bae\uff1a\u63d0\u5347\u8f93\u5165\u5b58\u50a8\u7cbe\u5ea6\u6216\u8fdb\u884c\u8f93\u5165\u5f52\u4e00\u5316\uff0c\u7279\u522b\u6ce8\u610f\u63a5\u8fd1\u96f6\u7684\u503c\u3002 \u68c0\u6d4b\u5230\u63a5\u8fd1\u96f6\u7684\u8f93\u5165\u503c\uff0c\u8fd9\u4e9b\u5728ReLU\u4e2d\u6700\u5bb9\u6613\u4ea7\u751f\u7cbe\u5ea6\u8bef\u5dee\u3002\u8003\u8651\u6dfb\u52a0\u5c0f\u7684\u504f\u7f6e\u6216\u4f7f\u7528Leaky ReLU\u3002",
    "relu_behavior_stats": {
      "near_zero": 10
    },
    "top_elements_summary": [
      {
        "coord": [
          0,
          92,
          5,
          26
        ],
        "element_error": 2.980203817060101e-08,
        "x_original": 8.046624202506791e-07,
        "y_ref": 8.046624202506791e-07,
        "y_mixed": 7.748603820800781e-07,
        "relu_behavior": "near_zero",
        "storage_error": 2.980203817060101e-08,
        "demote_error": 0.0
      },
      {
        "coord": [
          0,
          133,
          20,
          2
        ],
        "element_error": 2.980203817060101e-08,
        "x_original": 5.662444095833052e-07,
        "y_ref": 5.662444095833052e-07,
        "y_mixed": 5.960464477539062e-07,
        "relu_behavior": "near_zero",
        "storage_error": 2.980203817060101e-08,
        "demote_error": 0.0
      },
      {
        "coord": [
          0,
          60,
          7,
          21
        ],
        "element_error": 2.9802023959746293e-08,
        "x_original": 2.9802023959746293e-08,
        "y_ref": 2.9802023959746293e-08,
        "y_mixed": 0.0,
        "relu_behavior": "near_zero",
        "storage_error": 2.9802023959746293e-08,
        "demote_error": 0.0
      },
      {
        "coord": [
          0,
          42,
          18,
          17
        ],
        "element_error": 2.9801924483763287e-08,
        "x_original": 5.066390826868883e-07,
        "y_ref": 5.066390826868883e-07,
        "y_mixed": 4.76837158203125e-07,
        "relu_behavior": "near_zero",
        "storage_error": 2.9801924483763287e-08,
        "demote_error": 0.0
      },
      {
        "coord": [
          0,
          153,
          30,
          11
        ],
        "element_error": 2.9801924483763287e-08,
        "x_original": 9.238723919224867e-07,
        "y_ref": 9.238723919224867e-07,
        "y_mixed": 9.5367431640625e-07,
        "relu_behavior": "near_zero",
        "storage_error": 2.9801924483763287e-08,
        "demote_error": 0.0
      },
      {
        "coord": [
          0,
          206,
          14,
          8
        ],
        "element_error": 2.9801810796925565e-08,
        "x_original": 6.854529033262224e-07,
        "y_ref": 6.854529033262224e-07,
        "y_mixed": 6.556510925292969e-07,
        "relu_behavior": "near_zero",
        "storage_error": 2.9801810796925565e-08,
        "demote_error": 0.0
      },
      {
        "coord": [
          0,
          107,
          1,
          28
        ],
        "element_error": 2.9801128675899236e-08,
        "x_original": 6.258499638533976e-07,
        "y_ref": 6.258499638533976e-07,
        "y_mixed": 6.556510925292969e-07,
        "relu_behavior": "near_zero",
        "storage_error": 2.9801128675899236e-08,
        "demote_error": 0.0
      },
      {
        "coord": [
          0,
          231,
          30,
          1
        ],
        "element_error": 2.9801071832480375e-08,
        "x_original": 2.0861750726908213e-07,
        "y_ref": 2.0861750726908213e-07,
        "y_mixed": 2.384185791015625e-07,
        "relu_behavior": "near_zero",
        "storage_error": 2.9801071832480375e-08,
        "demote_error": 0.0
      },
      {
        "coord": [
          0,
          230,
          4,
          0
        ],
        "element_error": 2.980078761538607e-08,
        "x_original": 7.450565249200736e-07,
        "y_ref": 7.450565249200736e-07,
        "y_mixed": 7.152557373046875e-07,
        "relu_behavior": "near_zero",
        "storage_error": 2.980078761538607e-08,
        "demote_error": 0.0
      },
      {
        "coord": [
          0,
          25,
          10,
          4
        ],
        "element_error": 2.9800716561112495e-08,
        "x_original": 8.940857298966876e-08,
        "y_ref": 8.940857298966876e-08,
        "y_mixed": 1.1920928955078125e-07,
        "relu_behavior": "near_zero",
        "storage_error": 2.9800716561112495e-08,
        "demote_error": 0.0
      }
    ]
  }
}