{
  "detector": {
    "detected_exceeded": false,
    "actual_err": 9.310245513916016e-05,
    "predicted_bound": 0.00017184543103212493,
    "elapsed_sec": 3.808206081390381
  },
  "analyzer_report": {
    "component_estimates": {
      "input_storage_error": 9.310245513916016e-05,
      "statistics_computation_error": 9.310245513916016e-05,
      "output_storage_error": 0.00014095008373260498,
      "weight_storage_error": 9.310245513916016e-05,
      "bias_storage_error": 9.310245513916016e-05
    },
    "component_ratios": {
      "input_storage_error": 0.1813590316681664,
      "statistics_computation_error": 0.1813590316681664,
      "output_storage_error": 0.27456387332733445,
      "weight_storage_error": 0.1813590316681664,
      "bias_storage_error": 0.1813590316681664
    },
    "primary_source": "demote",
    "suggestion": "\u4e3b\u8981\u8bef\u5dee\u6765\u6e90\u4e3a\u8f93\u51fa\u964d\u7cbe\u5ea6\u3002\u5efa\u8bae\uff1a\u5ef6\u8fdf\u964d\u7cbe\u5ea6\u6216\u63d0\u9ad8\u8f93\u51fa\u7cbe\u5ea6\uff1b\u68c0\u67e5LayerNorm\u8f93\u51fa\u7684\u6570\u503c\u8303\u56f4\u3002",
    "statistics_errors": {
      "mean_error": 2.9058355721645057e-09,
      "var_error": 1.021405182655144e-12,
      "std_error": 2.3283064365386963e-10
    },
    "norm_behavior_stats": {
      "normal": 10
    },
    "top_elements_summary": [
      {
        "coord": [
          4,
          412,
          91
        ],
        "element_error": 9.310245513916016e-05,
        "x_original": -0.0003930423699785024,
        "y_ref": -0.12563931941986084,
        "y_mixed": -0.125732421875,
        "norm_behavior": "normal",
        "storage_error": 1.0986695997416973e-07,
        "weight_error": 0.0,
        "bias_error": 0.0,
        "demote_error": 5.8263540267944336e-05,
        "local_mean_error": 3.792592906393111e-10,
        "local_std_error": 0.0
      },
      {
        "coord": [
          1,
          351,
          532
        ],
        "element_error": 9.144842624664307e-05,
        "x_original": -0.00041187508031725883,
        "y_ref": -0.12844859063625336,
        "y_mixed": -0.1285400390625,
        "norm_behavior": "normal",
        "storage_error": 1.1222437024116516e-07,
        "weight_error": 0.0,
        "bias_error": 0.0,
        "demote_error": 5.587935447692871e-05,
        "local_mean_error": 3.178683982696384e-10,
        "local_std_error": 0.0
      },
      {
        "coord": [
          0,
          383,
          192
        ],
        "element_error": 9.131431579589844e-05,
        "x_original": -0.00043044722406193614,
        "y_ref": -0.1346127986907959,
        "y_mixed": -0.134521484375,
        "norm_behavior": "normal",
        "storage_error": 1.0168878361582756e-07,
        "weight_error": 0.0,
        "bias_error": 0.0,
        "demote_error": 5.9232115745544434e-05,
        "local_mean_error": 1.800799509510398e-10,
        "local_std_error": 0.0
      },
      {
        "coord": [
          2,
          119,
          201
        ],
        "element_error": 8.712708950042725e-05,
        "x_original": 0.0003930301172658801,
        "y_ref": 0.12594161927700043,
        "y_mixed": 0.1258544921875,
        "norm_behavior": "normal",
        "storage_error": 1.1629890650510788e-07,
        "weight_error": 0.0,
        "bias_error": 0.0,
        "demote_error": 5.02169132232666e-05,
        "local_mean_error": 4.788489604834467e-10,
        "local_std_error": 0.0
      },
      {
        "coord": [
          0,
          305,
          750
        ],
        "element_error": 8.5487961769104e-05,
        "x_original": -0.00041046104161068797,
        "y_ref": -0.1291869729757309,
        "y_mixed": -0.1292724609375,
        "norm_behavior": "normal",
        "storage_error": 9.575160220265388e-08,
        "weight_error": 0.0,
        "bias_error": 0.0,
        "demote_error": 5.505979061126709e-05,
        "local_mean_error": 5.265974323265254e-10,
        "local_std_error": 2.3283064365386963e-10
      },
      {
        "coord": [
          7,
          185,
          309
        ],
        "element_error": 8.480250835418701e-05,
        "x_original": 0.000394475064240396,
        "y_ref": 0.1258917599916458,
        "y_mixed": 0.1259765625,
        "norm_behavior": "normal",
        "storage_error": 1.076841726899147e-07,
        "weight_error": 0.0,
        "bias_error": 0.0,
        "demote_error": 5.093216896057129e-05,
        "local_mean_error": 5.470610631164163e-10,
        "local_std_error": 0.0
      },
      {
        "coord": [
          1,
          72,
          6
        ],
        "element_error": 8.45491886138916e-05,
        "x_original": 0.00042615580605342984,
        "y_ref": 0.1341177523136139,
        "y_mixed": 0.134033203125,
        "norm_behavior": "normal",
        "storage_error": 1.018051989376545e-07,
        "weight_error": 0.0,
        "bias_error": 0.0,
        "demote_error": 5.240738391876221e-05,
        "local_mean_error": 1.907665136968717e-10,
        "local_std_error": 2.3283064365386963e-10
      },
      {
        "coord": [
          6,
          218,
          424
        ],
        "element_error": 8.305907249450684e-05,
        "x_original": 0.00042357653728686273,
        "y_ref": 0.1339501440525055,
        "y_mixed": 0.134033203125,
        "norm_behavior": "normal",
        "storage_error": 9.327777661383152e-08,
        "weight_error": 0.0,
        "bias_error": 0.0,
        "demote_error": 5.3942203521728516e-05,
        "local_mean_error": 1.186378995043924e-09,
        "local_std_error": 2.3283064365386963e-10
      },
      {
        "coord": [
          1,
          223,
          20
        ],
        "element_error": 8.234381675720215e-05,
        "x_original": 0.00039848670712672174,
        "y_ref": 0.1255706250667572,
        "y_mixed": 0.12548828125,
        "norm_behavior": "normal",
        "storage_error": 8.926144801080227e-08,
        "weight_error": 0.0,
        "bias_error": 0.0,
        "demote_error": 5.4195523262023926e-05,
        "local_mean_error": 2.078195393551141e-10,
        "local_std_error": 2.3283064365386963e-10
      },
      {
        "coord": [
          7,
          352,
          207
        ],
        "element_error": 8.179247379302979e-05,
        "x_original": 0.00044305858318693936,
        "y_ref": 0.13826538622379303,
        "y_mixed": 0.13818359375,
        "norm_behavior": "normal",
        "storage_error": 7.686321623623371e-08,
        "weight_error": 0.0,
        "bias_error": 0.0,
        "demote_error": 5.7637691497802734e-05,
        "local_mean_error": 4.120010999031365e-10,
        "local_std_error": 0.0
      }
    ]
  }
}