{
  "detector": {
    "detected_exceeded": false,
    "actual_err": 6.255507469177246e-05,
    "predicted_bound": 0.0001414053884218447,
    "elapsed_sec": 3.928135871887207
  },
  "meta": {
    "distribution": "adversarial_sum",
    "bias": true,
    "batch_size": 32,
    "in_features": 1024,
    "out_features": 4096
  },
  "analyzer_report": {
    "component_estimates": {
      "input_storage_error": 6.255507469177246e-05,
      "weight_storage_error": 6.255507469177246e-05,
      "accumulation_error": 6.255507469177246e-05,
      "output_storage_error": 0.00010514259338378906,
      "bias_storage_error": 6.255507469177246e-05
    },
    "component_ratios": {
      "input_storage_error": 0.17603153304260316,
      "weight_storage_error": 0.17603153304260316,
      "accumulation_error": 0.17603153304260316,
      "output_storage_error": 0.2958738678295874,
      "bias_storage_error": 0.17603153304260316
    },
    "primary_source": "input_storage",
    "suggestion": "\u4e3b\u8981\u8bef\u5dee\u6765\u6e90\u4e3a\u8f93\u5165\u5b58\u50a8\u7cbe\u5ea6\u3002\u5efa\u8bae\uff1a\u63d0\u5347\u8f93\u5165\u5b58\u50a8\u7cbe\u5ea6\u6216\u8fdb\u884c\u8f93\u5165\u5f52\u4e00\u5316/\u6807\u51c6\u5316\u4ee5\u964d\u4f4e\u6570\u503c\u8303\u56f4\u3002",
    "aggregated_ratios": {
      "input_storage": 0.9705492981753211,
      "weight_storage": 0.0,
      "bias_storage": 0.0,
      "accumulation": 0.00012935368734867962,
      "demote": 0.029321348137330193
    },
    "top_neurons_summary": [
      {
        "coord": [
          17,
          3296
        ],
        "neuron_error": 6.255507469177246e-05,
        "y_ref": -0.12566986680030823,
        "y_mixed": -0.125732421875,
        "input_storage_error": 0.0014311480335891247,
        "weight_storage_error": 0.0,
        "bias_storage_error": 0.0,
        "accumulation_estimate": 2.384185791015625e-07,
        "demote_error": 5.888938903808594e-05,
        "in_features": 1024,
        "neuron_idx": 3296,
        "batch_idx": 17
      },
      {
        "coord": [
          25,
          1067
        ],
        "neuron_error": 5.9977173805236816e-05,
        "y_ref": -0.14117325842380524,
        "y_mixed": -0.14111328125,
        "input_storage_error": 0.001506212167441845,
        "weight_storage_error": 0.0,
        "bias_storage_error": 0.0,
        "accumulation_estimate": 2.384185791015625e-07,
        "demote_error": 5.8844685554504395e-05,
        "in_features": 1024,
        "neuron_idx": 1067,
        "batch_idx": 25
      },
      {
        "coord": [
          3,
          3482
        ],
        "neuron_error": 5.587935447692871e-05,
        "y_ref": -0.12566623091697693,
        "y_mixed": -0.1256103515625,
        "input_storage_error": 0.001455952413380146,
        "weight_storage_error": 0.0,
        "bias_storage_error": 0.0,
        "accumulation_estimate": 2.384185791015625e-07,
        "demote_error": 5.961954593658447e-05,
        "in_features": 1024,
        "neuron_idx": 3482,
        "batch_idx": 3
      },
      {
        "coord": [
          6,
          2074
        ],
        "neuron_error": 5.467236042022705e-05,
        "y_ref": -0.12822850048542023,
        "y_mixed": -0.128173828125,
        "input_storage_error": 0.0014801009092479944,
        "weight_storage_error": 0.0,
        "bias_storage_error": 0.0,
        "accumulation_estimate": 2.384185791015625e-07,
        "demote_error": 4.9367547035217285e-05,
        "in_features": 1024,
        "neuron_idx": 2074,
        "batch_idx": 6
      },
      {
        "coord": [
          14,
          2421
        ],
        "neuron_error": 5.1721930503845215e-05,
        "y_ref": 0.13691116869449615,
        "y_mixed": 0.136962890625,
        "input_storage_error": 0.0014123525470495224,
        "weight_storage_error": 0.0,
        "bias_storage_error": 0.0,
        "accumulation_estimate": 2.384185791015625e-07,
        "demote_error": 4.772841930389404e-05,
        "in_features": 1024,
        "neuron_idx": 2421,
        "batch_idx": 14
      },
      {
        "coord": [
          27,
          1067
        ],
        "neuron_error": 4.997849464416504e-05,
        "y_ref": -0.13032111525535583,
        "y_mixed": -0.13037109375,
        "input_storage_error": 0.0014266412472352386,
        "weight_storage_error": 0.0,
        "bias_storage_error": 0.0,
        "accumulation_estimate": 2.384185791015625e-07,
        "demote_error": 4.357099533081055e-05,
        "in_features": 1024,
        "neuron_idx": 1067,
        "batch_idx": 27
      },
      {
        "coord": [
          13,
          3878
        ],
        "neuron_error": 4.892796277999878e-05,
        "y_ref": -0.06599111109972,
        "y_mixed": -0.0660400390625,
        "input_storage_error": 0.0014130792114883661,
        "weight_storage_error": 0.0,
        "bias_storage_error": 0.0,
        "accumulation_estimate": 1.1920928955078125e-07,
        "demote_error": 2.9496848583221436e-05,
        "in_features": 1024,
        "neuron_idx": 3878,
        "batch_idx": 13
      },
      {
        "coord": [
          29,
          4057
        ],
        "neuron_error": 4.886835813522339e-05,
        "y_ref": 0.09447025507688522,
        "y_mixed": 0.09442138671875,
        "input_storage_error": 0.0014227449428290129,
        "weight_storage_error": 0.0,
        "bias_storage_error": 0.0,
        "accumulation_estimate": 1.1920928955078125e-07,
        "demote_error": 3.0174851417541504e-05,
        "in_features": 1024,
        "neuron_idx": 4057,
        "batch_idx": 29
      },
      {
        "coord": [
          9,
          1499
        ],
        "neuron_error": 4.8041343688964844e-05,
        "y_ref": -0.06348955631256104,
        "y_mixed": -0.06353759765625,
        "input_storage_error": 0.001413503778167069,
        "weight_storage_error": 0.0,
        "bias_storage_error": 0.0,
        "accumulation_estimate": 1.1920928955078125e-07,
        "demote_error": 2.4273991584777832e-05,
        "in_features": 1024,
        "neuron_idx": 1499,
        "batch_idx": 9
      },
      {
        "coord": [
          8,
          274
        ],
        "neuron_error": 4.64022159576416e-05,
        "y_ref": 0.07041993737220764,
        "y_mixed": 0.07037353515625,
        "input_storage_error": 0.0013492280850186944,
        "weight_storage_error": 0.0,
        "bias_storage_error": 0.0,
        "accumulation_estimate": 1.1920928955078125e-07,
        "demote_error": 3.038346767425537e-05,
        "in_features": 1024,
        "neuron_idx": 274,
        "batch_idx": 8
      }
    ]
  }
}