{
  "detector": {
    "detected_exceeded": false,
    "actual_err": 0.003242969512939453,
    "predicted_bound": 0.0058107236865907914,
    "elapsed_sec": 2.3070642948150635
  },
  "analyzer_report": {
    "component_estimates": {
      "input_storage_error": 0.003242969512939453,
      "affine_params_error": 0.003242969512939453,
      "statistics_computation_error": 0.003242969512939453,
      "output_storage_error": 0.003669261932373047
    },
    "component_ratios": {
      "input_storage_error": 0.24204569720264787,
      "affine_params_error": 0.24204569720264787,
      "statistics_computation_error": 0.24204569720264787,
      "output_storage_error": 0.27386290839205635
    },
    "primary_source": "statistics",
    "suggestion": "\u4e3b\u8981\u8bef\u5dee\u6765\u6e90\u4e3a\u7edf\u8ba1\u91cf\u8ba1\u7b97\u7cbe\u5ea6\u3002\u5efa\u8bae\uff1a\u589e\u5927batch size\u3001\u4f7f\u7528\u66f4\u7a33\u5b9a\u7684\u7edf\u8ba1\u7b97\u6cd5\u6216\u8003\u8651LayerNorm\u66ff\u4ee3\u3002 31.2%\u7684\u901a\u9053\u65b9\u5dee\u63a5\u8fd1eps\uff0c\u5b58\u5728\u6570\u503c\u4e0d\u7a33\u5b9a\u98ce\u9669\u3002\u8003\u8651\u589e\u5927eps\u503c\u6216\u68c0\u67e5\u8f93\u5165\u6570\u636e\u9884\u5904\u7406\u3002",
    "batch_statistics": {
      "batch_size": 4,
      "num_channels": 32,
      "spatial_size": [
        16,
        16
      ],
      "input_range": {
        "min": -0.0376422181725502,
        "max": 0.0389702245593071,
        "mean": 8.362900189240463e-06,
        "std": 0.009970913641154766
      }
    },
    "numerical_feature_stats": {
      "near_zero_variance": 10,
      "extreme_values": 0,
      "small_batch": 0,
      "high_variance": 0
    },
    "channel_analysis_summary": [
      {
        "channel_index": 0,
        "channel_error": 0.00021290637960191816,
        "weight_error": 0.0,
        "bias_error": 0.0,
        "stats_instability_estimate": 0.5,
        "numerical_features": {
          "near_zero_variance": true,
          "extreme_values": false,
          "small_batch": false,
          "high_variance": false,
          "near_zero_mean": false,
          "skewed_distribution": false
        }
      },
      {
        "channel_index": 17,
        "channel_error": 0.00021111337991897017,
        "weight_error": 0.0,
        "bias_error": 0.0,
        "stats_instability_estimate": 0.5,
        "numerical_features": {
          "near_zero_variance": true,
          "extreme_values": false,
          "small_batch": false,
          "high_variance": false,
          "near_zero_mean": false,
          "skewed_distribution": false
        }
      },
      {
        "channel_index": 19,
        "channel_error": 0.00020968017634004354,
        "weight_error": 0.0,
        "bias_error": 0.0,
        "stats_instability_estimate": 5.0,
        "numerical_features": {
          "near_zero_variance": true,
          "extreme_values": false,
          "small_batch": false,
          "high_variance": false,
          "near_zero_mean": false,
          "skewed_distribution": false
        }
      },
      {
        "channel_index": 15,
        "channel_error": 0.00020953532657586038,
        "weight_error": 0.0,
        "bias_error": 0.0,
        "stats_instability_estimate": 5.0,
        "numerical_features": {
          "near_zero_variance": true,
          "extreme_values": false,
          "small_batch": false,
          "high_variance": false,
          "near_zero_mean": false,
          "skewed_distribution": false
        }
      },
      {
        "channel_index": 21,
        "channel_error": 0.00020934428903274238,
        "weight_error": 0.0,
        "bias_error": 0.0,
        "stats_instability_estimate": 0.5,
        "numerical_features": {
          "near_zero_variance": true,
          "extreme_values": false,
          "small_batch": false,
          "high_variance": false,
          "near_zero_mean": false,
          "skewed_distribution": false
        }
      },
      {
        "channel_index": 2,
        "channel_error": 0.00020825889077968895,
        "weight_error": 0.0,
        "bias_error": 0.0,
        "stats_instability_estimate": 5.0,
        "numerical_features": {
          "near_zero_variance": true,
          "extreme_values": false,
          "small_batch": false,
          "high_variance": false,
          "near_zero_mean": false,
          "skewed_distribution": false
        }
      },
      {
        "channel_index": 8,
        "channel_error": 0.0002081065031234175,
        "weight_error": 0.0,
        "bias_error": 0.0,
        "stats_instability_estimate": 5.0,
        "numerical_features": {
          "near_zero_variance": true,
          "extreme_values": false,
          "small_batch": false,
          "high_variance": false,
          "near_zero_mean": false,
          "skewed_distribution": false
        }
      },
      {
        "channel_index": 23,
        "channel_error": 0.00020649834186770022,
        "weight_error": 0.0,
        "bias_error": 0.0,
        "stats_instability_estimate": 5.0,
        "numerical_features": {
          "near_zero_variance": true,
          "extreme_values": false,
          "small_batch": false,
          "high_variance": false,
          "near_zero_mean": false,
          "skewed_distribution": false
        }
      },
      {
        "channel_index": 4,
        "channel_error": 0.00020280876196920872,
        "weight_error": 0.0,
        "bias_error": 0.0,
        "stats_instability_estimate": 0.5,
        "numerical_features": {
          "near_zero_variance": true,
          "extreme_values": false,
          "small_batch": false,
          "high_variance": false,
          "near_zero_mean": false,
          "skewed_distribution": false
        }
      },
      {
        "channel_index": 9,
        "channel_error": 0.00020176781981717795,
        "weight_error": 0.0,
        "bias_error": 0.0,
        "stats_instability_estimate": 5.0,
        "numerical_features": {
          "near_zero_variance": true,
          "extreme_values": false,
          "small_batch": false,
          "high_variance": false,
          "near_zero_mean": false,
          "skewed_distribution": false
        }
      }
    ]
  }
}