{
  "detector": {
    "detected_exceeded": false,
    "actual_err": 0.002292633056640625,
    "predicted_bound": 0.0025218963623046876,
    "elapsed_sec": 2.3640942573547363
  },
  "analyzer_report": {
    "component_estimates": {
      "input_storage_error": 0.002292633056640625,
      "max_subtraction_error": 0.002292633056640625,
      "exponential_error": 0.002292633056640625,
      "sum_accumulation_error": 0.002292633056640625,
      "output_storage_error": 0.002292633056640625
    },
    "component_ratios": {
      "input_storage_error": 0.2,
      "max_subtraction_error": 0.2,
      "exponential_error": 0.2,
      "sum_accumulation_error": 0.2,
      "output_storage_error": 0.2
    },
    "primary_source": "storage",
    "suggestion": "\u5206\u6790\u7ed3\u679c\u4e0d\u660e\u786e\uff1b\u8bf7\u68c0\u67e5\u8f93\u5165\u5206\u5e03\u6216\u589e\u52a0MC\u91c7\u6837\u3002 \u68c0\u6d4b\u5230\u6781\u5c0f\u7684exp\u503c\uff0c\u53ef\u80fd\u5bfc\u81f4\u4e0b\u6ea2\u548c\u7cbe\u5ea6\u635f\u5931\u3002 100.0%\u7684top\u8bef\u5dee\u6765\u81eamax logit\u4f4d\u7f6e\uff0c\u8fd9\u901a\u5e38\u5bf9softmax\u8f93\u51fa\u5f71\u54cd\u6700\u5927\u3002",
    "input_stats": {
      "min": -20.845760345458984,
      "max": 28.968124389648438,
      "mean": 1.0853831768035889,
      "std": 6.085964679718018,
      "range": 49.81388473510742
    },
    "stability_stats": {
      "max_shifted_logit": 0.0,
      "min_shifted_logit": -45.064910888671875,
      "max_exp_val": 1.0,
      "min_exp_val": 2.682611996229678e-20,
      "exp_sum_max": 1.9730582237243652,
      "exp_sum_min": 1.021058440208435
    },
    "max_logit_error_ratio": 1.0,
    "top_elements_summary": [
      {
        "coord": [
          6,
          10
        ],
        "element_error": 0.002292633056640625,
        "x_original": 26.380468368530273,
        "y_ref": 0.5467262268066406,
        "y_mixed": 0.54443359375,
        "storage_error": 0.0054683685302734375,
        "demote_error": 2.390146255493164e-05,
        "logit_analysis": {
          "softmax_position": 10,
          "softmax_dim_size": 512,
          "is_max_logit": true,
          "distance_from_max": 0.0
        }
      },
      {
        "coord": [
          6,
          56
        ],
        "element_error": 0.0019262731075286865,
        "x_original": 25.697463989257812,
        "y_ref": 0.2761498987674713,
        "y_mixed": 0.278076171875,
        "storage_error": 0.0056610107421875,
        "demote_error": 5.4836273193359375e-06,
        "logit_analysis": {
          "softmax_position": 56,
          "softmax_dim_size": 512,
          "is_max_logit": true,
          "distance_from_max": 0.0
        }
      },
      {
        "coord": [
          7,
          318
        ],
        "element_error": 0.0007740333676338196,
        "x_original": 20.88172149658203,
        "y_ref": 0.09556163102388382,
        "y_mixed": 0.09478759765625,
        "storage_error": 0.00672149658203125,
        "demote_error": 2.039968967437744e-05,
        "logit_analysis": {
          "softmax_position": 318,
          "softmax_dim_size": 512,
          "is_max_logit": true,
          "distance_from_max": 0.0
        }
      },
      {
        "coord": [
          5,
          104
        ],
        "element_error": 0.0007254481315612793,
        "x_original": 20.619504928588867,
        "y_ref": 0.08728724718093872,
        "y_mixed": 0.0880126953125,
        "storage_error": 0.0054950714111328125,
        "demote_error": 2.0973384380340576e-05,
        "logit_analysis": {
          "softmax_position": 104,
          "softmax_dim_size": 512,
          "is_max_logit": true,
          "distance_from_max": 0.0
        }
      },
      {
        "coord": [
          0,
          114
        ],
        "element_error": 0.0007003247737884521,
        "x_original": 21.567628860473633,
        "y_ref": 0.27657923102378845,
        "y_mixed": 0.27587890625,
        "storage_error": 0.0051288604736328125,
        "demote_error": 8.577108383178711e-05,
        "logit_analysis": {
          "softmax_position": 114,
          "softmax_dim_size": 512,
          "is_max_logit": true,
          "distance_from_max": 0.0
        }
      },
      {
        "coord": [
          1,
          73
        ],
        "element_error": 0.0005929172039031982,
        "x_original": 22.484817504882812,
        "y_ref": 0.3545968234539032,
        "y_mixed": 0.35400390625,
        "storage_error": 0.0004425048828125,
        "demote_error": 1.9341707229614258e-05,
        "logit_analysis": {
          "softmax_position": 73,
          "softmax_dim_size": 512,
          "is_max_logit": true,
          "distance_from_max": 0.0
        }
      },
      {
        "coord": [
          1,
          285
        ],
        "element_error": 0.0005511865019798279,
        "x_original": 21.086429595947266,
        "y_ref": 0.08758357912302017,
        "y_mixed": 0.088134765625,
        "storage_error": 0.007320404052734375,
        "demote_error": 1.1414289474487305e-05,
        "logit_analysis": {
          "softmax_position": 285,
          "softmax_dim_size": 512,
          "is_max_logit": true,
          "distance_from_max": 0.0
        }
      },
      {
        "coord": [
          0,
          84
        ],
        "element_error": 0.0005129575729370117,
        "x_original": 22.34543228149414,
        "y_ref": 0.602026104927063,
        "y_mixed": 0.6025390625,
        "storage_error": 0.001682281494140625,
        "demote_error": 0.0002232193946838379,
        "logit_analysis": {
          "softmax_position": 84,
          "softmax_dim_size": 512,
          "is_max_logit": true,
          "distance_from_max": 0.0
        }
      },
      {
        "coord": [
          1,
          380
        ],
        "element_error": 0.0004968047142028809,
        "x_original": 22.84200668334961,
        "y_ref": 0.5068274140357971,
        "y_mixed": 0.50732421875,
        "storage_error": 0.001743316650390625,
        "demote_error": 0.00020933151245117188,
        "logit_analysis": {
          "softmax_position": 380,
          "softmax_dim_size": 512,
          "is_max_logit": true,
          "distance_from_max": 0.0
        }
      },
      {
        "coord": [
          2,
          350
        ],
        "element_error": 0.0004857778549194336,
        "x_original": 24.98466682434082,
        "y_ref": 0.25586187839508057,
        "y_mixed": 0.25634765625,
        "storage_error": 0.0002918243408203125,
        "demote_error": 0.00010824203491210938,
        "logit_analysis": {
          "softmax_position": 350,
          "softmax_dim_size": 512,
          "is_max_logit": true,
          "distance_from_max": 0.0
        }
      }
    ]
  }
}