{
  "detector": {
    "detected_exceeded": false,
    "actual_err": 6.778538227081299e-05,
    "predicted_bound": 0.00015401208947878333,
    "elapsed_sec": 4.0016913414001465
  },
  "meta": {
    "distribution": "adversarial_sum",
    "bias": true,
    "batch_size": 32,
    "in_features": 1024,
    "out_features": 4096
  },
  "analyzer_report": {
    "component_estimates": {
      "input_storage_error": 6.778538227081299e-05,
      "weight_storage_error": 6.778538227081299e-05,
      "accumulation_error": 6.778538227081299e-05,
      "output_storage_error": 0.00010760128498077393,
      "bias_storage_error": 6.778538227081299e-05
    },
    "component_ratios": {
      "input_storage_error": 0.1789747019711217,
      "weight_storage_error": 0.1789747019711217,
      "accumulation_error": 0.1789747019711217,
      "output_storage_error": 0.2841011921155132,
      "bias_storage_error": 0.1789747019711217
    },
    "primary_source": "input_storage",
    "suggestion": "\u4e3b\u8981\u8bef\u5dee\u6765\u6e90\u4e3a\u8f93\u5165\u5b58\u50a8\u7cbe\u5ea6\u3002\u5efa\u8bae\uff1a\u63d0\u5347\u8f93\u5165\u5b58\u50a8\u7cbe\u5ea6\u6216\u8fdb\u884c\u8f93\u5165\u5f52\u4e00\u5316/\u6807\u51c6\u5316\u4ee5\u964d\u4f4e\u6570\u503c\u8303\u56f4\u3002",
    "aggregated_ratios": {
      "input_storage": 0.9703266363755354,
      "weight_storage": 0.0,
      "bias_storage": 0.0,
      "accumulation": 0.00012811382412829174,
      "demote": 0.02954524980033628
    },
    "top_neurons_summary": [
      {
        "coord": [
          12,
          832
        ],
        "neuron_error": 6.778538227081299e-05,
        "y_ref": -0.1485052853822708,
        "y_mixed": -0.1484375,
        "input_storage_error": 0.0014134077355265617,
        "weight_storage_error": 0.0,
        "bias_storage_error": 0.0,
        "accumulation_estimate": 2.384185791015625e-07,
        "demote_error": 5.0514936447143555e-05,
        "in_features": 1024,
        "neuron_idx": 832,
        "batch_idx": 12
      },
      {
        "coord": [
          15,
          70
        ],
        "neuron_error": 6.403028964996338e-05,
        "y_ref": -0.12628473341464996,
        "y_mixed": -0.126220703125,
        "input_storage_error": 0.001438992447219789,
        "weight_storage_error": 0.0,
        "bias_storage_error": 0.0,
        "accumulation_estimate": 2.384185791015625e-07,
        "demote_error": 5.608797073364258e-05,
        "in_features": 1024,
        "neuron_idx": 70,
        "batch_idx": 15
      },
      {
        "coord": [
          13,
          2855
        ],
        "neuron_error": 6.256997585296631e-05,
        "y_ref": 0.12713469564914703,
        "y_mixed": 0.127197265625,
        "input_storage_error": 0.0013890450354665518,
        "weight_storage_error": 0.0,
        "bias_storage_error": 0.0,
        "accumulation_estimate": 2.384185791015625e-07,
        "demote_error": 5.6996941566467285e-05,
        "in_features": 1024,
        "neuron_idx": 2855,
        "batch_idx": 13
      },
      {
        "coord": [
          9,
          2131
        ],
        "neuron_error": 5.5402517318725586e-05,
        "y_ref": 0.12958326935768127,
        "y_mixed": 0.129638671875,
        "input_storage_error": 0.0015605160733684897,
        "weight_storage_error": 0.0,
        "bias_storage_error": 0.0,
        "accumulation_estimate": 2.384185791015625e-07,
        "demote_error": 5.689263343811035e-05,
        "in_features": 1024,
        "neuron_idx": 2131,
        "batch_idx": 9
      },
      {
        "coord": [
          13,
          2739
        ],
        "neuron_error": 4.941225051879883e-05,
        "y_ref": -0.1484869122505188,
        "y_mixed": -0.1484375,
        "input_storage_error": 0.0013890450354665518,
        "weight_storage_error": 0.0,
        "bias_storage_error": 0.0,
        "accumulation_estimate": 2.384185791015625e-07,
        "demote_error": 5.391240119934082e-05,
        "in_features": 1024,
        "neuron_idx": 2739,
        "batch_idx": 13
      },
      {
        "coord": [
          24,
          3083
        ],
        "neuron_error": 4.884600639343262e-05,
        "y_ref": -0.12690427899360657,
        "y_mixed": -0.126953125,
        "input_storage_error": 0.0014270767569541931,
        "weight_storage_error": 0.0,
        "bias_storage_error": 0.0,
        "accumulation_estimate": 2.384185791015625e-07,
        "demote_error": 5.435943603515625e-05,
        "in_features": 1024,
        "neuron_idx": 3083,
        "batch_idx": 24
      },
      {
        "coord": [
          17,
          1695
        ],
        "neuron_error": 4.637986421585083e-05,
        "y_ref": 0.09135497361421585,
        "y_mixed": 0.09130859375,
        "input_storage_error": 0.001467739581130445,
        "weight_storage_error": 0.0,
        "bias_storage_error": 0.0,
        "accumulation_estimate": 1.1920928955078125e-07,
        "demote_error": 2.752244472503662e-05,
        "in_features": 1024,
        "neuron_idx": 1695,
        "batch_idx": 17
      },
      {
        "coord": [
          9,
          157
        ],
        "neuron_error": 4.6312808990478516e-05,
        "y_ref": 0.07566887140274048,
        "y_mixed": 0.07562255859375,
        "input_storage_error": 0.0015605160733684897,
        "weight_storage_error": 0.0,
        "bias_storage_error": 0.0,
        "accumulation_estimate": 1.1920928955078125e-07,
        "demote_error": 2.9087066650390625e-05,
        "in_features": 1024,
        "neuron_idx": 157,
        "batch_idx": 9
      },
      {
        "coord": [
          13,
          3139
        ],
        "neuron_error": 4.616379737854004e-05,
        "y_ref": 0.06477317214012146,
        "y_mixed": 0.0648193359375,
        "input_storage_error": 0.0013890450354665518,
        "weight_storage_error": 0.0,
        "bias_storage_error": 0.0,
        "accumulation_estimate": 1.1920928955078125e-07,
        "demote_error": 2.4728477001190186e-05,
        "in_features": 1024,
        "neuron_idx": 3139,
        "batch_idx": 13
      },
      {
        "coord": [
          7,
          3336
        ],
        "neuron_error": 4.611164331436157e-05,
        "y_ref": -0.06282009929418564,
        "y_mixed": -0.0628662109375,
        "input_storage_error": 0.0014107635943219066,
        "weight_storage_error": 0.0,
        "bias_storage_error": 0.0,
        "accumulation_estimate": 1.1920928955078125e-07,
        "demote_error": 2.9765069484710693e-05,
        "in_features": 1024,
        "neuron_idx": 3336,
        "batch_idx": 7
      }
    ]
  }
}