{
  "detector": {
    "detected_exceeded": false,
    "actual_err": 6.121397018432617e-05,
    "predicted_bound": 0.0001414315920555964,
    "elapsed_sec": 4.056387901306152
  },
  "meta": {
    "distribution": "adversarial_sum",
    "bias": true,
    "batch_size": 32,
    "in_features": 1024,
    "out_features": 4096
  },
  "analyzer_report": {
    "component_estimates": {
      "input_storage_error": 6.121397018432617e-05,
      "weight_storage_error": 6.121397018432617e-05,
      "accumulation_error": 6.121397018432617e-05,
      "output_storage_error": 0.00011099874973297119,
      "bias_storage_error": 6.121397018432617e-05
    },
    "component_ratios": {
      "input_storage_error": 0.17201959716929777,
      "weight_storage_error": 0.17201959716929777,
      "accumulation_error": 0.17201959716929777,
      "output_storage_error": 0.31192161132280893,
      "bias_storage_error": 0.17201959716929777
    },
    "primary_source": "input_storage",
    "suggestion": "\u4e3b\u8981\u8bef\u5dee\u6765\u6e90\u4e3a\u8f93\u5165\u5b58\u50a8\u7cbe\u5ea6\u3002\u5efa\u8bae\uff1a\u63d0\u5347\u8f93\u5165\u5b58\u50a8\u7cbe\u5ea6\u6216\u8fdb\u884c\u8f93\u5165\u5f52\u4e00\u5316/\u6807\u51c6\u5316\u4ee5\u964d\u4f4e\u6570\u503c\u8303\u56f4\u3002",
    "aggregated_ratios": {
      "input_storage": 0.9673564284173627,
      "weight_storage": 0.0,
      "bias_storage": 0.0,
      "accumulation": 0.00014226146047967829,
      "demote": 0.032501310122157616
    },
    "top_neurons_summary": [
      {
        "coord": [
          25,
          2620
        ],
        "neuron_error": 6.121397018432617e-05,
        "y_ref": 0.13092023134231567,
        "y_mixed": 0.1309814453125,
        "input_storage_error": 0.0014235044363886118,
        "weight_storage_error": 0.0,
        "bias_storage_error": 0.0,
        "accumulation_estimate": 2.384185791015625e-07,
        "demote_error": 5.94407320022583e-05,
        "in_features": 1024,
        "neuron_idx": 2620,
        "batch_idx": 25
      },
      {
        "coord": [
          25,
          4022
        ],
        "neuron_error": 5.932152271270752e-05,
        "y_ref": 0.1422746628522873,
        "y_mixed": 0.142333984375,
        "input_storage_error": 0.0014235044363886118,
        "weight_storage_error": 0.0,
        "bias_storage_error": 0.0,
        "accumulation_estimate": 2.384185791015625e-07,
        "demote_error": 5.239248275756836e-05,
        "in_features": 1024,
        "neuron_idx": 4022,
        "batch_idx": 25
      },
      {
        "coord": [
          13,
          3840
        ],
        "neuron_error": 5.866587162017822e-05,
        "y_ref": -0.12505866587162018,
        "y_mixed": -0.125,
        "input_storage_error": 0.0015494649996981025,
        "weight_storage_error": 0.0,
        "bias_storage_error": 0.0,
        "accumulation_estimate": 2.384185791015625e-07,
        "demote_error": 6.064772605895996e-05,
        "in_features": 1024,
        "neuron_idx": 3840,
        "batch_idx": 13
      },
      {
        "coord": [
          31,
          3292
        ],
        "neuron_error": 5.663931369781494e-05,
        "y_ref": -0.13080273568630219,
        "y_mixed": -0.130859375,
        "input_storage_error": 0.0015102329198271036,
        "weight_storage_error": 0.0,
        "bias_storage_error": 0.0,
        "accumulation_estimate": 2.384185791015625e-07,
        "demote_error": 5.02467155456543e-05,
        "in_features": 1024,
        "neuron_idx": 3292,
        "batch_idx": 31
      },
      {
        "coord": [
          7,
          2572
        ],
        "neuron_error": 5.519390106201172e-05,
        "y_ref": 0.128839373588562,
        "y_mixed": 0.1287841796875,
        "input_storage_error": 0.0014242649776861072,
        "weight_storage_error": 0.0,
        "bias_storage_error": 0.0,
        "accumulation_estimate": 2.384185791015625e-07,
        "demote_error": 5.294382572174072e-05,
        "in_features": 1024,
        "neuron_idx": 2572,
        "batch_idx": 7
      },
      {
        "coord": [
          28,
          3977
        ],
        "neuron_error": 5.30928373336792e-05,
        "y_ref": 0.09210999310016632,
        "y_mixed": 0.0921630859375,
        "input_storage_error": 0.001455567660741508,
        "weight_storage_error": 0.0,
        "bias_storage_error": 0.0,
        "accumulation_estimate": 1.1920928955078125e-07,
        "demote_error": 2.8774142265319824e-05,
        "in_features": 1024,
        "neuron_idx": 3977,
        "batch_idx": 28
      },
      {
        "coord": [
          11,
          238
        ],
        "neuron_error": 5.2191317081451416e-05,
        "y_ref": -0.07024262100458145,
        "y_mixed": -0.0701904296875,
        "input_storage_error": 0.001492897979915142,
        "weight_storage_error": 0.0,
        "bias_storage_error": 0.0,
        "accumulation_estimate": 1.1920928955078125e-07,
        "demote_error": 2.9869377613067627e-05,
        "in_features": 1024,
        "neuron_idx": 238,
        "batch_idx": 11
      },
      {
        "coord": [
          13,
          2724
        ],
        "neuron_error": 5.200505256652832e-05,
        "y_ref": -0.12848803400993347,
        "y_mixed": -0.1285400390625,
        "input_storage_error": 0.0015494649996981025,
        "weight_storage_error": 0.0,
        "bias_storage_error": 0.0,
        "accumulation_estimate": 2.384185791015625e-07,
        "demote_error": 4.789233207702637e-05,
        "in_features": 1024,
        "neuron_idx": 2724,
        "batch_idx": 13
      },
      {
        "coord": [
          3,
          2491
        ],
        "neuron_error": 5.1647424697875977e-05,
        "y_ref": 0.12726768851280212,
        "y_mixed": 0.1273193359375,
        "input_storage_error": 0.001409660093486309,
        "weight_storage_error": 0.0,
        "bias_storage_error": 0.0,
        "accumulation_estimate": 2.384185791015625e-07,
        "demote_error": 5.385279655456543e-05,
        "in_features": 1024,
        "neuron_idx": 2491,
        "batch_idx": 3
      },
      {
        "coord": [
          5,
          32
        ],
        "neuron_error": 5.081295967102051e-05,
        "y_ref": -0.13066604733467102,
        "y_mixed": -0.130615234375,
        "input_storage_error": 0.0013523302040994167,
        "weight_storage_error": 0.0,
        "bias_storage_error": 0.0,
        "accumulation_estimate": 2.384185791015625e-07,
        "demote_error": 5.416572093963623e-05,
        "in_features": 1024,
        "neuron_idx": 32,
        "batch_idx": 5
      }
    ]
  }
}