{
  "detector": {
    "detected_exceeded": false,
    "actual_err": 6.951391696929932e-05,
    "predicted_bound": 0.0001579707590281032,
    "elapsed_sec": 3.930464506149292
  },
  "meta": {
    "distribution": "adversarial_sum",
    "bias": true,
    "batch_size": 32,
    "in_features": 1024,
    "out_features": 4096
  },
  "analyzer_report": {
    "component_estimates": {
      "input_storage_error": 6.951391696929932e-05,
      "weight_storage_error": 6.951391696929932e-05,
      "accumulation_error": 6.951391696929932e-05,
      "output_storage_error": 0.00011578202247619629,
      "bias_storage_error": 6.951391696929932e-05
    },
    "component_ratios": {
      "input_storage_error": 0.1765039727582293,
      "weight_storage_error": 0.1765039727582293,
      "accumulation_error": 0.1765039727582293,
      "output_storage_error": 0.2939841089670829,
      "bias_storage_error": 0.1765039727582293
    },
    "primary_source": "input_storage",
    "suggestion": "\u4e3b\u8981\u8bef\u5dee\u6765\u6e90\u4e3a\u8f93\u5165\u5b58\u50a8\u7cbe\u5ea6\u3002\u5efa\u8bae\uff1a\u63d0\u5347\u8f93\u5165\u5b58\u50a8\u7cbe\u5ea6\u6216\u8fdb\u884c\u8f93\u5165\u5f52\u4e00\u5316/\u6807\u51c6\u5316\u4ee5\u964d\u4f4e\u6570\u503c\u8303\u56f4\u3002",
    "aggregated_ratios": {
      "input_storage": 0.965047620334661,
      "weight_storage": 0.0,
      "bias_storage": 0.0,
      "accumulation": 0.00015250998863606185,
      "demote": 0.03479986967670297
    },
    "top_neurons_summary": [
      {
        "coord": [
          26,
          2835
        ],
        "neuron_error": 6.951391696929932e-05,
        "y_ref": 0.1517859548330307,
        "y_mixed": 0.15185546875,
        "input_storage_error": 0.0014201635494828224,
        "weight_storage_error": 0.0,
        "bias_storage_error": 0.0,
        "accumulation_estimate": 2.384185791015625e-07,
        "demote_error": 5.8531761169433594e-05,
        "in_features": 1024,
        "neuron_idx": 2835,
        "batch_idx": 26
      },
      {
        "coord": [
          14,
          3370
        ],
        "neuron_error": 6.653368473052979e-05,
        "y_ref": 0.12517760694026947,
        "y_mixed": 0.125244140625,
        "input_storage_error": 0.0014398536877706647,
        "weight_storage_error": 0.0,
        "bias_storage_error": 0.0,
        "accumulation_estimate": 2.384185791015625e-07,
        "demote_error": 6.054341793060303e-05,
        "in_features": 1024,
        "neuron_idx": 3370,
        "batch_idx": 14
      },
      {
        "coord": [
          22,
          2797
        ],
        "neuron_error": 5.905330181121826e-05,
        "y_ref": 0.15435989201068878,
        "y_mixed": 0.1544189453125,
        "input_storage_error": 0.0014873952604830265,
        "weight_storage_error": 0.0,
        "bias_storage_error": 0.0,
        "accumulation_estimate": 2.384185791015625e-07,
        "demote_error": 4.851818084716797e-05,
        "in_features": 1024,
        "neuron_idx": 2797,
        "batch_idx": 22
      },
      {
        "coord": [
          9,
          1585
        ],
        "neuron_error": 5.561113357543945e-05,
        "y_ref": 0.12883979082107544,
        "y_mixed": 0.1287841796875,
        "input_storage_error": 0.0013814688427373767,
        "weight_storage_error": 0.0,
        "bias_storage_error": 0.0,
        "accumulation_estimate": 2.384185791015625e-07,
        "demote_error": 5.264580249786377e-05,
        "in_features": 1024,
        "neuron_idx": 1585,
        "batch_idx": 9
      },
      {
        "coord": [
          10,
          3052
        ],
        "neuron_error": 5.525350570678711e-05,
        "y_ref": -0.1303158402442932,
        "y_mixed": -0.13037109375,
        "input_storage_error": 0.001403639791533351,
        "weight_storage_error": 0.0,
        "bias_storage_error": 0.0,
        "accumulation_estimate": 2.384185791015625e-07,
        "demote_error": 5.3748488426208496e-05,
        "in_features": 1024,
        "neuron_idx": 3052,
        "batch_idx": 10
      },
      {
        "coord": [
          17,
          632
        ],
        "neuron_error": 5.380809307098389e-05,
        "y_ref": -0.12517587840557098,
        "y_mixed": -0.1251220703125,
        "input_storage_error": 0.0014922056579962373,
        "weight_storage_error": 0.0,
        "bias_storage_error": 0.0,
        "accumulation_estimate": 2.384185791015625e-07,
        "demote_error": 5.576014518737793e-05,
        "in_features": 1024,
        "neuron_idx": 632,
        "batch_idx": 17
      },
      {
        "coord": [
          1,
          3917
        ],
        "neuron_error": 5.1975250244140625e-05,
        "y_ref": 0.13361501693725586,
        "y_mixed": 0.1336669921875,
        "input_storage_error": 0.0014360775239765644,
        "weight_storage_error": 0.0,
        "bias_storage_error": 0.0,
        "accumulation_estimate": 2.384185791015625e-07,
        "demote_error": 5.46872615814209e-05,
        "in_features": 1024,
        "neuron_idx": 3917,
        "batch_idx": 1
      },
      {
        "coord": [
          11,
          2427
        ],
        "neuron_error": 4.9427151679992676e-05,
        "y_ref": 0.13652403652668,
        "y_mixed": 0.136474609375,
        "input_storage_error": 0.0013400057796388865,
        "weight_storage_error": 0.0,
        "bias_storage_error": 0.0,
        "accumulation_estimate": 2.384185791015625e-07,
        "demote_error": 5.221366882324219e-05,
        "in_features": 1024,
        "neuron_idx": 2427,
        "batch_idx": 11
      },
      {
        "coord": [
          17,
          1276
        ],
        "neuron_error": 4.8160552978515625e-05,
        "y_ref": 0.14826726913452148,
        "y_mixed": 0.1483154296875,
        "input_storage_error": 0.0014922056579962373,
        "weight_storage_error": 0.0,
        "bias_storage_error": 0.0,
        "accumulation_estimate": 2.384185791015625e-07,
        "demote_error": 4.966557025909424e-05,
        "in_features": 1024,
        "neuron_idx": 1276,
        "batch_idx": 17
      },
      {
        "coord": [
          13,
          1187
        ],
        "neuron_error": 4.797428846359253e-05,
        "y_ref": -0.07341223210096359,
        "y_mixed": -0.0733642578125,
        "input_storage_error": 0.0014392270240932703,
        "weight_storage_error": 0.0,
        "bias_storage_error": 0.0,
        "accumulation_estimate": 1.1920928955078125e-07,
        "demote_error": 3.0510127544403076e-05,
        "in_features": 1024,
        "neuron_idx": 1187,
        "batch_idx": 13
      }
    ]
  }
}