{
  "detector": {
    "detected_exceeded": false,
    "actual_err": 2.9801952905472717e-08,
    "predicted_bound": 3.360181835887488e-05,
    "elapsed_sec": 2.2590694427490234
  },
  "analyzer_report": {
    "component_estimates": {
      "input_storage_error": 2.9801952905472717e-08,
      "output_storage_error": 3.054234548471868e-05
    },
    "component_ratios": {
      "input_storage_error": 0.0009748073132997003,
      "output_storage_error": 0.9990251926867003
    },
    "primary_source": "storage",
    "suggestion": "\u4e3b\u8981\u8bef\u5dee\u6765\u6e90\u4e3a\u8f93\u5165\u5b58\u50a8\u7cbe\u5ea6\u3002\u5efa\u8bae\uff1a\u63d0\u5347\u8f93\u5165\u5b58\u50a8\u7cbe\u5ea6\u6216\u8fdb\u884c\u8f93\u5165\u5f52\u4e00\u5316\uff0c\u7279\u522b\u6ce8\u610f\u63a5\u8fd1\u96f6\u7684\u503c\u3002 \u68c0\u6d4b\u5230\u63a5\u8fd1\u96f6\u7684\u8f93\u5165\u503c\uff0c\u8fd9\u4e9b\u5728ReLU\u4e2d\u6700\u5bb9\u6613\u4ea7\u751f\u7cbe\u5ea6\u8bef\u5dee\u3002\u8003\u8651\u6dfb\u52a0\u5c0f\u7684\u504f\u7f6e\u6216\u4f7f\u7528Leaky ReLU\u3002",
    "relu_behavior_stats": {
      "near_zero": 10
    },
    "top_elements_summary": [
      {
        "coord": [
          0,
          66,
          20,
          15
        ],
        "element_error": 2.9801952905472717e-08,
        "x_original": 2.682205320070352e-07,
        "y_ref": 2.682205320070352e-07,
        "y_mixed": 2.384185791015625e-07,
        "relu_behavior": "near_zero",
        "storage_error": 2.9801952905472717e-08,
        "demote_error": 0.0
      },
      {
        "coord": [
          0,
          90,
          25,
          2
        ],
        "element_error": 2.9801924483763287e-08,
        "x_original": 5.662437274622789e-07,
        "y_ref": 5.662437274622789e-07,
        "y_mixed": 5.364418029785156e-07,
        "relu_behavior": "near_zero",
        "storage_error": 2.9801924483763287e-08,
        "demote_error": 0.0
      },
      {
        "coord": [
          0,
          172,
          17,
          12
        ],
        "element_error": 2.9801896062053856e-08,
        "x_original": 3.278259725902899e-07,
        "y_ref": 3.278259725902899e-07,
        "y_mixed": 3.5762786865234375e-07,
        "relu_behavior": "near_zero",
        "storage_error": 2.9801896062053856e-08,
        "demote_error": 0.0
      },
      {
        "coord": [
          0,
          8,
          11,
          22
        ],
        "element_error": 2.9801128675899236e-08,
        "x_original": 2.682220952010539e-07,
        "y_ref": 2.682220952010539e-07,
        "y_mixed": 2.980232238769531e-07,
        "relu_behavior": "near_zero",
        "storage_error": 2.9801128675899236e-08,
        "demote_error": 0.0
      },
      {
        "coord": [
          0,
          237,
          20,
          10
        ],
        "element_error": 2.9801071832480375e-08,
        "x_original": 9.238707434633397e-07,
        "y_ref": 9.238707434633397e-07,
        "y_mixed": 8.940696716308594e-07,
        "relu_behavior": "near_zero",
        "storage_error": 2.9801071832480375e-08,
        "demote_error": 0.0
      },
      {
        "coord": [
          0,
          50,
          1,
          16
        ],
        "element_error": 2.9800162337778602e-08,
        "x_original": 9.238741540684714e-07,
        "y_ref": 9.238741540684714e-07,
        "y_mixed": 9.5367431640625e-07,
        "relu_behavior": "near_zero",
        "storage_error": 2.9800162337778602e-08,
        "demote_error": 0.0
      },
      {
        "coord": [
          0,
          219,
          9,
          1
        ],
        "element_error": 2.9799821277265437e-08,
        "x_original": 4.470323347049998e-07,
        "y_ref": 4.470323347049998e-07,
        "y_mixed": 4.172325134277344e-07,
        "relu_behavior": "near_zero",
        "storage_error": 2.9799821277265437e-08,
        "demote_error": 0.0
      },
      {
        "coord": [
          0,
          155,
          18,
          22
        ],
        "element_error": 2.9799821277265437e-08,
        "x_original": 9.834791399043752e-07,
        "y_ref": 9.834791399043752e-07,
        "y_mixed": 1.0132789611816406e-06,
        "relu_behavior": "near_zero",
        "storage_error": 2.9799821277265437e-08,
        "demote_error": 0.0
      },
      {
        "coord": [
          0,
          3,
          17,
          11
        ],
        "element_error": 2.979939495162398e-08,
        "x_original": 3.8742726360396773e-07,
        "y_ref": 3.8742726360396773e-07,
        "y_mixed": 3.5762786865234375e-07,
        "relu_behavior": "near_zero",
        "storage_error": 2.979939495162398e-08,
        "demote_error": 0.0
      },
      {
        "coord": [
          0,
          14,
          21,
          4
        ],
        "element_error": 2.979925284307683e-08,
        "x_original": 6.854564844616107e-07,
        "y_ref": 6.854564844616107e-07,
        "y_mixed": 7.152557373046875e-07,
        "relu_behavior": "near_zero",
        "storage_error": 2.979925284307683e-08,
        "demote_error": 0.0
      }
    ]
  }
}