{
  "detector": {
    "detected_exceeded": false,
    "actual_err": 5.854293704032898e-06,
    "predicted_bound": 3.98298154323129e-05,
    "elapsed_sec": 2.6746063232421875
  },
  "matrix_info": {
    "input_shape": [
      256,
      1024
    ],
    "weight_shape": [
      1024,
      512
    ],
    "output_shape": [
      256,
      512
    ],
    "accumulation_dim": 1024
  },
  "analyzer_report": {
    "component_estimates": {
      "input_storage_error": 5.854293704032898e-06,
      "weight_storage_error": 5.854293704032898e-06,
      "accumulation_error": 5.854293704032898e-06,
      "demote_error": 3.454834222793579e-05
    },
    "component_ratios": {
      "input_storage_error": 0.1123422811595239,
      "weight_storage_error": 0.1123422811595239,
      "accumulation_error": 0.1123422811595239,
      "demote_error": 0.6629731565214283
    },
    "primary_source": "x_storage",
    "suggestion": "\u4e3b\u8981\u8bef\u5dee\u6765\u6e90\u4e3a\u8f93\u5165\u5b58\u50a8\u7cbe\u5ea6\u3002\u5efa\u8bae\uff1a\u63d0\u5347\u8f93\u5165\u5b58\u50a8\u7cbe\u5ea6\uff1b\u8fdb\u884c\u8f93\u5165\u5f52\u4e00\u5316\u6216\u6743\u91cd\u7f29\u653e\u4ee5\u6539\u5584\u6570\u503c\u8303\u56f4\u3002 \u68c0\u6d4b\u5230\u6570\u503c\u7a33\u5b9a\u6027\u95ee\u9898\uff08\u6761\u4ef6\u6570\u6307\u6807=4.08\uff09\u3002\u5efa\u8bae\uff1a(1)\u8f93\u5165/\u6743\u91cd\u9884\u5904\u7406\u548c\u5f52\u4e00\u5316\uff1b(2)\u68c0\u67e5\u662f\u5426\u5b58\u5728\u75c5\u6001\u77e9\u9635\u3002",
    "numerical_stability": {
      "average_condition_indicator": 4.081700203697691,
      "accumulation_dimension": 1024,
      "stability_assessment": "good"
    },
    "top_elements_summary": [
      {
        "coord": [
          229,
          478
        ],
        "element_error": 5.854293704032898e-06,
        "y_ref": 0.009550226852297783,
        "y_mixed": 0.00954437255859375,
        "x_storage_error": 0.0001534698239993304,
        "w_storage_error": 0.0,
        "accumulation_error_estimate": 1.4901161193847656e-08,
        "demote_error": 3.6153942346572876e-06,
        "condition_indicator": 4.349935033618274,
        "product_stats": {
          "min": -0.00047900204663164914,
          "max": 0.000545865623280406,
          "mean": 9.324207894678693e-06,
          "std": 0.00010522472439333797
        }
      },
      {
        "coord": [
          217,
          281
        ],
        "element_error": 5.5925920605659485e-06,
        "y_ref": 0.008112083189189434,
        "y_mixed": 0.00811767578125,
        "x_storage_error": 0.00014808381092734635,
        "w_storage_error": 0.0,
        "accumulation_error_estimate": 1.4901161193847656e-08,
        "demote_error": 3.7671998143196106e-06,
        "condition_indicator": 3.1339764235432184,
        "product_stats": {
          "min": -0.0006167215760797262,
          "max": 0.0006144360522739589,
          "mean": 7.923740668047685e-06,
          "std": 0.00010092394950333983
        }
      },
      {
        "coord": [
          66,
          420
        ],
        "element_error": 5.131587386131287e-06,
        "y_ref": -0.009501093998551369,
        "y_mixed": -0.0095062255859375,
        "x_storage_error": 0.00014410495350603014,
        "w_storage_error": 0.0,
        "accumulation_error_estimate": 1.4901161193847656e-08,
        "demote_error": 3.4226104617118835e-06,
        "condition_indicator": 4.341586191489491,
        "product_stats": {
          "min": -0.000503324088640511,
          "max": 0.00041888022678904235,
          "mean": -9.280077392759267e-06,
          "std": 9.816919919103384e-05
        }
      },
      {
        "coord": [
          213,
          402
        ],
        "element_error": 5.0710514187812805e-06,
        "y_ref": -0.011149103753268719,
        "y_mixed": -0.0111541748046875,
        "x_storage_error": 0.0001466709072701633,
        "w_storage_error": 0.0,
        "accumulation_error_estimate": 1.4901161193847656e-08,
        "demote_error": 3.6535784602165222e-06,
        "condition_indicator": 3.5797221529775847,
        "product_stats": {
          "min": -0.00046740975813008845,
          "max": 0.0006134143332019448,
          "mean": -1.0889178156503476e-05,
          "std": 0.00010149200534215197
        }
      },
      {
        "coord": [
          91,
          398
        ],
        "element_error": 4.947185516357422e-06,
        "y_ref": -0.008936703205108643,
        "y_mixed": -0.008941650390625,
        "x_storage_error": 0.0001390493562212214,
        "w_storage_error": 0.0,
        "accumulation_error_estimate": 1.4901161193847656e-08,
        "demote_error": 3.750436007976532e-06,
        "condition_indicator": 3.740240667838835,
        "product_stats": {
          "min": -0.0006399579579010606,
          "max": 0.0005423716502264142,
          "mean": -8.728416105441283e-06,
          "std": 0.00010186852159677073
        }
      },
      {
        "coord": [
          138,
          416
        ],
        "element_error": 4.893168807029724e-06,
        "y_ref": 0.00992094911634922,
        "y_mixed": 0.00992584228515625,
        "x_storage_error": 0.00014764530351385474,
        "w_storage_error": 0.0,
        "accumulation_error_estimate": 1.4901161193847656e-08,
        "demote_error": 3.6293640732765198e-06,
        "condition_indicator": 4.556298857656403,
        "product_stats": {
          "min": -0.0006407100008800626,
          "max": 0.0005017161602154374,
          "mean": 9.689659236755688e-06,
          "std": 9.950996900442988e-05
        }
      },
      {
        "coord": [
          196,
          362
        ],
        "element_error": 4.8531219363212585e-06,
        "y_ref": -0.007876311428844929,
        "y_mixed": -0.00788116455078125,
        "x_storage_error": 0.00014736389857716858,
        "w_storage_error": 0.0,
        "accumulation_error_estimate": 1.4901161193847656e-08,
        "demote_error": 3.3956021070480347e-06,
        "condition_indicator": 4.474329194441283,
        "product_stats": {
          "min": -0.0007323402096517384,
          "max": 0.0006601533386856318,
          "mean": -7.693132829444949e-06,
          "std": 0.00010351376113248989
        }
      },
      {
        "coord": [
          55,
          391
        ],
        "element_error": 4.815869033336639e-06,
        "y_ref": 0.009457635693252087,
        "y_mixed": 0.00945281982421875,
        "x_storage_error": 0.00014158146223053336,
        "w_storage_error": 0.0,
        "accumulation_error_estimate": 1.4901161193847656e-08,
        "demote_error": 3.7066638469696045e-06,
        "condition_indicator": 3.334721447863074,
        "product_stats": {
          "min": -0.0004063999804202467,
          "max": 0.000632629613392055,
          "mean": 9.234887329512276e-06,
          "std": 0.00010140982340089977
        }
      },
      {
        "coord": [
          181,
          299
        ],
        "element_error": 4.7907233238220215e-06,
        "y_ref": 0.008137725293636322,
        "y_mixed": 0.0081329345703125,
        "x_storage_error": 0.00015141836775001138,
        "w_storage_error": 0.0,
        "accumulation_error_estimate": 1.4901161193847656e-08,
        "demote_error": 3.6731362342834473e-06,
        "condition_indicator": 4.56300327229127,
        "product_stats": {
          "min": -0.0006353346398100257,
          "max": 0.0007465486996807158,
          "mean": 7.9459096014034e-06,
          "std": 0.00011083436402259395
        }
      },
      {
        "coord": [
          215,
          190
        ],
        "element_error": 4.7869980335235596e-06,
        "y_ref": -0.008358974009752274,
        "y_mixed": -0.00835418701171875,
        "x_storage_error": 0.00014922274567652494,
        "w_storage_error": 0.0,
        "accumulation_error_estimate": 1.4901161193847656e-08,
        "demote_error": 3.432855010032654e-06,
        "condition_indicator": 4.743188795257492,
        "product_stats": {
          "min": -0.0005317608593031764,