{
  "detector": {
    "detected_exceeded": false,
    "actual_err": 0.001950591802597046,
    "predicted_bound": 0.0024142056703567506,
    "elapsed_sec": 2.561253547668457
  },
  "analyzer_report": {
    "component_estimates": {
      "input_storage_error": 0.001950591802597046,
      "max_subtraction_error": 0.001950591802597046,
      "exponential_error": 0.001950591802597046,
      "sum_accumulation_error": 0.001950591802597046,
      "output_storage_error": 0.001950591802597046
    },
    "component_ratios": {
      "input_storage_error": 0.2,
      "max_subtraction_error": 0.2,
      "exponential_error": 0.2,
      "sum_accumulation_error": 0.2,
      "output_storage_error": 0.2
    },
    "primary_source": "storage",
    "suggestion": "\u5206\u6790\u7ed3\u679c\u4e0d\u660e\u786e\uff1b\u8bf7\u68c0\u67e5\u8f93\u5165\u5206\u5e03\u6216\u589e\u52a0MC\u91c7\u6837\u3002 \u68c0\u6d4b\u5230\u6781\u5c0f\u7684exp\u503c\uff0c\u53ef\u80fd\u5bfc\u81f4\u4e0b\u6ea2\u548c\u7cbe\u5ea6\u635f\u5931\u3002 100.0%\u7684top\u8bef\u5dee\u6765\u81eamax logit\u4f4d\u7f6e\uff0c\u8fd9\u901a\u5e38\u5bf9softmax\u8f93\u51fa\u5f71\u54cd\u6700\u5927\u3002",
    "input_stats": {
      "min": -17.369831085205078,
      "max": 30.30471420288086,
      "mean": 0.8775845766067505,
      "std": 6.095070838928223,
      "range": 47.67454528808594
    },
    "stability_stats": {
      "max_shifted_logit": 0.0,
      "min_shifted_logit": -45.562828063964844,
      "max_exp_val": 1.0,
      "min_exp_val": 1.630478969858001e-20,
      "exp_sum_max": 2.4749088287353516,
      "exp_sum_min": 1.0000847578048706
    },
    "max_logit_error_ratio": 1.0,
    "top_elements_summary": [
      {
        "coord": [
          5,
          167
        ],
        "element_error": 0.001950591802597046,
        "x_original": 21.50875473022461,
        "y_ref": 0.40405526757240295,
        "y_mixed": 0.406005859375,
        "storage_error": 0.006870269775390625,
        "demote_error": 9.5367431640625e-06,
        "logit_analysis": {
          "softmax_position": 167,
          "softmax_dim_size": 512,
          "is_max_logit": true,
          "distance_from_max": 0.0
        }
      },
      {
        "coord": [
          1,
          368
        ],
        "element_error": 0.0017091631889343262,
        "x_original": 20.918092727661133,
        "y_ref": 0.2761228680610657,
        "y_mixed": 0.27783203125,
        "storage_error": 0.0037822723388671875,
        "demote_error": 5.08427619934082e-05,
        "logit_analysis": {
          "softmax_position": 368,
          "softmax_dim_size": 512,
          "is_max_logit": true,
          "distance_from_max": 0.0
        }
      },
      {
        "coord": [
          1,
          213
        ],
        "element_error": 0.0015063285827636719,
        "x_original": 21.396116256713867,
        "y_ref": 0.44535398483276367,
        "y_mixed": 0.44384765625,
        "storage_error": 0.0054912567138671875,
        "demote_error": 4.5418739318847656e-05,
        "logit_analysis": {
          "softmax_position": 213,
          "softmax_dim_size": 512,
          "is_max_logit": true,
          "distance_from_max": 0.0
        }
      },
      {
        "coord": [
          5,
          18
        ],
        "element_error": 0.0013981759548187256,
        "x_original": 21.003673553466797,
        "y_ref": 0.24382981657981873,
        "y_mixed": 0.242431640625,
        "storage_error": 0.003673553466796875,
        "demote_error": 1.1220574378967285e-05,
        "logit_analysis": {
          "softmax_position": 18,
          "softmax_dim_size": 512,
          "is_max_logit": true,
          "distance_from_max": 0.0
        }
      },
      {
        "coord": [
          5,
          105
        ],
        "element_error": 0.0009061545133590698,
        "x_original": 20.50442123413086,
        "y_ref": 0.14800088107585907,
        "y_mixed": 0.1470947265625,
        "storage_error": 0.004421234130859375,
        "demote_error": 4.5686960220336914e-05,
        "logit_analysis": {
          "softmax_position": 105,
          "softmax_dim_size": 512,
          "is_max_logit": true,
          "distance_from_max": 0.0
        }
      },
      {
        "coord": [
          4,
          486
        ],
        "element_error": 0.0008264780044555664,
        "x_original": 25.121444702148438,
        "y_ref": 0.8312047719955444,
        "y_mixed": 0.83203125,
        "storage_error": 0.0035552978515625,
        "demote_error": 0.00015413761138916016,
        "logit_analysis": {
          "softmax_position": 486,
          "softmax_dim_size": 512,
          "is_max_logit": true,
          "distance_from_max": 0.0
        }
      },
      {
        "coord": [
          7,
          2
        ],
        "element_error": 0.0007843077182769775,
        "x_original": 21.834375381469727,
        "y_ref": 0.399465948343277,
        "y_mixed": 0.398681640625,
        "storage_error": 0.0062503814697265625,
        "demote_error": 7.078051567077637e-05,
        "logit_analysis": {
          "softmax_position": 2,
          "softmax_dim_size": 512,
          "is_max_logit": true,
          "distance_from_max": 0.0
        }
      },
      {
        "coord": [
          1,
          232
        ],
        "element_error": 0.000630602240562439,
        "x_original": 20.396873474121094,
        "y_ref": 0.16396068036556244,
        "y_mixed": 0.163330078125,
        "storage_error": 0.00624847412109375,
        "demote_error": 3.0934810638427734e-05,
        "logit_analysis": {
          "softmax_position": 232,
          "softmax_dim_size": 512,
          "is_max_logit": true,
          "distance_from_max": 0.0
        }
      },
      {
        "coord": [
          5,
          214
        ],
        "element_error": 0.0003839954733848572,
        "x_original": 19.868406295776367,
        "y_ref": 0.07835135608911514,
        "y_mixed": 0.0787353515625,
        "storage_error": 0.0065937042236328125,
        "demote_error": 2.5674700736999512e-05,
        "logit_analysis": {
          "softmax_position": 214,
          "softmax_dim_size": 512,
          "is_max_logit": true,
          "distance_from_max": 0.0
        }
      },
      {
        "coord": [
          7,
          210
        ],
        "element_error": 0.00037322938442230225,
        "x_original": 20.72018051147461,
        "y_ref": 0.1310964971780777,
        "y_mixed": 0.1314697265625,
        "storage_error": 0.001430511474609375,
        "demote_error": 2.181529998779297e-05,
        "logit_analysis": {
          "softmax_position": 210,
          "softmax_dim_size": 512,
          "is_max_logit": true,
          "distance_from_max": 0.0
        }
      }
    ]
  }
}