{
  "detector": {
    "detected_exceeded": false,
    "actual_err": 2.980220870085759e-08,
    "predicted_bound": 3.3602002440602524e-05,
    "elapsed_sec": 2.2770557403564453
  },
  "analyzer_report": {
    "component_estimates": {
      "input_storage_error": 2.980220870085759e-08,
      "output_storage_error": 3.054313128814101e-05
    },
    "component_ratios": {
      "input_storage_error": 0.0009747906168028039,
      "output_storage_error": 0.9990252093831972
    },
    "primary_source": "storage",
    "suggestion": "\u4e3b\u8981\u8bef\u5dee\u6765\u6e90\u4e3a\u8f93\u5165\u5b58\u50a8\u7cbe\u5ea6\u3002\u5efa\u8bae\uff1a\u63d0\u5347\u8f93\u5165\u5b58\u50a8\u7cbe\u5ea6\u6216\u8fdb\u884c\u8f93\u5165\u5f52\u4e00\u5316\uff0c\u7279\u522b\u6ce8\u610f\u63a5\u8fd1\u96f6\u7684\u503c\u3002 \u68c0\u6d4b\u5230\u63a5\u8fd1\u96f6\u7684\u8f93\u5165\u503c\uff0c\u8fd9\u4e9b\u5728ReLU\u4e2d\u6700\u5bb9\u6613\u4ea7\u751f\u7cbe\u5ea6\u8bef\u5dee\u3002\u8003\u8651\u6dfb\u52a0\u5c0f\u7684\u504f\u7f6e\u6216\u4f7f\u7528Leaky ReLU\u3002",
    "relu_behavior_stats": {
      "near_zero": 10
    },
    "top_elements_summary": [
      {
        "coord": [
          0,
          85,
          14,
          29
        ],
        "element_error": 2.980220870085759e-08,
        "x_original": 2.0861614302702947e-07,
        "y_ref": 2.0861614302702947e-07,
        "y_mixed": 1.7881393432617188e-07,
        "relu_behavior": "near_zero",
        "storage_error": 2.980220870085759e-08,
        "demote_error": 0.0
      },
      {
        "coord": [
          0,
          67,
          20,
          11
        ],
        "element_error": 2.9801896062053856e-08,
        "x_original": 3.27825119939007e-07,
        "y_ref": 3.27825119939007e-07,
        "y_mixed": 2.980232238769531e-07,
        "relu_behavior": "near_zero",
        "storage_error": 2.9801896062053856e-08,
        "demote_error": 0.0
      },
      {
        "coord": [
          0,
          166,
          24,
          23
        ],
        "element_error": 2.9801491052694473e-08,
        "x_original": 8.94061358280851e-08,
        "y_ref": 8.94061358280851e-08,
        "y_mixed": 5.960464477539063e-08,
        "relu_behavior": "near_zero",
        "storage_error": 2.9801491052694473e-08,
        "demote_error": 0.0
      },
      {
        "coord": [
          0,
          204,
          11,
          27
        ],
        "element_error": 2.98014697364124e-08,
        "x_original": 5.66243272714928e-07,
        "y_ref": 5.66243272714928e-07,
        "y_mixed": 5.364418029785156e-07,
        "relu_behavior": "near_zero",
        "storage_error": 2.98014697364124e-08,
        "demote_error": 0.0
      },
      {
        "coord": [
          0,
          65,
          3,
          3
        ],
        "element_error": 2.98014697364124e-08,
        "x_original": 6.854542675682751e-07,
        "y_ref": 6.854542675682751e-07,
        "y_mixed": 7.152557373046875e-07,
        "relu_behavior": "near_zero",
        "storage_error": 2.98014697364124e-08,
        "demote_error": 0.0
      },
      {
        "coord": [
          0,
          150,
          26,
          23
        ],
        "element_error": 2.9801299206155818e-08,
        "x_original": 9.238709708370152e-07,
        "y_ref": 9.238709708370152e-07,
        "y_mixed": 8.940696716308594e-07,
        "relu_behavior": "near_zero",
        "storage_error": 2.9801299206155818e-08,
        "demote_error": 0.0
      },
      {
        "coord": [
          0,
          193,
          14,
          11
        ],
        "element_error": 2.9801071832480375e-08,
        "x_original": 8.642660986879491e-07,
        "y_ref": 8.642660986879491e-07,
        "y_mixed": 8.344650268554688e-07,
        "relu_behavior": "near_zero",
        "storage_error": 2.9801071832480375e-08,
        "demote_error": 0.0
      },
      {
        "coord": [
          0,
          113,
          31,
          17
        ],
        "element_error": 2.9801071832480375e-08,
        "x_original": 8.940821771830088e-08,
        "y_ref": 8.940821771830088e-08,
        "y_mixed": 1.1920928955078125e-07,
        "relu_behavior": "near_zero",
        "storage_error": 2.9801071832480375e-08,
        "demote_error": 0.0
      },
      {
        "coord": [
          0,
          180,
          20,
          11
        ],
        "element_error": 2.9800958145642653e-08,
        "x_original": 4.4703347157337703e-07,
        "y_ref": 4.4703347157337703e-07,
        "y_mixed": 4.172325134277344e-07,
        "relu_behavior": "near_zero",
        "storage_error": 2.9800958145642653e-08,
        "demote_error": 0.0
      },
      {
        "coord": [
          0,
          41,
          20,
          21
        ],
        "element_error": 2.9800958145642653e-08,
        "x_original": 7.450566954503302e-07,
        "y_ref": 7.450566954503302e-07,
        "y_mixed": 7.152557373046875e-07,
        "relu_behavior": "near_zero",
        "storage_error": 2.9800958145642653e-08,
        "demote_error": 0.0
      }
    ]
  }
}