{
  "detector": {
    "detected_exceeded": false,
    "actual_err": 5.2481889724731445e-05,
    "predicted_bound": 0.0001274829832254909,
    "elapsed_sec": 3.9057791233062744
  },
  "meta": {
    "distribution": "adversarial_sum",
    "bias": true,
    "batch_size": 32,
    "in_features": 1024,
    "out_features": 4096
  },
  "analyzer_report": {
    "component_estimates": {
      "input_storage_error": 5.2481889724731445e-05,
      "weight_storage_error": 5.2481889724731445e-05,
      "accumulation_error": 5.2481889724731445e-05,
      "output_storage_error": 9.78708267211914e-05,
      "bias_storage_error": 5.2481889724731445e-05
    },
    "component_ratios": {
      "input_storage_error": 0.17050735863671573,
      "weight_storage_error": 0.17050735863671573,
      "accumulation_error": 0.17050735863671573,
      "output_storage_error": 0.3179705654531371,
      "bias_storage_error": 0.17050735863671573
    },
    "primary_source": "input_storage",
    "suggestion": "\u4e3b\u8981\u8bef\u5dee\u6765\u6e90\u4e3a\u8f93\u5165\u5b58\u50a8\u7cbe\u5ea6\u3002\u5efa\u8bae\uff1a\u63d0\u5347\u8f93\u5165\u5b58\u50a8\u7cbe\u5ea6\u6216\u8fdb\u884c\u8f93\u5165\u5f52\u4e00\u5316/\u6807\u51c6\u5316\u4ee5\u964d\u4f4e\u6570\u503c\u8303\u56f4\u3002",
    "aggregated_ratios": {
      "input_storage": 0.9773521397147047,
      "weight_storage": 0.0,
      "bias_storage": 0.0,
      "accumulation": 9.707742671347524e-05,
      "demote": 0.02255078285858182
    },
    "top_neurons_summary": [
      {
        "coord": [
          29,
          2829
        ],
        "neuron_error": 5.2481889724731445e-05,
        "y_ref": -0.13054564595222473,
        "y_mixed": -0.1304931640625,
        "input_storage_error": 0.0013979219365864992,
        "weight_storage_error": 0.0,
        "bias_storage_error": 0.0,
        "accumulation_estimate": 2.384185791015625e-07,
        "demote_error": 5.365908145904541e-05,
        "in_features": 1024,
        "neuron_idx": 2829,
        "batch_idx": 29
      },
      {
        "coord": [
          14,
          2930
        ],
        "neuron_error": 5.1662325859069824e-05,
        "y_ref": 0.07335488498210907,
        "y_mixed": 0.07330322265625,
        "input_storage_error": 0.001456361380405724,
        "weight_storage_error": 0.0,
        "bias_storage_error": 0.0,
        "accumulation_estimate": 1.1920928955078125e-07,
        "demote_error": 2.9571354389190674e-05,
        "in_features": 1024,
        "neuron_idx": 2930,
        "batch_idx": 14
      },
      {
        "coord": [
          17,
          804
        ],
        "neuron_error": 4.9233436584472656e-05,
        "y_ref": -0.12519490718841553,
        "y_mixed": -0.125244140625,
        "input_storage_error": 0.0014091860502958298,
        "weight_storage_error": 0.0,
        "bias_storage_error": 0.0,
        "accumulation_estimate": 2.384185791015625e-07,
        "demote_error": 4.845857620239258e-05,
        "in_features": 1024,
        "neuron_idx": 804,
        "batch_idx": 17
      },
      {
        "coord": [
          9,
          2977
        ],
        "neuron_error": 4.8883259296417236e-05,
        "y_ref": 0.07432866841554642,
        "y_mixed": 0.07427978515625,
        "input_storage_error": 0.0014277303125709295,
        "weight_storage_error": 0.0,
        "bias_storage_error": 0.0,
        "accumulation_estimate": 1.1920928955078125e-07,
        "demote_error": 2.954155206680298e-05,
        "in_features": 1024,
        "neuron_idx": 2977,
        "batch_idx": 9
      },
      {
        "coord": [
          4,
          4031
        ],
        "neuron_error": 4.879385232925415e-05,
        "y_ref": -0.09703365713357925,
        "y_mixed": -0.09698486328125,
        "input_storage_error": 0.0014655736740678549,
        "weight_storage_error": 0.0,
        "bias_storage_error": 0.0,
        "accumulation_estimate": 1.1920928955078125e-07,
        "demote_error": 3.0450522899627686e-05,
        "in_features": 1024,
        "neuron_idx": 4031,
        "batch_idx": 4
      },
      {
        "coord": [
          25,
          1306
        ],
        "neuron_error": 4.86224889755249e-05,
        "y_ref": -0.06257344782352448,
        "y_mixed": -0.0626220703125,
        "input_storage_error": 0.0014854372711852193,
        "weight_storage_error": 0.0,
        "bias_storage_error": 0.0,
        "accumulation_estimate": 1.1920928955078125e-07,
        "demote_error": 3.0487775802612305e-05,
        "in_features": 1024,
        "neuron_idx": 1306,
        "batch_idx": 25
      },
      {
        "coord": [
          24,
          207
        ],
        "neuron_error": 4.859268665313721e-05,
        "y_ref": -0.07853980362415314,
        "y_mixed": -0.0784912109375,
        "input_storage_error": 0.0014804031234234571,
        "weight_storage_error": 0.0,
        "bias_storage_error": 0.0,
        "accumulation_estimate": 1.1920928955078125e-07,
        "demote_error": 2.8267502784729004e-05,
        "in_features": 1024,
        "neuron_idx": 207,
        "batch_idx": 24
      },
      {
        "coord": [
          28,
          2103
        ],
        "neuron_error": 4.7788023948669434e-05,
        "y_ref": 0.06513775885105133,
        "y_mixed": 0.065185546875,
        "input_storage_error": 0.0013574960175901651,
        "weight_storage_error": 0.0,
        "bias_storage_error": 0.0,
        "accumulation_estimate": 1.1920928955078125e-07,
        "demote_error": 2.790987491607666e-05,
        "in_features": 1024,
        "neuron_idx": 2103,
        "batch_idx": 28
      },
      {
        "coord": [
          4,
          460
        ],
        "neuron_error": 4.748255014419556e-05,
        "y_ref": 0.0725843533873558,
        "y_mixed": 0.0726318359375,
        "input_storage_error": 0.0014655736740678549,
        "weight_storage_error": 0.0,
        "bias_storage_error": 0.0,
        "accumulation_estimate": 1.1920928955078125e-07,
        "demote_error": 2.5622546672821045e-05,
        "in_features": 1024,
        "neuron_idx": 460,
        "batch_idx": 4
      },
      {
        "coord": [
          14,
          448
        ],
        "neuron_error": 4.7400593757629395e-05,
        "y_ref": 0.10966654121875763,
        "y_mixed": 0.109619140625,
        "input_storage_error": 0.001456361380405724,
        "weight_storage_error": 0.0,
        "bias_storage_error": 0.0,
        "accumulation_estimate": 1.1920928955078125e-07,
        "demote_error": 2.833455801010132e-05,
        "in_features": 1024,
        "neuron_idx": 448,
        "batch_idx": 14
      }
    ]
  }
}