{
  "detector": {
    "detected_exceeded": false,
    "actual_err": 6.374716758728027e-05,
    "predicted_bound": 0.00014467311120824888,
    "elapsed_sec": 3.7822353839874268
  },
  "meta": {
    "distribution": "adversarial_sum",
    "bias": true,
    "batch_size": 32,
    "in_features": 1024,
    "out_features": 4096
  },
  "analyzer_report": {
    "component_estimates": {
      "input_storage_error": 6.374716758728027e-05,
      "weight_storage_error": 6.374716758728027e-05,
      "accumulation_error": 6.374716758728027e-05,
      "output_storage_error": 0.00010442733764648438,
      "bias_storage_error": 6.374716758728027e-05
    },
    "component_ratios": {
      "input_storage_error": 0.177363184079602,
      "weight_storage_error": 0.177363184079602,
      "accumulation_error": 0.177363184079602,
      "output_storage_error": 0.29054726368159206,
      "bias_storage_error": 0.177363184079602
    },
    "primary_source": "input_storage",
    "suggestion": "\u4e3b\u8981\u8bef\u5dee\u6765\u6e90\u4e3a\u8f93\u5165\u5b58\u50a8\u7cbe\u5ea6\u3002\u5efa\u8bae\uff1a\u63d0\u5347\u8f93\u5165\u5b58\u50a8\u7cbe\u5ea6\u6216\u8fdb\u884c\u8f93\u5165\u5f52\u4e00\u5316/\u6807\u51c6\u5316\u4ee5\u964d\u4f4e\u6570\u503c\u8303\u56f4\u3002",
    "aggregated_ratios": {
      "input_storage": 0.9733840300037085,
      "weight_storage": 0.0,
      "bias_storage": 0.0,
      "accumulation": 0.0001196156170834962,
      "demote": 0.026496354379207953
    },
    "top_neurons_summary": [
      {
        "coord": [
          18,
          2568
        ],
        "neuron_error": 6.374716758728027e-05,
        "y_ref": -0.13092312216758728,
        "y_mixed": -0.130859375,
        "input_storage_error": 0.0015525715425610542,
        "weight_storage_error": 0.0,
        "bias_storage_error": 0.0,
        "accumulation_estimate": 2.384185791015625e-07,
        "demote_error": 6.0185790061950684e-05,
        "in_features": 1024,
        "neuron_idx": 2568,
        "batch_idx": 18
      },
      {
        "coord": [
          12,
          1123
        ],
        "neuron_error": 5.930662155151367e-05,
        "y_ref": -0.1354352831840515,
        "y_mixed": -0.1353759765625,
        "input_storage_error": 0.0014082128182053566,
        "weight_storage_error": 0.0,
        "bias_storage_error": 0.0,
        "accumulation_estimate": 2.384185791015625e-07,
        "demote_error": 4.6581029891967773e-05,
        "in_features": 1024,
        "neuron_idx": 1123,
        "batch_idx": 12
      },
      {
        "coord": [
          5,
          1213
        ],
        "neuron_error": 5.336105823516846e-05,
        "y_ref": 0.12651820480823517,
        "y_mixed": 0.12646484375,
        "input_storage_error": 0.0014611901715397835,
        "weight_storage_error": 0.0,
        "bias_storage_error": 0.0,
        "accumulation_estimate": 2.384185791015625e-07,
        "demote_error": 5.678832530975342e-05,
        "in_features": 1024,
        "neuron_idx": 1213,
        "batch_idx": 5
      },
      {
        "coord": [
          6,
          1398
        ],
        "neuron_error": 4.9598515033721924e-05,
        "y_ref": 0.08592606335878372,
        "y_mixed": 0.08587646484375,
        "input_storage_error": 0.0014228546060621738,
        "weight_storage_error": 0.0,
        "bias_storage_error": 0.0,
        "accumulation_estimate": 1.1920928955078125e-07,
        "demote_error": 2.9511749744415283e-05,
        "in_features": 1024,
        "neuron_idx": 1398,
        "batch_idx": 6
      },
      {
        "coord": [
          29,
          3518
        ],
        "neuron_error": 4.886835813522339e-05,
        "y_ref": -0.06480716913938522,
        "y_mixed": -0.06475830078125,
        "input_storage_error": 0.0014915438368916512,
        "weight_storage_error": 0.0,
        "bias_storage_error": 0.0,
        "accumulation_estimate": 1.1920928955078125e-07,
        "demote_error": 2.8580427169799805e-05,
        "in_features": 1024,
        "neuron_idx": 3518,
        "batch_idx": 29
      },
      {
        "coord": [
          0,
          4052
        ],
        "neuron_error": 4.8488378524780273e-05,
        "y_ref": -0.07139858603477478,
        "y_mixed": -0.07135009765625,
        "input_storage_error": 0.0014042869443073869,
        "weight_storage_error": 0.0,
        "bias_storage_error": 0.0,
        "accumulation_estimate": 1.1920928955078125e-07,
        "demote_error": 3.00481915473938e-05,
        "in_features": 1024,
        "neuron_idx": 4052,
        "batch_idx": 0
      },
      {
        "coord": [
          18,
          1033
        ],
        "neuron_error": 4.8294663429260254e-05,
        "y_ref": -0.06529487669467926,
        "y_mixed": -0.06524658203125,
        "input_storage_error": 0.0015525715425610542,
        "weight_storage_error": 0.0,
        "bias_storage_error": 0.0,
        "accumulation_estimate": 1.1920928955078125e-07,
        "demote_error": 3.026425838470459e-05,
        "in_features": 1024,
        "neuron_idx": 1033,
        "batch_idx": 18
      },
      {
        "coord": [
          2,
          3733
        ],
        "neuron_error": 4.789233207702637e-05,
        "y_ref": -0.17207124829292297,
        "y_mixed": -0.172119140625,
        "input_storage_error": 0.0014556861715391278,
        "weight_storage_error": 0.0,
        "bias_storage_error": 0.0,
        "accumulation_estimate": 2.384185791015625e-07,
        "demote_error": 4.3332576751708984e-05,
        "in_features": 1024,
        "neuron_idx": 3733,
        "batch_idx": 2
      },
      {
        "coord": [
          13,
          817
        ],
        "neuron_error": 4.786252975463867e-05,
        "y_ref": 0.07536524534225464,
        "y_mixed": 0.0753173828125,
        "input_storage_error": 0.0013531537260860205,
        "weight_storage_error": 0.0,
        "bias_storage_error": 0.0,
        "accumulation_estimate": 1.1920928955078125e-07,
        "demote_error": 2.833455801010132e-05,
        "in_features": 1024,
        "neuron_idx": 817,
        "batch_idx": 13
      },
      {
        "coord": [
          22,
          2337
        ],
        "neuron_error": 4.64320182800293e-05,
        "y_ref": -0.13557368516921997,
        "y_mixed": -0.1356201171875,
        "input_storage_error": 0.0014490911271423101,
        "weight_storage_error": 0.0,
        "bias_storage_error": 0.0,
        "accumulation_estimate": 2.384185791015625e-07,
        "demote_error": 4.246830940246582e-05,
        "in_features": 1024,
        "neuron_idx": 2337,
        "batch_idx": 22
      }
    ]
  }
}