{
  "detector": {
    "detected_exceeded": false,
    "actual_err": 0.00011301040649414062,
    "predicted_bound": 0.00020901759853586557,
    "elapsed_sec": 3.8581295013427734
  },
  "analyzer_report": {
    "component_estimates": {
      "input_storage_error": 0.00011301040649414062,
      "statistics_computation_error": 0.00011301040649414062,
      "output_storage_error": 0.0001414865255355835,
      "weight_storage_error": 0.00011301040649414062,
      "bias_storage_error": 0.00011301040649414062
    },
    "component_ratios": {
      "input_storage_error": 0.19040445883859305,
      "statistics_computation_error": 0.19040445883859305,
      "output_storage_error": 0.23838216464562778,
      "weight_storage_error": 0.19040445883859305,
      "bias_storage_error": 0.19040445883859305
    },
    "primary_source": "demote",
    "suggestion": "\u4e3b\u8981\u8bef\u5dee\u6765\u6e90\u4e3a\u8f93\u51fa\u964d\u7cbe\u5ea6\u3002\u5efa\u8bae\uff1a\u5ef6\u8fdf\u964d\u7cbe\u5ea6\u6216\u63d0\u9ad8\u8f93\u51fa\u7cbe\u5ea6\uff1b\u68c0\u67e5LayerNorm\u8f93\u51fa\u7684\u6570\u503c\u8303\u56f4\u3002",
    "statistics_errors": {
      "mean_error": 2.8578597266459838e-09,
      "var_error": 1.0116352200384426e-12,
      "std_error": 2.3283064365386963e-10
    },
    "norm_behavior_stats": {
      "normal": 10
    },
    "top_elements_summary": [
      {
        "coord": [
          0,
          69,
          271
        ],
        "element_error": 0.00011301040649414062,
        "x_original": -0.0004951606970280409,
        "y_ref": -0.15819406509399414,
        "y_mixed": -0.1580810546875,
        "norm_behavior": "normal",
        "storage_error": 2.0372681319713593e-07,
        "weight_error": 0.0,
        "bias_error": 0.0,
        "demote_error": 4.832446575164795e-05,
        "local_mean_error": 9.727045835461468e-10,
        "local_std_error": 0.0
      },
      {
        "coord": [
          5,
          37,
          424
        ],
        "element_error": 9.001791477203369e-05,
        "x_original": -0.0004497899499256164,
        "y_ref": -0.14163361489772797,
        "y_mixed": -0.1417236328125,
        "norm_behavior": "normal",
        "storage_error": 1.0590883903205395e-07,
        "weight_error": 0.0,
        "bias_error": 0.0,
        "demote_error": 5.671381950378418e-05,
        "local_mean_error": 5.488800525199622e-10,
        "local_std_error": 0.0
      },
      {
        "coord": [
          0,
          113,
          620
        ],
        "element_error": 8.851289749145508e-05,
        "x_original": 0.0004023309738840908,
        "y_ref": 0.12826234102249146,
        "y_mixed": 0.128173828125,
        "norm_behavior": "normal",
        "storage_error": 1.1883093975484371e-07,
        "weight_error": 0.0,
        "bias_error": 0.0,
        "demote_error": 5.093216896057129e-05,
        "local_mean_error": 7.298694981727749e-11,
        "local_std_error": 0.0
      },
      {
        "coord": [
          6,
          492,
          470
        ],
        "element_error": 8.723139762878418e-05,
        "x_original": -0.00041714252438396215,
        "y_ref": -0.13199284672737122,
        "y_mixed": -0.132080078125,
        "norm_behavior": "normal",
        "storage_error": 8.998904377222061e-08,
        "weight_error": 0.0,
        "bias_error": 0.0,
        "demote_error": 5.9038400650024414e-05,
        "local_mean_error": 7.642881882929942e-10,
        "local_std_error": 0.0
      },
      {
        "coord": [
          5,
          236,
          648
        ],
        "element_error": 8.64267349243164e-05,
        "x_original": -0.00041808761307038367,
        "y_ref": -0.13260400295257568,
        "y_mixed": -0.1326904296875,
        "norm_behavior": "normal",
        "storage_error": 9.857467375695705e-08,
        "weight_error": 0.0,
        "bias_error": 0.0,
        "demote_error": 5.543231964111328e-05,
        "local_mean_error": 5.421725290943868e-10,
        "local_std_error": 0.0
      },
      {
        "coord": [
          6,
          272,
          503
        ],
        "element_error": 8.316338062286377e-05,
        "x_original": 0.0003908546641469002,
        "y_ref": 0.12715835869312286,
        "y_mixed": 0.1270751953125,
        "norm_behavior": "normal",
        "storage_error": 8.66129994392395e-08,
        "weight_error": 0.0,
        "bias_error": 0.0,
        "demote_error": 5.6162476539611816e-05,
        "local_mean_error": 1.1314114090055227e-09,
        "local_std_error": 0.0
      },
      {
        "coord": [
          5,
          212,
          678
        ],
        "element_error": 8.302927017211914e-05,
        "x_original": 0.0004011575074400753,
        "y_ref": 0.12992185354232788,
        "y_mixed": 0.1300048828125,
        "norm_behavior": "normal",
        "storage_error": 1.0096118785440922e-07,
        "weight_error": 0.0,
        "bias_error": 0.0,
        "demote_error": 5.130469799041748e-05,
        "local_mean_error": 5.95719029661268e-10,
        "local_std_error": 0.0
      },
      {
        "coord": [
          7,
          458,
          233
        ],
        "element_error": 7.864832878112793e-05,
        "x_original": -0.00040584648377262056,
        "y_ref": -0.12703177332878113,
        "y_mixed": -0.126953125,
        "norm_behavior": "normal",
        "storage_error": 5.806214176118374e-08,
        "weight_error": 0.0,
        "bias_error": 0.0,
        "demote_error": 6.026029586791992e-05,
        "local_mean_error": 1.5370460459962487e-10,
        "local_std_error": 0.0
      },
      {
        "coord": [
          4,
          144,
          112
        ],
        "element_error": 7.857382297515869e-05,
        "x_original": -0.00041040166979655623,
        "y_ref": -0.12947310507297516,
        "y_mixed": -0.12939453125,
        "norm_behavior": "normal",
        "storage_error": 8.329516276717186e-08,
        "weight_error": 0.0,
        "bias_error": 0.0,
        "demote_error": 5.233287811279297e-05,
        "local_mean_error": 2.6625457394402474e-10,
        "local_std_error": 0.0
      },
      {
        "coord": [
          4,
          266,
          261
        ],
        "element_error": 7.772445678710938e-05,
        "x_original": 0.000394707836676389,
        "y_ref": 0.1260209083557129,
        "y_mixed": 0.1260986328125,
        "norm_behavior": "normal",
        "storage_error": 1.1333031579852104e-07,
        "weight_error": 0.0,
        "bias_error": 0.0,
        "demote_error": 4.152953624725342e-05,
        "local_mean_error": 1.1987140169367194e-09,
        "local_std_error": 0.0
      }
    ]
  }
}