{
  "detector": {
    "detected_exceeded": false,
    "actual_err": 5.69317489862442e-06,
    "predicted_bound": 3.96740942960605e-05,
    "elapsed_sec": 2.745492935180664
  },
  "matrix_info": {
    "input_shape": [
      256,
      1024
    ],
    "weight_shape": [
      1024,
      512
    ],
    "output_shape": [
      256,
      512
    ],
    "accumulation_dim": 1024
  },
  "analyzer_report": {
    "component_estimates": {
      "input_storage_error": 5.69317489862442e-06,
      "weight_storage_error": 5.69317489862442e-06,
      "accumulation_error": 5.69317489862442e-06,
      "demote_error": 3.461632877588272e-05
    },
    "component_ratios": {
      "input_storage_error": 0.1101282697989479,
      "weight_storage_error": 0.1101282697989479,
      "accumulation_error": 0.1101282697989479,
      "demote_error": 0.6696151906031563
    },
    "primary_source": "x_storage",
    "suggestion": "\u4e3b\u8981\u8bef\u5dee\u6765\u6e90\u4e3a\u8f93\u5165\u5b58\u50a8\u7cbe\u5ea6\u3002\u5efa\u8bae\uff1a\u63d0\u5347\u8f93\u5165\u5b58\u50a8\u7cbe\u5ea6\uff1b\u8fdb\u884c\u8f93\u5165\u5f52\u4e00\u5316\u6216\u6743\u91cd\u7f29\u653e\u4ee5\u6539\u5584\u6570\u503c\u8303\u56f4\u3002 \u68c0\u6d4b\u5230\u6570\u503c\u7a33\u5b9a\u6027\u95ee\u9898\uff08\u6761\u4ef6\u6570\u6307\u6807=4.25\uff09\u3002\u5efa\u8bae\uff1a(1)\u8f93\u5165/\u6743\u91cd\u9884\u5904\u7406\u548c\u5f52\u4e00\u5316\uff1b(2)\u68c0\u67e5\u662f\u5426\u5b58\u5728\u75c5\u6001\u77e9\u9635\u3002",
    "numerical_stability": {
      "average_condition_indicator": 4.251878662574178,
      "accumulation_dimension": 1024,
      "stability_assessment": "good"
    },
    "top_elements_summary": [
      {
        "coord": [
          75,
          441
        ],
        "element_error": 5.69317489862442e-06,
        "y_ref": -0.008169145323336124,
        "y_mixed": -0.0081634521484375,
        "x_storage_error": 0.0001593092893017456,
        "w_storage_error": 0.0,
        "accumulation_error_estimate": 1.4901161193847656e-08,
        "demote_error": 3.8044527173042297e-06,
        "condition_indicator": 4.019840303574808,
        "product_stats": {
          "min": -0.0005842357641085982,
          "max": 0.00046091125113889575,
          "mean": -7.975834705575835e-06,
          "std": 0.00010452361311763525
        }
      },
      {
        "coord": [
          79,
          391
        ],
        "element_error": 5.50784170627594e-06,
        "y_ref": -0.007913803681731224,
        "y_mixed": -0.0079193115234375,
        "x_storage_error": 0.00014629607903771102,
        "w_storage_error": 0.0,
        "accumulation_error_estimate": 1.4901161193847656e-08,
        "demote_error": 3.7373974919319153e-06,
        "condition_indicator": 4.724203024577558,
        "product_stats": {
          "min": -0.0005522261490114033,
          "max": 0.0007290306966751814,
          "mean": -7.730050128884614e-06,
          "std": 0.00010444787767482921
        }
      },
      {
        "coord": [
          145,
          287
        ],
        "element_error": 5.427747964859009e-06,
        "y_ref": -0.008580867201089859,
        "y_mixed": -0.008575439453125,
        "x_storage_error": 0.00015251219156198204,
        "w_storage_error": 0.0,
        "accumulation_error_estimate": 1.4901161193847656e-08,
        "demote_error": 3.448687493801117e-06,
        "condition_indicator": 4.752133391370246,
        "product_stats": {
          "min": -0.0006930367089807987,
          "max": 0.0006411625654436648,
          "mean": -8.377820449823048e-06,
          "std": 0.00010156528878724203
        }
      },
      {
        "coord": [
          226,
          339
        ],
        "element_error": 5.3960829973220825e-06,
        "y_ref": -0.008089391514658928,
        "y_mixed": -0.00809478759765625,
        "x_storage_error": 0.0001489572605350986,
        "w_storage_error": 0.0,
        "accumulation_error_estimate": 1.4901161193847656e-08,
        "demote_error": 3.6265701055526733e-06,
        "condition_indicator": 3.820276297060574,
        "product_stats": {
          "min": -0.0008851560996845365,
          "max": 0.0005627207574434578,
          "mean": -7.901522621978074e-06,
          "std": 0.00011067421291954815
        }
      },
      {
        "coord": [
          74,
          249
        ],
        "element_error": 5.3085386753082275e-06,
        "y_ref": 0.008351866155862808,
        "y_mixed": 0.0083465576171875,
        "x_storage_error": 0.0001387461379636079,
        "w_storage_error": 0.0,
        "accumulation_error_estimate": 1.4901161193847656e-08,
        "demote_error": 3.4775584936141968e-06,
        "condition_indicator": 3.7605349812040014,
        "product_stats": {
          "min": -0.00043151655700057745,
          "max": 0.0005031921318732202,
          "mean": 8.15433213574579e-06,
          "std": 9.644610690884292e-05
        }
      },
      {
        "coord": [
          166,
          461
        ],
        "element_error": 5.227513611316681e-06,
        "y_ref": 0.008107644505798817,
        "y_mixed": 0.0081024169921875,
        "x_storage_error": 0.00015827466268092394,
        "w_storage_error": 0.0,
        "accumulation_error_estimate": 1.4901161193847656e-08,
        "demote_error": 3.2419338822364807e-06,
        "condition_indicator": 5.005495102946394,
        "product_stats": {
          "min": -0.0004639537655748427,
          "max": 0.0004535041516646743,
          "mean": 7.915680726000573e-06,
          "std": 9.523750486550853e-05
        }
      },
      {
        "coord": [
          209,
          369
        ],
        "element_error": 5.179084837436676e-06,
        "y_ref": -0.008585519157350063,
        "y_mixed": -0.0085906982421875,
        "x_storage_error": 0.00014736613957211375,
        "w_storage_error": 0.0,
        "accumulation_error_estimate": 1.4901161193847656e-08,
        "demote_error": 3.184191882610321e-06,
        "condition_indicator": 4.159083892155083,
        "product_stats": {
          "min": -0.0006076208082959056,
          "max": 0.0006472572567872703,
          "mean": -8.386242370761465e-06,
          "std": 0.00010359084262745455
        }
      },
      {
        "coord": [
          171,
          493
        ],
        "element_error": 5.103647708892822e-06,
        "y_ref": 0.007855750620365143,
        "y_mixed": 0.00785064697265625,
        "x_storage_error": 0.00014158259727992117,
        "w_storage_error": 0.0,
        "accumulation_error_estimate": 1.4901161193847656e-08,
        "demote_error": 3.1264498829841614e-06,
        "condition_indicator": 3.788952762426539,
        "product_stats": {
          "min": -0.0006071706884540617,
          "max": 0.0009264125255867839,
          "mean": 7.669699698453769e-06,
          "std": 0.00010484568338142708
        }
      },
      {
        "coord": [
          52,
          257
        ],
        "element_error": 5.055218935012817e-06,
        "y_ref": -0.009511280804872513,
        "y_mixed": -0.0095062255859375,
        "x_storage_error": 0.00013963210221845657,
        "w_storage_error": 0.0,
        "accumulation_error_estimate": 1.4901161193847656e-08,
        "demote_error": 2.9336661100387573e-06,
        "condition_indicator": 3.8826374509154524,
        "product_stats": {
          "min": -0.0006820033886469901,
          "max": 0.0007731434307061136,
          "mean": -9.286288332077675e-06,
          "std": 9.796697850106284e-05
        }
      },
      {
        "coord": [
          236,
          170
        ],
        "element_error": 5.038455128669739e-06,
        "y_ref": 0.00801345519721508,
        "y_mixed": 0.00801849365234375,
        "x_storage_error": 0.00014444559928961098,
        "w_storage_error": 0.0,
        "accumulation_error_estimate": 1.4901161193847656e-08,
        "demote_error": 2.7436763048171997e-06,
        "condition_indicator": 4.605629419511127,
        "product_stats": {
          "min": -0.0006037974962964654,