{
  "detector": {
    "detected_exceeded": false,
    "actual_err": 6.096065044403076e-05,
    "predicted_bound": 0.00013870226830476896,
    "elapsed_sec": 3.906442642211914
  },
  "meta": {
    "distribution": "adversarial_sum",
    "bias": true,
    "batch_size": 32,
    "in_features": 1024,
    "out_features": 4096
  },
  "analyzer_report": {
    "component_estimates": {
      "input_storage_error": 6.096065044403076e-05,
      "weight_storage_error": 6.096065044403076e-05,
      "accumulation_error": 6.096065044403076e-05,
      "output_storage_error": 0.00010643899440765381,
      "bias_storage_error": 6.096065044403076e-05
    },
    "component_ratios": {
      "input_storage_error": 0.17403326668651892,
      "weight_storage_error": 0.17403326668651892,
      "accumulation_error": 0.17403326668651892,
      "output_storage_error": 0.3038669332539244,
      "bias_storage_error": 0.17403326668651892
    },
    "primary_source": "input_storage",
    "suggestion": "\u4e3b\u8981\u8bef\u5dee\u6765\u6e90\u4e3a\u8f93\u5165\u5b58\u50a8\u7cbe\u5ea6\u3002\u5efa\u8bae\uff1a\u63d0\u5347\u8f93\u5165\u5b58\u50a8\u7cbe\u5ea6\u6216\u8fdb\u884c\u8f93\u5165\u5f52\u4e00\u5316/\u6807\u51c6\u5316\u4ee5\u964d\u4f4e\u6570\u503c\u8303\u56f4\u3002",
    "aggregated_ratios": {
      "input_storage": 0.9702649469706863,
      "weight_storage": 0.0,
      "bias_storage": 0.0,
      "accumulation": 0.0001347786902626825,
      "demote": 0.02960027433905097
    },
    "top_neurons_summary": [
      {
        "coord": [
          20,
          3079
        ],
        "neuron_error": 6.096065044403076e-05,
        "y_ref": 0.12615959346294403,
        "y_mixed": 0.1260986328125,
        "input_storage_error": 0.001475512864999473,
        "weight_storage_error": 0.0,
        "bias_storage_error": 0.0,
        "accumulation_estimate": 2.384185791015625e-07,
        "demote_error": 5.914270877838135e-05,
        "in_features": 1024,
        "neuron_idx": 3079,
        "batch_idx": 20
      },
      {
        "coord": [
          9,
          3324
        ],
        "neuron_error": 5.9023499488830566e-05,
        "y_ref": 0.13116253912448883,
        "y_mixed": 0.131103515625,
        "input_storage_error": 0.0014868355356156826,
        "weight_storage_error": 0.0,
        "bias_storage_error": 0.0,
        "accumulation_estimate": 2.384185791015625e-07,
        "demote_error": 6.029009819030762e-05,
        "in_features": 1024,
        "neuron_idx": 3324,
        "batch_idx": 9
      },
      {
        "coord": [
          24,
          3544
        ],
        "neuron_error": 5.638599395751953e-05,
        "y_ref": -0.14447486400604248,
        "y_mixed": -0.14453125,
        "input_storage_error": 0.001550750806927681,
        "weight_storage_error": 0.0,
        "bias_storage_error": 0.0,
        "accumulation_estimate": 2.384185791015625e-07,
        "demote_error": 5.0067901611328125e-05,
        "in_features": 1024,
        "neuron_idx": 3544,
        "batch_idx": 24
      },
      {
        "coord": [
          11,
          1002
        ],
        "neuron_error": 5.485117435455322e-05,
        "y_ref": -0.12700797617435455,
        "y_mixed": -0.126953125,
        "input_storage_error": 0.0013751814840361476,
        "weight_storage_error": 0.0,
        "bias_storage_error": 0.0,
        "accumulation_estimate": 2.384185791015625e-07,
        "demote_error": 4.537403583526611e-05,
        "in_features": 1024,
        "neuron_idx": 1002,
        "batch_idx": 11
      },
      {
        "coord": [
          13,
          3283
        ],
        "neuron_error": 4.971027374267578e-05,
        "y_ref": -0.12751376628875732,
        "y_mixed": -0.1275634765625,
        "input_storage_error": 0.0015045725740492344,
        "weight_storage_error": 0.0,
        "bias_storage_error": 0.0,
        "accumulation_estimate": 2.384185791015625e-07,
        "demote_error": 4.634261131286621e-05,
        "in_features": 1024,
        "neuron_idx": 3283,
        "batch_idx": 13
      },
      {
        "coord": [
          27,
          1768
        ],
        "neuron_error": 4.868209362030029e-05,
        "y_ref": -0.0651731938123703,
        "y_mixed": -0.06512451171875,
        "input_storage_error": 0.0014408424030989408,
        "weight_storage_error": 0.0,
        "bias_storage_error": 0.0,
        "accumulation_estimate": 1.1920928955078125e-07,
        "demote_error": 2.6673078536987305e-05,
        "in_features": 1024,
        "neuron_idx": 1768,
        "batch_idx": 27
      },
      {
        "coord": [
          17,
          3009
        ],
        "neuron_error": 4.7519803047180176e-05,
        "y_ref": 0.13078482449054718,
        "y_mixed": 0.1307373046875,
        "input_storage_error": 0.0014900770038366318,
        "weight_storage_error": 0.0,
        "bias_storage_error": 0.0,
        "accumulation_estimate": 2.384185791015625e-07,
        "demote_error": 5.1915645599365234e-05,
        "in_features": 1024,
        "neuron_idx": 3009,
        "batch_idx": 17
      },
      {
        "coord": [
          12,
          4073
        ],
        "neuron_error": 4.7326087951660156e-05,
        "y_ref": -0.12641751766204834,
        "y_mixed": -0.12646484375,
        "input_storage_error": 0.0014253698755055666,
        "weight_storage_error": 0.0,
        "bias_storage_error": 0.0,
        "accumulation_estimate": 2.384185791015625e-07,
        "demote_error": 4.442036151885986e-05,
        "in_features": 1024,
        "neuron_idx": 4073,
        "batch_idx": 12
      },
      {
        "coord": [
          31,
          970
        ],
        "neuron_error": 4.717707633972168e-05,
        "y_ref": -0.09882977604866028,
        "y_mixed": -0.098876953125,
        "input_storage_error": 0.0014469126472249627,
        "weight_storage_error": 0.0,
        "bias_storage_error": 0.0,
        "accumulation_estimate": 1.1920928955078125e-07,
        "demote_error": 3.0376017093658447e-05,
        "in_features": 1024,
        "neuron_idx": 970,
        "batch_idx": 31
      },
      {
        "coord": [
          4,
          518
        ],
        "neuron_error": 4.651397466659546e-05,
        "y_ref": 0.0772239938378334,
        "y_mixed": 0.0772705078125,
        "input_storage_error": 0.0013930323766544461,
        "weight_storage_error": 0.0,
        "bias_storage_error": 0.0,
        "accumulation_estimate": 1.1920928955078125e-07,
        "demote_error": 3.0472874641418457e-05,
        "in_features": 1024,
        "neuron_idx": 518,
        "batch_idx": 4
      }
    ]
  }
}