{
  "detector": {
    "detected_exceeded": false,
    "actual_err": 0.001699596643447876,
    "predicted_bound": 0.0021381109952926637,
    "elapsed_sec": 2.458005666732788
  },
  "analyzer_report": {
    "component_estimates": {
      "input_storage_error": 0.001699596643447876,
      "max_subtraction_error": 0.001699596643447876,
      "exponential_error": 0.001699596643447876,
      "sum_accumulation_error": 0.001699596643447876,
      "output_storage_error": 0.0017583966255187988
    },
    "component_ratios": {
      "input_storage_error": 0.19862565217088443,
      "max_subtraction_error": 0.19862565217088443,
      "exponential_error": 0.19862565217088443,
      "sum_accumulation_error": 0.19862565217088443,
      "output_storage_error": 0.20549739131646222
    },
    "primary_source": "storage",
    "suggestion": "\u5206\u6790\u7ed3\u679c\u4e0d\u660e\u786e\uff1b\u8bf7\u68c0\u67e5\u8f93\u5165\u5206\u5e03\u6216\u589e\u52a0MC\u91c7\u6837\u3002 \u68c0\u6d4b\u5230\u6781\u5c0f\u7684exp\u503c\uff0c\u53ef\u80fd\u5bfc\u81f4\u4e0b\u6ea2\u548c\u7cbe\u5ea6\u635f\u5931\u3002 100.0%\u7684top\u8bef\u5dee\u6765\u81eamax logit\u4f4d\u7f6e\uff0c\u8fd9\u901a\u5e38\u5bf9softmax\u8f93\u51fa\u5f71\u54cd\u6700\u5927\u3002",
    "input_stats": {
      "min": -21.656505584716797,
      "max": 29.234996795654297,
      "mean": 1.1768298149108887,
      "std": 6.116994380950928,
      "range": 50.891502380371094
    },
    "stability_stats": {
      "max_shifted_logit": 0.0,
      "min_shifted_logit": -49.94831848144531,
      "max_exp_val": 1.0,
      "min_exp_val": 2.0310513950267166e-22,
      "exp_sum_max": 2.8503060340881348,
      "exp_sum_min": 1.1049753427505493
    },
    "max_logit_error_ratio": 1.0,
    "top_elements_summary": [
      {
        "coord": [
          1,
          272
        ],
        "element_error": 0.001699596643447876,
        "x_original": 20.965219497680664,
        "y_ref": 0.3508394658565521,
        "y_mixed": 0.3525390625,
        "storage_error": 0.0035305023193359375,
        "demote_error": 0.00010135769844055176,
        "logit_analysis": {
          "softmax_position": 272,
          "softmax_dim_size": 512,
          "is_max_logit": true,
          "distance_from_max": 0.0
        }
      },
      {
        "coord": [
          1,
          114
        ],
        "element_error": 0.0015142560005187988,
        "x_original": 20.77254867553711,
        "y_ref": 0.2893560528755188,
        "y_mixed": 0.287841796875,
        "storage_error": 0.006923675537109375,
        "demote_error": 2.5063753128051758e-05,
        "logit_analysis": {
          "softmax_position": 114,
          "softmax_dim_size": 512,
          "is_max_logit": true,
          "distance_from_max": 0.0
        }
      },
      {
        "coord": [
          6,
          419
        ],
        "element_error": 0.0010848641395568848,
        "x_original": 23.275524139404297,
        "y_ref": 0.8416885733604431,
        "y_mixed": 0.8427734375,
        "storage_error": 0.005725860595703125,
        "demote_error": 9.232759475708008e-05,
        "logit_analysis": {
          "softmax_position": 419,
          "softmax_dim_size": 512,
          "is_max_logit": true,
          "distance_from_max": 0.0
        }
      },
      {
        "coord": [
          7,
          474
        ],
        "element_error": 0.0006164610385894775,
        "x_original": 25.356599807739258,
        "y_ref": 0.4879089295864105,
        "y_mixed": 0.488525390625,
        "storage_error": 0.0027751922607421875,
        "demote_error": 2.390146255493164e-05,
        "logit_analysis": {
          "softmax_position": 474,
          "softmax_dim_size": 512,
          "is_max_logit": true,
          "distance_from_max": 0.0
        }
      },
      {
        "coord": [
          1,
          367
        ],
        "element_error": 0.0005731731653213501,
        "x_original": 20.41068458557129,
        "y_ref": 0.20150090754032135,
        "y_mixed": 0.200927734375,
        "storage_error": 0.0044345855712890625,
        "demote_error": 7.301568984985352e-07,
        "logit_analysis": {
          "softmax_position": 367,
          "softmax_dim_size": 512,
          "is_max_logit": true,
          "distance_from_max": 0.0
        }
      },
      {
        "coord": [
          4,
          122
        ],
        "element_error": 0.0005319714546203613,
        "x_original": 29.234996795654297,
        "y_ref": 0.6113718152046204,
        "y_mixed": 0.61083984375,
        "storage_error": 0.000621795654296875,
        "demote_error": 0.00022339820861816406,
        "logit_analysis": {
          "softmax_position": 122,
          "softmax_dim_size": 512,
          "is_max_logit": true,
          "distance_from_max": 0.0
        }
      },
      {
        "coord": [
          7,
          257
        ],
        "element_error": 0.0005276799201965332,
        "x_original": 25.35894203186035,
        "y_ref": 0.48905307054519653,
        "y_mixed": 0.488525390625,
        "storage_error": 0.0004329681396484375,
        "demote_error": 2.390146255493164e-05,
        "logit_analysis": {
          "softmax_position": 257,
          "softmax_dim_size": 512,
          "is_max_logit": true,
          "distance_from_max": 0.0
        }
      },
      {
        "coord": [
          0,
          391
        ],
        "element_error": 0.0004027634859085083,
        "x_original": 25.07054901123047,
        "y_ref": 0.1407105177640915,
        "y_mixed": 0.14111328125,
        "storage_error": 0.00757598876953125,
        "demote_error": 4.775822162628174e-05,
        "logit_analysis": {
          "softmax_position": 391,
          "softmax_dim_size": 512,
          "is_max_logit": true,
          "distance_from_max": 0.0
        }
      },
      {
        "coord": [
          2,
          328
        ],
        "element_error": 0.00037904083728790283,
        "x_original": 22.706008911132812,
        "y_ref": 0.1270880252122879,
        "y_mixed": 0.126708984375,
        "storage_error": 0.0028839111328125,
        "demote_error": 3.0487775802612305e-05,
        "logit_analysis": {
          "softmax_position": 328,
          "softmax_dim_size": 512,
          "is_max_logit": true,
          "distance_from_max": 0.0
        }
      },
      {
        "coord": [
          6,
          388
        ],
        "element_error": 0.00033742189407348633,
        "x_original": 20.284879684448242,
        "y_ref": 0.042299091815948486,
        "y_mixed": 0.041961669921875,
        "storage_error": 0.0036296844482421875,
        "demote_error": 7.048249244689941e-06,
        "logit_analysis": {
          "softmax_position": 388,
          "softmax_dim_size": 512,
          "is_max_logit": true,
          "distance_from_max": 0.0
        }
      }
    ]
  }
}