{
  "detector": {
    "detected_exceeded": false,
    "actual_err": 0.002576291561126709,
    "predicted_bound": 0.00283392071723938,
    "elapsed_sec": 2.536393642425537
  },
  "analyzer_report": {
    "component_estimates": {
      "input_storage_error": 0.002576291561126709,
      "max_subtraction_error": 0.002576291561126709,
      "exponential_error": 0.002576291561126709,
      "sum_accumulation_error": 0.002576291561126709,
      "output_storage_error": 0.002576291561126709
    },
    "component_ratios": {
      "input_storage_error": 0.2,
      "max_subtraction_error": 0.2,
      "exponential_error": 0.2,
      "sum_accumulation_error": 0.2,
      "output_storage_error": 0.2
    },
    "primary_source": "storage",
    "suggestion": "\u5206\u6790\u7ed3\u679c\u4e0d\u660e\u786e\uff1b\u8bf7\u68c0\u67e5\u8f93\u5165\u5206\u5e03\u6216\u589e\u52a0MC\u91c7\u6837\u3002 \u68c0\u6d4b\u5230\u6781\u5c0f\u7684exp\u503c\uff0c\u53ef\u80fd\u5bfc\u81f4\u4e0b\u6ea2\u548c\u7cbe\u5ea6\u635f\u5931\u3002 97.1%\u7684top\u8bef\u5dee\u6765\u81eamax logit\u4f4d\u7f6e\uff0c\u8fd9\u901a\u5e38\u5bf9softmax\u8f93\u51fa\u5f71\u54cd\u6700\u5927\u3002",
    "input_stats": {
      "min": -19.95559310913086,
      "max": 28.907642364501953,
      "mean": 0.9863479733467102,
      "std": 6.00653600692749,
      "range": 48.86323547363281
    },
    "stability_stats": {
      "max_shifted_logit": 0.0,
      "min_shifted_logit": -47.576786041259766,
      "max_exp_val": 1.0,
      "min_exp_val": 2.1760274443946672e-21,
      "exp_sum_max": 2.4173388481140137,
      "exp_sum_min": 1.030794620513916
    },
    "max_logit_error_ratio": 0.9707799805649389,
    "top_elements_summary": [
      {
        "coord": [
          2,
          126
        ],
        "element_error": 0.002576291561126709,
        "x_original": 26.21246337890625,
        "y_ref": 0.7215448021888733,
        "y_mixed": 0.72412109375,
        "storage_error": 0.00628662109375,
        "demote_error": 0.00023353099822998047,
        "logit_analysis": {
          "softmax_position": 126,
          "softmax_dim_size": 512,
          "is_max_logit": true,
          "distance_from_max": 0.0
        }
      },
      {
        "coord": [
          2,
          334
        ],
        "element_error": 0.0022982358932495117,
        "x_original": 25.239830017089844,
        "y_ref": 0.2728060483932495,
        "y_mixed": 0.2705078125,
        "storage_error": 0.00545501708984375,
        "demote_error": 1.0788440704345703e-05,
        "logit_analysis": {
          "softmax_position": 334,
          "softmax_dim_size": 512,
          "is_max_logit": true,
          "distance_from_max": 0.0
        }
      },
      {
        "coord": [
          1,
          382
        ],
        "element_error": 0.0009362548589706421,
        "x_original": 25.746749877929688,
        "y_ref": 0.15116335451602936,
        "y_mixed": 0.152099609375,
        "storage_error": 0.0032501220703125,
        "demote_error": 4.811584949493408e-05,
        "logit_analysis": {
          "softmax_position": 382,
          "softmax_dim_size": 512,
          "is_max_logit": true,
          "distance_from_max": 0.0
        }
      },
      {
        "coord": [
          1,
          206
        ],
        "element_error": 0.0007985830307006836,
        "x_original": 27.348224639892578,
        "y_ref": 0.7498220205307007,
        "y_mixed": 0.7490234375,
        "storage_error": 0.004474639892578125,
        "demote_error": 0.00012612342834472656,
        "logit_analysis": {
          "softmax_position": 206,
          "softmax_dim_size": 512,
          "is_max_logit": true,
          "distance_from_max": 0.0
        }
      },
      {
        "coord": [
          6,
          480
        ],
        "element_error": 0.00042825937271118164,
        "x_original": 23.782978057861328,
        "y_ref": 0.6806040406227112,
        "y_mixed": 0.68017578125,
        "storage_error": 0.001728057861328125,
        "demote_error": 0.00013196468353271484,
        "logit_analysis": {
          "softmax_position": 480,
          "softmax_dim_size": 512,
          "is_max_logit": true,
          "distance_from_max": 0.0
        }
      },
      {
        "coord": [
          7,
          383
        ],
        "element_error": 0.00031501054763793945,
        "x_original": 19.916051864624023,
        "y_ref": 0.28410881757736206,
        "y_mixed": 0.284423828125,
        "storage_error": 0.0058231353759765625,
        "demote_error": 4.145503044128418e-05,
        "logit_analysis": {
          "softmax_position": 383,
          "softmax_dim_size": 512,
          "is_max_logit": true,
          "distance_from_max": 0.0
        }
      },
      {
        "coord": [
          7,
          248
        ],
        "element_error": 0.00030726194381713867,
        "x_original": 19.746538162231445,
        "y_ref": 0.23980921506881714,
        "y_mixed": 0.239501953125,
        "storage_error": 0.0034618377685546875,
        "demote_error": 4.182755947113037e-05,
        "logit_analysis": {
          "softmax_position": 248,
          "softmax_dim_size": 512,
          "is_max_logit": true,
          "distance_from_max": 0.0
        }
      },
      {
        "coord": [
          4,
          440
        ],
        "element_error": 0.00027911365032196045,
        "x_original": 23.697397232055664,
        "y_ref": 0.04229290783405304,
        "y_mixed": 0.042572021484375,
        "storage_error": 0.0057277679443359375,
        "demote_error": 9.149312973022461e-06,
        "logit_analysis": {
          "softmax_position": 440,
          "softmax_dim_size": 512,
          "is_max_logit": true,
          "distance_from_max": 0.0
        }
      },
      {
        "coord": [
          5,
          117
        ],
        "element_error": 0.00026702880859375,
        "x_original": 25.902423858642578,
        "y_ref": 0.9465103149414062,
        "y_mixed": 0.94677734375,
        "storage_error": 0.003826141357421875,
        "demote_error": 2.3186206817626953e-05,
        "logit_analysis": {
          "softmax_position": 117,
          "softmax_dim_size": 512,
          "is_max_logit": true,
          "distance_from_max": 0.0
        }
      },
      {
        "coord": [
          6,
          117
        ],
        "element_error": 0.0002469979226589203,
        "x_original": 21.011127471923828,
        "y_ref": 0.04256916418671608,
        "y_mixed": 0.042816162109375,
        "storage_error": 0.004497528076171875,
        "demote_error": 1.9744038581848145e-07,
        "logit_analysis": {
          "softmax_position": 117,
          "softmax_dim_size": 512,
          "is_max_logit": false,
          "distance_from_max": -4.89129638671875
        }
      }
    ]
  }
}