{
  "detector": {
    "detected_exceeded": false,
    "actual_err": 6.563961505889893e-05,
    "predicted_bound": 0.0001449353716452606,
    "elapsed_sec": 3.795478105545044
  },
  "meta": {
    "distribution": "adversarial_sum",
    "bias": true,
    "batch_size": 32,
    "in_features": 1024,
    "out_features": 4096
  },
  "analyzer_report": {
    "component_estimates": {
      "input_storage_error": 6.563961505889893e-05,
      "weight_storage_error": 6.563961505889893e-05,
      "accumulation_error": 6.563961505889893e-05,
      "output_storage_error": 0.0001064985990524292,
      "bias_storage_error": 6.563961505889893e-05
    },
    "component_ratios": {
      "input_storage_error": 0.17785763314087294,
      "weight_storage_error": 0.17785763314087294,
      "accumulation_error": 0.17785763314087294,
      "output_storage_error": 0.28856946743650824,
      "bias_storage_error": 0.17785763314087294
    },
    "primary_source": "input_storage",
    "suggestion": "\u4e3b\u8981\u8bef\u5dee\u6765\u6e90\u4e3a\u8f93\u5165\u5b58\u50a8\u7cbe\u5ea6\u3002\u5efa\u8bae\uff1a\u63d0\u5347\u8f93\u5165\u5b58\u50a8\u7cbe\u5ea6\u6216\u8fdb\u884c\u8f93\u5165\u5f52\u4e00\u5316/\u6807\u51c6\u5316\u4ee5\u964d\u4f4e\u6570\u503c\u8303\u56f4\u3002",
    "aggregated_ratios": {
      "input_storage": 0.9733346259908069,
      "weight_storage": 0.0,
      "bias_storage": 0.0,
      "accumulation": 0.00012530904887204342,
      "demote": 0.02654006496032107
    },
    "top_neurons_summary": [
      {
        "coord": [
          30,
          1306
        ],
        "neuron_error": 6.563961505889893e-05,
        "y_ref": -0.1285964697599411,
        "y_mixed": -0.128662109375,
        "input_storage_error": 0.0015110305976122618,
        "weight_storage_error": 0.0,
        "bias_storage_error": 0.0,
        "accumulation_estimate": 2.384185791015625e-07,
        "demote_error": 5.891919136047363e-05,
        "in_features": 1024,
        "neuron_idx": 1306,
        "batch_idx": 30
      },
      {
        "coord": [
          23,
          1240
        ],
        "neuron_error": 5.8084726333618164e-05,
        "y_ref": -0.15167531371116638,
        "y_mixed": -0.1517333984375,
        "input_storage_error": 0.0014785097446292639,
        "weight_storage_error": 0.0,
        "bias_storage_error": 0.0,
        "accumulation_estimate": 2.384185791015625e-07,
        "demote_error": 4.430115222930908e-05,
        "in_features": 1024,
        "neuron_idx": 1240,
        "batch_idx": 23
      },
      {
        "coord": [
          10,
          605
        ],
        "neuron_error": 5.653500556945801e-05,
        "y_ref": -0.13519737124443054,
        "y_mixed": -0.13525390625,
        "input_storage_error": 0.0014360472559928894,
        "weight_storage_error": 0.0,
        "bias_storage_error": 0.0,
        "accumulation_estimate": 2.384185791015625e-07,
        "demote_error": 6.034970283508301e-05,
        "in_features": 1024,
        "neuron_idx": 605,
        "batch_idx": 10
      },
      {
        "coord": [
          8,
          633
        ],
        "neuron_error": 5.0261616706848145e-05,
        "y_ref": -0.13615866005420685,
        "y_mixed": -0.1361083984375,
        "input_storage_error": 0.0013874245341867208,
        "weight_storage_error": 0.0,
        "bias_storage_error": 0.0,
        "accumulation_estimate": 2.384185791015625e-07,
        "demote_error": 4.7147274017333984e-05,
        "in_features": 1024,
        "neuron_idx": 633,
        "batch_idx": 8
      },
      {
        "coord": [
          19,
          394
        ],
        "neuron_error": 4.941225051879883e-05,
        "y_ref": 0.1270257830619812,
        "y_mixed": 0.1270751953125,
        "input_storage_error": 0.0015033212257549167,
        "weight_storage_error": 0.0,
        "bias_storage_error": 0.0,
        "accumulation_estimate": 2.384185791015625e-07,
        "demote_error": 3.224611282348633e-05,
        "in_features": 1024,
        "neuron_idx": 394,
        "batch_idx": 19
      },
      {
        "coord": [
          1,
          1088
        ],
        "neuron_error": 4.830211400985718e-05,
        "y_ref": 0.07587943226099014,
        "y_mixed": 0.075927734375,
        "input_storage_error": 0.0015054333489388227,
        "weight_storage_error": 0.0,
        "bias_storage_error": 0.0,
        "accumulation_estimate": 1.1920928955078125e-07,
        "demote_error": 2.9787421226501465e-05,
        "in_features": 1024,
        "neuron_idx": 1088,
        "batch_idx": 1
      },
      {
        "coord": [
          3,
          702
        ],
        "neuron_error": 4.7340989112854004e-05,
        "y_ref": -0.13178859651088715,
        "y_mixed": -0.1318359375,
        "input_storage_error": 0.0015431127976626158,
        "weight_storage_error": 0.0,
        "bias_storage_error": 0.0,
        "accumulation_estimate": 2.384185791015625e-07,
        "demote_error": 5.0887465476989746e-05,
        "in_features": 1024,
        "neuron_idx": 702,
        "batch_idx": 3
      },
      {
        "coord": [
          19,
          467
        ],
        "neuron_error": 4.70280647277832e-05,
        "y_ref": -0.09626644849777222,
        "y_mixed": -0.0963134765625,
        "input_storage_error": 0.0015033212257549167,
        "weight_storage_error": 0.0,
        "bias_storage_error": 0.0,
        "accumulation_estimate": 1.1920928955078125e-07,
        "demote_error": 2.4870038032531738e-05,
        "in_features": 1024,
        "neuron_idx": 467,
        "batch_idx": 19
      },
      {
        "coord": [
          30,
          638
        ],
        "neuron_error": 4.693120718002319e-05,
        "y_ref": -0.06334038823843002,
        "y_mixed": -0.06329345703125,
        "input_storage_error": 0.0015110305976122618,
        "weight_storage_error": 0.0,
        "bias_storage_error": 0.0,
        "accumulation_estimate": 1.1920928955078125e-07,
        "demote_error": 3.0100345611572266e-05,
        "in_features": 1024,
        "neuron_idx": 638,
        "batch_idx": 30
      },
      {
        "coord": [
          10,
          2641
        ],
        "neuron_error": 4.684180021286011e-05,
        "y_ref": -0.07115279883146286,
        "y_mixed": -0.07110595703125,
        "input_storage_error": 0.0014360472559928894,
        "weight_storage_error": 0.0,
        "bias_storage_error": 0.0,
        "accumulation_estimate": 1.1920928955078125e-07,
        "demote_error": 2.536177635192871e-05,
        "in_features": 1024,
        "neuron_idx": 2641,
        "batch_idx": 10
      }
    ]
  }
}