{
  "detector": {
    "detected_exceeded": false,
    "actual_err": 6.671249866485596e-05,
    "predicted_bound": 0.00014169350033625962,
    "elapsed_sec": 3.9136009216308594
  },
  "meta": {
    "distribution": "adversarial_sum",
    "bias": true,
    "batch_size": 32,
    "in_features": 1024,
    "out_features": 4096
  },
  "analyzer_report": {
    "component_estimates": {
      "input_storage_error": 6.671249866485596e-05,
      "weight_storage_error": 6.671249866485596e-05,
      "accumulation_error": 6.671249866485596e-05,
      "output_storage_error": 0.00011040270328521729,
      "bias_storage_error": 6.671249866485596e-05
    },
    "component_ratios": {
      "input_storage_error": 0.17683769798949323,
      "weight_storage_error": 0.17683769798949323,
      "accumulation_error": 0.17683769798949323,
      "output_storage_error": 0.2926492080420271,
      "bias_storage_error": 0.17683769798949323
    },
    "primary_source": "input_storage",
    "suggestion": "\u4e3b\u8981\u8bef\u5dee\u6765\u6e90\u4e3a\u8f93\u5165\u5b58\u50a8\u7cbe\u5ea6\u3002\u5efa\u8bae\uff1a\u63d0\u5347\u8f93\u5165\u5b58\u50a8\u7cbe\u5ea6\u6216\u8fdb\u884c\u8f93\u5165\u5f52\u4e00\u5316/\u6807\u51c6\u5316\u4ee5\u964d\u4f4e\u6570\u503c\u8303\u56f4\u3002",
    "aggregated_ratios": {
      "input_storage": 0.9663653002315807,
      "weight_storage": 0.0,
      "bias_storage": 0.0,
      "accumulation": 0.00015288728494145348,
      "demote": 0.03348181248347784
    },
    "top_neurons_summary": [
      {
        "coord": [
          28,
          3877
        ],
        "neuron_error": 6.671249866485596e-05,
        "y_ref": -0.12677569687366486,
        "y_mixed": -0.126708984375,
        "input_storage_error": 0.0014320601476356387,
        "weight_storage_error": 0.0,
        "bias_storage_error": 0.0,
        "accumulation_estimate": 2.384185791015625e-07,
        "demote_error": 5.920231342315674e-05,
        "in_features": 1024,
        "neuron_idx": 3877,
        "batch_idx": 28
      },
      {
        "coord": [
          4,
          565
        ],
        "neuron_error": 6.404519081115723e-05,
        "y_ref": -0.13311466574668884,
        "y_mixed": -0.1331787109375,
        "input_storage_error": 0.0014213366666808724,
        "weight_storage_error": 0.0,
        "bias_storage_error": 0.0,
        "accumulation_estimate": 2.384185791015625e-07,
        "demote_error": 5.9917569160461426e-05,
        "in_features": 1024,
        "neuron_idx": 565,
        "batch_idx": 4
      },
      {
        "coord": [
          0,
          396
        ],
        "neuron_error": 5.726516246795654e-05,
        "y_ref": 0.12762828171253204,
        "y_mixed": 0.127685546875,
        "input_storage_error": 0.001428064308129251,
        "weight_storage_error": 0.0,
        "bias_storage_error": 0.0,
        "accumulation_estimate": 2.384185791015625e-07,
        "demote_error": 5.2556395530700684e-05,
        "in_features": 1024,
        "neuron_idx": 396,
        "batch_idx": 0
      },
      {
        "coord": [
          14,
          3359
        ],
        "neuron_error": 5.587935447692871e-05,
        "y_ref": -0.13470974564552307,
        "y_mixed": -0.134765625,
        "input_storage_error": 0.0014532567001879215,
        "weight_storage_error": 0.0,
        "bias_storage_error": 0.0,
        "accumulation_estimate": 2.384185791015625e-07,
        "demote_error": 5.2928924560546875e-05,
        "in_features": 1024,
        "neuron_idx": 3359,
        "batch_idx": 14
      },
      {
        "coord": [
          3,
          3133
        ],
        "neuron_error": 5.3063035011291504e-05,
        "y_ref": 0.1559527963399887,
        "y_mixed": 0.156005859375,
        "input_storage_error": 0.001399148954078555,
        "weight_storage_error": 0.0,
        "bias_storage_error": 0.0,
        "accumulation_estimate": 2.384185791015625e-07,
        "demote_error": 4.182755947113037e-05,
        "in_features": 1024,
        "neuron_idx": 3133,
        "batch_idx": 3
      },
      {
        "coord": [
          20,
          89
        ],
        "neuron_error": 5.269050598144531e-05,
        "y_ref": 0.13970112800598145,
        "y_mixed": 0.1396484375,
        "input_storage_error": 0.001426616800017655,
        "weight_storage_error": 0.0,
        "bias_storage_error": 0.0,
        "accumulation_estimate": 2.384185791015625e-07,
        "demote_error": 4.836916923522949e-05,
        "in_features": 1024,
        "neuron_idx": 89,
        "batch_idx": 20
      },
      {
        "coord": [
          25,
          2356
        ],
        "neuron_error": 5.1334500312805176e-05,
        "y_ref": -0.1332494467496872,
        "y_mixed": -0.13330078125,
        "input_storage_error": 0.0014440298546105623,
        "weight_storage_error": 0.0,
        "bias_storage_error": 0.0,
        "accumulation_estimate": 2.384185791015625e-07,
        "demote_error": 5.479156970977783e-05,
        "in_features": 1024,
        "neuron_idx": 2356,
        "batch_idx": 25
      },
      {
        "coord": [
          3,
          772
        ],
        "neuron_error": 4.9911439418792725e-05,
        "y_ref": -0.07530625909566879,
        "y_mixed": -0.07525634765625,
        "input_storage_error": 0.001399148954078555,
        "weight_storage_error": 0.0,
        "bias_storage_error": 0.0,
        "accumulation_estimate": 1.1920928955078125e-07,
        "demote_error": 3.030151128768921e-05,
        "in_features": 1024,
        "neuron_idx": 772,
        "batch_idx": 3
      },
      {
        "coord": [
          8,
          900
        ],
        "neuron_error": 4.86522912979126e-05,
        "y_ref": 0.1309080272912979,
        "y_mixed": 0.130859375,
        "input_storage_error": 0.0014436919009312987,
        "weight_storage_error": 0.0,
        "bias_storage_error": 0.0,
        "accumulation_estimate": 2.384185791015625e-07,
        "demote_error": 4.60892915725708e-05,
        "in_features": 1024,
        "neuron_idx": 900,
        "batch_idx": 8
      },
      {
        "coord": [
          27,
          155
        ],
        "neuron_error": 4.7594308853149414e-05,
        "y_ref": 0.12824830412864685,
        "y_mixed": 0.1282958984375,
        "input_storage_error": 0.0014690402895212173,
        "weight_storage_error": 0.0,
        "bias_storage_error": 0.0,
        "accumulation_estimate": 2.384185791015625e-07,
        "demote_error": 5.003809928894043e-05,
        "in_features": 1024,
        "neuron_idx": 155,
        "batch_idx": 27
      }
    ]
  }
}