{
  "detector": {
    "detected_exceeded": false,
    "actual_err": 6.532669067382812e-05,
    "predicted_bound": 0.00014192188973538578,
    "elapsed_sec": 4.124891519546509
  },
  "meta": {
    "distribution": "adversarial_sum",
    "bias": true,
    "batch_size": 32,
    "in_features": 1024,
    "out_features": 4096
  },
  "analyzer_report": {
    "component_estimates": {
      "input_storage_error": 6.532669067382812e-05,
      "weight_storage_error": 6.532669067382812e-05,
      "accumulation_error": 6.532669067382812e-05,
      "output_storage_error": 9.886175394058228e-05,
      "bias_storage_error": 6.532669067382812e-05
    },
    "component_ratios": {
      "input_storage_error": 0.18137812622825344,
      "weight_storage_error": 0.18137812622825344,
      "accumulation_error": 0.18137812622825344,
      "output_storage_error": 0.2744874950869862,
      "bias_storage_error": 0.18137812622825344
    },
    "primary_source": "input_storage",
    "suggestion": "\u4e3b\u8981\u8bef\u5dee\u6765\u6e90\u4e3a\u8f93\u5165\u5b58\u50a8\u7cbe\u5ea6\u3002\u5efa\u8bae\uff1a\u63d0\u5347\u8f93\u5165\u5b58\u50a8\u7cbe\u5ea6\u6216\u8fdb\u884c\u8f93\u5165\u5f52\u4e00\u5316/\u6807\u51c6\u5316\u4ee5\u964d\u4f4e\u6570\u503c\u8303\u56f4\u3002",
    "aggregated_ratios": {
      "input_storage": 0.9742172465689777,
      "weight_storage": 0.0,
      "bias_storage": 0.0,
      "accumulation": 0.00011378404493072873,
      "demote": 0.025668969386091582
    },
    "top_neurons_summary": [
      {
        "coord": [
          26,
          3960
        ],
        "neuron_error": 6.532669067382812e-05,
        "y_ref": -0.13067197799682617,
        "y_mixed": -0.1307373046875,
        "input_storage_error": 0.0014496678486466408,
        "weight_storage_error": 0.0,
        "bias_storage_error": 0.0,
        "accumulation_estimate": 2.384185791015625e-07,
        "demote_error": 5.7891011238098145e-05,
        "in_features": 1024,
        "neuron_idx": 3960,
        "batch_idx": 26
      },
      {
        "coord": [
          1,
          1592
        ],
        "neuron_error": 5.015730857849121e-05,
        "y_ref": -0.06718882918357849,
        "y_mixed": -0.067138671875,
        "input_storage_error": 0.001391480560414493,
        "weight_storage_error": 0.0,
        "bias_storage_error": 0.0,
        "accumulation_estimate": 1.1920928955078125e-07,
        "demote_error": 3.0018389225006104e-05,
        "in_features": 1024,
        "neuron_idx": 1592,
        "batch_idx": 1
      },
      {
        "coord": [
          4,
          2665
        ],
        "neuron_error": 4.8607587814331055e-05,
        "y_ref": 0.12578102946281433,
        "y_mixed": 0.125732421875,
        "input_storage_error": 0.0013531342847272754,
        "weight_storage_error": 0.0,
        "bias_storage_error": 0.0,
        "accumulation_estimate": 2.384185791015625e-07,
        "demote_error": 5.607306957244873e-05,
        "in_features": 1024,
        "neuron_idx": 2665,
        "batch_idx": 4
      },
      {
        "coord": [
          15,
          3037
        ],
        "neuron_error": 4.839897155761719e-05,
        "y_ref": -0.07554888725280762,
        "y_mixed": -0.07550048828125,
        "input_storage_error": 0.0013686176389455795,
        "weight_storage_error": 0.0,
        "bias_storage_error": 0.0,
        "accumulation_estimate": 1.1920928955078125e-07,
        "demote_error": 3.0271708965301514e-05,
        "in_features": 1024,
        "neuron_idx": 3037,
        "batch_idx": 15
      },
      {
        "coord": [
          23,
          840
        ],
        "neuron_error": 4.7206878662109375e-05,
        "y_ref": -0.06458902359008789,
        "y_mixed": -0.06463623046875,
        "input_storage_error": 0.0014117984101176262,
        "weight_storage_error": 0.0,
        "bias_storage_error": 0.0,
        "accumulation_estimate": 1.1920928955078125e-07,
        "demote_error": 2.940744161605835e-05,
        "in_features": 1024,
        "neuron_idx": 840,
        "batch_idx": 23
      },
      {
        "coord": [
          27,
          3701
        ],
        "neuron_error": 4.571676254272461e-05,
        "y_ref": -0.13664239645004272,
        "y_mixed": -0.1365966796875,
        "input_storage_error": 0.0015106562059372663,
        "weight_storage_error": 0.0,
        "bias_storage_error": 0.0,
        "accumulation_estimate": 2.384185791015625e-07,
        "demote_error": 4.170835018157959e-05,
        "in_features": 1024,
        "neuron_idx": 3701,
        "batch_idx": 27
      },
      {
        "coord": [
          22,
          3026
        ],
        "neuron_error": 4.559755325317383e-05,
        "y_ref": 0.12870770692825317,
        "y_mixed": 0.128662109375,
        "input_storage_error": 0.0014352328144013882,
        "weight_storage_error": 0.0,
        "bias_storage_error": 0.0,
        "accumulation_estimate": 2.384185791015625e-07,
        "demote_error": 5.251169204711914e-05,
        "in_features": 1024,
        "neuron_idx": 3026,
        "batch_idx": 22
      },
      {
        "coord": [
          30,
          2972
        ],
        "neuron_error": 4.541128873825073e-05,
        "y_ref": 0.08290136605501175,
        "y_mixed": 0.08294677734375,
        "input_storage_error": 0.0014292617561295629,
        "weight_storage_error": 0.0,
        "bias_storage_error": 0.0,
        "accumulation_estimate": 1.1920928955078125e-07,
        "demote_error": 2.7514994144439697e-05,
        "in_features": 1024,
        "neuron_idx": 2972,
        "batch_idx": 30
      },
      {
        "coord": [
          27,
          3340
        ],
        "neuron_error": 4.526972770690918e-05,
        "y_ref": -0.06636098027229309,
        "y_mixed": -0.06640625,
        "input_storage_error": 0.0015106562059372663,
        "weight_storage_error": 0.0,
        "bias_storage_error": 0.0,
        "accumulation_estimate": 1.1920928955078125e-07,
        "demote_error": 2.30446457862854e-05,
        "in_features": 1024,
        "neuron_idx": 3340,
        "batch_idx": 27
      },
      {
        "coord": [
          3,
          2285
        ],
        "neuron_error": 4.522502422332764e-05,
        "y_ref": -0.07926885783672333,
        "y_mixed": -0.0792236328125,
        "input_storage_error": 0.0014288477832451463,
        "weight_storage_error": 0.0,
        "bias_storage_error": 0.0,
        "accumulation_estimate": 1.1920928955078125e-07,
        "demote_error": 2.8058886528015137e-05,
        "in_features": 1024,
        "neuron_idx": 2285,
        "batch_idx": 3
      }
    ]
  }
}