{
  "detector": {
    "detected_exceeded": false,
    "actual_err": 0.00011830031871795654,
    "predicted_bound": 0.00021509588113985956,
    "elapsed_sec": 3.84953236579895
  },
  "analyzer_report": {
    "component_estimates": {
      "input_storage_error": 0.00011830031871795654,
      "statistics_computation_error": 0.00011830031871795654,
      "output_storage_error": 0.0001459568738937378,
      "weight_storage_error": 0.00011830031871795654,
      "bias_storage_error": 0.00011830031871795654
    },
    "component_ratios": {
      "input_storage_error": 0.19106640032730862,
      "statistics_computation_error": 0.19106640032730862,
      "output_storage_error": 0.23573439869076557,
      "weight_storage_error": 0.19106640032730862,
      "bias_storage_error": 0.19106640032730862
    },
    "primary_source": "demote",
    "suggestion": "\u4e3b\u8981\u8bef\u5dee\u6765\u6e90\u4e3a\u8f93\u51fa\u964d\u7cbe\u5ea6\u3002\u5efa\u8bae\uff1a\u5ef6\u8fdf\u964d\u7cbe\u5ea6\u6216\u63d0\u9ad8\u8f93\u51fa\u7cbe\u5ea6\uff1b\u68c0\u67e5LayerNorm\u8f93\u51fa\u7684\u6570\u503c\u8303\u56f4\u3002",
    "statistics_errors": {
      "mean_error": 3.1845956982579082e-09,
      "var_error": 1.0480505352461478e-12,
      "std_error": 2.3283064365386963e-10
    },
    "norm_behavior_stats": {
      "normal": 10
    },
    "top_elements_summary": [
      {
        "coord": [
          7,
          45,
          86
        ],
        "element_error": 0.00011830031871795654,
        "x_original": 0.0005052061169408262,
        "y_ref": 0.15966419875621796,
        "y_mixed": 0.1595458984375,
        "norm_behavior": "normal",
        "storage_error": 2.355664037168026e-07,
        "weight_error": 0.0,
        "bias_error": 0.0,
        "demote_error": 4.419684410095215e-05,
        "local_mean_error": 1.0774812153613311e-09,
        "local_std_error": 0.0
      },
      {
        "coord": [
          0,
          382,
          516
        ],
        "element_error": 8.87066125869751e-05,
        "x_original": 0.0004068618582095951,
        "y_ref": 0.12967203557491302,
        "y_mixed": 0.1297607421875,
        "norm_behavior": "normal",
        "storage_error": 1.1865631677210331e-07,
        "weight_error": 0.0,
        "bias_error": 0.0,
        "demote_error": 5.078315734863281e-05,
        "local_mean_error": 1.3133103493601084e-09,
        "local_std_error": 2.3283064365386963e-10
      },
      {
        "coord": [
          3,
          361,
          530
        ],
        "element_error": 8.815526962280273e-05,
        "x_original": 0.0004042101791128516,
        "y_ref": 0.1271633505821228,
        "y_mixed": 0.1270751953125,
        "norm_behavior": "normal",
        "storage_error": 9.068753570318222e-08,
        "weight_error": 0.0,
        "bias_error": 0.0,
        "demote_error": 5.920231342315674e-05,
        "local_mean_error": 9.331415640190244e-10,
        "local_std_error": 2.3283064365386963e-10
      },
      {
        "coord": [
          7,
          154,
          759
        ],
        "element_error": 8.61138105392456e-05,
        "x_original": 0.00043355574598535895,
        "y_ref": 0.13509587943553925,
        "y_mixed": 0.135009765625,
        "norm_behavior": "normal",
        "storage_error": 1.1076917871832848e-07,
        "weight_error": 0.0,
        "bias_error": 0.0,
        "demote_error": 5.0768256187438965e-05,
        "local_mean_error": 1.051375875249505e-09,
        "local_std_error": 0.0
      },
      {
        "coord": [
          1,
          96,
          649
        ],
        "element_error": 8.592009544372559e-05,
        "x_original": -0.00042116493568755686,
        "y_ref": -0.13289842009544373,
        "y_mixed": -0.1328125,
        "norm_behavior": "normal",
        "storage_error": 1.1772499419748783e-07,
        "weight_error": 0.0,
        "bias_error": 0.0,
        "demote_error": 4.836916923522949e-05,
        "local_mean_error": 1.1033307600882836e-09,
        "local_std_error": 0.0
      },
      {
        "coord": [
          2,
          233,
          611
        ],
        "element_error": 8.539855480194092e-05,
        "x_original": 0.0004096906050108373,
        "y_ref": 0.13216547667980194,
        "y_mixed": 0.132080078125,
        "norm_behavior": "normal",
        "storage_error": 8.748611435294151e-08,
        "weight_error": 0.0,
        "bias_error": 0.0,
        "demote_error": 5.774199962615967e-05,
        "local_mean_error": 4.18367562815547e-11,
        "local_std_error": 0.0
      },
      {
        "coord": [
          4,
          495,
          493
        ],
        "element_error": 8.419156074523926e-05,
        "x_original": -0.00043714145431295037,
        "y_ref": -0.13895389437675476,
        "y_mixed": -0.1390380859375,
        "norm_behavior": "normal",
        "storage_error": 1.182197593152523e-07,
        "weight_error": 0.0,
        "bias_error": 0.0,
        "demote_error": 4.729628562927246e-05,
        "local_mean_error": 1.4886154531268403e-09,
        "local_std_error": 0.0
      },
      {
        "coord": [
          7,
          238,
          190
        ],
        "element_error": 8.405745029449463e-05,
        "x_original": -0.0004242438299115747,
        "y_ref": -0.1325303465127945,
        "y_mixed": -0.1324462890625,
        "norm_behavior": "normal",
        "storage_error": 9.717768989503384e-08,
        "weight_error": 0.0,
        "bias_error": 0.0,
        "demote_error": 5.316734313964844e-05,
        "local_mean_error": 5.234142008703202e-10,
        "local_std_error": 0.0
      },
      {
        "coord": [
          5,
          436,
          392
        ],
        "element_error": 8.304417133331299e-05,
        "x_original": -0.00044095414341427386,
        "y_ref": -0.1389990597963333,
        "y_mixed": -0.138916015625,
        "norm_behavior": "normal",
        "storage_error": 1.1819065548479557e-07,
        "weight_error": 0.0,
        "bias_error": 0.0,
        "demote_error": 4.582107067108154e-05,
        "local_mean_error": 4.064304448547773e-10,
        "local_std_error": 0.0
      },
      {
        "coord": [
          1,
          52,
          17
        ],
        "element_error": 8.29845666885376e-05,
        "x_original": -0.0004158823867328465,
        "y_ref": -0.13106442987918854,
        "y_mixed": -0.1309814453125,
        "norm_behavior": "normal",
        "storage_error": 8.038477972149849e-08,
        "weight_error": 0.0,
        "bias_error": 0.0,
        "demote_error": 5.792081356048584e-05,
        "local_mean_error": 1.086618794943206e-09,
        "local_std_error": 0.0
      }
    ]
  }
}