{
  "detector": {
    "detected_exceeded": false,
    "actual_err": 2.9801924483763287e-08,
    "predicted_bound": 3.3601726318011064e-05,
    "elapsed_sec": 2.2835121154785156
  },
  "analyzer_report": {
    "component_estimates": {
      "input_storage_error": 2.9801924483763287e-08,
      "output_storage_error": 3.054284388781525e-05
    },
    "component_ratios": {
      "input_storage_error": 0.0009747904930025495,
      "output_storage_error": 0.9990252095069975
    },
    "primary_source": "storage",
    "suggestion": "\u4e3b\u8981\u8bef\u5dee\u6765\u6e90\u4e3a\u8f93\u5165\u5b58\u50a8\u7cbe\u5ea6\u3002\u5efa\u8bae\uff1a\u63d0\u5347\u8f93\u5165\u5b58\u50a8\u7cbe\u5ea6\u6216\u8fdb\u884c\u8f93\u5165\u5f52\u4e00\u5316\uff0c\u7279\u522b\u6ce8\u610f\u63a5\u8fd1\u96f6\u7684\u503c\u3002 \u68c0\u6d4b\u5230\u63a5\u8fd1\u96f6\u7684\u8f93\u5165\u503c\uff0c\u8fd9\u4e9b\u5728ReLU\u4e2d\u6700\u5bb9\u6613\u4ea7\u751f\u7cbe\u5ea6\u8bef\u5dee\u3002\u8003\u8651\u6dfb\u52a0\u5c0f\u7684\u504f\u7f6e\u6216\u4f7f\u7528Leaky ReLU\u3002",
    "relu_behavior_stats": {
      "near_zero": 10
    },
    "top_elements_summary": [
      {
        "coord": [
          0,
          190,
          22,
          3
        ],
        "element_error": 2.9801924483763287e-08,
        "x_original": 7.450584575963148e-07,
        "y_ref": 7.450584575963148e-07,
        "y_mixed": 7.748603820800781e-07,
        "relu_behavior": "near_zero",
        "storage_error": 2.9801924483763287e-08,
        "demote_error": 0.0
      },
      {
        "coord": [
          0,
          253,
          13,
          10
        ],
        "element_error": 2.9801896062053856e-08,
        "x_original": 4.4703440948978823e-07,
        "y_ref": 4.4703440948978823e-07,
        "y_mixed": 4.172325134277344e-07,
        "relu_behavior": "near_zero",
        "storage_error": 2.9801896062053856e-08,
        "demote_error": 0.0
      },
      {
        "coord": [
          0,
          127,
          16,
          24
        ],
        "element_error": 2.9801427103848255e-08,
        "x_original": 8.9407862446933e-08,
        "y_ref": 8.9407862446933e-08,
        "y_mixed": 1.1920928955078125e-07,
        "relu_behavior": "near_zero",
        "storage_error": 2.9801427103848255e-08,
        "demote_error": 0.0
      },
      {
        "coord": [
          0,
          231,
          0,
          12
        ],
        "element_error": 2.980141289299354e-08,
        "x_original": 9.238710845238529e-07,
        "y_ref": 9.238710845238529e-07,
        "y_mixed": 8.940696716308594e-07,
        "relu_behavior": "near_zero",
        "storage_error": 2.980141289299354e-08,
        "demote_error": 0.0
      },
      {
        "coord": [
          0,
          66,
          1,
          11
        ],
        "element_error": 2.980135604957468e-08,
        "x_original": 3.278245799265278e-07,
        "y_ref": 3.278245799265278e-07,
        "y_mixed": 2.980232238769531e-07,
        "relu_behavior": "near_zero",
        "storage_error": 2.980135604957468e-08,
        "demote_error": 0.0
      },
      {
        "coord": [
          0,
          112,
          14,
          25
        ],
        "element_error": 2.9801242362736957e-08,
        "x_original": 4.4703591584038804e-07,
        "y_ref": 4.4703591584038804e-07,
        "y_mixed": 4.76837158203125e-07,
        "relu_behavior": "near_zero",
        "storage_error": 2.9801242362736957e-08,
        "demote_error": 0.0
      },
      {
        "coord": [
          0,
          232,
          16,
          5
        ],
        "element_error": 2.9801128675899236e-08,
        "x_original": 8.940816087488201e-08,
        "y_ref": 8.940816087488201e-08,
        "y_mixed": 1.1920928955078125e-07,
        "relu_behavior": "near_zero",
        "storage_error": 2.9801128675899236e-08,
        "demote_error": 0.0
      },
      {
        "coord": [
          0,
          46,
          25,
          8
        ],
        "element_error": 2.980073077196721e-08,
        "x_original": 7.450596513081109e-07,
        "y_ref": 7.450596513081109e-07,
        "y_mixed": 7.748603820800781e-07,
        "relu_behavior": "near_zero",
        "storage_error": 2.980073077196721e-08,
        "demote_error": 0.0
      },
      {
        "coord": [
          0,
          124,
          8,
          11
        ],
        "element_error": 2.980067392854835e-08,
        "x_original": 6.258504186007485e-07,
        "y_ref": 6.258504186007485e-07,
        "y_mixed": 6.556510925292969e-07,
        "relu_behavior": "near_zero",
        "storage_error": 2.980067392854835e-08,
        "demote_error": 0.0
      },
      {
        "coord": [
          0,
          241,
          11,
          25
        ],
        "element_error": 2.980064550683892e-08,
        "x_original": 3.2782386938379204e-07,
        "y_ref": 3.2782386938379204e-07,
        "y_mixed": 2.980232238769531e-07,
        "relu_behavior": "near_zero",
        "storage_error": 2.980064550683892e-08,
        "demote_error": 0.0
      }
    ]
  }
}