{
  "detector": {
    "detected_exceeded": false,
    "actual_err": 2.9801924483763287e-08,
    "predicted_bound": 3.3601938412175514e-05,
    "elapsed_sec": 2.3035433292388916
  },
  "analyzer_report": {
    "component_estimates": {
      "input_storage_error": 2.9801924483763287e-08,
      "output_storage_error": 3.054243643418886e-05
    },
    "component_ratios": {
      "input_storage_error": 0.0009748034845904303,
      "output_storage_error": 0.9990251965154096
    },
    "primary_source": "storage",
    "suggestion": "\u4e3b\u8981\u8bef\u5dee\u6765\u6e90\u4e3a\u8f93\u5165\u5b58\u50a8\u7cbe\u5ea6\u3002\u5efa\u8bae\uff1a\u63d0\u5347\u8f93\u5165\u5b58\u50a8\u7cbe\u5ea6\u6216\u8fdb\u884c\u8f93\u5165\u5f52\u4e00\u5316\uff0c\u7279\u522b\u6ce8\u610f\u63a5\u8fd1\u96f6\u7684\u503c\u3002 \u68c0\u6d4b\u5230\u63a5\u8fd1\u96f6\u7684\u8f93\u5165\u503c\uff0c\u8fd9\u4e9b\u5728ReLU\u4e2d\u6700\u5bb9\u6613\u4ea7\u751f\u7cbe\u5ea6\u8bef\u5dee\u3002\u8003\u8651\u6dfb\u52a0\u5c0f\u7684\u504f\u7f6e\u6216\u4f7f\u7528Leaky ReLU\u3002",
    "relu_behavior_stats": {
      "near_zero": 10
    },
    "top_elements_summary": [
      {
        "coord": [
          0,
          52,
          6,
          11
        ],
        "element_error": 2.9801924483763287e-08,
        "x_original": 8.046631023717055e-07,
        "y_ref": 8.046631023717055e-07,
        "y_mixed": 8.344650268554688e-07,
        "relu_behavior": "near_zero",
        "storage_error": 2.9801924483763287e-08,
        "demote_error": 0.0
      },
      {
        "coord": [
          0,
          150,
          9,
          11
        ],
        "element_error": 2.9801867640344426e-08,
        "x_original": 9.834770935412962e-07,
        "y_ref": 9.834770935412962e-07,
        "y_mixed": 1.0132789611816406e-06,
        "relu_behavior": "near_zero",
        "storage_error": 2.9801867640344426e-08,
        "demote_error": 0.0
      },
      {
        "coord": [
          0,
          220,
          27,
          8
        ],
        "element_error": 2.9801583423250122e-08,
        "x_original": 5.662448643306561e-07,
        "y_ref": 5.662448643306561e-07,
        "y_mixed": 5.960464477539062e-07,
        "relu_behavior": "near_zero",
        "storage_error": 2.9801583423250122e-08,
        "demote_error": 0.0
      },
      {
        "coord": [
          0,
          25,
          16,
          19
        ],
        "element_error": 2.980152657983126e-08,
        "x_original": 9.834774346018094e-07,
        "y_ref": 9.834774346018094e-07,
        "y_mixed": 1.0132789611816406e-06,
        "relu_behavior": "near_zero",
        "storage_error": 2.980152657983126e-08,
        "demote_error": 0.0
      },
      {
        "coord": [
          0,
          134,
          2,
          13
        ],
        "element_error": 2.980135604957468e-08,
        "x_original": 3.874311573781597e-07,
        "y_ref": 3.874311573781597e-07,
        "y_mixed": 4.172325134277344e-07,
        "relu_behavior": "near_zero",
        "storage_error": 2.980135604957468e-08,
        "demote_error": 0.0
      },
      {
        "coord": [
          0,
          252,
          25,
          4
        ],
        "element_error": 2.9801299206155818e-08,
        "x_original": 9.834776619754848e-07,
        "y_ref": 9.834776619754848e-07,
        "y_mixed": 1.0132789611816406e-06,
        "relu_behavior": "near_zero",
        "storage_error": 2.9801299206155818e-08,
        "demote_error": 0.0
      },
      {
        "coord": [
          0,
          165,
          4,
          30
        ],
        "element_error": 2.9801242362736957e-08,
        "x_original": 9.23873074043513e-07,
        "y_ref": 9.23873074043513e-07,
        "y_mixed": 9.5367431640625e-07,
        "relu_behavior": "near_zero",
        "storage_error": 2.9801242362736957e-08,
        "demote_error": 0.0
      },
      {
        "coord": [
          0,
          251,
          7,
          6
        ],
        "element_error": 2.9801185519318096e-08,
        "x_original": 4.470359726838069e-07,
        "y_ref": 4.470359726838069e-07,
        "y_mixed": 4.76837158203125e-07,
        "relu_behavior": "near_zero",
        "storage_error": 2.9801185519318096e-08,
        "demote_error": 0.0
      },
      {
        "coord": [
          0,
          212,
          25,
          15
        ],
        "element_error": 2.9801185519318096e-08,
        "x_original": 5.662429884978337e-07,
        "y_ref": 5.662429884978337e-07,
        "y_mixed": 5.364418029785156e-07,
        "relu_behavior": "near_zero",
        "storage_error": 2.9801185519318096e-08,
        "demote_error": 0.0
      },
      {
        "coord": [
          0,
          166,
          19,
          30
        ],
        "element_error": 2.9801185519318096e-08,
        "x_original": 9.834777756623225e-07,
        "y_ref": 9.834777756623225e-07,
        "y_mixed": 1.0132789611816406e-06,
        "relu_behavior": "near_zero",
        "storage_error": 2.9801185519318096e-08,
        "demote_error": 0.0
      }
    ]
  }
}