{
  "detector": {
    "detected_exceeded": false,
    "actual_err": 0.0014971494674682617,
    "predicted_bound": 0.002183973789215088,
    "elapsed_sec": 2.5072126388549805
  },
  "analyzer_report": {
    "component_estimates": {
      "input_storage_error": 0.0014971494674682617,
      "max_subtraction_error": 0.0014971494674682617,
      "exponential_error": 0.0014971494674682617,
      "sum_accumulation_error": 0.0014971494674682617,
      "output_storage_error": 0.0014971494674682617
    },
    "component_ratios": {
      "input_storage_error": 0.2,
      "max_subtraction_error": 0.2,
      "exponential_error": 0.2,
      "sum_accumulation_error": 0.2,
      "output_storage_error": 0.2
    },
    "primary_source": "storage",
    "suggestion": "\u5206\u6790\u7ed3\u679c\u4e0d\u660e\u786e\uff1b\u8bf7\u68c0\u67e5\u8f93\u5165\u5206\u5e03\u6216\u589e\u52a0MC\u91c7\u6837\u3002 \u68c0\u6d4b\u5230\u6781\u5c0f\u7684exp\u503c\uff0c\u53ef\u80fd\u5bfc\u81f4\u4e0b\u6ea2\u548c\u7cbe\u5ea6\u635f\u5931\u3002 100.0%\u7684top\u8bef\u5dee\u6765\u81eamax logit\u4f4d\u7f6e\uff0c\u8fd9\u901a\u5e38\u5bf9softmax\u8f93\u51fa\u5f71\u54cd\u6700\u5927\u3002",
    "input_stats": {
      "min": -20.58983039855957,
      "max": 35.319679260253906,
      "mean": 0.9361947774887085,
      "std": 6.135698318481445,
      "range": 55.909507751464844
    },
    "stability_stats": {
      "max_shifted_logit": 0.0,
      "min_shifted_logit": -49.543548583984375,
      "max_exp_val": 1.0,
      "min_exp_val": 3.044459852979334e-22,
      "exp_sum_max": 3.018592596054077,
      "exp_sum_min": 1.0000886917114258
    },
    "max_logit_error_ratio": 1.0,
    "top_elements_summary": [
      {
        "coord": [
          6,
          82
        ],
        "element_error": 0.0014971494674682617,
        "x_original": 26.474857330322266,
        "y_ref": 0.8066729307174683,
        "y_mixed": 0.80517578125,
        "storage_error": 0.006107330322265625,
        "demote_error": 2.4139881134033203e-05,
        "logit_analysis": {
          "softmax_position": 82,
          "softmax_dim_size": 512,
          "is_max_logit": true,
          "distance_from_max": 0.0
        }
      },
      {
        "coord": [
          5,
          206
        ],
        "element_error": 0.0014834702014923096,
        "x_original": 21.68068504333496,
        "y_ref": 0.3312802016735077,
        "y_mixed": 0.332763671875,
        "storage_error": 0.0068149566650390625,
        "demote_error": 1.2427568435668945e-05,
        "logit_analysis": {
          "softmax_position": 206,
          "softmax_dim_size": 512,
          "is_max_logit": true,
          "distance_from_max": 0.0
        }
      },
      {
        "coord": [
          6,
          43
        ],
        "element_error": 0.0011778175830841064,
        "x_original": 24.52556610107422,
        "y_ref": 0.1148500144481659,
        "y_mixed": 0.11602783203125,
        "storage_error": 0.00568389892578125,
        "demote_error": 2.777576446533203e-05,
        "logit_analysis": {
          "softmax_position": 43,
          "softmax_dim_size": 512,
          "is_max_logit": true,
          "distance_from_max": 0.0
        }
      },
      {
        "coord": [
          0,
          192
        ],
        "element_error": 0.0008425116539001465,
        "x_original": 29.897024154663086,
        "y_ref": 0.43516868352890015,
        "y_mixed": 0.434326171875,
        "storage_error": 0.0063991546630859375,
        "demote_error": 0.00011175870895385742,
        "logit_analysis": {
          "softmax_position": 192,
          "softmax_dim_size": 512,
          "is_max_logit": true,
          "distance_from_max": 0.0
        }
      },
      {
        "coord": [
          5,
          323
        ],
        "element_error": 0.0007597878575325012,
        "x_original": 20.257247924804688,
        "y_ref": 0.0798003152012825,
        "y_mixed": 0.07904052734375,
        "storage_error": 0.0072479248046875,
        "demote_error": 7.227063179016113e-07,
        "logit_analysis": {
          "softmax_position": 323,
          "softmax_dim_size": 512,
          "is_max_logit": true,
          "distance_from_max": 0.0
        }
      },
      {
        "coord": [
          0,
          2
        ],
        "element_error": 0.0007164478302001953,
        "x_original": 30.127769470214844,
        "y_ref": 0.5481116771697998,
        "y_mixed": 0.548828125,
        "storage_error": 0.00276947021484375,
        "demote_error": 7.033348083496094e-05,
        "logit_analysis": {
          "softmax_position": 2,
          "softmax_dim_size": 512,
          "is_max_logit": true,
          "distance_from_max": 0.0
        }
      },
      {
        "coord": [
          5,
          288
        ],
        "element_error": 0.0006662160158157349,
        "x_original": 20.76799774169922,
        "y_ref": 0.13299043476581573,
        "y_mixed": 0.13232421875,
        "storage_error": 0.00237274169921875,
        "demote_error": 4.4971704483032227e-05,
        "logit_analysis": {
          "softmax_position": 288,
          "softmax_dim_size": 512,
          "is_max_logit": true,
          "distance_from_max": 0.0
        }
      },
      {
        "coord": [
          6,
          282
        ],
        "element_error": 0.00029736384749412537,
        "x_original": 23.496826171875,
        "y_ref": 0.041053954511880875,
        "y_mixed": 0.041351318359375,
        "storage_error": 0.003173828125,
        "demote_error": 9.7714364528656e-06,
        "logit_analysis": {
          "softmax_position": 282,
          "softmax_dim_size": 512,
          "is_max_logit": true,
          "distance_from_max": 0.0
        }
      },
      {
        "coord": [
          3,
          126
        ],
        "element_error": 0.0002689361572265625,
        "x_original": 29.41785430908203,
        "y_ref": 0.9753170013427734,
        "y_mixed": 0.9755859375,
        "storage_error": 0.00402069091796875,
        "demote_error": 1.430511474609375e-05,
        "logit_analysis": {
          "softmax_position": 126,
          "softmax_dim_size": 512,
          "is_max_logit": true,
          "distance_from_max": 0.0
        }
      },
      {
        "coord": [
          3,
          224
        ],
        "element_error": 0.00022092461585998535,
        "x_original": 25.522979736328125,
        "y_ref": 0.019843727350234985,
        "y_mixed": 0.019622802734375,
        "storage_error": 0.007354736328125,
        "demote_error": 1.5962868928909302e-06,
        "logit_analysis": {
          "softmax_position": 224,
          "softmax_dim_size": 512,
          "is_max_logit": true,
          "distance_from_max": 0.0
        }
      }
    ]
  }
}