{
  "detector": {
    "detected_exceeded": false,
    "actual_err": 9.18954610824585e-05,
    "predicted_bound": 0.00018394813232589514,
    "elapsed_sec": 3.7892568111419678
  },
  "analyzer_report": {
    "component_estimates": {
      "input_storage_error": 9.18954610824585e-05,
      "statistics_computation_error": 9.18954610824585e-05,
      "output_storage_error": 0.00014346837997436523,
      "weight_storage_error": 9.18954610824585e-05,
      "bias_storage_error": 9.18954610824585e-05
    },
    "component_ratios": {
      "input_storage_error": 0.17981688826685327,
      "statistics_computation_error": 0.17981688826685327,
      "output_storage_error": 0.28073244693258687,
      "weight_storage_error": 0.17981688826685327,
      "bias_storage_error": 0.17981688826685327
    },
    "primary_source": "demote",
    "suggestion": "\u4e3b\u8981\u8bef\u5dee\u6765\u6e90\u4e3a\u8f93\u51fa\u964d\u7cbe\u5ea6\u3002\u5efa\u8bae\uff1a\u5ef6\u8fdf\u964d\u7cbe\u5ea6\u6216\u63d0\u9ad8\u8f93\u51fa\u7cbe\u5ea6\uff1b\u68c0\u67e5LayerNorm\u8f93\u51fa\u7684\u6570\u503c\u8303\u56f4\u3002",
    "statistics_errors": {
      "mean_error": 3.0399860406760126e-09,
      "var_error": 1.1040057756872557e-12,
      "std_error": 2.3283064365386963e-10
    },
    "norm_behavior_stats": {
      "normal": 10
    },
    "top_elements_summary": [
      {
        "coord": [
          5,
          110,
          517
        ],
        "element_error": 9.18954610824585e-05,
        "x_original": 0.0004938304191455245,
        "y_ref": 0.15579189360141754,
        "y_mixed": 0.1558837890625,
        "norm_behavior": "normal",
        "storage_error": 1.728767529129982e-07,
        "weight_error": 0.0,
        "bias_error": 0.0,
        "demote_error": 3.725290298461914e-05,
        "local_mean_error": 8.469669410260394e-12,
        "local_std_error": 0.0
      },
      {
        "coord": [
          1,
          310,
          428
        ],
        "element_error": 9.125471115112305e-05,
        "x_original": -0.00039566264604218304,
        "y_ref": -0.12588530778884888,
        "y_mixed": -0.1259765625,
        "norm_behavior": "normal",
        "storage_error": 1.1219526641070843e-07,
        "weight_error": 0.0,
        "bias_error": 0.0,
        "demote_error": 5.587935447692871e-05,
        "local_mean_error": 2.4783730623312294e-10,
        "local_std_error": 2.3283064365386963e-10
      },
      {
        "coord": [
          5,
          114,
          520
        ],
        "element_error": 8.9302659034729e-05,
        "x_original": 0.0004323927278164774,
        "y_ref": 0.13809429109096527,
        "y_mixed": 0.13818359375,
        "norm_behavior": "normal",
        "storage_error": 9.857467375695705e-08,
        "weight_error": 0.0,
        "bias_error": 0.0,
        "demote_error": 5.830824375152588e-05,
        "local_mean_error": 5.143192538525909e-10,
        "local_std_error": 0.0
      },
      {
        "coord": [
          4,
          65,
          572
        ],
        "element_error": 8.875131607055664e-05,
        "x_original": -0.0003997120657004416,
        "y_ref": -0.12710851430892944,
        "y_mixed": -0.127197265625,
        "norm_behavior": "normal",
        "storage_error": 1.1589145287871361e-07,
        "weight_error": 0.0,
        "bias_error": 0.0,
        "demote_error": 5.2616000175476074e-05,
        "local_mean_error": 1.5620571502950042e-09,
        "local_std_error": 0.0
      },
      {
        "coord": [
          1,
          337,
          64
        ],
        "element_error": 8.781254291534424e-05,
        "x_original": 0.0004261396825313568,
        "y_ref": 0.13448722660541534,
        "y_mixed": 0.1343994140625,
        "norm_behavior": "normal",
        "storage_error": 8.568167686462402e-08,
        "weight_error": 0.0,
        "bias_error": 0.0,
        "demote_error": 6.0752034187316895e-05,
        "local_mean_error": 5.633182809106074e-11,
        "local_std_error": 0.0
      },
      {
        "coord": [
          4,
          308,
          86
        ],
        "element_error": 8.691847324371338e-05,
        "x_original": 0.00042949337512254715,
        "y_ref": 0.1366835981607437,
        "y_mixed": 0.1365966796875,
        "norm_behavior": "normal",
        "storage_error": 1.0151416063308716e-07,
        "weight_error": 0.0,
        "bias_error": 0.0,
        "demote_error": 5.4448843002319336e-05,
        "local_mean_error": 1.2876171240350232e-09,
        "local_std_error": 0.0
      },
      {
        "coord": [
          7,
          428,
          34
        ],
        "element_error": 8.663535118103027e-05,
        "x_original": -0.00042644128552637994,
        "y_ref": -0.13406863808631897,
        "y_mixed": -0.1341552734375,
        "norm_behavior": "normal",
        "storage_error": 8.95524863153696e-08,
        "weight_error": 0.0,
        "bias_error": 0.0,
        "demote_error": 5.848705768585205e-05,
        "local_mean_error": 5.22277332493104e-10,
        "local_std_error": 0.0
      },
      {
        "coord": [
          7,
          327,
          516
        ],
        "element_error": 8.404254913330078e-05,
        "x_original": -0.0004261290014255792,
        "y_ref": -0.1360703706741333,
        "y_mixed": -0.135986328125,
        "norm_behavior": "normal",
        "storage_error": 7.500057108700275e-08,
        "weight_error": 0.0,
        "bias_error": 0.0,
        "demote_error": 6.046891212463379e-05,
        "local_mean_error": 4.1382008930668235e-10,
        "local_std_error": 0.0
      },
      {
        "coord": [
          6,
          253,
          255
        ],
        "element_error": 7.747113704681396e-05,
        "x_original": -0.00039828449371270835,
        "y_ref": -0.12516666948795319,
        "y_mixed": -0.125244140625,
        "norm_behavior": "normal",
        "storage_error": 1.129519660025835e-07,
        "weight_error": 0.0,
        "bias_error": 0.0,
        "demote_error": 4.208087921142578e-05,
        "local_mean_error": 9.824816515902057e-10,
        "local_std_error": 0.0
      },
      {
        "coord": [
          0,
          67,
          559
        ],
        "element_error": 7.72327184677124e-05,
        "x_original": 0.0004664011939894408,
        "y_ref": 0.1477823108434677,
        "y_mixed": 0.147705078125,
        "norm_behavior": "normal",
        "storage_error": 5.445326678454876e-08,
        "weight_error": 0.0,
        "bias_error": 0.0,
        "demote_error": 5.958974361419678e-05,
        "local_mean_error": 1.386865733365994e-09,
        "local_std_error": 0.0
      }
    ]
  }
}