{
  "detector": {
    "detected_exceeded": false,
    "actual_err": 7.18235969543457e-05,
    "predicted_bound": 0.0001535112431156449,
    "elapsed_sec": 4.038865089416504
  },
  "meta": {
    "distribution": "adversarial_sum",
    "bias": true,
    "batch_size": 32,
    "in_features": 1024,
    "out_features": 4096
  },
  "analyzer_report": {
    "component_estimates": {
      "input_storage_error": 7.18235969543457e-05,
      "weight_storage_error": 7.18235969543457e-05,
      "accumulation_error": 7.18235969543457e-05,
      "output_storage_error": 0.00010541081428527832,
      "bias_storage_error": 7.18235969543457e-05
    },
    "component_ratios": {
      "input_storage_error": 0.1828944372770737,
      "weight_storage_error": 0.1828944372770737,
      "accumulation_error": 0.1828944372770737,
      "output_storage_error": 0.26842225089170524,
      "bias_storage_error": 0.1828944372770737
    },
    "primary_source": "input_storage",
    "suggestion": "\u4e3b\u8981\u8bef\u5dee\u6765\u6e90\u4e3a\u8f93\u5165\u5b58\u50a8\u7cbe\u5ea6\u3002\u5efa\u8bae\uff1a\u63d0\u5347\u8f93\u5165\u5b58\u50a8\u7cbe\u5ea6\u6216\u8fdb\u884c\u8f93\u5165\u5f52\u4e00\u5316/\u6807\u51c6\u5316\u4ee5\u964d\u4f4e\u6570\u503c\u8303\u56f4\u3002",
    "aggregated_ratios": {
      "input_storage": 0.9724253713069547,
      "weight_storage": 0.0,
      "bias_storage": 0.0,
      "accumulation": 0.00012643927897939425,
      "demote": 0.027448189414065842
    },
    "top_neurons_summary": [
      {
        "coord": [
          31,
          4008
        ],
        "neuron_error": 7.18235969543457e-05,
        "y_ref": -0.14033061265945435,
        "y_mixed": -0.1402587890625,
        "input_storage_error": 0.0014841691590845585,
        "weight_storage_error": 0.0,
        "bias_storage_error": 0.0,
        "accumulation_estimate": 2.384185791015625e-07,
        "demote_error": 5.40614128112793e-05,
        "in_features": 1024,
        "neuron_idx": 4008,
        "batch_idx": 31
      },
      {
        "coord": [
          6,
          2160
        ],
        "neuron_error": 6.130337715148926e-05,
        "y_ref": -0.1306765377521515,
        "y_mixed": -0.130615234375,
        "input_storage_error": 0.0014643467729911208,
        "weight_storage_error": 0.0,
        "bias_storage_error": 0.0,
        "accumulation_estimate": 2.384185791015625e-07,
        "demote_error": 5.328655242919922e-05,
        "in_features": 1024,
        "neuron_idx": 2160,
        "batch_idx": 6
      },
      {
        "coord": [
          5,
          479
        ],
        "neuron_error": 5.339086055755615e-05,
        "y_ref": -0.12932585179805756,
        "y_mixed": -0.1292724609375,
        "input_storage_error": 0.001469047972932458,
        "weight_storage_error": 0.0,
        "bias_storage_error": 0.0,
        "accumulation_estimate": 2.384185791015625e-07,
        "demote_error": 5.058944225311279e-05,
        "in_features": 1024,
        "neuron_idx": 479,
        "batch_idx": 5
      },
      {
        "coord": [
          4,
          1028
        ],
        "neuron_error": 5.176663398742676e-05,
        "y_ref": -0.13007518649101257,
        "y_mixed": -0.130126953125,
        "input_storage_error": 0.001457749167457223,
        "weight_storage_error": 0.0,
        "bias_storage_error": 0.0,
        "accumulation_estimate": 2.384185791015625e-07,
        "demote_error": 5.340576171875e-05,
        "in_features": 1024,
        "neuron_idx": 1028,
        "batch_idx": 4
      },
      {
        "coord": [
          6,
          1173
        ],
        "neuron_error": 5.050003528594971e-05,
        "y_ref": -0.13190750777721405,
        "y_mixed": -0.1319580078125,
        "input_storage_error": 0.0014643467729911208,
        "weight_storage_error": 0.0,
        "bias_storage_error": 0.0,
        "accumulation_estimate": 2.384185791015625e-07,
        "demote_error": 5.385279655456543e-05,
        "in_features": 1024,
        "neuron_idx": 1173,
        "batch_idx": 6
      },
      {
        "coord": [
          26,
          2736
        ],
        "neuron_error": 4.836171865463257e-05,
        "y_ref": -0.08500929921865463,
        "y_mixed": -0.0849609375,
        "input_storage_error": 0.0013722314033657312,
        "weight_storage_error": 0.0,
        "bias_storage_error": 0.0,
        "accumulation_estimate": 1.1920928955078125e-07,
        "demote_error": 2.831965684890747e-05,
        "in_features": 1024,
        "neuron_idx": 2736,
        "batch_idx": 26
      },
      {
        "coord": [
          13,
          1617
        ],
        "neuron_error": 4.741549491882324e-05,
        "y_ref": -0.14069965481758118,
        "y_mixed": -0.1407470703125,
        "input_storage_error": 0.0015912412200123072,
        "weight_storage_error": 0.0,
        "bias_storage_error": 0.0,
        "accumulation_estimate": 2.384185791015625e-07,
        "demote_error": 3.534555435180664e-05,
        "in_features": 1024,
        "neuron_idx": 1617,
        "batch_idx": 13
      },
      {
        "coord": [
          0,
          3386
        ],
        "neuron_error": 4.729628562927246e-05,
        "y_ref": -0.08537444472312927,
        "y_mixed": -0.0853271484375,
        "input_storage_error": 0.0015189375262707472,
        "weight_storage_error": 0.0,
        "bias_storage_error": 0.0,
        "accumulation_estimate": 1.1920928955078125e-07,
        "demote_error": 2.7649104595184326e-05,
        "in_features": 1024,
        "neuron_idx": 3386,
        "batch_idx": 0
      },
      {
        "coord": [
          9,
          889
        ],
        "neuron_error": 4.692375659942627e-05,
        "y_ref": -0.07112006843090057,
        "y_mixed": -0.0711669921875,
        "input_storage_error": 0.0014347408432513475,
        "weight_storage_error": 0.0,
        "bias_storage_error": 0.0,
        "accumulation_estimate": 1.1920928955078125e-07,
        "demote_error": 2.8342008590698242e-05,
        "in_features": 1024,
        "neuron_idx": 889,
        "batch_idx": 9
      },
      {
        "coord": [
          28,
          2973
        ],
        "neuron_error": 4.6133995056152344e-05,
        "y_ref": -0.06776392459869385,
        "y_mixed": -0.06781005859375,
        "input_storage_error": 0.0014123190194368362,
        "weight_storage_error": 0.0,
        "bias_storage_error": 0.0,
        "accumulation_estimate": 1.1920928955078125e-07,
        "demote_error": 2.9206275939941406e-05,
        "in_features": 1024,
        "neuron_idx": 2973,
        "batch_idx": 28
      }
    ]
  }
}