{
  "detector": {
    "detected_exceeded": false,
    "actual_err": 5.172565579414368e-06,
    "predicted_bound": 3.914387489203364e-05,
    "elapsed_sec": 2.628633737564087
  },
  "matrix_info": {
    "input_shape": [
      256,
      1024
    ],
    "weight_shape": [
      1024,
      512
    ],
    "output_shape": [
      256,
      512
    ],
    "accumulation_dim": 1024
  },
  "analyzer_report": {
    "component_estimates": {
      "input_storage_error": 5.172565579414368e-06,
      "weight_storage_error": 5.172565579414368e-06,
      "accumulation_error": 5.172565579414368e-06,
      "demote_error": 3.446824848651886e-05
    },
    "component_ratios": {
      "input_storage_error": 0.10348039946340737,
      "weight_storage_error": 0.10348039946340737,
      "accumulation_error": 0.10348039946340737,
      "demote_error": 0.6895588016097779
    },
    "primary_source": "x_storage",
    "suggestion": "\u4e3b\u8981\u8bef\u5dee\u6765\u6e90\u4e3a\u8f93\u5165\u5b58\u50a8\u7cbe\u5ea6\u3002\u5efa\u8bae\uff1a\u63d0\u5347\u8f93\u5165\u5b58\u50a8\u7cbe\u5ea6\uff1b\u8fdb\u884c\u8f93\u5165\u5f52\u4e00\u5316\u6216\u6743\u91cd\u7f29\u653e\u4ee5\u6539\u5584\u6570\u503c\u8303\u56f4\u3002 \u68c0\u6d4b\u5230\u6570\u503c\u7a33\u5b9a\u6027\u95ee\u9898\uff08\u6761\u4ef6\u6570\u6307\u6807=4.03\uff09\u3002\u5efa\u8bae\uff1a(1)\u8f93\u5165/\u6743\u91cd\u9884\u5904\u7406\u548c\u5f52\u4e00\u5316\uff1b(2)\u68c0\u67e5\u662f\u5426\u5b58\u5728\u75c5\u6001\u77e9\u9635\u3002",
    "numerical_stability": {
      "average_condition_indicator": 4.0280273613458695,
      "accumulation_dimension": 1024,
      "stability_assessment": "good"
    },
    "top_elements_summary": [
      {
        "coord": [
          5,
          11
        ],
        "element_error": 5.172565579414368e-06,
        "y_ref": -0.010004593059420586,
        "y_mixed": -0.010009765625,
        "x_storage_error": 0.00014699115126859397,
        "w_storage_error": 0.0,
        "accumulation_error_estimate": 1.4901161193847656e-08,
        "demote_error": 2.99699604511261e-06,
        "condition_indicator": 3.8150620654331173,
        "product_stats": {
          "min": -0.0005956202512606978,
          "max": 0.0004630300390999764,
          "mean": -9.772234079719055e-06,
          "std": 0.00010244447184959427
        }
      },
      {
        "coord": [
          133,
          186
        ],
        "element_error": 5.12879341840744e-06,
        "y_ref": -0.007848146371543407,
        "y_mixed": -0.007843017578125,
        "x_storage_error": 0.00014536773960571736,
        "w_storage_error": 0.0,
        "accumulation_error_estimate": 1.4901161193847656e-08,
        "demote_error": 3.332272171974182e-06,
        "condition_indicator": 4.52843798085586,
        "product_stats": {
          "min": -0.0006845413008704782,
          "max": 0.0007415182772092521,
          "mean": -7.662450116185937e-06,
          "std": 0.0001021233038045466
        }
      },
      {
        "coord": [
          63,
          211
        ],
        "element_error": 5.0477683544158936e-06,
        "y_ref": -0.008784014731645584,
        "y_mixed": -0.0087890625,
        "x_storage_error": 0.00015151631669141352,
        "w_storage_error": 0.0,
        "accumulation_error_estimate": 1.4901161193847656e-08,
        "demote_error": 3.46451997756958e-06,
        "condition_indicator": 4.212079194432845,
        "product_stats": {
          "min": -0.0004803431802429259,
          "max": 0.0005958748515695333,
          "mean": -8.579683708376251e-06,
          "std": 0.00010079055209644139
        }
      },
      {
        "coord": [
          61,
          170
        ],
        "element_error": 5.039386451244354e-06,
        "y_ref": 0.008969577960669994,
        "y_mixed": 0.00896453857421875,
        "x_storage_error": 0.00015631644055247307,
        "w_storage_error": 0.0,
        "accumulation_error_estimate": 1.4901161193847656e-08,
        "demote_error": 3.7727877497673035e-06,
        "condition_indicator": 3.405620614613837,
        "product_stats": {
          "min": -0.0004783534968737513,
          "max": 0.0005836504278704524,
          "mean": 8.758120202401187e-06,
          "std": 0.00010892563295783475
        }
      },
      {
        "coord": [
          131,
          428
        ],
        "element_error": 4.989095032215118e-06,
        "y_ref": -0.008000594563782215,
        "y_mixed": -0.00799560546875,
        "x_storage_error": 0.00014602475857827812,
        "w_storage_error": 0.0,
        "accumulation_error_estimate": 1.4901161193847656e-08,
        "demote_error": 3.7420541048049927e-06,
        "condition_indicator": 4.75969076923767,
        "product_stats": {
          "min": -0.00052084238268435,
          "max": 0.0005825699772685766,
          "mean": -7.811862815287896e-06,
          "std": 0.00010148336150450632
        }
      },
      {
        "coord": [
          154,
          137
        ],
        "element_error": 4.95370477437973e-06,
        "y_ref": -0.00996894296258688,
        "y_mixed": -0.0099639892578125,
        "x_storage_error": 0.00014255577116273344,
        "w_storage_error": 0.0,
        "accumulation_error_estimate": 1.4901161193847656e-08,
        "demote_error": 3.3099204301834106e-06,
        "condition_indicator": 3.262450862035104,
        "product_stats": {
          "min": -0.0006920234300196171,
          "max": 0.0004953794414177537,
          "mean": -9.73369060375262e-06,
          "std": 9.858395787887275e-05
        }
      },
      {
        "coord": [
          187,
          26
        ],
        "element_error": 4.902482032775879e-06,
        "y_ref": 0.008074626326560974,
        "y_mixed": 0.00807952880859375,
        "x_storage_error": 0.00013698117982130498,
        "w_storage_error": 0.0,
        "accumulation_error_estimate": 1.4901161193847656e-08,
        "demote_error": 3.3918768167495728e-06,
        "condition_indicator": 4.720251273181789,
        "product_stats": {
          "min": -0.00042506816680543125,
          "max": 0.0006723958067595959,
          "mean": 7.886853381933179e-06,
          "std": 0.00010687898611649871
        }
      },
      {
        "coord": [
          20,
          481
        ],
        "element_error": 4.8996880650520325e-06,
        "y_ref": 0.009348738007247448,
        "y_mixed": 0.0093536376953125,
        "x_storage_error": 0.00014579808339476585,
        "w_storage_error": 0.0,
        "accumulation_error_estimate": 1.4901161193847656e-08,
        "demote_error": 3.7457793951034546e-06,
        "condition_indicator": 4.041067628512679,
        "product_stats": {
          "min": -0.0005068390746600926,
          "max": 0.0006866523763164878,
          "mean": 9.130756552622188e-06,
          "std": 9.95363516267389e-05
        }
      },
      {
        "coord": [
          250,
          478
        ],
        "element_error": 4.860572516918182e-06,
        "y_ref": 0.008555320091545582,
        "y_mixed": 0.0085601806640625,
        "x_storage_error": 0.0001442049106117338,
        "w_storage_error": 0.0,
        "accumulation_error_estimate": 1.4901161193847656e-08,
        "demote_error": 2.79303640127182e-06,
        "condition_indicator": 3.757462703396773,
        "product_stats": {
          "min": -0.0008027806179597974,
          "max": 0.0008030243334360421,
          "mean": 8.356821126653813e-06,
          "std": 0.00011293320858385414
        }
      },
      {
        "coord": [
          248,
          301
        ],
        "element_error": 4.804693162441254e-06,
        "y_ref": 0.008524858392775059,
        "y_mixed": 0.0085296630859375,
        "x_storage_error": 0.00014079033280722797,
        "w_storage_error": 0.0,
        "accumulation_error_estimate": 1.4901161193847656e-08,
        "demote_error": 3.7960708141326904e-06,
        "condition_indicator": 3.778150521759022,
        "product_stats": {
          "min": -0.0006055426201783121,