{
  "detector": {
    "detected_exceeded": false,
    "actual_err": 5.170702934265137e-06,
    "predicted_bound": 3.915501984010916e-05,
    "elapsed_sec": 2.669684410095215
  },
  "matrix_info": {
    "input_shape": [
      256,
      1024
    ],
    "weight_shape": [
      1024,
      512
    ],
    "output_shape": [
      256,
      512
    ],
    "accumulation_dim": 1024
  },
  "analyzer_report": {
    "component_estimates": {
      "input_storage_error": 5.170702934265137e-06,
      "weight_storage_error": 5.170702934265137e-06,
      "accumulation_error": 5.170702934265137e-06,
      "demote_error": 3.448035567998886e-05
    },
    "component_ratios": {
      "input_storage_error": 0.1034296466029546,
      "weight_storage_error": 0.1034296466029546,
      "accumulation_error": 0.1034296466029546,
      "demote_error": 0.6897110601911361
    },
    "primary_source": "x_storage",
    "suggestion": "\u4e3b\u8981\u8bef\u5dee\u6765\u6e90\u4e3a\u8f93\u5165\u5b58\u50a8\u7cbe\u5ea6\u3002\u5efa\u8bae\uff1a\u63d0\u5347\u8f93\u5165\u5b58\u50a8\u7cbe\u5ea6\uff1b\u8fdb\u884c\u8f93\u5165\u5f52\u4e00\u5316\u6216\u6743\u91cd\u7f29\u653e\u4ee5\u6539\u5584\u6570\u503c\u8303\u56f4\u3002",
    "numerical_stability": {
      "average_condition_indicator": 3.853928179426422,
      "accumulation_dimension": 1024,
      "stability_assessment": "good"
    },
    "top_elements_summary": [
      {
        "coord": [
          142,
          33
        ],
        "element_error": 5.170702934265137e-06,
        "y_ref": -0.010256364941596985,
        "y_mixed": -0.01026153564453125,
        "x_storage_error": 0.00013425109500531107,
        "w_storage_error": 0.0,
        "accumulation_error_estimate": 1.4901161193847656e-08,
        "demote_error": 3.516674041748047e-06,
        "condition_indicator": 4.2771916941516706,
        "product_stats": {
          "min": -0.0005830178270116448,
          "max": 0.00046993920113891363,
          "mean": -1.0017598469858058e-05,
          "std": 9.704005060484633e-05
        }
      },
      {
        "coord": [
          219,
          53
        ],
        "element_error": 5.082227289676666e-06,
        "y_ref": 0.008839921094477177,
        "y_mixed": 0.0088348388671875,
        "x_storage_error": 0.00014513607311528176,
        "w_storage_error": 0.0,
        "accumulation_error_estimate": 1.4901161193847656e-08,
        "demote_error": 3.7904828786849976e-06,
        "condition_indicator": 3.7080583597267256,
        "product_stats": {
          "min": -0.00040296692168340087,
          "max": 0.0005938715185038745,
          "mean": 8.631471246189903e-06,
          "std": 0.00010139297955902293
        }
      },
      {
        "coord": [
          171,
          189
        ],
        "element_error": 5.003064870834351e-06,
        "y_ref": 0.009447816759347916,
        "y_mixed": 0.00945281982421875,
        "x_storage_error": 0.00014683339395560324,
        "w_storage_error": 0.0,
        "accumulation_error_estimate": 1.4901161193847656e-08,
        "demote_error": 3.4673139452934265e-06,
        "condition_indicator": 4.141180368440608,
        "product_stats": {
          "min": -0.0006058641592971981,
          "max": 0.000474652653792873,
          "mean": 9.227884220308624e-06,
          "std": 0.00010356128768762574
        }
      },
      {
        "coord": [
          16,
          455
        ],
        "element_error": 4.9872323870658875e-06,
        "y_ref": -0.007883806712925434,
        "y_mixed": -0.0078887939453125,
        "x_storage_error": 0.0001448952971259132,
        "w_storage_error": 0.0,
        "accumulation_error_estimate": 1.4901161193847656e-08,
        "demote_error": 3.809109330177307e-06,
        "condition_indicator": 4.438127157132219,
        "product_stats": {
          "min": -0.0006288873846642673,
          "max": 0.00043944682693108916,
          "mean": -7.700179594394285e-06,
          "std": 9.615050657885149e-05
        }
      },
      {
        "coord": [
          4,
          98
        ],
        "element_error": 4.980713129043579e-06,
        "y_ref": 0.011128637939691544,
        "y_mixed": 0.0111236572265625,
        "x_storage_error": 0.00013966042024549097,
        "w_storage_error": 0.0,
        "accumulation_error_estimate": 1.4901161193847656e-08,
        "demote_error": 3.5082921385765076e-06,
        "condition_indicator": 3.4814421731117733,
        "product_stats": {
          "min": -0.0003924149787053466,
          "max": 0.0009563441853970289,
          "mean": 1.086637257685652e-05,
          "std": 0.00010112095333170146
        }
      },
      {
        "coord": [
          133,
          460
        ],
        "element_error": 4.925765097141266e-06,
        "y_ref": 0.008519330061972141,
        "y_mixed": 0.008514404296875,
        "x_storage_error": 0.00014310053666122258,
        "w_storage_error": 0.0,
        "accumulation_error_estimate": 1.4901161193847656e-08,
        "demote_error": 3.6247074604034424e-06,
        "condition_indicator": 3.5378363201417713,
        "product_stats": {
          "min": -0.0005944091826677322,
          "max": 0.0008133236551657319,
          "mean": 8.31838679005159e-06,
          "std": 0.0001050629944074899
        }
      },
      {
        "coord": [
          29,
          261
        ],
        "element_error": 4.912726581096649e-06,
        "y_ref": 0.008755828253924847,
        "y_mixed": 0.00875091552734375,
        "x_storage_error": 0.00013753946404904127,
        "w_storage_error": 0.0,
        "accumulation_error_estimate": 1.4901161193847656e-08,
        "demote_error": 3.1981617212295532e-06,
        "condition_indicator": 3.9136311869758895,
        "product_stats": {
          "min": -0.0006325118592940271,
          "max": 0.0007842199993319809,
          "mean": 8.548937330488116e-06,
          "std": 9.929246880346909e-05
        }
      },
      {
        "coord": [
          40,
          489
        ],
        "element_error": 4.912726581096649e-06,
        "y_ref": -0.008990143425762653,
        "y_mixed": -0.00899505615234375,
        "x_storage_error": 0.00013555398618336767,
        "w_storage_error": 0.0,
        "accumulation_error_estimate": 1.4901161193847656e-08,
        "demote_error": 3.511086106300354e-06,
        "condition_indicator": 3.8638255384856115,
        "product_stats": {
          "min": -0.0007479137857444584,
          "max": 0.0003940435126423836,
          "mean": -8.780807547736913e-06,
          "std": 9.547016088617966e-05
        }
      },
      {
        "coord": [
          252,
          248
        ],
        "element_error": 4.903413355350494e-06,
        "y_ref": 0.00939451064914465,
        "y_mixed": 0.0093994140625,
        "x_storage_error": 0.00014419174112845212,
        "w_storage_error": 0.0,
        "accumulation_error_estimate": 1.4901161193847656e-08,
        "demote_error": 3.0454248189926147e-06,
        "condition_indicator": 3.370845803594292,
        "product_stats": {
          "min": -0.00041025830432772636,
          "max": 0.0005582593730650842,
          "mean": 9.176139428745955e-06,
          "std": 9.666710684541613e-05
        }
      },
      {
        "coord": [
          12,
          173
        ],
        "element_error": 4.890374839305878e-06,
        "y_ref": 0.010302421636879444,
        "y_mixed": 0.01030731201171875,
        "x_storage_error": 0.00014526609447784722,
        "w_storage_error": 0.0,
        "accumulation_error_estimate": 1.4901161193847656e-08,
        "demote_error": 3.0780211091041565e-06,
        "condition_indicator": 3.8071431925036663,
        "product_stats": {
          "min": -0.0004088731366209686,
          "max": 0.000596103782299906,
          "mean": 1.0062728506454732e-05,
          "std": 0.00011084518337156624
        }
      }
    ]
  }
}