{
  "detector": {
    "detected_exceeded": false,
    "actual_err": 6.033480167388916e-05,
    "predicted_bound": 0.00013563493848778307,
    "elapsed_sec": 3.9556663036346436
  },
  "meta": {
    "distribution": "adversarial_sum",
    "bias": true,
    "batch_size": 32,
    "in_features": 1024,
    "out_features": 4096
  },
  "analyzer_report": {
    "component_estimates": {
      "input_storage_error": 6.033480167388916e-05,
      "weight_storage_error": 6.033480167388916e-05,
      "accumulation_error": 6.033480167388916e-05,
      "output_storage_error": 0.00010482966899871826,
      "bias_storage_error": 6.033480167388916e-05
    },
    "component_ratios": {
      "input_storage_error": 0.1742929705996298,
      "weight_storage_error": 0.1742929705996298,
      "accumulation_error": 0.1742929705996298,
      "output_storage_error": 0.30282811760148076,
      "bias_storage_error": 0.1742929705996298
    },
    "primary_source": "input_storage",
    "suggestion": "\u4e3b\u8981\u8bef\u5dee\u6765\u6e90\u4e3a\u8f93\u5165\u5b58\u50a8\u7cbe\u5ea6\u3002\u5efa\u8bae\uff1a\u63d0\u5347\u8f93\u5165\u5b58\u50a8\u7cbe\u5ea6\u6216\u8fdb\u884c\u8f93\u5165\u5f52\u4e00\u5316/\u6807\u51c6\u5316\u4ee5\u964d\u4f4e\u6570\u503c\u8303\u56f4\u3002",
    "aggregated_ratios": {
      "input_storage": 0.9734063774826565,
      "weight_storage": 0.0,
      "bias_storage": 0.0,
      "accumulation": 0.00011352667029815805,
      "demote": 0.026480095847045367
    },
    "top_neurons_summary": [
      {
        "coord": [
          26,
          849
        ],
        "neuron_error": 6.033480167388916e-05,
        "y_ref": 0.1294562667608261,
        "y_mixed": 0.1295166015625,
        "input_storage_error": 0.0014529147883877158,
        "weight_storage_error": 0.0,
        "bias_storage_error": 0.0,
        "accumulation_estimate": 2.384185791015625e-07,
        "demote_error": 5.109608173370361e-05,
        "in_features": 1024,
        "neuron_idx": 849,
        "batch_idx": 26
      },
      {
        "coord": [
          15,
          2219
        ],
        "neuron_error": 5.619227886199951e-05,
        "y_ref": 0.137507364153862,
        "y_mixed": 0.137451171875,
        "input_storage_error": 0.0013953455490991473,
        "weight_storage_error": 0.0,
        "bias_storage_error": 0.0,
        "accumulation_estimate": 2.384185791015625e-07,
        "demote_error": 5.869567394256592e-05,
        "in_features": 1024,
        "neuron_idx": 2219,
        "batch_idx": 15
      },
      {
        "coord": [
          13,
          3530
        ],
        "neuron_error": 5.137920379638672e-05,
        "y_ref": -0.1447046995162964,
        "y_mixed": -0.1446533203125,
        "input_storage_error": 0.0013843009946867824,
        "weight_storage_error": 0.0,
        "bias_storage_error": 0.0,
        "accumulation_estimate": 2.384185791015625e-07,
        "demote_error": 5.111098289489746e-05,
        "in_features": 1024,
        "neuron_idx": 3530,
        "batch_idx": 13
      },
      {
        "coord": [
          14,
          4081
        ],
        "neuron_error": 5.048513412475586e-05,
        "y_ref": 0.07292646169662476,
        "y_mixed": 0.0728759765625,
        "input_storage_error": 0.0014220625162124634,
        "weight_storage_error": 0.0,
        "bias_storage_error": 0.0,
        "accumulation_estimate": 1.1920928955078125e-07,
        "demote_error": 2.633035182952881e-05,
        "in_features": 1024,
        "neuron_idx": 4081,
        "batch_idx": 14
      },
      {
        "coord": [
          17,
          4021
        ],
        "neuron_error": 4.947185516357422e-05,
        "y_ref": -0.13518130779266357,
        "y_mixed": -0.1351318359375,
        "input_storage_error": 0.0014492126647382975,
        "weight_storage_error": 0.0,
        "bias_storage_error": 0.0,
        "accumulation_estimate": 2.384185791015625e-07,
        "demote_error": 5.27799129486084e-05,
        "in_features": 1024,
        "neuron_idx": 4021,
        "batch_idx": 17
      },
      {
        "coord": [
          23,
          3629
        ],
        "neuron_error": 4.8629939556121826e-05,
        "y_ref": -0.06422138959169388,
        "y_mixed": -0.06427001953125,
        "input_storage_error": 0.001456994446925819,
        "weight_storage_error": 0.0,
        "bias_storage_error": 0.0,
        "accumulation_estimate": 1.1920928955078125e-07,
        "demote_error": 3.028661012649536e-05,
        "in_features": 1024,
        "neuron_idx": 3629,
        "batch_idx": 23
      },
      {
        "coord": [
          5,
          1451
        ],
        "neuron_error": 4.772096872329712e-05,
        "y_ref": -0.0661143884062767,
        "y_mixed": -0.066162109375,
        "input_storage_error": 0.0014296933077275753,
        "weight_storage_error": 0.0,
        "bias_storage_error": 0.0,
        "accumulation_estimate": 1.1920928955078125e-07,
        "demote_error": 2.977997064590454e-05,
        "in_features": 1024,
        "neuron_idx": 1451,
        "batch_idx": 5
      },
      {
        "coord": [
          27,
          3352
        ],
        "neuron_error": 4.59328293800354e-05,
        "y_ref": 0.06810013204813004,
        "y_mixed": 0.06805419921875,
        "input_storage_error": 0.0014954196522012353,
        "weight_storage_error": 0.0,
        "bias_storage_error": 0.0,
        "accumulation_estimate": 1.1920928955078125e-07,
        "demote_error": 2.987682819366455e-05,
        "in_features": 1024,
        "neuron_idx": 3352,
        "batch_idx": 27
      },
      {
        "coord": [
          18,
          651
        ],
        "neuron_error": 4.550814628601074e-05,
        "y_ref": -0.06831386685371399,
        "y_mixed": -0.068359375,
        "input_storage_error": 0.0014018218498677015,
        "weight_storage_error": 0.0,
        "bias_storage_error": 0.0,
        "accumulation_estimate": 1.1920928955078125e-07,
        "demote_error": 3.0279159545898438e-05,
        "in_features": 1024,
        "neuron_idx": 651,
        "batch_idx": 18
      },
      {
        "coord": [
          14,
          3832
        ],
        "neuron_error": 4.540383815765381e-05,
        "y_ref": 0.06755028665065765,
        "y_mixed": 0.0675048828125,
        "input_storage_error": 0.0014220625162124634,
        "weight_storage_error": 0.0,
        "bias_storage_error": 0.0,
        "accumulation_estimate": 1.1920928955078125e-07,
        "demote_error": 2.9042363166809082e-05,
        "in_features": 1024,
        "neuron_idx": 3832,
        "batch_idx": 14
      }
    ]
  }
}