{
  "detector": {
    "detected_exceeded": false,
    "actual_err": 2.980209501401987e-08,
    "predicted_bound": 3.360184236953501e-05,
    "elapsed_sec": 2.2326810359954834
  },
  "analyzer_report": {
    "component_estimates": {
      "input_storage_error": 2.980209501401987e-08,
      "output_storage_error": 3.05427129205782e-05
    },
    "component_ratios": {
      "input_storage_error": 0.0009748002412892944,
      "output_storage_error": 0.9990251997587107
    },
    "primary_source": "storage",
    "suggestion": "\u4e3b\u8981\u8bef\u5dee\u6765\u6e90\u4e3a\u8f93\u5165\u5b58\u50a8\u7cbe\u5ea6\u3002\u5efa\u8bae\uff1a\u63d0\u5347\u8f93\u5165\u5b58\u50a8\u7cbe\u5ea6\u6216\u8fdb\u884c\u8f93\u5165\u5f52\u4e00\u5316\uff0c\u7279\u522b\u6ce8\u610f\u63a5\u8fd1\u96f6\u7684\u503c\u3002 \u68c0\u6d4b\u5230\u63a5\u8fd1\u96f6\u7684\u8f93\u5165\u503c\uff0c\u8fd9\u4e9b\u5728ReLU\u4e2d\u6700\u5bb9\u6613\u4ea7\u751f\u7cbe\u5ea6\u8bef\u5dee\u3002\u8003\u8651\u6dfb\u52a0\u5c0f\u7684\u504f\u7f6e\u6216\u4f7f\u7528Leaky ReLU\u3002",
    "relu_behavior_stats": {
      "near_zero": 10
    },
    "top_elements_summary": [
      {
        "coord": [
          0,
          203,
          16,
          24
        ],
        "element_error": 2.980209501401987e-08,
        "x_original": 2.6822067411558237e-07,
        "y_ref": 2.6822067411558237e-07,
        "y_mixed": 2.384185791015625e-07,
        "relu_behavior": "near_zero",
        "storage_error": 2.980209501401987e-08,
        "demote_error": 0.0
      },
      {
        "coord": [
          0,
          124,
          8,
          16
        ],
        "element_error": 2.9801967116327432e-08,
        "x_original": 1.4901196720984444e-07,
        "y_ref": 1.4901196720984444e-07,
        "y_mixed": 1.7881393432617188e-07,
        "relu_behavior": "near_zero",
        "storage_error": 2.9801967116327432e-08,
        "demote_error": 0.0
      },
      {
        "coord": [
          0,
          172,
          16,
          25
        ],
        "element_error": 2.9801697110087844e-08,
        "x_original": 5.066388553132128e-07,
        "y_ref": 5.066388553132128e-07,
        "y_mixed": 4.76837158203125e-07,
        "relu_behavior": "near_zero",
        "storage_error": 2.9801697110087844e-08,
        "demote_error": 0.0
      },
      {
        "coord": [
          0,
          239,
          11,
          8
        ],
        "element_error": 2.9801640266668983e-08,
        "x_original": 9.834773209149716e-07,
        "y_ref": 9.834773209149716e-07,
        "y_mixed": 1.0132789611816406e-06,
        "relu_behavior": "near_zero",
        "storage_error": 2.9801640266668983e-08,
        "demote_error": 0.0
      },
      {
        "coord": [
          0,
          151,
          0,
          25
        ],
        "element_error": 2.980152657983126e-08,
        "x_original": 6.258495659494656e-07,
        "y_ref": 6.258495659494656e-07,
        "y_mixed": 6.556510925292969e-07,
        "relu_behavior": "near_zero",
        "storage_error": 2.980152657983126e-08,
        "demote_error": 0.0
      },
      {
        "coord": [
          0,
          106,
          28,
          25
        ],
        "element_error": 2.9801011436347835e-08,
        "x_original": 2.9801011436347835e-08,
        "y_ref": 2.9801011436347835e-08,
        "y_mixed": 0.0,
        "relu_behavior": "near_zero",
        "storage_error": 2.9801011436347835e-08,
        "demote_error": 0.0
      },
      {
        "coord": [
          0,
          26,
          27,
          8
        ],
        "element_error": 2.9800901302223792e-08,
        "x_original": 3.874316121255106e-07,
        "y_ref": 3.874316121255106e-07,
        "y_mixed": 4.172325134277344e-07,
        "relu_behavior": "near_zero",
        "storage_error": 2.9800901302223792e-08,
        "demote_error": 0.0
      },
      {
        "coord": [
          0,
          234,
          31,
          0
        ],
        "element_error": 2.980084445880493e-08,
        "x_original": 8.642658713142737e-07,
        "y_ref": 8.642658713142737e-07,
        "y_mixed": 8.344650268554688e-07,
        "relu_behavior": "near_zero",
        "storage_error": 2.980084445880493e-08,
        "demote_error": 0.0
      },
      {
        "coord": [
          0,
          159,
          20,
          12
        ],
        "element_error": 2.980075919367664e-08,
        "x_original": 3.874286278460204e-07,
        "y_ref": 3.874286278460204e-07,
        "y_mixed": 3.5762786865234375e-07,
        "relu_behavior": "near_zero",
        "storage_error": 2.980075919367664e-08,
        "demote_error": 0.0
      },
      {
        "coord": [
          0,
          59,
          11,
          18
        ],
        "element_error": 2.9800446554872906e-08,
        "x_original": 7.450561838595604e-07,
        "y_ref": 7.450561838595604e-07,
        "y_mixed": 7.152557373046875e-07,
        "relu_behavior": "near_zero",
        "storage_error": 2.9800446554872906e-08,
        "demote_error": 0.0
      }
    ]
  }
}