{
  "detector": {
    "detected_exceeded": false,
    "actual_err": 9.337067604064941e-05,
    "predicted_bound": 0.00018218688637716698,
    "elapsed_sec": 3.643035411834717
  },
  "analyzer_report": {
    "component_estimates": {
      "input_storage_error": 9.337067604064941e-05,
      "statistics_computation_error": 9.337067604064941e-05,
      "output_storage_error": 0.000139579176902771,
      "weight_storage_error": 9.337067604064941e-05,
      "bias_storage_error": 9.337067604064941e-05
    },
    "component_ratios": {
      "input_storage_error": 0.18198716273125962,
      "statistics_computation_error": 0.18198716273125962,
      "output_storage_error": 0.27205134907496153,
      "weight_storage_error": 0.18198716273125962,
      "bias_storage_error": 0.18198716273125962
    },
    "primary_source": "demote",
    "suggestion": "\u4e3b\u8981\u8bef\u5dee\u6765\u6e90\u4e3a\u8f93\u51fa\u964d\u7cbe\u5ea6\u3002\u5efa\u8bae\uff1a\u5ef6\u8fdf\u964d\u7cbe\u5ea6\u6216\u63d0\u9ad8\u8f93\u51fa\u7cbe\u5ea6\uff1b\u68c0\u67e5LayerNorm\u8f93\u51fa\u7684\u6570\u503c\u8303\u56f4\u3002",
    "statistics_errors": {
      "mean_error": 3.221799715902307e-09,
      "var_error": 9.139355938714289e-13,
      "std_error": 2.3283064365386963e-10
    },
    "norm_behavior_stats": {
      "normal": 10
    },
    "top_elements_summary": [
      {
        "coord": [
          2,
          94,
          733
        ],
        "element_error": 9.337067604064941e-05,
        "x_original": -0.00040425529005005956,
        "y_ref": -0.12930116057395935,
        "y_mixed": -0.12939453125,
        "norm_behavior": "normal",
        "storage_error": 1.0262010619044304e-07,
        "weight_error": 0.0,
        "bias_error": 0.0,
        "demote_error": 6.0752034187316895e-05,
        "local_mean_error": 5.51608536625281e-10,
        "local_std_error": 0.0
      },
      {
        "coord": [
          2,
          312,
          528
        ],
        "element_error": 9.073317050933838e-05,
        "x_original": -0.0004891230491921306,
        "y_ref": -0.15371786057949066,
        "y_mixed": -0.15380859375,
        "norm_behavior": "normal",
        "storage_error": 1.1187512427568436e-07,
        "weight_error": 0.0,
        "bias_error": 0.0,
        "demote_error": 5.5849552154541016e-05,
        "local_mean_error": 1.5409113984787837e-09,
        "local_std_error": 0.0
      },
      {
        "coord": [
          3,
          81,
          328
        ],
        "element_error": 8.545815944671631e-05,
        "x_original": 0.0003989610413555056,
        "y_ref": 0.12850342690944672,
        "y_mixed": 0.12841796875,
        "norm_behavior": "normal",
        "storage_error": 8.675851859152317e-08,
        "weight_error": 0.0,
        "bias_error": 0.0,
        "demote_error": 5.7950615882873535e-05,
        "local_mean_error": 2.914930519182235e-10,
        "local_std_error": 0.0
      },
      {
        "coord": [
          7,
          4,
          485
        ],
        "element_error": 8.481740951538086e-05,
        "x_original": 0.0004333482647780329,
        "y_ref": 0.13797670602798462,
        "y_mixed": 0.1380615234375,
        "norm_behavior": "normal",
        "storage_error": 9.67120286077261e-08,
        "weight_error": 0.0,
        "bias_error": 0.0,
        "demote_error": 5.422532558441162e-05,
        "local_mean_error": 8.594724931754172e-11,
        "local_std_error": 0.0
      },
      {
        "coord": [
          5,
          27,
          330
        ],
        "element_error": 8.271634578704834e-05,
        "x_original": -0.00042955641401931643,
        "y_ref": -0.13468290865421295,
        "y_mixed": -0.134765625,
        "norm_behavior": "normal",
        "storage_error": 7.386552169919014e-08,
        "weight_error": 0.0,
        "bias_error": 0.0,
        "demote_error": 5.91278076171875e-05,
        "local_mean_error": 7.626113074366003e-10,
        "local_std_error": 2.3283064365386963e-10
      },
      {
        "coord": [
          5,
          399,
          157
        ],
        "element_error": 8.179247379302979e-05,
        "x_original": 0.00042049106559716165,
        "y_ref": 0.13236449658870697,
        "y_mixed": 0.1324462890625,
        "norm_behavior": "normal",
        "storage_error": 7.930793799459934e-08,
        "weight_error": 0.0,
        "bias_error": 0.0,
        "demote_error": 5.6430697441101074e-05,
        "local_mean_error": 9.464429240324534e-10,
        "local_std_error": 0.0
      },
      {
        "coord": [
          3,
          274,
          664
        ],
        "element_error": 8.17030668258667e-05,
        "x_original": -0.00043093840940855443,
        "y_ref": -0.13692252337932587,
        "y_mixed": -0.1368408203125,
        "norm_behavior": "normal",
        "storage_error": 1.1603697203099728e-07,
        "weight_error": 0.0,
        "bias_error": 0.0,
        "demote_error": 4.476308822631836e-05,
        "local_mean_error": 8.0831341620069e-10,
        "local_std_error": 0.0
      },
      {
        "coord": [
          5,
          323,
          222
        ],
        "element_error": 7.998943328857422e-05,
        "x_original": 0.0004220638074912131,
        "y_ref": 0.13264834880828857,
        "y_mixed": 0.132568359375,
        "norm_behavior": "normal",
        "storage_error": 6.292248144745827e-08,
        "weight_error": 0.0,
        "bias_error": 0.0,
        "demote_error": 5.9977173805236816e-05,
        "local_mean_error": 4.1018211049959064e-10,
        "local_std_error": 0.0
      },
      {
        "coord": [
          3,
          127,
          722
        ],
        "element_error": 7.656216621398926e-05,
        "x_original": -0.0005120314308442175,
        "y_ref": -0.161910742521286,
        "y_mixed": -0.1619873046875,
        "norm_behavior": "normal",
        "storage_error": 9.167706593871117e-08,
        "weight_error": 0.0,
        "bias_error": 0.0,
        "demote_error": 4.7788023948669434e-05,
        "local_mean_error": 6.731966095685493e-10,
        "local_std_error": 0.0
      },
      {
        "coord": [
          2,
          107,
          41
        ],
        "element_error": 7.638335227966309e-05,
        "x_original": -0.0004085589316673577,
        "y_ref": -0.12870779633522034,
        "y_mixed": -0.1287841796875,
        "norm_behavior": "normal",
        "storage_error": 9.051291272044182e-08,
        "weight_error": 0.0,
        "bias_error": 0.0,
        "demote_error": 4.749000072479248e-05,
        "local_mean_error": 8.941469786805101e-10,
        "local_std_error": 0.0
      }
    ]
  }
}