{
  "detector": {
    "detected_exceeded": false,
    "actual_err": 9.47713851928711e-05,
    "predicted_bound": 0.00019166211714036763,
    "elapsed_sec": 3.7322351932525635
  },
  "analyzer_report": {
    "component_estimates": {
      "input_storage_error": 9.47713851928711e-05,
      "statistics_computation_error": 9.47713851928711e-05,
      "output_storage_error": 0.00014582276344299316,
      "weight_storage_error": 9.47713851928711e-05,
      "bias_storage_error": 9.47713851928711e-05
    },
    "component_ratios": {
      "input_storage_error": 0.18054845852495316,
      "statistics_computation_error": 0.18054845852495316,
      "output_storage_error": 0.27780616590018736,
      "weight_storage_error": 0.18054845852495316,
      "bias_storage_error": 0.18054845852495316
    },
    "primary_source": "demote",
    "suggestion": "\u4e3b\u8981\u8bef\u5dee\u6765\u6e90\u4e3a\u8f93\u51fa\u964d\u7cbe\u5ea6\u3002\u5efa\u8bae\uff1a\u5ef6\u8fdf\u964d\u7cbe\u5ea6\u6216\u63d0\u9ad8\u8f93\u51fa\u7cbe\u5ea6\uff1b\u68c0\u67e5LayerNorm\u8f93\u51fa\u7684\u6570\u503c\u8303\u56f4\u3002",
    "statistics_errors": {
      "mean_error": 3.189143171766773e-09,
      "var_error": 9.663381206337363e-13,
      "std_error": 2.3283064365386963e-10
    },
    "norm_behavior_stats": {
      "normal": 10
    },
    "top_elements_summary": [
      {
        "coord": [
          5,
          420,
          551
        ],
        "element_error": 9.47713851928711e-05,
        "x_original": -0.00039209017995744944,
        "y_ref": -0.12624800205230713,
        "y_mixed": -0.1263427734375,
        "norm_behavior": "normal",
        "storage_error": 1.0838266462087631e-07,
        "weight_error": 0.0,
        "bias_error": 0.0,
        "demote_error": 6.029009819030762e-05,
        "local_mean_error": 7.071321306284517e-10,
        "local_std_error": 0.0
      },
      {
        "coord": [
          1,
          423,
          376
        ],
        "element_error": 9.250640869140625e-05,
        "x_original": -0.0005413492326624691,
        "y_ref": -0.1696481704711914,
        "y_mixed": -0.1695556640625,
        "norm_behavior": "normal",
        "storage_error": 1.3905810192227364e-07,
        "weight_error": 0.0,
        "bias_error": 0.0,
        "demote_error": 4.863739013671875e-05,
        "local_mean_error": 2.9058355721645057e-10,
        "local_std_error": 0.0
      },
      {
        "coord": [
          5,
          435,
          472
        ],
        "element_error": 8.827447891235352e-05,
        "x_original": 0.0003932646650355309,
        "y_ref": 0.12618690729141235,
        "y_mixed": 0.1260986328125,
        "norm_behavior": "normal",
        "storage_error": 1.124280970543623e-07,
        "weight_error": 0.0,
        "bias_error": 0.0,
        "demote_error": 5.283951759338379e-05,
        "local_mean_error": 3.2605385058559477e-10,
        "local_std_error": 0.0
      },
      {
        "coord": [
          7,
          299,
          753
        ],
        "element_error": 8.790194988250732e-05,
        "x_original": -0.0003996852901764214,
        "y_ref": -0.1285058706998825,
        "y_mixed": -0.12841796875,
        "norm_behavior": "normal",
        "storage_error": 9.575160220265388e-08,
        "weight_error": 0.0,
        "bias_error": 0.0,
        "demote_error": 5.7816505432128906e-05,
        "local_mean_error": 5.557012627832592e-10,
        "local_std_error": 0.0
      },
      {
        "coord": [
          7,
          461,
          29
        ],
        "element_error": 8.760392665863037e-05,
        "x_original": -0.00043191417353227735,
        "y_ref": -0.13418973982334137,
        "y_mixed": -0.13427734375,
        "norm_behavior": "normal",
        "storage_error": 1.0029179975390434e-07,
        "weight_error": 0.0,
        "bias_error": 0.0,
        "demote_error": 5.6043267250061035e-05,
        "local_mean_error": 4.2655301513150334e-10,
        "local_std_error": 0.0
      },
      {
        "coord": [
          1,
          42,
          175
        ],
        "element_error": 8.541345596313477e-05,
        "x_original": -0.0004056316684000194,
        "y_ref": -0.12752681970596313,
        "y_mixed": -0.12744140625,
        "norm_behavior": "normal",
        "storage_error": 8.166534826159477e-08,
        "weight_error": 0.0,
        "bias_error": 0.0,
        "demote_error": 5.9232115745544434e-05,
        "local_mean_error": 1.200305632664822e-09,
        "local_std_error": 0.0
      },
      {
        "coord": [
          1,
          319,
          213
        ],
        "element_error": 8.414685726165771e-05,
        "x_original": 0.00044188721221871674,
        "y_ref": 0.14192984998226166,
        "y_mixed": 0.141845703125,
        "norm_behavior": "normal",
        "storage_error": 9.758514352142811e-08,
        "weight_error": 0.0,
        "bias_error": 0.0,
        "demote_error": 5.37186861038208e-05,
        "local_mean_error": 1.3419594324659556e-09,
        "local_std_error": 0.0
      },
      {
        "coord": [
          7,
          81,
          494
        ],
        "element_error": 8.322298526763916e-05,
        "x_original": -0.0004375723365228623,
        "y_ref": -0.13838888704776764,
        "y_mixed": -0.1383056640625,
        "norm_behavior": "normal",
        "storage_error": 7.424387149512768e-08,
        "weight_error": 0.0,
        "bias_error": 0.0,
        "demote_error": 5.9545040130615234e-05,
        "local_mean_error": 6.609184310946148e-10,
        "local_std_error": 2.3283064365386963e-10
      },
      {
        "coord": [
          4,
          476,
          329
        ],
        "element_error": 7.915496826171875e-05,
        "x_original": 0.00041805676301009953,
        "y_ref": 0.13118267059326172,
        "y_mixed": 0.131103515625,
        "norm_behavior": "normal",
        "storage_error": 1.0899384506046772e-07,
        "weight_error": 0.0,
        "bias_error": 0.0,
        "demote_error": 4.519522190093994e-05,
        "local_mean_error": 1.5429577615577728e-09,
        "local_std_error": 2.3283064365386963e-10
      },
      {
        "coord": [
          6,
          369,
          154
        ],
        "element_error": 7.91400671005249e-05,
        "x_original": -0.0004023538494948298,
        "y_ref": -0.12699605524539948,
        "y_mixed": -0.1270751953125,
        "norm_behavior": "normal",
        "storage_error": 9.67120286077261e-08,
        "weight_error": 0.0,
        "bias_error": 0.0,
        "demote_error": 4.871189594268799e-05,
        "local_mean_error": 4.993125912733376e-10,
        "local_std_error": 0.0
      }
    ]
  }
}