{
  "detector": {
    "detected_exceeded": false,
    "actual_err": 9.420514106750488e-05,
    "predicted_bound": 0.00018645843083504588,
    "elapsed_sec": 3.707883834838867
  },
  "analyzer_report": {
    "component_estimates": {
      "input_storage_error": 9.420514106750488e-05,
      "statistics_computation_error": 9.420514106750488e-05,
      "output_storage_error": 0.0001433640718460083,
      "weight_storage_error": 9.420514106750488e-05,
      "bias_storage_error": 9.420514106750488e-05
    },
    "component_ratios": {
      "input_storage_error": 0.18109942994643216,
      "statistics_computation_error": 0.18109942994643216,
      "output_storage_error": 0.2756022802142714,
      "weight_storage_error": 0.18109942994643216,
      "bias_storage_error": 0.18109942994643216
    },
    "primary_source": "demote",
    "suggestion": "\u4e3b\u8981\u8bef\u5dee\u6765\u6e90\u4e3a\u8f93\u51fa\u964d\u7cbe\u5ea6\u3002\u5efa\u8bae\uff1a\u5ef6\u8fdf\u964d\u7cbe\u5ea6\u6216\u63d0\u9ad8\u8f93\u51fa\u7cbe\u5ea6\uff1b\u68c0\u67e5LayerNorm\u8f93\u51fa\u7684\u6570\u503c\u8303\u56f4\u3002",
    "statistics_errors": {
      "mean_error": 4.1470684664091095e-09,
      "var_error": 1.06314956838105e-12,
      "std_error": 2.3283064365386963e-10
    },
    "norm_behavior_stats": {
      "normal": 10
    },
    "top_elements_summary": [
      {
        "coord": [
          3,
          493,
          67
        ],
        "element_error": 9.420514106750488e-05,
        "x_original": 0.00040996260941028595,
        "y_ref": 0.1295444667339325,
        "y_mixed": 0.129638671875,
        "norm_behavior": "normal",
        "storage_error": 1.1734664440155029e-07,
        "weight_error": 0.0,
        "bias_error": 0.0,
        "demote_error": 5.677342414855957e-05,
        "local_mean_error": 1.0551772788858216e-09,
        "local_std_error": 0.0
      },
      {
        "coord": [
          7,
          38,
          544
        ],
        "element_error": 9.277462959289551e-05,
        "x_original": 0.000501986185554415,
        "y_ref": 0.1573779284954071,
        "y_mixed": 0.157470703125,
        "norm_behavior": "normal",
        "storage_error": 1.2334203347563744e-07,
        "weight_error": 0.0,
        "bias_error": 0.0,
        "demote_error": 5.3882598876953125e-05,
        "local_mean_error": 2.673914423212409e-10,
        "local_std_error": 2.3283064365386963e-10
      },
      {
        "coord": [
          0,
          324,
          181
        ],
        "element_error": 9.031593799591064e-05,
        "x_original": 0.000407813407946378,
        "y_ref": 0.1283862143754959,
        "y_mixed": 0.1282958984375,
        "norm_behavior": "normal",
        "storage_error": 1.1763768270611763e-07,
        "weight_error": 0.0,
        "bias_error": 0.0,
        "demote_error": 5.307793617248535e-05,
        "local_mean_error": 2.0679635781561956e-10,
        "local_std_error": 0.0
      },
      {
        "coord": [
          6,
          251,
          386
        ],
        "element_error": 8.828938007354736e-05,
        "x_original": 0.0004002093628514558,
        "y_ref": 0.12625448405742645,
        "y_mixed": 0.1263427734375,
        "norm_behavior": "normal",
        "storage_error": 9.543146006762981e-08,
        "weight_error": 0.0,
        "bias_error": 0.0,
        "demote_error": 5.857646465301514e-05,
        "local_mean_error": 1.4033503248356283e-09,
        "local_std_error": 0.0
      },
      {
        "coord": [
          5,
          287,
          22
        ],
        "element_error": 8.733570575714111e-05,
        "x_original": 0.0004087414999958128,
        "y_ref": 0.13033635914325714,
        "y_mixed": 0.1302490234375,
        "norm_behavior": "normal",
        "storage_error": 9.20554157346487e-08,
        "weight_error": 0.0,
        "bias_error": 0.0,
        "demote_error": 5.823373794555664e-05,
        "local_mean_error": 3.1604940886609256e-11,
        "local_std_error": 0.0
      },
      {
        "coord": [
          0,
          340,
          157
        ],
        "element_error": 8.58008861541748e-05,
        "x_original": 0.0004471580032259226,
        "y_ref": 0.14053919911384583,
        "y_mixed": 0.140625,
        "norm_behavior": "normal",
        "storage_error": 1.1525116860866547e-07,
        "weight_error": 0.0,
        "bias_error": 0.0,
        "demote_error": 4.951655864715576e-05,
        "local_mean_error": 3.901732270605862e-10,
        "local_std_error": 0.0
      },
      {
        "coord": [
          7,
          133,
          584
        ],
        "element_error": 8.344650268554688e-05,
        "x_original": 0.00045477470848709345,
        "y_ref": 0.14351606369018555,
        "y_mixed": 0.1434326171875,
        "norm_behavior": "normal",
        "storage_error": 1.1047814041376114e-07,
        "weight_error": 0.0,
        "bias_error": 0.0,
        "demote_error": 4.850327968597412e-05,
        "local_mean_error": 1.496687218605075e-10,
        "local_std_error": 2.3283064365386963e-10
      },
      {
        "coord": [
          4,
          358,
          682
        ],
        "element_error": 8.29547643661499e-05,
        "x_original": 0.00040944022475741804,
        "y_ref": 0.12691400945186615,
        "y_mixed": 0.1268310546875,
        "norm_behavior": "normal",
        "storage_error": 7.552444003522396e-08,
        "weight_error": 0.0,
        "bias_error": 0.0,
        "demote_error": 5.9351325035095215e-05,
        "local_mean_error": 8.276401786133647e-10,
        "local_std_error": 0.0
      },
      {
        "coord": [
          3,
          167,
          550
        ],
        "element_error": 8.283555507659912e-05,
        "x_original": -0.0004400119069032371,
        "y_ref": -0.1393214613199234,
        "y_mixed": -0.139404296875,
        "norm_behavior": "normal",
        "storage_error": 1.0879011824727058e-07,
        "weight_error": 0.0,
        "bias_error": 0.0,
        "demote_error": 4.8160552978515625e-05,
        "local_mean_error": 9.34733179747127e-10,
        "local_std_error": 0.0
      },
      {
        "coord": [
          0,
          47,
          535
        ],
        "element_error": 8.177757263183594e-05,
        "x_original": -0.00039991296944208443,
        "y_ref": -0.12654662132263184,
        "y_mixed": -0.12646484375,
        "norm_behavior": "normal",
        "storage_error": 8.501228876411915e-08,
        "weight_error": 0.0,
        "bias_error": 0.0,
        "demote_error": 5.46872615814209e-05,
        "local_mean_error": 6.662617124675307e-10,
        "local_std_error": 0.0
      }
    ]
  }
}