{
  "detector": {
    "detected_exceeded": false,
    "actual_err": 5.365349352359772e-06,
    "predicted_bound": 3.9396491047227755e-05,
    "elapsed_sec": 2.6788864135742188
  },
  "matrix_info": {
    "input_shape": [
      256,
      1024
    ],
    "weight_shape": [
      1024,
      512
    ],
    "output_shape": [
      256,
      512
    ],
    "accumulation_dim": 1024
  },
  "analyzer_report": {
    "component_estimates": {
      "input_storage_error": 5.365349352359772e-06,
      "weight_storage_error": 5.365349352359772e-06,
      "accumulation_error": 5.365349352359772e-06,
      "demote_error": 3.447849303483963e-05
    },
    "component_ratios": {
      "input_storage_error": 0.10608794932233354,
      "weight_storage_error": 0.10608794932233354,
      "accumulation_error": 0.10608794932233354,
      "demote_error": 0.6817361520329994
    },
    "primary_source": "x_storage",
    "suggestion": "\u4e3b\u8981\u8bef\u5dee\u6765\u6e90\u4e3a\u8f93\u5165\u5b58\u50a8\u7cbe\u5ea6\u3002\u5efa\u8bae\uff1a\u63d0\u5347\u8f93\u5165\u5b58\u50a8\u7cbe\u5ea6\uff1b\u8fdb\u884c\u8f93\u5165\u5f52\u4e00\u5316\u6216\u6743\u91cd\u7f29\u653e\u4ee5\u6539\u5584\u6570\u503c\u8303\u56f4\u3002",
    "numerical_stability": {
      "average_condition_indicator": 3.811089941443032,
      "accumulation_dimension": 1024,
      "stability_assessment": "good"
    },
    "top_elements_summary": [
      {
        "coord": [
          160,
          75
        ],
        "element_error": 5.365349352359772e-06,
        "y_ref": -0.00876080896705389,
        "y_mixed": -0.00876617431640625,
        "x_storage_error": 0.0001401633198838681,
        "w_storage_error": 0.0,
        "accumulation_error_estimate": 1.4901161193847656e-08,
        "demote_error": 3.6908313632011414e-06,
        "condition_indicator": 3.138616883560458,
        "product_stats": {
          "min": -0.0006091226823627949,
          "max": 0.0007197438972070813,
          "mean": -8.557112778362352e-06,
          "std": 0.00010176186333410442
        }
      },
      {
        "coord": [
          11,
          485
        ],
        "element_error": 5.36162406206131e-06,
        "y_ref": -0.008565542288124561,
        "y_mixed": -0.0085601806640625,
        "x_storage_error": 0.00014648800424765795,
        "w_storage_error": 0.0,
        "accumulation_error_estimate": 1.4901161193847656e-08,
        "demote_error": 3.6535784602165222e-06,
        "condition_indicator": 3.7946885753915383,
        "product_stats": {
          "min": -0.0005745780654251575,
          "max": 0.0009696658235043287,
          "mean": -8.363120286958292e-06,
          "std": 0.00010089176066685468
        }
      },
      {
        "coord": [
          66,
          506
        ],
        "element_error": 5.2461400628089905e-06,
        "y_ref": -0.009729861281812191,
        "y_mixed": -0.009735107421875,
        "x_storage_error": 0.00014459258818533272,
        "w_storage_error": 0.0,
        "accumulation_error_estimate": 1.4901161193847656e-08,
        "demote_error": 3.664754331111908e-06,
        "condition_indicator": 4.782833097059095,
        "product_stats": {
          "min": -0.0005766843096353114,
          "max": 0.0006306845461949706,
          "mean": -9.503361070528626e-06,
          "std": 9.721672540763393e-05
        }
      },
      {
        "coord": [
          45,
          115
        ],
        "element_error": 5.184672772884369e-06,
        "y_ref": 0.008885799907147884,
        "y_mixed": 0.008880615234375,
        "x_storage_error": 0.00013854049029760063,
        "w_storage_error": 0.0,
        "accumulation_error_estimate": 1.4901161193847656e-08,
        "demote_error": 3.6014243960380554e-06,
        "condition_indicator": 3.737220903396957,
        "product_stats": {
          "min": -0.00039478865801356733,
          "max": 0.00047501616063527763,
          "mean": 8.675992830831092e-06,
          "std": 9.201979264616966e-05
        }
      },
      {
        "coord": [
          88,
          361
        ],
        "element_error": 5.11854887008667e-06,
        "y_ref": 0.010103829205036163,
        "y_mixed": 0.01010894775390625,
        "x_storage_error": 0.0001490626746090129,
        "w_storage_error": 0.0,
        "accumulation_error_estimate": 1.4901161193847656e-08,
        "demote_error": 3.42540442943573e-06,
        "condition_indicator": 3.2718443376179156,
        "product_stats": {
          "min": -0.0004907906404696405,
          "max": 0.0006000699358992279,
          "mean": 9.868675078905653e-06,
          "std": 0.00010052746802102774
        }
      },
      {
        "coord": [
          163,
          63
        ],
        "element_error": 5.098991096019745e-06,
        "y_ref": 0.00784554798156023,
        "y_mixed": 0.00785064697265625,
        "x_storage_error": 0.00014948325406294316,
        "w_storage_error": 0.0,
        "accumulation_error_estimate": 1.4901161193847656e-08,
        "demote_error": 2.9634684324264526e-06,
        "condition_indicator": 3.214136901017598,
        "product_stats": {
          "min": -0.000781496346462518,
          "max": 0.0005048293969593942,
          "mean": 7.663751603104174e-06,
          "std": 9.851423237705603e-05
        }
      },
      {
        "coord": [
          201,
          127
        ],
        "element_error": 5.091540515422821e-06,
        "y_ref": 0.008633936755359173,
        "y_mixed": 0.00862884521484375,
        "x_storage_error": 0.00014872000610921532,
        "w_storage_error": 0.0,
        "accumulation_error_estimate": 1.4901161193847656e-08,
        "demote_error": 3.8100406527519226e-06,
        "condition_indicator": 4.295399634111234,
        "product_stats": {
          "min": -0.0005043380660936236,
          "max": 0.0005594745744019747,
          "mean": 8.430328307440504e-06,
          "std": 0.00010134042531717569
        }
      },
      {
        "coord": [
          88,
          169
        ],
        "element_error": 5.043111741542816e-06,
        "y_ref": 0.008494102396070957,
        "y_mixed": 0.0084991455078125,
        "x_storage_error": 0.0001490626746090129,
        "w_storage_error": 0.0,
        "accumulation_error_estimate": 1.4901161193847656e-08,
        "demote_error": 3.734603524208069e-06,
        "condition_indicator": 3.0927638077578776,
        "product_stats": {
          "min": -0.0004494026943575591,
          "max": 0.0006761390250176191,
          "mean": 8.296300620713737e-06,
          "std": 0.00010353199468227103
        }
      },
      {
        "coord": [
          80,
          255
        ],
        "element_error": 5.042180418968201e-06,
        "y_ref": -0.008214270696043968,
        "y_mixed": -0.008209228515625,
        "x_storage_error": 0.00014767439279239625,
        "w_storage_error": 0.0,
        "accumulation_error_estimate": 1.4901161193847656e-08,
        "demote_error": 3.495253622531891e-06,
        "condition_indicator": 3.9539701270912566,
        "product_stats": {
          "min": -0.0006828886107541621,
          "max": 0.0005389814614318311,
          "mean": -8.020238965400495e-06,
          "std": 0.00010638597450451925
        }
      },
      {
        "coord": [
          109,
          305
        ],
        "element_error": 5.00120222568512e-06,
        "y_ref": -0.008173709735274315,
        "y_mixed": -0.0081787109375,
        "x_storage_error": 0.0001469743438065052,
        "w_storage_error": 0.0,
        "accumulation_error_estimate": 1.4901161193847656e-08,
        "demote_error": 3.6833807826042175e-06,
        "condition_indicator": 4.829425147426389,
        "product_stats": {
          "min": -0.0005256503354758024,
          "max": 0.0004453239089343697,
          "mean": -7.983427167346235e-06,
          "std": 0.00010159907833440229
        }
      }
    ]
  }
}