{
  "detector": {
    "detected_exceeded": false,
    "actual_err": 9.235739707946777e-05,
    "predicted_bound": 0.00017499218811281028,
    "elapsed_sec": 3.6401426792144775
  },
  "analyzer_report": {
    "component_estimates": {
      "input_storage_error": 9.235739707946777e-05,
      "statistics_computation_error": 9.235739707946777e-05,
      "output_storage_error": 0.00014293193817138672,
      "weight_storage_error": 9.235739707946777e-05,
      "bias_storage_error": 9.235739707946777e-05
    },
    "component_ratios": {
      "input_storage_error": 0.18025825965565379,
      "statistics_computation_error": 0.18025825965565379,
      "output_storage_error": 0.2789669613773848,
      "weight_storage_error": 0.18025825965565379,
      "bias_storage_error": 0.18025825965565379
    },
    "primary_source": "demote",
    "suggestion": "\u4e3b\u8981\u8bef\u5dee\u6765\u6e90\u4e3a\u8f93\u51fa\u964d\u7cbe\u5ea6\u3002\u5efa\u8bae\uff1a\u5ef6\u8fdf\u964d\u7cbe\u5ea6\u6216\u63d0\u9ad8\u8f93\u51fa\u7cbe\u5ea6\uff1b\u68c0\u67e5LayerNorm\u8f93\u51fa\u7684\u6570\u503c\u8303\u56f4\u3002",
    "statistics_errors": {
      "mean_error": 2.803290044539608e-09,
      "var_error": 9.57456336436735e-13,
      "std_error": 2.3283064365386963e-10
    },
    "norm_behavior_stats": {
      "normal": 10
    },
    "top_elements_summary": [
      {
        "coord": [
          0,
          121,
          244
        ],
        "element_error": 9.235739707946777e-05,
        "x_original": 0.0004035128513351083,
        "y_ref": 0.12655720114707947,
        "y_mixed": 0.12646484375,
        "norm_behavior": "normal",
        "storage_error": 1.0861549526453018e-07,
        "weight_error": 0.0,
        "bias_error": 0.0,
        "demote_error": 5.8010220527648926e-05,
        "local_mean_error": 2.8421709430404007e-11,
        "local_std_error": 0.0
      },
      {
        "coord": [
          4,
          397,
          278
        ],
        "element_error": 8.888542652130127e-05,
        "x_original": -0.0004299826396163553,
        "y_ref": -0.1343662291765213,
        "y_mixed": -0.13427734375,
        "norm_behavior": "normal",
        "storage_error": 1.1394149623811245e-07,
        "weight_error": 0.0,
        "bias_error": 0.0,
        "demote_error": 5.288422107696533e-05,
        "local_mean_error": 4.274625098332763e-11,
        "local_std_error": 0.0
      },
      {
        "coord": [
          2,
          493,
          736
        ],
        "element_error": 8.828938007354736e-05,
        "x_original": -0.00042138269054703414,
        "y_ref": -0.13460977375507355,
        "y_mixed": -0.134521484375,
        "norm_behavior": "normal",
        "storage_error": 9.70612745732069e-08,
        "weight_error": 0.0,
        "bias_error": 0.0,
        "demote_error": 5.799531936645508e-05,
        "local_mean_error": 1.2123564374633133e-09,
        "local_std_error": 0.0
      },
      {
        "coord": [
          0,
          179,
          661
        ],
        "element_error": 8.817017078399658e-05,
        "x_original": 0.0004202362324576825,
        "y_ref": 0.132358118891716,
        "y_mixed": 0.1324462890625,
        "norm_behavior": "normal",
        "storage_error": 9.572249837219715e-08,
        "weight_error": 0.0,
        "bias_error": 0.0,
        "demote_error": 5.830824375152588e-05,
        "local_mean_error": 1.23463905765675e-09,
        "local_std_error": 0.0
      },
      {
        "coord": [
          5,
          125,
          47
        ],
        "element_error": 8.809566497802734e-05,
        "x_original": 0.0004640890983864665,
        "y_ref": 0.14444315433502197,
        "y_mixed": 0.14453125,
        "norm_behavior": "normal",
        "storage_error": 1.1187512427568436e-07,
        "weight_error": 0.0,
        "bias_error": 0.0,
        "demote_error": 5.2422285079956055e-05,
        "local_mean_error": 9.804352885112166e-10,
        "local_std_error": 0.0
      },
      {
        "coord": [
          7,
          402,
          179
        ],
        "element_error": 8.80211591720581e-05,
        "x_original": 0.000402065779780969,
        "y_ref": 0.12643079459667206,
        "y_mixed": 0.1263427734375,
        "norm_behavior": "normal",
        "storage_error": 9.20554157346487e-08,
        "weight_error": 0.0,
        "bias_error": 0.0,
        "demote_error": 5.908310413360596e-05,
        "local_mean_error": 5.093170329928398e-10,
        "local_std_error": 0.0
      },
      {
        "coord": [
          6,
          510,
          239
        ],
        "element_error": 8.527934551239014e-05,
        "x_original": 0.0004149845626670867,
        "y_ref": 0.1297975331544876,
        "y_mixed": 0.1298828125,
        "norm_behavior": "normal",
        "storage_error": 1.0218354873359203e-07,
        "weight_error": 0.0,
        "bias_error": 0.0,
        "demote_error": 5.3241848945617676e-05,
        "local_mean_error": 8.203642209991813e-10,
        "local_std_error": 2.3283064365386963e-10
      },
      {
        "coord": [
          4,
          501,
          599
        ],
        "element_error": 8.459389209747314e-05,
        "x_original": -0.00041303905891254544,
        "y_ref": -0.13057775795459747,
        "y_mixed": -0.1304931640625,
        "norm_behavior": "normal",
        "storage_error": 9.807990863919258e-08,
        "weight_error": 0.0,
        "bias_error": 0.0,
        "demote_error": 5.3569674491882324e-05,
        "local_mean_error": 7.506884003305458e-11,
        "local_std_error": 0.0
      },
      {
        "coord": [
          5,
          259,
          102
        ],
        "element_error": 8.371472358703613e-05,
        "x_original": 0.00040904979687184095,
        "y_ref": 0.13089773058891296,
        "y_mixed": 0.1309814453125,
        "norm_behavior": "normal",
        "storage_error": 7.648486644029617e-08,
        "weight_error": 0.0,
        "bias_error": 0.0,
        "demote_error": 5.958974361419678e-05,
        "local_mean_error": 1.255102688446641e-10,
        "local_std_error": 2.3283064365386963e-10
      },
      {
        "coord": [
          6,
          290,
          620
        ],
        "element_error": 8.250772953033447e-05,
        "x_original": 0.0003930697275791317,
        "y_ref": 0.12516163289546967,
        "y_mixed": 0.125244140625,
        "norm_behavior": "normal",
        "storage_error": 8.250935934484005e-08,
        "weight_error": 0.0,
        "bias_error": 0.0,
        "demote_error": 5.6356191635131836e-05,
        "local_mean_error": 2.0963852875865996e-10,
        "local_std_error": 0.0
      }
    ]
  }
}