{
  "detector": {
    "detected_exceeded": false,
    "actual_err": 9.894371032714844e-05,
    "predicted_bound": 0.00019441514741629364,
    "elapsed_sec": 3.8412036895751953
  },
  "analyzer_report": {
    "component_estimates": {
      "input_storage_error": 9.894371032714844e-05,
      "statistics_computation_error": 9.894371032714844e-05,
      "output_storage_error": 0.00014778971672058105,
      "weight_storage_error": 9.894371032714844e-05,
      "bias_storage_error": 9.894371032714844e-05
    },
    "component_ratios": {
      "input_storage_error": 0.18202752343878503,
      "statistics_computation_error": 0.18202752343878503,
      "output_storage_error": 0.2718899062448599,
      "weight_storage_error": 0.18202752343878503,
      "bias_storage_error": 0.18202752343878503
    },
    "primary_source": "demote",
    "suggestion": "\u4e3b\u8981\u8bef\u5dee\u6765\u6e90\u4e3a\u8f93\u51fa\u964d\u7cbe\u5ea6\u3002\u5efa\u8bae\uff1a\u5ef6\u8fdf\u964d\u7cbe\u5ea6\u6216\u63d0\u9ad8\u8f93\u51fa\u7cbe\u5ea6\uff1b\u68c0\u67e5LayerNorm\u8f93\u51fa\u7684\u6570\u503c\u8303\u56f4\u3002",
    "statistics_errors": {
      "mean_error": 3.2366642699344084e-09,
      "var_error": 1.1688428003253648e-12,
      "std_error": 2.3283064365386963e-10
    },
    "norm_behavior_stats": {
      "normal": 10
    },
    "top_elements_summary": [
      {
        "coord": [
          3,
          289,
          74
        ],
        "element_error": 9.894371032714844e-05,
        "x_original": -0.0005136969848535955,
        "y_ref": -0.16086554527282715,
        "y_mixed": -0.1607666015625,
        "norm_behavior": "normal",
        "storage_error": 1.4336546882987022e-07,
        "weight_error": 0.0,
        "bias_error": 0.0,
        "demote_error": 5.334615707397461e-05,
        "local_mean_error": 9.745235729496926e-10,
        "local_std_error": 0.0
      },
      {
        "coord": [
          5,
          146,
          119
        ],
        "element_error": 9.372830390930176e-05,
        "x_original": -0.000394699745811522,
        "y_ref": -0.1255820095539093,
        "y_mixed": -0.12548828125,
        "norm_behavior": "normal",
        "storage_error": 1.1699739843606949e-07,
        "weight_error": 0.0,
        "bias_error": 0.0,
        "demote_error": 5.716085433959961e-05,
        "local_mean_error": 1.2887539924122393e-09,
        "local_std_error": 0.0
      },
      {
        "coord": [
          0,
          441,
          487
        ],
        "element_error": 9.086728096008301e-05,
        "x_original": -0.00043595218448899686,
        "y_ref": -0.13772651553153992,
        "y_mixed": -0.1378173828125,
        "norm_behavior": "normal",
        "storage_error": 1.1539668776094913e-07,
        "weight_error": 0.0,
        "bias_error": 0.0,
        "demote_error": 5.491077899932861e-05,
        "local_mean_error": 1.6851373629833688e-09,
        "local_std_error": 0.0
      },
      {
        "coord": [
          4,
          332,
          60
        ],
        "element_error": 9.045004844665527e-05,
        "x_original": -0.0004016005841549486,
        "y_ref": -0.12643322348594666,
        "y_mixed": -0.1263427734375,
        "norm_behavior": "normal",
        "storage_error": 1.0369694791734219e-07,
        "weight_error": 0.0,
        "bias_error": 0.0,
        "demote_error": 5.778670310974121e-05,
        "local_mean_error": 3.459490471868776e-10,
        "local_std_error": 0.0
      },
      {
        "coord": [
          6,
          440,
          114
        ],
        "element_error": 8.678436279296875e-05,
        "x_original": -0.0004058938939124346,
        "y_ref": -0.12899303436279297,
        "y_mixed": -0.12890625,
        "norm_behavior": "normal",
        "storage_error": 1.0547228157520294e-07,
        "weight_error": 0.0,
        "bias_error": 0.0,
        "demote_error": 5.340576171875e-05,
        "local_mean_error": 9.049472282640636e-11,
        "local_std_error": 0.0
      },
      {
        "coord": [
          5,
          449,
          388
        ],
        "element_error": 8.632242679595947e-05,
        "x_original": -0.0004290606011636555,
        "y_ref": -0.13504551351070404,
        "y_mixed": -0.1351318359375,
        "norm_behavior": "normal",
        "storage_error": 9.284121915698051e-08,
        "weight_error": 0.0,
        "bias_error": 0.0,
        "demote_error": 5.696713924407959e-05,
        "local_mean_error": 5.218225851422176e-11,
        "local_std_error": 0.0
      },
      {
        "coord": [
          5,
          420,
          225
        ],
        "element_error": 8.626282215118408e-05,
        "x_original": -0.0004519311769399792,
        "y_ref": -0.14151529967784882,
        "y_mixed": -0.1416015625,
        "norm_behavior": "normal",
        "storage_error": 1.104490365833044e-07,
        "weight_error": 0.0,
        "bias_error": 0.0,
        "demote_error": 5.155801773071289e-05,
        "local_mean_error": 6.83940015733242e-10,
        "local_std_error": 0.0
      },
      {
        "coord": [
          0,
          302,
          12
        ],
        "element_error": 8.584558963775635e-05,
        "x_original": 0.00041137292282655835,
        "y_ref": 0.12935830652713776,
        "y_mixed": 0.1292724609375,
        "norm_behavior": "normal",
        "storage_error": 1.0087387636303902e-07,
        "weight_error": 0.0,
        "bias_error": 0.0,
        "demote_error": 5.429983139038086e-05,
        "local_mean_error": 1.0538769856793806e-09,
        "local_std_error": 0.0
      },
      {
        "coord": [
          3,
          78,
          360
        ],
        "element_error": 8.288025856018066e-05,
        "x_original": -0.0004130189190618694,
        "y_ref": -0.13155260682106018,
        "y_mixed": -0.1314697265625,
        "norm_behavior": "normal",
        "storage_error": 7.794005796313286e-08,
        "weight_error": 0.0,
        "bias_error": 0.0,
        "demote_error": 5.8025121688842773e-05,
        "local_mean_error": 6.759819370927289e-10,
        "local_std_error": 2.3283064365386963e-10
      },
      {
        "coord": [
          2,
          308,
          189
        ],
        "element_error": 8.231401443481445e-05,
        "x_original": 0.00044310439261607826,
        "y_ref": 0.13956612348556519,
        "y_mixed": 0.1396484375,
        "norm_behavior": "normal",
        "storage_error": 1.1574593372642994e-07,
        "weight_error": 0.0,
        "bias_error": 0.0,
        "demote_error": 4.558265209197998e-05,
        "local_mean_error": 4.949924914399162e-10,
        "local_std_error": 0.0
      }
    ]
  }
}