{
  "detector": {
    "detected_exceeded": false,
    "actual_err": 6.556510925292969e-05,
    "predicted_bound": 0.0001453542456147261,
    "elapsed_sec": 4.014323472976685
  },
  "meta": {
    "distribution": "adversarial_sum",
    "bias": true,
    "batch_size": 32,
    "in_features": 1024,
    "out_features": 4096
  },
  "analyzer_report": {
    "component_estimates": {
      "input_storage_error": 6.556510925292969e-05,
      "weight_storage_error": 6.556510925292969e-05,
      "accumulation_error": 6.556510925292969e-05,
      "output_storage_error": 0.00011138617992401123,
      "bias_storage_error": 6.556510925292969e-05
    },
    "component_ratios": {
      "input_storage_error": 0.17547357926221335,
      "weight_storage_error": 0.17547357926221335,
      "accumulation_error": 0.17547357926221335,
      "output_storage_error": 0.29810568295114653,
      "bias_storage_error": 0.17547357926221335
    },
    "primary_source": "input_storage",
    "suggestion": "\u4e3b\u8981\u8bef\u5dee\u6765\u6e90\u4e3a\u8f93\u5165\u5b58\u50a8\u7cbe\u5ea6\u3002\u5efa\u8bae\uff1a\u63d0\u5347\u8f93\u5165\u5b58\u50a8\u7cbe\u5ea6\u6216\u8fdb\u884c\u8f93\u5165\u5f52\u4e00\u5316/\u6807\u51c6\u5316\u4ee5\u964d\u4f4e\u6570\u503c\u8303\u56f4\u3002",
    "aggregated_ratios": {
      "input_storage": 0.96614576584219,
      "weight_storage": 0.0,
      "bias_storage": 0.0,
      "accumulation": 0.00015133053734816816,
      "demote": 0.033702903620461765
    },
    "top_neurons_summary": [
      {
        "coord": [
          18,
          3481
        ],
        "neuron_error": 6.556510925292969e-05,
        "y_ref": 0.13689732551574707,
        "y_mixed": 0.136962890625,
        "input_storage_error": 0.00144171342253685,
        "weight_storage_error": 0.0,
        "bias_storage_error": 0.0,
        "accumulation_estimate": 2.384185791015625e-07,
        "demote_error": 6.066262722015381e-05,
        "in_features": 1024,
        "neuron_idx": 3481,
        "batch_idx": 18
      },
      {
        "coord": [
          24,
          3805
        ],
        "neuron_error": 6.26593828201294e-05,
        "y_ref": 0.13592691719532013,
        "y_mixed": 0.1358642578125,
        "input_storage_error": 0.0014630514197051525,
        "weight_storage_error": 0.0,
        "bias_storage_error": 0.0,
        "accumulation_estimate": 2.384185791015625e-07,
        "demote_error": 5.479156970977783e-05,
        "in_features": 1024,
        "neuron_idx": 3805,
        "batch_idx": 24
      },
      {
        "coord": [
          26,
          1970
        ],
        "neuron_error": 6.178021430969238e-05,
        "y_ref": -0.1309196650981903,
        "y_mixed": -0.1309814453125,
        "input_storage_error": 0.0013702812138944864,
        "weight_storage_error": 0.0,
        "bias_storage_error": 0.0,
        "accumulation_estimate": 2.384185791015625e-07,
        "demote_error": 5.646049976348877e-05,
        "in_features": 1024,
        "neuron_idx": 1970,
        "batch_idx": 26
      },
      {
        "coord": [
          18,
          411
        ],
        "neuron_error": 6.008148193359375e-05,
        "y_ref": 0.1309213638305664,
        "y_mixed": 0.1309814453125,
        "input_storage_error": 0.00144171342253685,
        "weight_storage_error": 0.0,
        "bias_storage_error": 0.0,
        "accumulation_estimate": 2.384185791015625e-07,
        "demote_error": 5.85019588470459e-05,
        "in_features": 1024,
        "neuron_idx": 411,
        "batch_idx": 18
      },
      {
        "coord": [
          10,
          2450
        ],
        "neuron_error": 5.942583084106445e-05,
        "y_ref": 0.13177651166915894,
        "y_mixed": 0.1318359375,
        "input_storage_error": 0.0013897588942199945,
        "weight_storage_error": 0.0,
        "bias_storage_error": 0.0,
        "accumulation_estimate": 2.384185791015625e-07,
        "demote_error": 5.8516860008239746e-05,
        "in_features": 1024,
        "neuron_idx": 2450,
        "batch_idx": 10
      },
      {
        "coord": [
          29,
          1037
        ],
        "neuron_error": 5.665421485900879e-05,
        "y_ref": 0.132625013589859,
        "y_mixed": 0.132568359375,
        "input_storage_error": 0.0014786208048462868,
        "weight_storage_error": 0.0,
        "bias_storage_error": 0.0,
        "accumulation_estimate": 2.384185791015625e-07,
        "demote_error": 6.054341793060303e-05,
        "in_features": 1024,
        "neuron_idx": 1037,
        "batch_idx": 29
      },
      {
        "coord": [
          22,
          1214
        ],
        "neuron_error": 5.2288174629211426e-05,
        "y_ref": 0.1294643133878708,
        "y_mixed": 0.1295166015625,
        "input_storage_error": 0.001456974190659821,
        "weight_storage_error": 0.0,
        "bias_storage_error": 0.0,
        "accumulation_estimate": 2.384185791015625e-07,
        "demote_error": 3.9458274841308594e-05,
        "in_features": 1024,
        "neuron_idx": 1214,
        "batch_idx": 22
      },
      {
        "coord": [
          0,
          2334
        ],
        "neuron_error": 5.060434341430664e-05,
        "y_ref": -0.1467791199684143,
        "y_mixed": -0.146728515625,
        "input_storage_error": 0.0014309544349089265,
        "weight_storage_error": 0.0,
        "bias_storage_error": 0.0,
        "accumulation_estimate": 2.384185791015625e-07,
        "demote_error": 4.5418739318847656e-05,
        "in_features": 1024,
        "neuron_idx": 2334,
        "batch_idx": 0
      },
      {
        "coord": [
          9,
          2932
        ],
        "neuron_error": 5.033612251281738e-05,
        "y_ref": -0.14301607012748718,
        "y_mixed": -0.14306640625,
        "input_storage_error": 0.0015228406991809607,
        "weight_storage_error": 0.0,
        "bias_storage_error": 0.0,
        "accumulation_estimate": 2.384185791015625e-07,
        "demote_error": 4.170835018157959e-05,
        "in_features": 1024,
        "neuron_idx": 2932,
        "batch_idx": 9
      },
      {
        "coord": [
          2,
          2873
        ],
        "neuron_error": 4.8957765102386475e-05,
        "y_ref": -0.08024915307760239,
        "y_mixed": -0.0802001953125,
        "input_storage_error": 0.0014644740149378777,
        "weight_storage_error": 0.0,
        "bias_storage_error": 0.0,
        "accumulation_estimate": 1.1920928955078125e-07,
        "demote_error": 2.8371810913085938e-05,
        "in_features": 1024,
        "neuron_idx": 2873,
        "batch_idx": 2
      }
    ]
  }
}