{
  "detector": {
    "detected_exceeded": false,
    "actual_err": 0.00010986626148223877,
    "predicted_bound": 0.0002090295878588222,
    "elapsed_sec": 3.6045405864715576
  },
  "analyzer_report": {
    "component_estimates": {
      "input_storage_error": 0.00010986626148223877,
      "statistics_computation_error": 0.00010986626148223877,
      "output_storage_error": 0.0001462697982788086,
      "weight_storage_error": 0.00010986626148223877,
      "bias_storage_error": 0.00010986626148223877
    },
    "component_ratios": {
      "input_storage_error": 0.1875699603134222,
      "statistics_computation_error": 0.1875699603134222,
      "output_storage_error": 0.24972015874631118,
      "weight_storage_error": 0.1875699603134222,
      "bias_storage_error": 0.1875699603134222
    },
    "primary_source": "demote",
    "suggestion": "\u4e3b\u8981\u8bef\u5dee\u6765\u6e90\u4e3a\u8f93\u51fa\u964d\u7cbe\u5ea6\u3002\u5efa\u8bae\uff1a\u5ef6\u8fdf\u964d\u7cbe\u5ea6\u6216\u63d0\u9ad8\u8f93\u51fa\u7cbe\u5ea6\uff1b\u68c0\u67e5LayerNorm\u8f93\u51fa\u7684\u6570\u503c\u8303\u56f4\u3002",
    "statistics_errors": {
      "mean_error": 3.65253072232008e-09,
      "var_error": 1.0365042157900461e-12,
      "std_error": 2.3283064365386963e-10
    },
    "norm_behavior_stats": {
      "normal": 10
    },
    "top_elements_summary": [
      {
        "coord": [
          5,
          29,
          615
        ],
        "element_error": 0.00010986626148223877,
        "x_original": 0.0005209288792684674,
        "y_ref": 0.16478271782398224,
        "y_mixed": 0.1646728515625,
        "norm_behavior": "normal",
        "storage_error": 2.227025106549263e-07,
        "weight_error": 0.0,
        "bias_error": 0.0,
        "demote_error": 3.9324164390563965e-05,
        "local_mean_error": 5.205720299272798e-10,
        "local_std_error": 0.0
      },
      {
        "coord": [
          1,
          396,
          337
        ],
        "element_error": 9.118020534515381e-05,
        "x_original": 0.0004333245742600411,
        "y_ref": 0.13571129739284515,
        "y_mixed": 0.1356201171875,
        "norm_behavior": "normal",
        "storage_error": 1.1801603250205517e-07,
        "weight_error": 0.0,
        "bias_error": 0.0,
        "demote_error": 5.3688883781433105e-05,
        "local_mean_error": 6.189111445564777e-10,
        "local_std_error": 2.3283064365386963e-10
      },
      {
        "coord": [
          4,
          207,
          604
        ],
        "element_error": 8.881092071533203e-05,
        "x_original": 0.00043620856013149023,
        "y_ref": 0.13907134532928467,
        "y_mixed": 0.13916015625,
        "norm_behavior": "normal",
        "storage_error": 9.743962436914444e-08,
        "weight_error": 0.0,
        "bias_error": 0.0,
        "demote_error": 5.75333833694458e-05,
        "local_mean_error": 1.518628778285347e-09,
        "local_std_error": 0.0
      },
      {
        "coord": [
          4,
          288,
          210
        ],
        "element_error": 8.499622344970703e-05,
        "x_original": 0.00045954465167596936,
        "y_ref": 0.1471797227859497,
        "y_mixed": 0.1470947265625,
        "norm_behavior": "normal",
        "storage_error": 1.1204974725842476e-07,
        "weight_error": 0.0,
        "bias_error": 0.0,
        "demote_error": 4.8995018005371094e-05,
        "local_mean_error": 1.8480932340025902e-09,
        "local_std_error": 0.0
      },
      {
        "coord": [
          6,
          46,
          427
        ],
        "element_error": 8.350610733032227e-05,
        "x_original": -0.0004221205599606037,
        "y_ref": -0.13394969701766968,
        "y_mixed": -0.134033203125,
        "norm_behavior": "normal",
        "storage_error": 1.1874362826347351e-07,
        "weight_error": 0.0,
        "bias_error": 0.0,
        "demote_error": 4.585087299346924e-05,
        "local_mean_error": 3.8562575355172157e-10,
        "local_std_error": 0.0
      },
      {
        "coord": [
          1,
          0,
          373
        ],
        "element_error": 8.347630500793457e-05,
        "x_original": 0.000425739330239594,
        "y_ref": 0.13419386744499207,
        "y_mixed": 0.13427734375,
        "norm_behavior": "normal",
        "storage_error": 7.62520357966423e-08,
        "weight_error": 0.0,
        "bias_error": 0.0,
        "demote_error": 5.9157609939575195e-05,
        "local_mean_error": 6.99628799338825e-10,
        "local_std_error": 0.0
      },
      {
        "coord": [
          0,
          373,
          498
        ],
        "element_error": 8.116662502288818e-05,
        "x_original": -0.00042619218584150076,
        "y_ref": -0.1345623880624771,
        "y_mixed": -0.1346435546875,
        "norm_behavior": "normal",
        "storage_error": 1.0023359209299088e-07,
        "weight_error": 0.0,
        "bias_error": 0.0,
        "demote_error": 4.966557025909424e-05,
        "local_mean_error": 5.297522420733003e-10,
        "local_std_error": 0.0
      },
      {
        "coord": [
          5,
          150,
          478
        ],
        "element_error": 8.113682270050049e-05,
        "x_original": -0.00040520980837754905,
        "y_ref": -0.1274823397397995,
        "y_mixed": -0.1275634765625,
        "norm_behavior": "normal",
        "storage_error": 1.0177609510719776e-07,
        "weight_error": 0.0,
        "bias_error": 0.0,
        "demote_error": 4.906952381134033e-05,
        "local_mean_error": 3.051354724448174e-10,
        "local_std_error": 0.0
      },
      {
        "coord": [
          7,
          21,
          568
        ],
        "element_error": 8.07046890258789e-05,
        "x_original": 0.00044904465903528035,
        "y_ref": 0.14143812656402588,
        "y_mixed": 0.141357421875,
        "norm_behavior": "normal",
        "storage_error": 1.0247458703815937e-07,
        "weight_error": 0.0,
        "bias_error": 0.0,
        "demote_error": 4.8473477363586426e-05,
        "local_mean_error": 5.312585926731117e-10,
        "local_std_error": 0.0
      },
      {
        "coord": [
          7,
          362,
          80
        ],
        "element_error": 7.836520671844482e-05,
        "x_original": -0.00041860135388560593,
        "y_ref": -0.13163550198078156,
        "y_mixed": -0.1317138671875,
        "norm_behavior": "normal",
        "storage_error": 6.167101673781872e-08,
        "weight_error": 0.0,
        "bias_error": 0.0,
        "demote_error": 5.8904290199279785e-05,
        "local_mean_error": 8.230927051045e-11,
        "local_std_error": 0.0
      }
    ]
  }
}