{
  "detector": {
    "detected_exceeded": false,
    "actual_err": 5.4463744163513184e-05,
    "predicted_bound": 0.00014160326827550307,
    "elapsed_sec": 2.956467390060425
  },
  "analyzer_report": {
    "component_estimates": {
      "input_storage_error": 5.936622619628906e-05,
      "matmul1_accumulation_error": 5.936622619628906e-05,
      "scaling_error": 5.936622619628906e-05,
      "softmax_numerical_error": 5.936622619628906e-05,
      "matmul2_accumulation_error": 5.936622619628906e-05,
      "output_demote_error": 8.797645568847656e-05
    },
    "component_ratios": {
      "input_storage_error": 0.15427509293680297,
      "matmul1_accumulation_error": 0.15427509293680297,
      "scaling_error": 0.15427509293680297,
      "softmax_numerical_error": 0.15427509293680297,
      "matmul2_accumulation_error": 0.15427509293680297,
      "output_demote_error": 0.22862453531598512
    },
    "primary_source": "storage_error",
    "suggestion": "\u4e3b\u8981\u8bef\u5dee\u6765\u6e90\u4e3a\u8f93\u5165\u5b58\u50a8\u7cbe\u5ea6\u3002\u5efa\u8bae\uff1a\u63d0\u5347Q/K/V\u7684\u5b58\u50a8\u7cbe\u5ea6\uff1b\u8fdb\u884c\u8f93\u5165\u5f52\u4e00\u5316\uff1b\u68c0\u67e5embedding\u5c42\u7684\u8f93\u51fa\u8303\u56f4\u3002 \u68c0\u6d4b\u5230\u5927\u91cf\u5c16\u9510\u7684attention\u6a21\u5f0f\uff08\u4f4e\u71b5\uff09\uff0c\u8fd9\u4f1a\u653e\u5927softmax\u7684\u6570\u503c\u8bef\u5dee\u3002\u8003\u8651\u4f7f\u7528attention dropout\u6216\u6e29\u5ea6\u7f29\u653e\u3002",
    "attention_pattern_stats": {
      "global_avg_entropy": 3.878161668777466,
      "global_sparsity": 0.6948623657226562,
      "max_attention_weight": 1.0,
      "min_attention_weight": 0.0
    },
    "attention_behavior_stats": {
      "high_entropy_tokens": 0,
      "low_entropy_tokens": 5,
      "total_analyzed": 8
    },
    "top_tokens_summary": [
      {
        "batch_idx": 0,
        "head_idx": 2,
        "token_idx": 1,
        "token_error": 9.701405360829085e-06,
        "entropy_ref": 0.6931164264678955,
        "max_attention_weight_ref": 0.5039237141609192,
        "attention_weight_error": 1.4901161193847656e-07,
        "stage_errors": {
          "storage_error": 1.924829803101602e-05,
          "matmul1_error": 8.259128082260322e-10,
          "softmax_error": 5.13004488311708e-07,
          "matmul2_error": 7.003201517363778e-07,
          "demote_error": 5.13004488311708e-08
        }
      },
      {
        "batch_idx": 0,
        "head_idx": 2,
        "token_idx": 0,
        "token_error": 9.507995855528861e-06,
        "entropy_ref": -0.0,
        "max_attention_weight_ref": 1.0,
        "attention_weight_error": 0.0,
        "stage_errors": {
          "storage_error": 2.0145809230598388e-05,
          "matmul1_error": 9.704078393905522e-10,
          "softmax_error": 6.027556082699448e-07,
          "matmul2_error": 7.003201517363778e-07,
          "demote_error": 6.027556082699449e-08
        }
      },
      {
        "batch_idx": 0,
        "head_idx": 2,
        "token_idx": 2,
        "token_error": 9.290386515203863e-06,
        "entropy_ref": 1.098594307899475,
        "max_attention_weight_ref": 0.3360429108142853,
        "attention_weight_error": 2.384185791015625e-07,
        "stage_errors": {
          "storage_error": 2.267604168082471e-05,
          "matmul1_error": 1.377763220492266e-09,
          "softmax_error": 8.55778853292577e-07,
          "matmul2_error": 7.003201517363778e-07,
          "demote_error": 8.55778853292577e-08
        }
      },
      {
        "batch_idx": 0,
        "head_idx": 4,
        "token_idx": 0,
        "token_error": 8.95198081707349e-06,
        "entropy_ref": -0.0,
        "max_attention_weight_ref": 1.0,
        "attention_weight_error": 0.0,
        "stage_errors": {
          "storage_error": 1.9960054032708285e-05,
          "matmul1_error": 9.481783826173423e-10,
          "softmax_error": 5.889582098461688e-07,
          "matmul2_error": 6.955542630748823e-07,
          "demote_error": 5.8895820984616875e-08
        }
      },
      {
        "batch_idx": 0,
        "head_idx": 3,
        "token_idx": 1,
        "token_error": 8.847155186231248e-06,
        "entropy_ref": 0.6931337118148804,
        "max_attention_weight_ref": 0.5026002526283264,
        "attention_weight_error": 1.2218952178955078e-06,
        "stage_errors": {
          "storage_error": 2.0370155198179418e-05,
          "matmul1_error": 9.824361462317725e-10,
          "softmax_error": 6.410224159481005e-07,
          "matmul2_error": 7.186696166172624e-07,
          "demote_error": 6.410224159481004e-08
        }
      },
      {
        "batch_idx": 0,
        "head_idx": 0,
        "token_idx": 1,
        "token_error": 8.468941814498976e-06,
        "entropy_ref": 0.6931124925613403,
        "max_attention_weight_ref": 0.5041647553443909,
        "attention_weight_error": 8.642673492431641e-07,
        "stage_errors": {
          "storage_error": 2.25210101234552e-05,
          "matmul1_error": 1.3722718143402614e-09,
          "softmax_error": 8.632228855276481e-07,
          "matmul2_error": 6.863200724183116e-07,
          "demote_error": 8.63222885527648e-08
        }
      },
      {
        "batch_idx": 0,
        "head_idx": 0,
        "token_idx": 2,
        "token_error": 8.202059689210728e-06,
        "entropy_ref": 1.0985918045043945,
        "max_attention_weight_ref": 0.33630338311195374,
        "attention_weight_error": 5.066394805908203e-07,
        "stage_errors": {
          "storage_error": 1.881864272945677e-05,
          "matmul1_error": 7.837037276622905e-10,
          "softmax_error": 4.929861461278051e-07,
          "matmul2_error": 6.863200724183116e-07,
          "demote_error": 4.929861461278051e-08
        }
      },
      {
        "batch_idx": 0,
        "head_idx": 6,
        "token_idx": 2,
        "token_error": 8.043123671086505e-06,
        "entropy_ref": 1.0986008644104004,
        "max_attention_weight_ref": 0.33557796478271484,
        "attention_weight_error": 2.086162567138672e-07,
        "stage_errors": {
          "storage_error": 1.9586679627536796e-05,
          "matmul1_error": 8.951250354399936e-10,
          "softmax_error": 5.588673957390711e-07,
          "matmul2_error": 6.919526640558615e-07,
          "demote_error": 5.588673957390711e-08
        }
      }
    ],
    "head_analysis": [
      {
        "head_idx": 0,
        "avg_error": 1.7820912034949288e-06,
        "avg_entropy": 3.878161668777466,
        "avg_max_weight": 0.04286843165755272,
        "sparsity": 0.6947021484375
      },
      {
        "head_idx": 1,
        "avg_error": 1.8609935068525374e-06,
        "avg_entropy": 3.878161668777466,
        "avg_max_weight": 0.04286552965641022,
        "sparsity": 0.69476318359375
      },
      {
        "head_idx": 2,
        "avg_error": 1.8492272602088633e-06,
        "avg_entropy": 3.8781611919403076,
        "avg_max_weight": 0.042895346879959106,
        "sparsity": 0.69512939453125
      },
      {
        "head_idx": 3,
        "avg_error": 1.9748531485674903e-06,
        "avg_entropy": 3.878161907196045,
        "avg_max_weight": 0.042851272970438004,
        "sparsity": 0.69482421875
      },
      {
        "head_idx": 4,
        "avg_error": 1.771734559952165e-06,
        "avg_entropy": 3.8781611919403076,
        "avg_max_weight": 0.042891766875982285,
        "sparsity": 0.6949462890625
      },
      {
        "head_idx": 5,
        "avg_error": 1.7298128796028323e-06,
        "avg_entropy": 3.878161668777466,
        "avg_max_weight": 0.04287474602460861,
        "sparsity": 0.695068359375
      },
      {
        "head_idx": 6,
        "avg_error": 1.777997113094898e-06,
        "avg_entropy": 3.8781609535217285,
        "avg_max_weight": 0.04289551079273224,
        "sparsity": 0.69451904296875
      },
      {
        "head_idx": 7,
        "avg_error": 1.765266574693669e-06,
        "avg_entropy": 3.8781611919403076,