{
  "detector": {
    "detected_exceeded": false,
    "actual_err": 0.0012264847755432129,
    "predicted_bound": 0.001543205976486206,
    "elapsed_sec": 2.5648703575134277
  },
  "analyzer_report": {
    "component_estimates": {
      "input_storage_error": 0.0012264847755432129,
      "max_subtraction_error": 0.0012264847755432129,
      "exponential_error": 0.0012264847755432129,
      "sum_accumulation_error": 0.0012264847755432129,
      "output_storage_error": 0.0012264847755432129
    },
    "component_ratios": {
      "input_storage_error": 0.2,
      "max_subtraction_error": 0.2,
      "exponential_error": 0.2,
      "sum_accumulation_error": 0.2,
      "output_storage_error": 0.2
    },
    "primary_source": "storage",
    "suggestion": "\u5206\u6790\u7ed3\u679c\u4e0d\u660e\u786e\uff1b\u8bf7\u68c0\u67e5\u8f93\u5165\u5206\u5e03\u6216\u589e\u52a0MC\u91c7\u6837\u3002 \u68c0\u6d4b\u5230\u6781\u5c0f\u7684exp\u503c\uff0c\u53ef\u80fd\u5bfc\u81f4\u4e0b\u6ea2\u548c\u7cbe\u5ea6\u635f\u5931\u3002 100.0%\u7684top\u8bef\u5dee\u6765\u81eamax logit\u4f4d\u7f6e\uff0c\u8fd9\u901a\u5e38\u5bf9softmax\u8f93\u51fa\u5f71\u54cd\u6700\u5927\u3002",
    "input_stats": {
      "min": -15.593193054199219,
      "max": 30.9493408203125,
      "mean": 1.0203051567077637,
      "std": 6.26730489730835,
      "range": 46.54253387451172
    },
    "stability_stats": {
      "max_shifted_logit": 0.0,
      "min_shifted_logit": -45.755226135253906,
      "max_exp_val": 1.0,
      "min_exp_val": 1.3451098980215892e-20,
      "exp_sum_max": 2.8043832778930664,
      "exp_sum_min": 1.0023020505905151
    },
    "max_logit_error_ratio": 1.0,
    "top_elements_summary": [
      {
        "coord": [
          1,
          37
        ],
        "element_error": 0.0012264847755432129,
        "x_original": 25.662843704223633,
        "y_ref": 0.8483944535255432,
        "y_mixed": 0.84716796875,
        "storage_error": 0.0065937042236328125,
        "demote_error": 0.00023996829986572266,
        "logit_analysis": {
          "softmax_position": 37,
          "softmax_dim_size": 512,
          "is_max_logit": true,
          "distance_from_max": 0.0
        }
      },
      {
        "coord": [
          2,
          437
        ],
        "element_error": 0.0010650306940078735,
        "x_original": 25.425559997558594,
        "y_ref": 0.13058163225650787,
        "y_mixed": 0.1295166015625,
        "storage_error": 0.00368499755859375,
        "demote_error": 5.6549906730651855e-05,
        "logit_analysis": {
          "softmax_position": 437,
          "softmax_dim_size": 512,
          "is_max_logit": true,
          "distance_from_max": 0.0
        }
      },
      {
        "coord": [
          5,
          326
        ],
        "element_error": 0.0009146332740783691,
        "x_original": 28.666889190673828,
        "y_ref": 0.9302377104759216,
        "y_mixed": 0.93115234375,
        "storage_error": 0.004985809326171875,
        "demote_error": 0.00014448165893554688,
        "logit_analysis": {
          "softmax_position": 326,
          "softmax_dim_size": 512,
          "is_max_logit": true,
          "distance_from_max": 0.0
        }
      },
      {
        "coord": [
          6,
          335
        ],
        "element_error": 0.0007909536361694336,
        "x_original": 26.784624099731445,
        "y_ref": 0.7600682973861694,
        "y_mixed": 0.75927734375,
        "storage_error": 0.0033740997314453125,
        "demote_error": 0.00016450881958007812,
        "logit_analysis": {
          "softmax_position": 335,
          "softmax_dim_size": 512,
          "is_max_logit": true,
          "distance_from_max": 0.0
        }
      },
      {
        "coord": [
          0,
          186
        ],
        "element_error": 0.0006275773048400879,
        "x_original": 20.858760833740234,
        "y_ref": 0.3565846085548401,
        "y_mixed": 0.35595703125,
        "storage_error": 0.000614166259765625,
        "demote_error": 5.6415796279907227e-05,
        "logit_analysis": {
          "softmax_position": 186,
          "softmax_dim_size": 512,
          "is_max_logit": true,
          "distance_from_max": 0.0
        }
      },
      {
        "coord": [
          5,
          12
        ],
        "element_error": 0.0005776509642601013,
        "x_original": 25.741962432861328,
        "y_ref": 0.0499245747923851,
        "y_mixed": 0.049346923828125,
        "storage_error": 0.007587432861328125,
        "demote_error": 5.315989255905151e-06,
        "logit_analysis": {
          "softmax_position": 12,
          "softmax_dim_size": 512,
          "is_max_logit": true,
          "distance_from_max": 0.0
        }
      },
      {
        "coord": [
          0,
          44
        ],
        "element_error": 0.0004861503839492798,
        "x_original": 20.46432113647461,
        "y_ref": 0.24035857617855072,
        "y_mixed": 0.2408447265625,
        "storage_error": 0.004428863525390625,
        "demote_error": 4.601478576660156e-05,
        "logit_analysis": {
          "softmax_position": 44,
          "softmax_dim_size": 512,
          "is_max_logit": true,
          "distance_from_max": 0.0
        }
      },
      {
        "coord": [
          2,
          21
        ],
        "element_error": 0.0004614591598510742,
        "x_original": 26.399925231933594,
        "y_ref": 0.3459740877151489,
        "y_mixed": 0.346435546875,
        "storage_error": 0.00632476806640625,
        "demote_error": 1.7523765563964844e-05,
        "logit_analysis": {
          "softmax_position": 21,
          "softmax_dim_size": 512,
          "is_max_logit": true,
          "distance_from_max": 0.0
        }
      },
      {
        "coord": [
          1,
          294
        ],
        "element_error": 0.00045242905616760254,
        "x_original": 23.422035217285156,
        "y_ref": 0.0902458131313324,
        "y_mixed": 0.0906982421875,
        "storage_error": 0.00016021728515625,
        "demote_error": 2.4415552616119385e-05,
        "logit_analysis": {
          "softmax_position": 294,
          "softmax_dim_size": 512,
          "is_max_logit": true,
          "distance_from_max": 0.0
        }
      },
      {
        "coord": [
          1,
          433
        ],
        "element_error": 0.0004076063632965088,
        "x_original": 22.557453155517578,
        "y_ref": 0.03801402449607849,
        "y_mixed": 0.038421630859375,
        "storage_error": 0.005046844482421875,
        "demote_error": 7.238239049911499e-06,
        "logit_analysis": {
          "softmax_position": 433,
          "softmax_dim_size": 512,
          "is_max_logit": true,
          "distance_from_max": 0.0
        }
      }
    ]
  }
}