{
  "detector": {
    "detected_exceeded": false,
    "actual_err": 9.267032146453857e-05,
    "predicted_bound": 0.0001704643378616311,
    "elapsed_sec": 3.8912711143493652
  },
  "analyzer_report": {
    "component_estimates": {
      "input_storage_error": 9.267032146453857e-05,
      "statistics_computation_error": 9.267032146453857e-05,
      "output_storage_error": 0.00013905763626098633,
      "weight_storage_error": 9.267032146453857e-05,
      "bias_storage_error": 9.267032146453857e-05
    },
    "component_ratios": {
      "input_storage_error": 0.18179957904583724,
      "statistics_computation_error": 0.18179957904583724,
      "output_storage_error": 0.2728016838166511,
      "weight_storage_error": 0.18179957904583724,
      "bias_storage_error": 0.18179957904583724
    },
    "primary_source": "demote",
    "suggestion": "\u4e3b\u8981\u8bef\u5dee\u6765\u6e90\u4e3a\u8f93\u51fa\u964d\u7cbe\u5ea6\u3002\u5efa\u8bae\uff1a\u5ef6\u8fdf\u964d\u7cbe\u5ea6\u6216\u63d0\u9ad8\u8f93\u51fa\u7cbe\u5ea6\uff1b\u68c0\u67e5LayerNorm\u8f93\u51fa\u7684\u6570\u503c\u8303\u56f4\u3002",
    "statistics_errors": {
      "mean_error": 3.549757821019739e-09,
      "var_error": 1.0453859999870474e-12,
      "std_error": 2.3283064365386963e-10
    },
    "norm_behavior_stats": {
      "normal": 10
    },
    "top_elements_summary": [
      {
        "coord": [
          3,
          116,
          707
        ],
        "element_error": 9.267032146453857e-05,
        "x_original": 0.0004075885226484388,
        "y_ref": 0.12954600155353546,
        "y_mixed": 0.129638671875,
        "norm_behavior": "normal",
        "storage_error": 1.072476152330637e-07,
        "weight_error": 0.0,
        "bias_error": 0.0,
        "demote_error": 5.869567394256592e-05,
        "local_mean_error": 2.6261659513693303e-10,
        "local_std_error": 2.3283064365386963e-10
      },
      {
        "coord": [
          6,
          455,
          61
        ],
        "element_error": 8.887052536010742e-05,
        "x_original": -0.00039758486673235893,
        "y_ref": -0.1268642544746399,
        "y_mixed": -0.126953125,
        "norm_behavior": "normal",
        "storage_error": 9.73232090473175e-08,
        "weight_error": 0.0,
        "bias_error": 0.0,
        "demote_error": 5.780160427093506e-05,
        "local_mean_error": 9.874838724499568e-10,
        "local_std_error": 2.3283064365386963e-10
      },
      {
        "coord": [
          1,
          135,
          613
        ],
        "element_error": 8.727610111236572e-05,
        "x_original": -0.0004357063153292984,
        "y_ref": -0.13741637766361237,
        "y_mixed": -0.1373291015625,
        "norm_behavior": "normal",
        "storage_error": 1.1557131074368954e-07,
        "weight_error": 0.0,
        "bias_error": 0.0,
        "demote_error": 5.093216896057129e-05,
        "local_mean_error": 5.842935024702456e-10,
        "local_std_error": 0.0
      },
      {
        "coord": [
          2,
          278,
          185
        ],
        "element_error": 8.675456047058105e-05,
        "x_original": -0.0004099415091332048,
        "y_ref": -0.13033577799797058,
        "y_mixed": -0.1302490234375,
        "norm_behavior": "normal",
        "storage_error": 9.997165761888027e-08,
        "weight_error": 0.0,
        "bias_error": 0.0,
        "demote_error": 5.519390106201172e-05,
        "local_mean_error": 1.1505107977427542e-10,
        "local_std_error": 0.0
      },
      {
        "coord": [
          2,
          196,
          489
        ],
        "element_error": 8.405745029449463e-05,
        "x_original": 0.0003901936870533973,
        "y_ref": 0.1251600831747055,
        "y_mixed": 0.125244140625,
        "norm_behavior": "normal",
        "storage_error": 9.752693586051464e-08,
        "weight_error": 0.0,
        "bias_error": 0.0,
        "demote_error": 5.37186861038208e-05,
        "local_mean_error": 1.596163201611489e-09,
        "local_std_error": 2.3283064365386963e-10
      },
      {
        "coord": [
          1,
          485,
          613
        ],
        "element_error": 8.077919483184814e-05,
        "x_original": 0.00043830889626406133,
        "y_ref": 0.13753195106983185,
        "y_mixed": 0.137451171875,
        "norm_behavior": "normal",
        "storage_error": 9.554787538945675e-08,
        "weight_error": 0.0,
        "bias_error": 0.0,
        "demote_error": 5.02467155456543e-05,
        "local_mean_error": 1.060243448591791e-09,
        "local_std_error": 0.0
      },
      {
        "coord": [
          5,
          293,
          555
        ],
        "element_error": 8.067488670349121e-05,
        "x_original": -0.00040615868056192994,
        "y_ref": -0.1272386610507965,
        "y_mixed": -0.1273193359375,
        "norm_behavior": "normal",
        "storage_error": 1.0657822713255882e-07,
        "weight_error": 0.0,
        "bias_error": 0.0,
        "demote_error": 4.731118679046631e-05,
        "local_mean_error": 9.883933671517298e-10,
        "local_std_error": 0.0
      },
      {
        "coord": [
          6,
          141,
          182
        ],
        "element_error": 8.009374141693115e-05,
        "x_original": 0.0003940046881325543,
        "y_ref": 0.12589646875858307,
        "y_mixed": 0.1259765625,
        "norm_behavior": "normal",
        "storage_error": 1.0122312232851982e-07,
        "weight_error": 0.0,
        "bias_error": 0.0,
        "demote_error": 4.780292510986328e-05,
        "local_mean_error": 9.208633855450898e-10,
        "local_std_error": 2.3283064365386963e-10
      },
      {
        "coord": [
          2,
          97,
          523
        ],
        "element_error": 7.846951484680176e-05,
        "x_original": 0.00040689605521038175,
        "y_ref": 0.1283394992351532,
        "y_mixed": 0.12841796875,
        "norm_behavior": "normal",
        "storage_error": 8.445931598544121e-08,
        "weight_error": 0.0,
        "bias_error": 0.0,
        "demote_error": 5.258619785308838e-05,
        "local_mean_error": 2.6057023205794394e-09,
        "local_std_error": 0.0
      },
      {
        "coord": [
          7,
          155,
          701
        ],
        "element_error": 7.635354995727539e-05,
        "x_original": 0.00040632791933603585,
        "y_ref": 0.13081365823745728,
        "y_mixed": 0.1307373046875,
        "norm_behavior": "normal",
        "storage_error": 6.266054697334766e-08,
        "weight_error": 0.0,
        "bias_error": 0.0,
        "demote_error": 5.653500556945801e-05,
        "local_mean_error": 1.8189894035458565e-11,
        "local_std_error": 0.0
      }
    ]
  }
}