{
  "detector": {
    "detected_exceeded": false,
    "actual_err": 5.213916301727295e-05,
    "predicted_bound": 0.00013193924969527872,
    "elapsed_sec": 3.9804434776306152
  },
  "meta": {
    "distribution": "adversarial_sum",
    "bias": true,
    "batch_size": 32,
    "in_features": 1024,
    "out_features": 4096
  },
  "analyzer_report": {
    "component_estimates": {
      "input_storage_error": 5.213916301727295e-05,
      "weight_storage_error": 5.213916301727295e-05,
      "accumulation_error": 5.213916301727295e-05,
      "output_storage_error": 9.618699550628662e-05,
      "bias_storage_error": 5.213916301727295e-05
    },
    "component_ratios": {
      "input_storage_error": 0.17109187814776783,
      "weight_storage_error": 0.17109187814776783,
      "accumulation_error": 0.17109187814776783,
      "output_storage_error": 0.3156324874089287,
      "bias_storage_error": 0.17109187814776783
    },
    "primary_source": "input_storage",
    "suggestion": "\u4e3b\u8981\u8bef\u5dee\u6765\u6e90\u4e3a\u8f93\u5165\u5b58\u50a8\u7cbe\u5ea6\u3002\u5efa\u8bae\uff1a\u63d0\u5347\u8f93\u5165\u5b58\u50a8\u7cbe\u5ea6\u6216\u8fdb\u884c\u8f93\u5165\u5f52\u4e00\u5316/\u6807\u51c6\u5316\u4ee5\u964d\u4f4e\u6570\u503c\u8303\u56f4\u3002",
    "aggregated_ratios": {
      "input_storage": 0.973817037998239,
      "weight_storage": 0.0,
      "bias_storage": 0.0,
      "accumulation": 0.00011423363889981786,
      "demote": 0.026068728362861115
    },
    "top_neurons_summary": [
      {
        "coord": [
          23,
          3298
        ],
        "neuron_error": 5.213916301727295e-05,
        "y_ref": -0.14020664989948273,
        "y_mixed": -0.1402587890625,
        "input_storage_error": 0.0014088996686041355,
        "weight_storage_error": 0.0,
        "bias_storage_error": 0.0,
        "accumulation_estimate": 2.384185791015625e-07,
        "demote_error": 4.856288433074951e-05,
        "in_features": 1024,
        "neuron_idx": 3298,
        "batch_idx": 23
      },
      {
        "coord": [
          13,
          1397
        ],
        "neuron_error": 5.2109360694885254e-05,
        "y_ref": -0.12517417967319489,
        "y_mixed": -0.1251220703125,
        "input_storage_error": 0.00133712834212929,
        "weight_storage_error": 0.0,
        "bias_storage_error": 0.0,
        "accumulation_estimate": 2.384185791015625e-07,
        "demote_error": 5.301833152770996e-05,
        "in_features": 1024,
        "neuron_idx": 1397,
        "batch_idx": 13
      },
      {
        "coord": [
          27,
          2602
        ],
        "neuron_error": 5.0768256187438965e-05,
        "y_ref": -0.13713572919368744,
        "y_mixed": -0.1370849609375,
        "input_storage_error": 0.0013940499629825354,
        "weight_storage_error": 0.0,
        "bias_storage_error": 0.0,
        "accumulation_estimate": 2.384185791015625e-07,
        "demote_error": 5.622208118438721e-05,
        "in_features": 1024,
        "neuron_idx": 2602,
        "batch_idx": 27
      },
      {
        "coord": [
          12,
          1721
        ],
        "neuron_error": 4.9151480197906494e-05,
        "y_ref": 0.0753665342926979,
        "y_mixed": 0.0753173828125,
        "input_storage_error": 0.0014430140145123005,
        "weight_storage_error": 0.0,
        "bias_storage_error": 0.0,
        "accumulation_estimate": 1.1920928955078125e-07,
        "demote_error": 2.8036534786224365e-05,
        "in_features": 1024,
        "neuron_idx": 1721,
        "batch_idx": 12
      },
      {
        "coord": [
          30,
          1521
        ],
        "neuron_error": 4.805624485015869e-05,
        "y_ref": -0.08192215859889984,
        "y_mixed": -0.08197021484375,
        "input_storage_error": 0.0015113364206627011,
        "weight_storage_error": 0.0,
        "bias_storage_error": 0.0,
        "accumulation_estimate": 1.1920928955078125e-07,
        "demote_error": 3.0092895030975342e-05,
        "in_features": 1024,
        "neuron_idx": 1521,
        "batch_idx": 30
      },
      {
        "coord": [
          12,
          3947
        ],
        "neuron_error": 4.713237285614014e-05,
        "y_ref": 0.07109205424785614,
        "y_mixed": 0.071044921875,
        "input_storage_error": 0.0014430140145123005,
        "weight_storage_error": 0.0,
        "bias_storage_error": 0.0,
        "accumulation_estimate": 1.1920928955078125e-07,
        "demote_error": 2.84537672996521e-05,
        "in_features": 1024,
        "neuron_idx": 3947,
        "batch_idx": 12
      },
      {
        "coord": [
          26,
          2429
        ],
        "neuron_error": 4.692375659942627e-05,
        "y_ref": 0.08989067375659943,
        "y_mixed": 0.08984375,
        "input_storage_error": 0.0014280045870691538,
        "weight_storage_error": 0.0,
        "bias_storage_error": 0.0,
        "accumulation_estimate": 1.1920928955078125e-07,
        "demote_error": 3.001093864440918e-05,
        "in_features": 1024,
        "neuron_idx": 2429,
        "batch_idx": 26
      },
      {
        "coord": [
          7,
          2036
        ],
        "neuron_error": 4.680454730987549e-05,
        "y_ref": 0.13432414829730988,
        "y_mixed": 0.13427734375,
        "input_storage_error": 0.001414438127540052,
        "weight_storage_error": 0.0,
        "bias_storage_error": 0.0,
        "accumulation_estimate": 2.384185791015625e-07,
        "demote_error": 5.1528215408325195e-05,
        "in_features": 1024,
        "neuron_idx": 2036,
        "batch_idx": 7
      },
      {
        "coord": [
          23,
          2332
        ],
        "neuron_error": 4.678964614868164e-05,
        "y_ref": 0.07618612051010132,
        "y_mixed": 0.07623291015625,
        "input_storage_error": 0.0014088996686041355,
        "weight_storage_error": 0.0,
        "bias_storage_error": 0.0,
        "accumulation_estimate": 1.1920928955078125e-07,
        "demote_error": 2.7008354663848877e-05,
        "in_features": 1024,
        "neuron_idx": 2332,
        "batch_idx": 23
      },
      {
        "coord": [
          29,
          289
        ],
        "neuron_error": 4.6022236347198486e-05,
        "y_ref": -0.0702364519238472,
        "y_mixed": -0.0701904296875,
        "input_storage_error": 0.001438482548110187,
        "weight_storage_error": 0.0,
        "bias_storage_error": 0.0,
        "accumulation_estimate": 1.1920928955078125e-07,
        "demote_error": 2.7924776077270508e-05,
        "in_features": 1024,
        "neuron_idx": 289,
        "batch_idx": 29
      }
    ]
  }
}