{
  "detector": {
    "detected_exceeded": false,
    "actual_err": 0.0015026330947875977,
    "predicted_bound": 0.0016528964042663576,
    "elapsed_sec": 2.3953733444213867
  },
  "analyzer_report": {
    "component_estimates": {
      "input_storage_error": 0.0015026330947875977,
      "max_subtraction_error": 0.0015026330947875977,
      "exponential_error": 0.0015026330947875977,
      "sum_accumulation_error": 0.0015026330947875977,
      "output_storage_error": 0.0015026330947875977
    },
    "component_ratios": {
      "input_storage_error": 0.2,
      "max_subtraction_error": 0.2,
      "exponential_error": 0.2,
      "sum_accumulation_error": 0.2,
      "output_storage_error": 0.2
    },
    "primary_source": "storage",
    "suggestion": "\u5206\u6790\u7ed3\u679c\u4e0d\u660e\u786e\uff1b\u8bf7\u68c0\u67e5\u8f93\u5165\u5206\u5e03\u6216\u589e\u52a0MC\u91c7\u6837\u3002 \u68c0\u6d4b\u5230\u6781\u5c0f\u7684exp\u503c\uff0c\u53ef\u80fd\u5bfc\u81f4\u4e0b\u6ea2\u548c\u7cbe\u5ea6\u635f\u5931\u3002 100.0%\u7684top\u8bef\u5dee\u6765\u81eamax logit\u4f4d\u7f6e\uff0c\u8fd9\u901a\u5e38\u5bf9softmax\u8f93\u51fa\u5f71\u54cd\u6700\u5927\u3002",
    "input_stats": {
      "min": -15.262338638305664,
      "max": 33.375640869140625,
      "mean": 1.0750951766967773,
      "std": 6.168881893157959,
      "range": 48.637977600097656
    },
    "stability_stats": {
      "max_shifted_logit": 0.0,
      "min_shifted_logit": -48.204505920410156,
      "max_exp_val": 1.0,
      "min_exp_val": 1.1615798862359181e-21,
      "exp_sum_max": 2.2346858978271484,
      "exp_sum_min": 1.0000879764556885
    },
    "max_logit_error_ratio": 1.0,
    "top_elements_summary": [
      {
        "coord": [
          1,
          3
        ],
        "element_error": 0.0015026330947875977,
        "x_original": 23.50514793395996,
        "y_ref": 0.5049206018447876,
        "y_mixed": 0.50341796875,
        "storage_error": 0.0051479339599609375,
        "demote_error": 0.00010019540786743164,
        "logit_analysis": {
          "softmax_position": 3,
          "softmax_dim_size": 512,
          "is_max_logit": true,
          "distance_from_max": 0.0
        }
      },
      {
        "coord": [
          1,
          287
        ],
        "element_error": 0.0011921226978302002,
        "x_original": 23.170612335205078,
        "y_ref": 0.3613567054271698,
        "y_mixed": 0.362548828125,
        "storage_error": 0.001262664794921875,
        "demote_error": 0.00012171268463134766,
        "logit_analysis": {
          "softmax_position": 287,
          "softmax_dim_size": 512,
          "is_max_logit": true,
          "distance_from_max": 0.0
        }
      },
      {
        "coord": [
          0,
          478
        ],
        "element_error": 0.0009853839874267578,
        "x_original": 22.690258026123047,
        "y_ref": 0.18213772773742676,
        "y_mixed": 0.18115234375,
        "storage_error": 0.002758026123046875,
        "demote_error": 2.3737549781799316e-05,
        "logit_analysis": {
          "softmax_position": 478,
          "softmax_dim_size": 512,
          "is_max_logit": true,
          "distance_from_max": 0.0
        }
      },
      {
        "coord": [
          7,
          316
        ],
        "element_error": 0.000957489013671875,
        "x_original": 27.327863693237305,
        "y_ref": 0.7763862609863281,
        "y_mixed": 0.77734375,
        "storage_error": 0.0002613067626953125,
        "demote_error": 0.0002155303955078125,
        "logit_analysis": {
          "softmax_position": 316,
          "softmax_dim_size": 512,
          "is_max_logit": true,
          "distance_from_max": 0.0
        }
      },
      {
        "coord": [
          7,
          176
        ],
        "element_error": 0.000944182276725769,
        "x_original": 25.756755828857422,
        "y_ref": 0.16134457290172577,
        "y_mixed": 0.160400390625,
        "storage_error": 0.006755828857421875,
        "demote_error": 3.091990947723389e-05,
        "logit_analysis": {
          "softmax_position": 176,
          "softmax_dim_size": 512,
          "is_max_logit": true,
          "distance_from_max": 0.0
        }
      },
      {
        "coord": [
          4,
          34
        ],
        "element_error": 0.0009142756462097168,
        "x_original": 22.149126052856445,
        "y_ref": 0.6089490056037903,
        "y_mixed": 0.60986328125,
        "storage_error": 0.0071239471435546875,
        "demote_error": 0.00013566017150878906,
        "logit_analysis": {
          "softmax_position": 34,
          "softmax_dim_size": 512,
          "is_max_logit": true,
          "distance_from_max": 0.0
        }
      },
      {
        "coord": [
          6,
          457
        ],
        "element_error": 0.0008785724639892578,
        "x_original": 25.116775512695312,
        "y_ref": 0.8568356037139893,
        "y_mixed": 0.85595703125,
        "storage_error": 0.0074005126953125,
        "demote_error": 7.987022399902344e-06,
        "logit_analysis": {
          "softmax_position": 457,
          "softmax_dim_size": 512,
          "is_max_logit": true,
          "distance_from_max": 0.0
        }
      },
      {
        "coord": [
          0,
          147
        ],
        "element_error": 0.0007520020008087158,
        "x_original": 23.589149475097656,
        "y_ref": 0.4474901854991913,
        "y_mixed": 0.4482421875,
        "storage_error": 0.00460052490234375,
        "demote_error": 5.543231964111328e-05,
        "logit_analysis": {
          "softmax_position": 147,
          "softmax_dim_size": 512,
          "is_max_logit": true,
          "distance_from_max": 0.0
        }
      },
      {
        "coord": [
          5,
          293
        ],
        "element_error": 0.0006552934646606445,
        "x_original": 27.84735870361328,
        "y_ref": 0.9381552934646606,
        "y_mixed": 0.9375,
        "storage_error": 0.00360870361328125,
        "demote_error": 0.00023996829986572266,
        "logit_analysis": {
          "softmax_position": 293,
          "softmax_dim_size": 512,
          "is_max_logit": true,
          "distance_from_max": 0.0
        }
      },
      {
        "coord": [
          6,
          191
        ],
        "element_error": 0.0004471614956855774,
        "x_original": 22.798274993896484,
        "y_ref": 0.08433067053556442,
        "y_mixed": 0.08477783203125,
        "storage_error": 0.001399993896484375,
        "demote_error": 2.5816261768341064e-05,
        "logit_analysis": {
          "softmax_position": 191,
          "softmax_dim_size": 512,
          "is_max_logit": true,
          "distance_from_max": 0.0
        }
      }
    ]
  }
}