{
  "detector": {
    "detected_exceeded": false,
    "actual_err": 0.00010184943675994873,
    "predicted_bound": 0.00019413217378314585,
    "elapsed_sec": 3.8035056591033936
  },
  "analyzer_report": {
    "component_estimates": {
      "input_storage_error": 0.00010184943675994873,
      "statistics_computation_error": 0.00010184943675994873,
      "output_storage_error": 0.00014699995517730713,
      "weight_storage_error": 0.00010184943675994873,
      "bias_storage_error": 0.00010184943675994873
    },
    "component_ratios": {
      "input_storage_error": 0.18371186668458542,
      "statistics_computation_error": 0.18371186668458542,
      "output_storage_error": 0.2651525332616584,
      "weight_storage_error": 0.18371186668458542,
      "bias_storage_error": 0.18371186668458542
    },
    "primary_source": "demote",
    "suggestion": "\u4e3b\u8981\u8bef\u5dee\u6765\u6e90\u4e3a\u8f93\u51fa\u964d\u7cbe\u5ea6\u3002\u5efa\u8bae\uff1a\u5ef6\u8fdf\u964d\u7cbe\u5ea6\u6216\u63d0\u9ad8\u8f93\u51fa\u7cbe\u5ea6\uff1b\u68c0\u67e5LayerNorm\u8f93\u51fa\u7684\u6570\u503c\u8303\u56f4\u3002",
    "statistics_errors": {
      "mean_error": 3.385139279998839e-09,
      "var_error": 9.698908343125368e-13,
      "std_error": 2.3283064365386963e-10
    },
    "norm_behavior_stats": {
      "normal": 10
    },
    "top_elements_summary": [
      {
        "coord": [
          6,
          509,
          11
        ],
        "element_error": 0.00010184943675994873,
        "x_original": 0.0004893863806501031,
        "y_ref": 0.15415458381175995,
        "y_mixed": 0.154052734375,
        "norm_behavior": "normal",
        "storage_error": 1.514563336968422e-07,
        "weight_error": 0.0,
        "bias_error": 0.0,
        "demote_error": 5.40614128112793e-05,
        "local_mean_error": 2.9251623345771804e-10,
        "local_std_error": 0.0
      },
      {
        "coord": [
          3,
          192,
          90
        ],
        "element_error": 9.50247049331665e-05,
        "x_original": -0.00040114563307724893,
        "y_ref": -0.12685810029506683,
        "y_mixed": -0.126953125,
        "norm_behavior": "normal",
        "storage_error": 1.1283555068075657e-07,
        "weight_error": 0.0,
        "bias_error": 0.0,
        "demote_error": 5.9604644775390625e-05,
        "local_mean_error": 8.139977580867708e-10,
        "local_std_error": 0.0
      },
      {
        "coord": [
          0,
          10,
          184
        ],
        "element_error": 9.484589099884033e-05,
        "x_original": 0.0004233196668792516,
        "y_ref": 0.13381628692150116,
        "y_mixed": 0.1339111328125,
        "norm_behavior": "normal",
        "storage_error": 1.1172960512340069e-07,
        "weight_error": 0.0,
        "bias_error": 0.0,
        "demote_error": 5.938112735748291e-05,
        "local_mean_error": 4.957492194535007e-10,
        "local_std_error": 0.0
      },
      {
        "coord": [
          3,
          135,
          182
        ],
        "element_error": 9.41157341003418e-05,
        "x_original": 0.00041950924787670374,
        "y_ref": 0.13149768114089966,
        "y_mixed": 0.131591796875,
        "norm_behavior": "normal",
        "storage_error": 1.0745134204626083e-07,
        "weight_error": 0.0,
        "bias_error": 0.0,
        "demote_error": 6.0245394706726074e-05,
        "local_mean_error": 2.6079760573338717e-10,
        "local_std_error": 0.0
      },
      {
        "coord": [
          7,
          400,
          84
        ],
        "element_error": 9.225308895111084e-05,
        "x_original": -0.0004614734498318285,
        "y_ref": -0.1456597000360489,
        "y_mixed": -0.145751953125,
        "norm_behavior": "normal",
        "storage_error": 1.04919308796525e-07,
        "weight_error": 0.0,
        "bias_error": 0.0,
        "demote_error": 5.8770179748535156e-05,
        "local_mean_error": 1.013518158288207e-09,
        "local_std_error": 0.0
      },
      {
        "coord": [
          1,
          61,
          118
        ],
        "element_error": 8.821487426757812e-05,
        "x_original": 0.0004023419751320034,
        "y_ref": 0.12674283981323242,
        "y_mixed": 0.1268310546875,
        "norm_behavior": "normal",
        "storage_error": 1.0858639143407345e-07,
        "weight_error": 0.0,
        "bias_error": 0.0,
        "demote_error": 5.3688883781433105e-05,
        "local_mean_error": 6.247091732802801e-10,
        "local_std_error": 0.0
      },
      {
        "coord": [
          1,
          184,
          56
        ],
        "element_error": 8.416175842285156e-05,
        "x_original": 0.0003987590316683054,
        "y_ref": 0.12613654136657715,
        "y_mixed": 0.126220703125,
        "norm_behavior": "normal",
        "storage_error": 1.1525116860866547e-07,
        "weight_error": 0.0,
        "bias_error": 0.0,
        "demote_error": 4.79966402053833e-05,
        "local_mean_error": 8.559482012060471e-10,
        "local_std_error": 0.0
      },
      {
        "coord": [
          0,
          50,
          194
        ],
        "element_error": 8.372962474822998e-05,
        "x_original": 0.0004037930048070848,
        "y_ref": 0.12625904381275177,
        "y_mixed": 0.1263427734375,
        "norm_behavior": "normal",
        "storage_error": 8.806819096207619e-08,
        "weight_error": 0.0,
        "bias_error": 0.0,
        "demote_error": 5.589425563812256e-05,
        "local_mean_error": 5.32054400537163e-11,
        "local_std_error": 0.0
      },
      {
        "coord": [
          1,
          460,
          544
        ],
        "element_error": 8.355081081390381e-05,
        "x_original": -0.0004266834584996104,
        "y_ref": -0.1344379335641861,
        "y_mixed": -0.134521484375,
        "norm_behavior": "normal",
        "storage_error": 8.579809218645096e-08,
        "weight_error": 0.0,
        "bias_error": 0.0,
        "demote_error": 5.663931369781494e-05,
        "local_mean_error": 6.773461791453883e-10,
        "local_std_error": 2.3283064365386963e-10
      },
      {
        "coord": [
          5,
          64,
          321
        ],
        "element_error": 7.812678813934326e-05,
        "x_original": 0.00042645883513614535,
        "y_ref": 0.13212402164936066,
        "y_mixed": 0.1322021484375,
        "norm_behavior": "normal",
        "storage_error": 7.200287654995918e-08,
        "weight_error": 0.0,
        "bias_error": 0.0,
        "demote_error": 5.556643009185791e-05,
        "local_mean_error": 6.348273018375039e-10,
        "local_std_error": 2.3283064365386963e-10
      }
    ]
  }
}