{
  "detector": {
    "detected_exceeded": false,
    "actual_err": 0.0013828873634338379,
    "predicted_bound": 0.002058285474777222,
    "elapsed_sec": 2.497157096862793
  },
  "analyzer_report": {
    "component_estimates": {
      "input_storage_error": 0.0013828873634338379,
      "max_subtraction_error": 0.0013828873634338379,
      "exponential_error": 0.0013828873634338379,
      "sum_accumulation_error": 0.0013828873634338379,
      "output_storage_error": 0.0013828873634338379
    },
    "component_ratios": {
      "input_storage_error": 0.2,
      "max_subtraction_error": 0.2,
      "exponential_error": 0.2,
      "sum_accumulation_error": 0.2,
      "output_storage_error": 0.2
    },
    "primary_source": "storage",
    "suggestion": "\u5206\u6790\u7ed3\u679c\u4e0d\u660e\u786e\uff1b\u8bf7\u68c0\u67e5\u8f93\u5165\u5206\u5e03\u6216\u589e\u52a0MC\u91c7\u6837\u3002 \u68c0\u6d4b\u5230\u6781\u5c0f\u7684exp\u503c\uff0c\u53ef\u80fd\u5bfc\u81f4\u4e0b\u6ea2\u548c\u7cbe\u5ea6\u635f\u5931\u3002 89.9%\u7684top\u8bef\u5dee\u6765\u81eamax logit\u4f4d\u7f6e\uff0c\u8fd9\u901a\u5e38\u5bf9softmax\u8f93\u51fa\u5f71\u54cd\u6700\u5927\u3002",
    "input_stats": {
      "min": -18.456809997558594,
      "max": 27.50860595703125,
      "mean": 0.9892845153808594,
      "std": 5.9656081199646,
      "range": 45.965415954589844
    },
    "stability_stats": {
      "max_shifted_logit": 0.0,
      "min_shifted_logit": -43.47544860839844,
      "max_exp_val": 1.0,
      "min_exp_val": 1.3147783804937488e-19,
      "exp_sum_max": 2.085005283355713,
      "exp_sum_min": 1.0347319841384888
    },
    "max_logit_error_ratio": 0.8985425436675788,
    "top_elements_summary": [
      {
        "coord": [
          7,
          6
        ],
        "element_error": 0.0013828873634338379,
        "x_original": 27.50860595703125,
        "y_ref": 0.7993983626365662,
        "y_mixed": 0.80078125,
        "storage_error": 0.00701904296875,
        "demote_error": 9.828805923461914e-05,
        "logit_analysis": {
          "softmax_position": 6,
          "softmax_dim_size": 512,
          "is_max_logit": true,
          "distance_from_max": 0.0
        }
      },
      {
        "coord": [
          7,
          505
        ],
        "element_error": 0.001086115837097168,
        "x_original": 25.768146514892578,
        "y_ref": 0.14024627208709717,
        "y_mixed": 0.13916015625,
        "storage_error": 0.002521514892578125,
        "demote_error": 2.232193946838379e-05,
        "logit_analysis": {
          "softmax_position": 505,
          "softmax_dim_size": 512,
          "is_max_logit": true,
          "distance_from_max": 0.0
        }
      },
      {
        "coord": [
          2,
          148
        ],
        "element_error": 0.0010344982147216797,
        "x_original": 23.61726951599121,
        "y_ref": 0.6815826892852783,
        "y_mixed": 0.6826171875,
        "storage_error": 0.0077304840087890625,
        "demote_error": 6.151199340820312e-05,
        "logit_analysis": {
          "softmax_position": 148,
          "softmax_dim_size": 512,
          "is_max_logit": true,
          "distance_from_max": 0.0
        }
      },
      {
        "coord": [
          3,
          117
        ],
        "element_error": 0.0009454488754272461,
        "x_original": 20.294748306274414,
        "y_ref": 0.7168279886245728,
        "y_mixed": 0.7177734375,
        "storage_error": 0.0021266937255859375,
        "demote_error": 0.0001239776611328125,
        "logit_analysis": {
          "softmax_position": 117,
          "softmax_dim_size": 512,
          "is_max_logit": true,
          "distance_from_max": 0.0
        }
      },
      {
        "coord": [
          2,
          244
        ],
        "element_error": 0.0008958727121353149,
        "x_original": 21.411867141723633,
        "y_ref": 0.07511462271213531,
        "y_mixed": 0.07421875,
        "storage_error": 0.0056171417236328125,
        "demote_error": 1.9118189811706543e-05,
        "logit_analysis": {
          "softmax_position": 244,
          "softmax_dim_size": 512,
          "is_max_logit": false,
          "distance_from_max": -2.1520557403564453
        }
      },
      {
        "coord": [
          0,
          58
        ],
        "element_error": 0.0008598566055297852,
        "x_original": 25.438262939453125,
        "y_ref": 0.8431450128555298,
        "y_mixed": 0.84228515625,
        "storage_error": 0.000762939453125,
        "demote_error": 0.00017058849334716797,
        "logit_analysis": {
          "softmax_position": 58,
          "softmax_dim_size": 512,
          "is_max_logit": true,
          "distance_from_max": 0.0
        }
      },
      {
        "coord": [
          3,
          465
        ],
        "element_error": 0.0008567571640014648,
        "x_original": 19.25255012512207,
        "y_ref": 0.25280988216400146,
        "y_mixed": 0.251953125,
        "storage_error": 0.0025501251220703125,
        "demote_error": 3.445148468017578e-05,
        "logit_analysis": {
          "softmax_position": 465,
          "softmax_dim_size": 512,
          "is_max_logit": true,
          "distance_from_max": 0.0
        }
      },
      {
        "coord": [
          6,
          98
        ],
        "element_error": 0.000671088695526123,
        "x_original": 25.067365646362305,
        "y_ref": 0.8751828074455261,
        "y_mixed": 0.87451171875,
        "storage_error": 0.0048656463623046875,
        "demote_error": 9.548664093017578e-05,
        "logit_analysis": {
          "softmax_position": 98,
          "softmax_dim_size": 512,
          "is_max_logit": true,
          "distance_from_max": 0.0
        }
      },
      {
        "coord": [
          1,
          160
        ],
        "element_error": 0.0006095767021179199,
        "x_original": 22.293373107910156,
        "y_ref": 0.4796150326728821,
        "y_mixed": 0.480224609375,
        "storage_error": 0.00350189208984375,
        "demote_error": 1.7464160919189453e-05,
        "logit_analysis": {
          "softmax_position": 160,
          "softmax_dim_size": 512,
          "is_max_logit": true,
          "distance_from_max": 0.0
        }
      },
      {
        "coord": [
          4,
          501
        ],
        "element_error": 0.0004879310727119446,
        "x_original": 22.71358299255371,
        "y_ref": 0.07769810408353806,
        "y_mixed": 0.07818603515625,
        "storage_error": 0.0051670074462890625,
        "demote_error": 2.065300941467285e-05,
        "logit_analysis": {
          "softmax_position": 501,
          "softmax_dim_size": 512,
          "is_max_logit": true,
          "distance_from_max": 0.0
        }
      }
    ]
  }
}