{
  "detector": {
    "detected_exceeded": false,
    "actual_err": 6.608664989471436e-05,
    "predicted_bound": 0.00014078837848501282,
    "elapsed_sec": 3.8028833866119385
  },
  "meta": {
    "distribution": "adversarial_sum",
    "bias": true,
    "batch_size": 32,
    "in_features": 1024,
    "out_features": 4096
  },
  "analyzer_report": {
    "component_estimates": {
      "input_storage_error": 6.608664989471436e-05,
      "weight_storage_error": 6.608664989471436e-05,
      "accumulation_error": 6.608664989471436e-05,
      "output_storage_error": 0.00010283291339874268,
      "bias_storage_error": 6.608664989471436e-05
    },
    "component_ratios": {
      "input_storage_error": 0.17998457854794855,
      "weight_storage_error": 0.17998457854794855,
      "accumulation_error": 0.17998457854794855,
      "output_storage_error": 0.28006168580820584,
      "bias_storage_error": 0.17998457854794855
    },
    "primary_source": "input_storage",
    "suggestion": "\u4e3b\u8981\u8bef\u5dee\u6765\u6e90\u4e3a\u8f93\u5165\u5b58\u50a8\u7cbe\u5ea6\u3002\u5efa\u8bae\uff1a\u63d0\u5347\u8f93\u5165\u5b58\u50a8\u7cbe\u5ea6\u6216\u8fdb\u884c\u8f93\u5165\u5f52\u4e00\u5316/\u6807\u51c6\u5316\u4ee5\u964d\u4f4e\u6570\u503c\u8303\u56f4\u3002",
    "aggregated_ratios": {
      "input_storage": 0.9695005094433596,
      "weight_storage": 0.0,
      "bias_storage": 0.0,
      "accumulation": 0.00012926722376285037,
      "demote": 0.030370223332877484
    },
    "top_neurons_summary": [
      {
        "coord": [
          12,
          64
        ],
        "neuron_error": 6.608664989471436e-05,
        "y_ref": 0.12713117897510529,
        "y_mixed": 0.127197265625,
        "input_storage_error": 0.0013841603649780154,
        "weight_storage_error": 0.0,
        "bias_storage_error": 0.0,
        "accumulation_estimate": 2.384185791015625e-07,
        "demote_error": 5.874037742614746e-05,
        "in_features": 1024,
        "neuron_idx": 64,
        "batch_idx": 12
      },
      {
        "coord": [
          21,
          473
        ],
        "neuron_error": 5.955994129180908e-05,
        "y_ref": -0.1310439556837082,
        "y_mixed": -0.131103515625,
        "input_storage_error": 0.0014188025379553437,
        "weight_storage_error": 0.0,
        "bias_storage_error": 0.0,
        "accumulation_estimate": 2.384185791015625e-07,
        "demote_error": 5.431473255157471e-05,
        "in_features": 1024,
        "neuron_idx": 473,
        "batch_idx": 21
      },
      {
        "coord": [
          29,
          3131
        ],
        "neuron_error": 5.53131103515625e-05,
        "y_ref": 0.13274574279785156,
        "y_mixed": 0.1326904296875,
        "input_storage_error": 0.0013688369654119015,
        "weight_storage_error": 0.0,
        "bias_storage_error": 0.0,
        "accumulation_estimate": 2.384185791015625e-07,
        "demote_error": 4.850327968597412e-05,
        "in_features": 1024,
        "neuron_idx": 3131,
        "batch_idx": 29
      },
      {
        "coord": [
          28,
          2680
        ],
        "neuron_error": 5.367398262023926e-05,
        "y_ref": 0.13457515835762024,
        "y_mixed": 0.134521484375,
        "input_storage_error": 0.00142812286503613,
        "weight_storage_error": 0.0,
        "bias_storage_error": 0.0,
        "accumulation_estimate": 2.384185791015625e-07,
        "demote_error": 6.058812141418457e-05,
        "in_features": 1024,
        "neuron_idx": 2680,
        "batch_idx": 28
      },
      {
        "coord": [
          0,
          3504
        ],
        "neuron_error": 5.315244197845459e-05,
        "y_ref": -0.12554143369197845,
        "y_mixed": -0.12548828125,
        "input_storage_error": 0.0014736956218257546,
        "weight_storage_error": 0.0,
        "bias_storage_error": 0.0,
        "accumulation_estimate": 2.384185791015625e-07,
        "demote_error": 5.094707012176514e-05,
        "in_features": 1024,
        "neuron_idx": 3504,
        "batch_idx": 0
      },
      {
        "coord": [
          17,
          2447
        ],
        "neuron_error": 5.1528215408325195e-05,
        "y_ref": -0.06682398915290833,
        "y_mixed": -0.0667724609375,
        "input_storage_error": 0.0014936664374545217,
        "weight_storage_error": 0.0,
        "bias_storage_error": 0.0,
        "accumulation_estimate": 1.1920928955078125e-07,
        "demote_error": 3.03611159324646e-05,
        "in_features": 1024,
        "neuron_idx": 2447,
        "batch_idx": 17
      },
      {
        "coord": [
          11,
          3688
        ],
        "neuron_error": 5.073845386505127e-05,
        "y_ref": 0.13445015251636505,
        "y_mixed": 0.1343994140625,
        "input_storage_error": 0.0014128329930827022,
        "weight_storage_error": 0.0,
        "bias_storage_error": 0.0,
        "accumulation_estimate": 2.384185791015625e-07,
        "demote_error": 5.504488945007324e-05,
        "in_features": 1024,
        "neuron_idx": 3688,
        "batch_idx": 11
      },
      {
        "coord": [
          19,
          3954
        ],
        "neuron_error": 4.854053258895874e-05,
        "y_ref": 0.06907930225133896,
        "y_mixed": 0.06903076171875,
        "input_storage_error": 0.001380246365442872,
        "weight_storage_error": 0.0,
        "bias_storage_error": 0.0,
        "accumulation_estimate": 1.1920928955078125e-07,
        "demote_error": 3.0472874641418457e-05,
        "in_features": 1024,
        "neuron_idx": 3954,
        "batch_idx": 19
      },
      {
        "coord": [
          0,
          2545
        ],
        "neuron_error": 4.7206878662109375e-05,
        "y_ref": -0.06562662124633789,
        "y_mixed": -0.065673828125,
        "input_storage_error": 0.0014736956218257546,
        "weight_storage_error": 0.0,
        "bias_storage_error": 0.0,
        "accumulation_estimate": 1.1920928955078125e-07,
        "demote_error": 2.8774142265319824e-05,
        "in_features": 1024,
        "neuron_idx": 2545,
        "batch_idx": 0
      },
      {
        "coord": [
          26,
          3984
        ],
        "neuron_error": 4.678219556808472e-05,
        "y_ref": 0.06865029782056808,
        "y_mixed": 0.068603515625,
        "input_storage_error": 0.0014710008399561048,
        "weight_storage_error": 0.0,
        "bias_storage_error": 0.0,
        "accumulation_estimate": 1.1920928955078125e-07,
        "demote_error": 3.0368566513061523e-05,
        "in_features": 1024,
        "neuron_idx": 3984,
        "batch_idx": 26
      }
    ]
  }
}