{
  "detector": {
    "detected_exceeded": false,
    "actual_err": 0.003224968910217285,
    "predicted_bound": 0.003547465801239014,
    "elapsed_sec": 2.4996447563171387
  },
  "analyzer_report": {
    "component_estimates": {
      "input_storage_error": 0.003224968910217285,
      "max_subtraction_error": 0.003224968910217285,
      "exponential_error": 0.003224968910217285,
      "sum_accumulation_error": 0.003224968910217285,
      "output_storage_error": 0.003224968910217285
    },
    "component_ratios": {
      "input_storage_error": 0.2,
      "max_subtraction_error": 0.2,
      "exponential_error": 0.2,
      "sum_accumulation_error": 0.2,
      "output_storage_error": 0.2
    },
    "primary_source": "storage",
    "suggestion": "\u5206\u6790\u7ed3\u679c\u4e0d\u660e\u786e\uff1b\u8bf7\u68c0\u67e5\u8f93\u5165\u5206\u5e03\u6216\u589e\u52a0MC\u91c7\u6837\u3002 \u68c0\u6d4b\u5230\u6781\u5c0f\u7684exp\u503c\uff0c\u53ef\u80fd\u5bfc\u81f4\u4e0b\u6ea2\u548c\u7cbe\u5ea6\u635f\u5931\u3002 95.4%\u7684top\u8bef\u5dee\u6765\u81eamax logit\u4f4d\u7f6e\uff0c\u8fd9\u901a\u5e38\u5bf9softmax\u8f93\u51fa\u5f71\u54cd\u6700\u5927\u3002",
    "input_stats": {
      "min": -16.325870513916016,
      "max": 29.4858455657959,
      "mean": 1.0500918626785278,
      "std": 6.206816673278809,
      "range": 45.81171417236328
    },
    "stability_stats": {
      "max_shifted_logit": 0.0,
      "min_shifted_logit": -44.89860153198242,
      "max_exp_val": 1.0,
      "min_exp_val": 3.167999640971234e-20,
      "exp_sum_max": 2.8813657760620117,
      "exp_sum_min": 1.0361112356185913
    },
    "max_logit_error_ratio": 0.9542066982743272,
    "top_elements_summary": [
      {
        "coord": [
          3,
          390
        ],
        "element_error": 0.003224968910217285,
        "x_original": 26.913253784179688,
        "y_ref": 0.6482445001602173,
        "y_mixed": 0.64501953125,
        "storage_error": 0.0070037841796875,
        "demote_error": 0.0001417994499206543,
        "logit_analysis": {
          "softmax_position": 390,
          "softmax_dim_size": 512,
          "is_max_logit": true,
          "distance_from_max": 0.0
        }
      },
      {
        "coord": [
          3,
          360
        ],
        "element_error": 0.0030601918697357178,
        "x_original": 26.227506637573242,
        "y_ref": 0.3265296518802643,
        "y_mixed": 0.32958984375,
        "storage_error": 0.0068683624267578125,
        "demote_error": 7.370114326477051e-05,
        "logit_analysis": {
          "softmax_position": 360,
          "softmax_dim_size": 512,
          "is_max_logit": true,
          "distance_from_max": 0.0
        }
      },
      {
        "coord": [
          5,
          29
        ],
        "element_error": 0.002506852149963379,
        "x_original": 26.490524291992188,
        "y_ref": 0.6450849771499634,
        "y_mixed": 0.642578125,
        "storage_error": 0.0061492919921875,
        "demote_error": 3.349781036376953e-05,
        "logit_analysis": {
          "softmax_position": 29,
          "softmax_dim_size": 512,
          "is_max_logit": true,
          "distance_from_max": 0.0
        }
      },
      {
        "coord": [
          5,
          378
        ],
        "element_error": 0.0022925138473510742,
        "x_original": 25.807525634765625,
        "y_ref": 0.3258324861526489,
        "y_mixed": 0.328125,
        "storage_error": 0.004974365234375,
        "demote_error": 5.46574592590332e-05,
        "logit_analysis": {
          "softmax_position": 378,
          "softmax_dim_size": 512,
          "is_max_logit": true,
          "distance_from_max": 0.0
        }
      },
      {
        "coord": [
          7,
          493
        ],
        "element_error": 0.0017033219337463379,
        "x_original": 23.85137176513672,
        "y_ref": 0.30370527505874634,
        "y_mixed": 0.302001953125,
        "storage_error": 0.00762176513671875,
        "demote_error": 0.00012022256851196289,
        "logit_analysis": {
          "softmax_position": 493,
          "softmax_dim_size": 512,
          "is_max_logit": true,
          "distance_from_max": 0.0
        }
      },
      {
        "coord": [
          2,
          343
        ],
        "element_error": 0.001331031322479248,
        "x_original": 20.385839462280273,
        "y_ref": 0.34705764055252075,
        "y_mixed": 0.348388671875,
        "storage_error": 0.0047855377197265625,
        "demote_error": 5.27799129486084e-05,
        "logit_analysis": {
          "softmax_position": 343,
          "softmax_dim_size": 512,
          "is_max_logit": true,
          "distance_from_max": 0.0
        }
      },
      {
        "coord": [
          2,
          29
        ],
        "element_error": 0.0007761195302009583,
        "x_original": 19.06960678100586,
        "y_ref": 0.09306127578020096,
        "y_mixed": 0.09228515625,
        "storage_error": 0.007106781005859375,
        "demote_error": 1.4662742614746094e-05,
        "logit_analysis": {
          "softmax_position": 29,
          "softmax_dim_size": 512,
          "is_max_logit": false,
          "distance_from_max": -7.420917510986328
        }
      },
      {
        "coord": [
          7,
          289
        ],
        "element_error": 0.0007590353488922119,
        "x_original": 24.125246047973633,
        "y_ref": 0.3993874490261078,
        "y_mixed": 0.400146484375,
        "storage_error": 0.0002460479736328125,
        "demote_error": 0.00010037422180175781,
        "logit_analysis": {
          "softmax_position": 289,
          "softmax_dim_size": 512,
          "is_max_logit": true,
          "distance_from_max": 0.0
        }
      },
      {
        "coord": [
          4,
          100
        ],
        "element_error": 0.0006750524044036865,
        "x_original": 28.59125518798828,
        "y_ref": 0.2822839319705963,
        "y_mixed": 0.282958984375,
        "storage_error": 0.00249481201171875,
        "demote_error": 0.00010848045349121094,
        "logit_analysis": {
          "softmax_position": 100,
          "softmax_dim_size": 512,
          "is_max_logit": true,
          "distance_from_max": 0.0
        }
      },
      {
        "coord": [
          4,
          139
        ],
        "element_error": 0.0006192326545715332,
        "x_original": 29.4858455657959,
        "y_ref": 0.6905606389045715,
        "y_mixed": 0.68994140625,
        "storage_error": 0.0014705657958984375,
        "demote_error": 0.00020450353622436523,
        "logit_analysis": {
          "softmax_position": 139,
          "softmax_dim_size": 512,
          "is_max_logit": true,
          "distance_from_max": 0.0
        }
      }
    ]
  }
}