{
  "detector": {
    "detected_exceeded": false,
    "actual_err": 5.43743371963501e-05,
    "predicted_bound": 0.00012955413476447577,
    "elapsed_sec": 3.901456594467163
  },
  "meta": {
    "distribution": "adversarial_sum",
    "bias": true,
    "batch_size": 32,
    "in_features": 1024,
    "out_features": 4096
  },
  "analyzer_report": {
    "component_estimates": {
      "input_storage_error": 5.43743371963501e-05,
      "weight_storage_error": 5.43743371963501e-05,
      "accumulation_error": 5.43743371963501e-05,
      "output_storage_error": 0.00010153651237487793,
      "bias_storage_error": 5.43743371963501e-05
    },
    "component_ratios": {
      "input_storage_error": 0.17043437645959833,
      "weight_storage_error": 0.17043437645959833,
      "accumulation_error": 0.17043437645959833,
      "output_storage_error": 0.31826249416160673,
      "bias_storage_error": 0.17043437645959833
    },
    "primary_source": "input_storage",
    "suggestion": "\u4e3b\u8981\u8bef\u5dee\u6765\u6e90\u4e3a\u8f93\u5165\u5b58\u50a8\u7cbe\u5ea6\u3002\u5efa\u8bae\uff1a\u63d0\u5347\u8f93\u5165\u5b58\u50a8\u7cbe\u5ea6\u6216\u8fdb\u884c\u8f93\u5165\u5f52\u4e00\u5316/\u6807\u51c6\u5316\u4ee5\u964d\u4f4e\u6570\u503c\u8303\u56f4\u3002",
    "aggregated_ratios": {
      "input_storage": 0.9748529402978955,
      "weight_storage": 0.0,
      "bias_storage": 0.0,
      "accumulation": 0.00012058530126883293,
      "demote": 0.0250264744008357
    },
    "top_neurons_summary": [
      {
        "coord": [
          14,
          3828
        ],
        "neuron_error": 5.43743371963501e-05,
        "y_ref": 0.13141535222530365,
        "y_mixed": 0.1314697265625,
        "input_storage_error": 0.0014278106391429901,
        "weight_storage_error": 0.0,
        "bias_storage_error": 0.0,
        "accumulation_estimate": 2.384185791015625e-07,
        "demote_error": 4.7519803047180176e-05,
        "in_features": 1024,
        "neuron_idx": 3828,
        "batch_idx": 14
      },
      {
        "coord": [
          25,
          1648
        ],
        "neuron_error": 5.383789539337158e-05,
        "y_ref": 0.12750963866710663,
        "y_mixed": 0.1275634765625,
        "input_storage_error": 0.0014984826557338238,
        "weight_storage_error": 0.0,
        "bias_storage_error": 0.0,
        "accumulation_estimate": 2.384185791015625e-07,
        "demote_error": 5.3182244300842285e-05,
        "in_features": 1024,
        "neuron_idx": 1648,
        "batch_idx": 25
      },
      {
        "coord": [
          6,
          1277
        ],
        "neuron_error": 4.754960536956787e-05,
        "y_ref": -0.12617315351963043,
        "y_mixed": -0.126220703125,
        "input_storage_error": 0.001425855909474194,
        "weight_storage_error": 0.0,
        "bias_storage_error": 0.0,
        "accumulation_estimate": 2.384185791015625e-07,
        "demote_error": 3.707408905029297e-05,
        "in_features": 1024,
        "neuron_idx": 1277,
        "batch_idx": 6
      },
      {
        "coord": [
          20,
          876
        ],
        "neuron_error": 4.7519803047180176e-05,
        "y_ref": 0.06614859402179718,
        "y_mixed": 0.06610107421875,
        "input_storage_error": 0.0013980467338114977,
        "weight_storage_error": 0.0,
        "bias_storage_error": 0.0,
        "accumulation_estimate": 1.1920928955078125e-07,
        "demote_error": 2.9489398002624512e-05,
        "in_features": 1024,
        "neuron_idx": 876,
        "batch_idx": 20
      },
      {
        "coord": [
          14,
          2108
        ],
        "neuron_error": 4.749000072479248e-05,
        "y_ref": -0.07707385718822479,
        "y_mixed": -0.0770263671875,
        "input_storage_error": 0.0014278106391429901,
        "weight_storage_error": 0.0,
        "bias_storage_error": 0.0,
        "accumulation_estimate": 1.1920928955078125e-07,
        "demote_error": 2.946704626083374e-05,
        "in_features": 1024,
        "neuron_idx": 2108,
        "batch_idx": 14
      },
      {
        "coord": [
          0,
          1093
        ],
        "neuron_error": 4.639476537704468e-05,
        "y_ref": -0.06800780445337296,
        "y_mixed": -0.06805419921875,
        "input_storage_error": 0.0014404808171093464,
        "weight_storage_error": 0.0,
        "bias_storage_error": 0.0,
        "accumulation_estimate": 1.1920928955078125e-07,
        "demote_error": 2.6941299438476562e-05,
        "in_features": 1024,
        "neuron_idx": 1093,
        "batch_idx": 0
      },
      {
        "coord": [
          19,
          1018
        ],
        "neuron_error": 4.634261131286621e-05,
        "y_ref": -0.13142338395118713,
        "y_mixed": -0.1314697265625,
        "input_storage_error": 0.001496199518442154,
        "weight_storage_error": 0.0,
        "bias_storage_error": 0.0,
        "accumulation_estimate": 2.384185791015625e-07,
        "demote_error": 5.2168965339660645e-05,
        "in_features": 1024,
        "neuron_idx": 1018,
        "batch_idx": 19
      },
      {
        "coord": [
          24,
          375
        ],
        "neuron_error": 4.6253204345703125e-05,
        "y_ref": 0.1342015266418457,
        "y_mixed": 0.1341552734375,
        "input_storage_error": 0.0014137004036456347,
        "weight_storage_error": 0.0,
        "bias_storage_error": 0.0,
        "accumulation_estimate": 2.384185791015625e-07,
        "demote_error": 4.437565803527832e-05,
        "in_features": 1024,
        "neuron_idx": 375,
        "batch_idx": 24
      },
      {
        "coord": [
          19,
          2682
        ],
        "neuron_error": 4.5783817768096924e-05,
        "y_ref": 0.0627288892865181,
        "y_mixed": 0.06268310546875,
        "input_storage_error": 0.001496199518442154,
        "weight_storage_error": 0.0,
        "bias_storage_error": 0.0,
        "accumulation_estimate": 1.1920928955078125e-07,
        "demote_error": 2.5995075702667236e-05,
        "in_features": 1024,
        "neuron_idx": 2682,
        "batch_idx": 19
      },
      {
        "coord": [
          15,
          610
        ],
        "neuron_error": 4.570186138153076e-05,
        "y_ref": 0.06794746220111847,
        "y_mixed": 0.0679931640625,
        "input_storage_error": 0.0014313450083136559,
        "weight_storage_error": 0.0,
        "bias_storage_error": 0.0,
        "accumulation_estimate": 1.1920928955078125e-07,
        "demote_error": 2.4899840354919434e-05,
        "in_features": 1024,
        "neuron_idx": 610,
        "batch_idx": 15
      }
    ]
  }
}