{
  "detector": {
    "detected_exceeded": false,
    "actual_err": 6.04093074798584e-05,
    "predicted_bound": 0.00013379218435147778,
    "elapsed_sec": 4.041031837463379
  },
  "meta": {
    "distribution": "adversarial_sum",
    "bias": true,
    "batch_size": 32,
    "in_features": 1024,
    "out_features": 4096
  },
  "analyzer_report": {
    "component_estimates": {
      "input_storage_error": 6.04093074798584e-05,
      "weight_storage_error": 6.04093074798584e-05,
      "accumulation_error": 6.04093074798584e-05,
      "output_storage_error": 9.40561294555664e-05,
      "bias_storage_error": 6.04093074798584e-05
    },
    "component_ratios": {
      "input_storage_error": 0.17995383522727273,
      "weight_storage_error": 0.17995383522727273,
      "accumulation_error": 0.17995383522727273,
      "output_storage_error": 0.2801846590909091,
      "bias_storage_error": 0.17995383522727273
    },
    "primary_source": "input_storage",
    "suggestion": "\u4e3b\u8981\u8bef\u5dee\u6765\u6e90\u4e3a\u8f93\u5165\u5b58\u50a8\u7cbe\u5ea6\u3002\u5efa\u8bae\uff1a\u63d0\u5347\u8f93\u5165\u5b58\u50a8\u7cbe\u5ea6\u6216\u8fdb\u884c\u8f93\u5165\u5f52\u4e00\u5316/\u6807\u51c6\u5316\u4ee5\u964d\u4f4e\u6570\u503c\u8303\u56f4\u3002",
    "aggregated_ratios": {
      "input_storage": 0.979521501069396,
      "weight_storage": 0.0,
      "bias_storage": 0.0,
      "accumulation": 8.84969629922734e-05,
      "demote": 0.020390001967611808
    },
    "top_neurons_summary": [
      {
        "coord": [
          16,
          553
        ],
        "neuron_error": 6.04093074798584e-05,
        "y_ref": -0.12640443444252014,
        "y_mixed": -0.12646484375,
        "input_storage_error": 0.0014601029688492417,
        "weight_storage_error": 0.0,
        "bias_storage_error": 0.0,
        "accumulation_estimate": 2.384185791015625e-07,
        "demote_error": 5.970895290374756e-05,
        "in_features": 1024,
        "neuron_idx": 553,
        "batch_idx": 16
      },
      {
        "coord": [
          20,
          3674
        ],
        "neuron_error": 4.741549491882324e-05,
        "y_ref": -0.06254741549491882,
        "y_mixed": -0.0625,
        "input_storage_error": 0.0014851883752271533,
        "weight_storage_error": 0.0,
        "bias_storage_error": 0.0,
        "accumulation_estimate": 1.1920928955078125e-07,
        "demote_error": 2.5793910026550293e-05,
        "in_features": 1024,
        "neuron_idx": 3674,
        "batch_idx": 20
      },
      {
        "coord": [
          2,
          3075
        ],
        "neuron_error": 4.737824201583862e-05,
        "y_ref": -0.08183448761701584,
        "y_mixed": -0.081787109375,
        "input_storage_error": 0.0014778749318793416,
        "weight_storage_error": 0.0,
        "bias_storage_error": 0.0,
        "accumulation_estimate": 1.1920928955078125e-07,
        "demote_error": 2.5510787963867188e-05,
        "in_features": 1024,
        "neuron_idx": 3075,
        "batch_idx": 2
      },
      {
        "coord": [
          26,
          2455
        ],
        "neuron_error": 4.7169625759124756e-05,
        "y_ref": 0.07008222490549088,
        "y_mixed": 0.07012939453125,
        "input_storage_error": 0.001476774108596146,
        "weight_storage_error": 0.0,
        "bias_storage_error": 0.0,
        "accumulation_estimate": 1.1920928955078125e-07,
        "demote_error": 2.7611851692199707e-05,
        "in_features": 1024,
        "neuron_idx": 2455,
        "batch_idx": 26
      },
      {
        "coord": [
          24,
          1648
        ],
        "neuron_error": 4.653632640838623e-05,
        "y_ref": 0.07936020195484161,
        "y_mixed": 0.07940673828125,
        "input_storage_error": 0.0013935858150944114,
        "weight_storage_error": 0.0,
        "bias_storage_error": 0.0,
        "accumulation_estimate": 1.1920928955078125e-07,
        "demote_error": 2.8654932975769043e-05,
        "in_features": 1024,
        "neuron_idx": 1648,
        "batch_idx": 24
      },
      {
        "coord": [
          11,
          2092
        ],
        "neuron_error": 4.6409666538238525e-05,
        "y_ref": 0.08210691064596176,
        "y_mixed": 0.0821533203125,
        "input_storage_error": 0.001485455664806068,
        "weight_storage_error": 0.0,
        "bias_storage_error": 0.0,
        "accumulation_estimate": 1.1920928955078125e-07,
        "demote_error": 2.2932887077331543e-05,
        "in_features": 1024,
        "neuron_idx": 2092,
        "batch_idx": 11
      },
      {
        "coord": [
          13,
          2794
        ],
        "neuron_error": 4.639476537704468e-05,
        "y_ref": 0.06327881664037704,
        "y_mixed": 0.063232421875,
        "input_storage_error": 0.0014702785992994905,
        "weight_storage_error": 0.0,
        "bias_storage_error": 0.0,
        "accumulation_estimate": 1.1920928955078125e-07,
        "demote_error": 2.931058406829834e-05,
        "in_features": 1024,
        "neuron_idx": 2794,
        "batch_idx": 13
      },
      {
        "coord": [
          0,
          1292
        ],
        "neuron_error": 4.628300666809082e-05,
        "y_ref": -0.08384755253791809,
        "y_mixed": -0.08380126953125,
        "input_storage_error": 0.0014273942215368152,
        "weight_storage_error": 0.0,
        "bias_storage_error": 0.0,
        "accumulation_estimate": 1.1920928955078125e-07,
        "demote_error": 2.752244472503662e-05,
        "in_features": 1024,
        "neuron_idx": 1292,
        "batch_idx": 0
      },
      {
        "coord": [
          17,
          2002
        ],
        "neuron_error": 4.6193599700927734e-05,
        "y_ref": -0.08757060766220093,
        "y_mixed": -0.0875244140625,
        "input_storage_error": 0.0014186939224600792,
        "weight_storage_error": 0.0,
        "bias_storage_error": 0.0,
        "accumulation_estimate": 1.1920928955078125e-07,
        "demote_error": 2.5756657123565674e-05,
        "in_features": 1024,
        "neuron_idx": 2002,
        "batch_idx": 17
      },
      {
        "coord": [
          17,
          2489
        ],
        "neuron_error": 4.612654447555542e-05,
        "y_ref": 0.06309544295072556,
        "y_mixed": 0.06304931640625,
        "input_storage_error": 0.0014186939224600792,
        "weight_storage_error": 0.0,
        "bias_storage_error": 0.0,
        "accumulation_estimate": 1.1920928955078125e-07,
        "demote_error": 2.9325485229492188e-05,
        "in_features": 1024,
        "neuron_idx": 2489,
        "batch_idx": 17
      }
    ]
  }
}