{
  "detector": {
    "detected_exceeded": false,
    "actual_err": 6.584823131561279e-05,
    "predicted_bound": 0.0001440181804355234,
    "elapsed_sec": 3.823019504547119
  },
  "meta": {
    "distribution": "adversarial_sum",
    "bias": true,
    "batch_size": 32,
    "in_features": 1024,
    "out_features": 4096
  },
  "analyzer_report": {
    "component_estimates": {
      "input_storage_error": 6.584823131561279e-05,
      "weight_storage_error": 6.584823131561279e-05,
      "accumulation_error": 6.584823131561279e-05,
      "output_storage_error": 0.0001061558723449707,
      "bias_storage_error": 6.584823131561279e-05
    },
    "component_ratios": {
      "input_storage_error": 0.17818548387096775,
      "weight_storage_error": 0.17818548387096775,
      "accumulation_error": 0.17818548387096775,
      "output_storage_error": 0.287258064516129,
      "bias_storage_error": 0.17818548387096775
    },
    "primary_source": "input_storage",
    "suggestion": "\u4e3b\u8981\u8bef\u5dee\u6765\u6e90\u4e3a\u8f93\u5165\u5b58\u50a8\u7cbe\u5ea6\u3002\u5efa\u8bae\uff1a\u63d0\u5347\u8f93\u5165\u5b58\u50a8\u7cbe\u5ea6\u6216\u8fdb\u884c\u8f93\u5165\u5f52\u4e00\u5316/\u6807\u51c6\u5316\u4ee5\u964d\u4f4e\u6570\u503c\u8303\u56f4\u3002",
    "aggregated_ratios": {
      "input_storage": 0.9728531928430173,
      "weight_storage": 0.0,
      "bias_storage": 0.0,
      "accumulation": 0.00012003230932176072,
      "demote": 0.02702677484766095
    },
    "top_neurons_summary": [
      {
        "coord": [
          25,
          3910
        ],
        "neuron_error": 6.584823131561279e-05,
        "y_ref": 0.1342211216688156,
        "y_mixed": 0.1341552734375,
        "input_storage_error": 0.0014010078739374876,
        "weight_storage_error": 0.0,
        "bias_storage_error": 0.0,
        "accumulation_estimate": 2.384185791015625e-07,
        "demote_error": 5.97834587097168e-05,
        "in_features": 1024,
        "neuron_idx": 3910,
        "batch_idx": 25
      },
      {
        "coord": [
          0,
          2552
        ],
        "neuron_error": 6.107985973358154e-05,
        "y_ref": -0.13140873610973358,
        "y_mixed": -0.13134765625,
        "input_storage_error": 0.001475889002904296,
        "weight_storage_error": 0.0,
        "bias_storage_error": 0.0,
        "accumulation_estimate": 2.384185791015625e-07,
        "demote_error": 6.0811638832092285e-05,
        "in_features": 1024,
        "neuron_idx": 2552,
        "batch_idx": 0
      },
      {
        "coord": [
          3,
          3491
        ],
        "neuron_error": 5.270540714263916e-05,
        "y_ref": 0.13725973665714264,
        "y_mixed": 0.13720703125,
        "input_storage_error": 0.0014743892243131995,
        "weight_storage_error": 0.0,
        "bias_storage_error": 0.0,
        "accumulation_estimate": 2.384185791015625e-07,
        "demote_error": 4.8860907554626465e-05,
        "in_features": 1024,
        "neuron_idx": 3491,
        "batch_idx": 3
      },
      {
        "coord": [
          19,
          3825
        ],
        "neuron_error": 5.2541494369506836e-05,
        "y_ref": 0.1269005835056305,
        "y_mixed": 0.126953125,
        "input_storage_error": 0.0014720477629452944,
        "weight_storage_error": 0.0,
        "bias_storage_error": 0.0,
        "accumulation_estimate": 2.384185791015625e-07,
        "demote_error": 3.351271152496338e-05,
        "in_features": 1024,
        "neuron_idx": 3825,
        "batch_idx": 19
      },
      {
        "coord": [
          29,
          1172
        ],
        "neuron_error": 4.7788023948669434e-05,
        "y_ref": 0.07758893072605133,
        "y_mixed": 0.07763671875,
        "input_storage_error": 0.0014301254414021969,
        "weight_storage_error": 0.0,
        "bias_storage_error": 0.0,
        "accumulation_estimate": 1.1920928955078125e-07,
        "demote_error": 3.0450522899627686e-05,
        "in_features": 1024,
        "neuron_idx": 1172,
        "batch_idx": 29
      },
      {
        "coord": [
          7,
          3418
        ],
        "neuron_error": 4.773586988449097e-05,
        "y_ref": 0.07557482272386551,
        "y_mixed": 0.07562255859375,
        "input_storage_error": 0.0014533689245581627,
        "weight_storage_error": 0.0,
        "bias_storage_error": 0.0,
        "accumulation_estimate": 1.1920928955078125e-07,
        "demote_error": 2.765655517578125e-05,
        "in_features": 1024,
        "neuron_idx": 3418,
        "batch_idx": 7
      },
      {
        "coord": [
          13,
          402
        ],
        "neuron_error": 4.717707633972168e-05,
        "y_ref": 0.12748858332633972,
        "y_mixed": 0.12744140625,
        "input_storage_error": 0.001488149631768465,
        "weight_storage_error": 0.0,
        "bias_storage_error": 0.0,
        "accumulation_estimate": 2.384185791015625e-07,
        "demote_error": 5.564093589782715e-05,
        "in_features": 1024,
        "neuron_idx": 402,
        "batch_idx": 13
      },
      {
        "coord": [
          26,
          2945
        ],
        "neuron_error": 4.69014048576355e-05,
        "y_ref": -0.06935007125139236,
        "y_mixed": -0.06939697265625,
        "input_storage_error": 0.0013968469575047493,
        "weight_storage_error": 0.0,
        "bias_storage_error": 0.0,
        "accumulation_estimate": 1.1920928955078125e-07,
        "demote_error": 2.7067959308624268e-05,
        "in_features": 1024,
        "neuron_idx": 2945,
        "batch_idx": 26
      },
      {
        "coord": [
          17,
          3634
        ],
        "neuron_error": 4.6387314796447754e-05,
        "y_ref": -0.06324706971645355,
        "y_mixed": -0.06329345703125,
        "input_storage_error": 0.0014582365984097123,
        "weight_storage_error": 0.0,
        "bias_storage_error": 0.0,
        "accumulation_estimate": 1.1920928955078125e-07,
        "demote_error": 3.00481915473938e-05,
        "in_features": 1024,
        "neuron_idx": 3634,
        "batch_idx": 17
      },
      {
        "coord": [
          14,
          1162
        ],
        "neuron_error": 4.5433640480041504e-05,
        "y_ref": -0.07597316801548004,
        "y_mixed": -0.075927734375,
        "input_storage_error": 0.001442678738385439,
        "weight_storage_error": 0.0,
        "bias_storage_error": 0.0,
        "accumulation_estimate": 1.1920928955078125e-07,
        "demote_error": 2.8789043426513672e-05,
        "in_features": 1024,
        "neuron_idx": 1162,
        "batch_idx": 14
      }
    ]
  }
}