{
  "detector": {
    "detected_exceeded": false,
    "actual_err": 5.218200385570526e-06,
    "predicted_bound": 3.898444811056834e-05,
    "elapsed_sec": 2.702890396118164
  },
  "matrix_info": {
    "input_shape": [
      256,
      1024
    ],
    "weight_shape": [
      1024,
      512
    ],
    "output_shape": [
      256,
      512
    ],
    "accumulation_dim": 1024
  },
  "analyzer_report": {
    "component_estimates": {
      "input_storage_error": 5.218200385570526e-06,
      "weight_storage_error": 5.218200385570526e-06,
      "accumulation_error": 5.218200385570526e-06,
      "demote_error": 3.4360215067863464e-05
    },
    "component_ratios": {
      "input_storage_error": 0.10433309126119583,
      "weight_storage_error": 0.10433309126119583,
      "accumulation_error": 0.10433309126119583,
      "demote_error": 0.6870007262164125
    },
    "primary_source": "x_storage",
    "suggestion": "\u4e3b\u8981\u8bef\u5dee\u6765\u6e90\u4e3a\u8f93\u5165\u5b58\u50a8\u7cbe\u5ea6\u3002\u5efa\u8bae\uff1a\u63d0\u5347\u8f93\u5165\u5b58\u50a8\u7cbe\u5ea6\uff1b\u8fdb\u884c\u8f93\u5165\u5f52\u4e00\u5316\u6216\u6743\u91cd\u7f29\u653e\u4ee5\u6539\u5584\u6570\u503c\u8303\u56f4\u3002",
    "numerical_stability": {
      "average_condition_indicator": 3.953555570163472,
      "accumulation_dimension": 1024,
      "stability_assessment": "good"
    },
    "top_elements_summary": [
      {
        "coord": [
          79,
          86
        ],
        "element_error": 5.218200385570526e-06,
        "y_ref": -0.00879910308867693,
        "y_mixed": -0.0088043212890625,
        "x_storage_error": 0.00014331858255900443,
        "w_storage_error": 0.0,
        "accumulation_error_estimate": 1.4901161193847656e-08,
        "demote_error": 3.7476420402526855e-06,
        "condition_indicator": 4.806172687792677,
        "product_stats": {
          "min": -0.0005432196194306016,
          "max": 0.0005484805442392826,
          "mean": -8.594311111664865e-06,
          "std": 9.830519411480054e-05
        }
      },
      {
        "coord": [
          143,
          99
        ],
        "element_error": 4.957430064678192e-06,
        "y_ref": 0.009577562101185322,
        "y_mixed": 0.00958251953125,
        "x_storage_error": 0.00015570578398182988,
        "w_storage_error": 0.0,
        "accumulation_error_estimate": 1.4901161193847656e-08,
        "demote_error": 3.757886588573456e-06,
        "condition_indicator": 3.228514259684386,
        "product_stats": {
          "min": -0.0004571027238853276,
          "max": 0.0006780846160836518,
          "mean": 9.354255780635867e-06,
          "std": 0.00010603303235257044
        }
      },
      {
        "coord": [
          59,
          367
        ],
        "element_error": 4.859641194343567e-06,
        "y_ref": -0.008471397683024406,
        "y_mixed": -0.00847625732421875,
        "x_storage_error": 0.00014376563194673508,
        "w_storage_error": 0.0,
        "accumulation_error_estimate": 1.4901161193847656e-08,
        "demote_error": 3.7867575883865356e-06,
        "condition_indicator": 3.832763394159945,
        "product_stats": {
          "min": -0.0004486617399379611,
          "max": 0.0005673120613209903,
          "mean": -8.273897947219666e-06,
          "std": 9.618693729862571e-05
        }
      },
      {
        "coord": [
          7,
          73
        ],
        "element_error": 4.838220775127411e-06,
        "y_ref": 0.008915971033275127,
        "y_mixed": 0.0089111328125,
        "x_storage_error": 0.0001289470528718084,
        "w_storage_error": 0.0,
        "accumulation_error_estimate": 1.4901161193847656e-08,
        "demote_error": 3.2531097531318665e-06,
        "condition_indicator": 4.215624581181028,
        "product_stats": {
          "min": -0.00047186578740365803,
          "max": 0.00045445116120390594,
          "mean": 8.705455002200324e-06,
          "std": 9.307107393397018e-05
        }
      },
      {
        "coord": [
          171,
          40
        ],
        "element_error": 4.761852324008942e-06,
        "y_ref": 0.009991639293730259,
        "y_mixed": 0.00998687744140625,
        "x_storage_error": 0.0001477574260206893,
        "w_storage_error": 0.0,
        "accumulation_error_estimate": 1.4901161193847656e-08,
        "demote_error": 2.9597431421279907e-06,
        "condition_indicator": 4.017629928405425,
        "product_stats": {
          "min": -0.0003981409827247262,
          "max": 0.0006246960256248713,
          "mean": 9.755700375535525e-06,
          "std": 9.957481233868748e-05
        }
      },
      {
        "coord": [
          57,
          96
        ],
        "element_error": 4.761852324008942e-06,
        "y_ref": 0.009219176135957241,
        "y_mixed": 0.00922393798828125,
        "x_storage_error": 0.00014492662739939988,
        "w_storage_error": 0.0,
        "accumulation_error_estimate": 1.4901161193847656e-08,
        "demote_error": 3.487803041934967e-06,
        "condition_indicator": 4.424224427585095,
        "product_stats": {
          "min": -0.0005436452338472009,
          "max": 0.000660372490528971,
          "mean": 9.004345884022769e-06,
          "std": 0.00010174218186875805
        }
      },
      {
        "coord": [
          251,
          5
        ],
        "element_error": 4.708766937255859e-06,
        "y_ref": -0.007992684841156006,
        "y_mixed": -0.00798797607421875,
        "x_storage_error": 0.0001387058146065101,
        "w_storage_error": 0.0,
        "accumulation_error_estimate": 1.4901161193847656e-08,
        "demote_error": 3.773719072341919e-06,
        "condition_indicator": 3.673374843837124,
        "product_stats": {
          "min": -0.0006975247524678707,
          "max": 0.0006442847661674023,
          "mean": -7.804443157510832e-06,
          "std": 0.00010065868264064193
        }
      },
      {
        "coord": [
          88,
          497
        ],
        "element_error": 4.705972969532013e-06,
        "y_ref": 0.008891168050467968,
        "y_mixed": 0.0088958740234375,
        "x_storage_error": 0.00014526696759276092,
        "w_storage_error": 0.0,
        "accumulation_error_estimate": 1.4901161193847656e-08,
        "demote_error": 3.659166395664215e-06,
        "condition_indicator": 4.3239592366347335,
        "product_stats": {
          "min": -0.000651756243314594,
          "max": 0.0008747637621127069,
          "mean": 8.683802661835216e-06,
          "std": 0.00010718127305153757
        }
      },
      {
        "coord": [
          114,
          23
        ],
        "element_error": 4.680827260017395e-06,
        "y_ref": 0.009526165202260017,
        "y_mixed": 0.009521484375,
        "x_storage_error": 0.00014820641081314534,
        "w_storage_error": 0.0,
        "accumulation_error_estimate": 1.4901161193847656e-08,
        "demote_error": 3.1152740120887756e-06,
        "condition_indicator": 3.181491603219368,
        "product_stats": {
          "min": -0.0005675376742146909,
          "max": 0.0007568183937110007,
          "mean": 9.30136775423307e-06,
          "std": 0.00010255795496050268
        }
      },
      {
        "coord": [
          51,
          245
        ],
        "element_error": 4.668720066547394e-06,
        "y_ref": -0.008046050556004047,
        "y_mixed": -0.0080413818359375,
        "x_storage_error": 0.0001401292538503185,
        "w_storage_error": 0.0,
        "accumulation_error_estimate": 1.4901161193847656e-08,
        "demote_error": 3.771856427192688e-06,
        "condition_indicator": 3.831800739134932,
        "product_stats": {
          "min": -0.0007655078661628067,
          "max": 0.00045225280337035656,
          "mean": -7.856593583710492e-06,
          "std": 9.928479994414374e-05
        }
      }
    ]
  }
}