{
  "detector": {
    "detected_exceeded": false,
    "actual_err": 5.469657480716705e-06,
    "predicted_bound": 3.949342208215967e-05,
    "elapsed_sec": 2.610680341720581
  },
  "matrix_info": {
    "input_shape": [
      256,
      1024
    ],
    "weight_shape": [
      1024,
      512
    ],
    "output_shape": [
      256,
      512
    ],
    "accumulation_dim": 1024
  },
  "analyzer_report": {
    "component_estimates": {
      "input_storage_error": 5.469657480716705e-06,
      "weight_storage_error": 5.469657480716705e-06,
      "accumulation_error": 5.469657480716705e-06,
      "demote_error": 3.4458935260772705e-05
    },
    "component_ratios": {
      "input_storage_error": 0.1075266848532562,
      "weight_storage_error": 0.1075266848532562,
      "accumulation_error": 0.1075266848532562,
      "demote_error": 0.6774199454402314
    },
    "primary_source": "x_storage",
    "suggestion": "\u4e3b\u8981\u8bef\u5dee\u6765\u6e90\u4e3a\u8f93\u5165\u5b58\u50a8\u7cbe\u5ea6\u3002\u5efa\u8bae\uff1a\u63d0\u5347\u8f93\u5165\u5b58\u50a8\u7cbe\u5ea6\uff1b\u8fdb\u884c\u8f93\u5165\u5f52\u4e00\u5316\u6216\u6743\u91cd\u7f29\u653e\u4ee5\u6539\u5584\u6570\u503c\u8303\u56f4\u3002 \u68c0\u6d4b\u5230\u6570\u503c\u7a33\u5b9a\u6027\u95ee\u9898\uff08\u6761\u4ef6\u6570\u6307\u6807=4.17\uff09\u3002\u5efa\u8bae\uff1a(1)\u8f93\u5165/\u6743\u91cd\u9884\u5904\u7406\u548c\u5f52\u4e00\u5316\uff1b(2)\u68c0\u67e5\u662f\u5426\u5b58\u5728\u75c5\u6001\u77e9\u9635\u3002",
    "numerical_stability": {
      "average_condition_indicator": 4.172804364483003,
      "accumulation_dimension": 1024,
      "stability_assessment": "good"
    },
    "top_elements_summary": [
      {
        "coord": [
          54,
          182
        ],
        "element_error": 5.469657480716705e-06,
        "y_ref": 0.008084998466074467,
        "y_mixed": 0.00807952880859375,
        "x_storage_error": 0.00015609081310685724,
        "w_storage_error": 0.0,
        "accumulation_error_estimate": 1.4901161193847656e-08,
        "demote_error": 3.287568688392639e-06,
        "condition_indicator": 4.780914592293628,
        "product_stats": {
          "min": -0.0006404035375453532,
          "max": 0.0005907901213504374,
          "mean": 7.893376277934294e-06,
          "std": 0.00010453893628437072
        }
      },
      {
        "coord": [
          188,
          404
        ],
        "element_error": 5.422160029411316e-06,
        "y_ref": 0.008603749796748161,
        "y_mixed": 0.00859832763671875,
        "x_storage_error": 0.00014397792983800173,
        "w_storage_error": 0.0,
        "accumulation_error_estimate": 1.4901161193847656e-08,
        "demote_error": 3.6349520087242126e-06,
        "condition_indicator": 4.055784713917107,
        "product_stats": {
          "min": -0.0004361206665635109,
          "max": 0.0005127852782607079,
          "mean": 8.400354090554174e-06,
          "std": 9.037418203661218e-05
        }
      },
      {
        "coord": [
          96,
          125
        ],
        "element_error": 5.081295967102051e-06,
        "y_ref": -0.007909134030342102,
        "y_mixed": -0.007904052734375,
        "x_storage_error": 0.00015111002721823752,
        "w_storage_error": 0.0,
        "accumulation_error_estimate": 1.4901161193847656e-08,
        "demote_error": 3.7048012018203735e-06,
        "condition_indicator": 4.365800719324534,
        "product_stats": {
          "min": -0.0006477152346633375,
          "max": 0.000445119192590937,
          "mean": -7.722422196820844e-06,
          "std": 0.00010551317245699465
        }
      },
      {
        "coord": [
          79,
          257
        ],
        "element_error": 5.02169132232666e-06,
        "y_ref": 0.009167924523353577,
        "y_mixed": 0.00916290283203125,
        "x_storage_error": 0.00013528692943509668,
        "w_storage_error": 0.0,
        "accumulation_error_estimate": 1.4901161193847656e-08,
        "demote_error": 3.444962203502655e-06,
        "condition_indicator": 3.7795636174066787,
        "product_stats": {
          "min": -0.0004997074720449746,
          "max": 0.0006212026928551495,
          "mean": 8.951511517807376e-06,
          "std": 9.931180102284998e-05
        }
      },
      {
        "coord": [
          187,
          33
        ],
        "element_error": 4.929490387439728e-06,
        "y_ref": -0.00834925752133131,
        "y_mixed": -0.00835418701171875,
        "x_storage_error": 0.00014576750982087106,
        "w_storage_error": 0.0,
        "accumulation_error_estimate": 1.4901161193847656e-08,
        "demote_error": 3.7746503949165344e-06,
        "condition_indicator": 4.0257746694870695,
        "product_stats": {
          "min": -0.0007500408682972193,
          "max": 0.0004575850034598261,
          "mean": -8.154699571605306e-06,
          "std": 0.00010526378900976852
        }
      },
      {
        "coord": [
          218,
          20
        ],
        "element_error": 4.867091774940491e-06,
        "y_ref": -0.00868711806833744,
        "y_mixed": -0.0086822509765625,
        "x_storage_error": 0.00014980837295297533,
        "w_storage_error": 0.0,
        "accumulation_error_estimate": 1.4901161193847656e-08,
        "demote_error": 3.7439167499542236e-06,
        "condition_indicator": 3.9442559651155005,
        "product_stats": {
          "min": -0.0009287394350394607,
          "max": 0.0005366751574911177,
          "mean": -8.482415978505742e-06,
          "std": 0.00011085625010309741
        }
      },
      {
        "coord": [
          80,
          238
        ],
        "element_error": 4.83635812997818e-06,
        "y_ref": -0.008547714911401272,
        "y_mixed": -0.00855255126953125,
        "x_storage_error": 0.0001440763589926064,
        "w_storage_error": 0.0,
        "accumulation_error_estimate": 1.4901161193847656e-08,
        "demote_error": 2.9709190130233765e-06,
        "condition_indicator": 4.903617482324403,
        "product_stats": {
          "min": -0.0008260200265794992,
          "max": 0.00039772779564373195,
          "mean": -8.349200470547657e-06,
          "std": 9.819104889174923e-05
        }
      },
      {
        "coord": [
          141,
          16
        ],
        "element_error": 4.829838871955872e-06,
        "y_ref": -0.008816780522465706,
        "y_mixed": -0.00881195068359375,
        "x_storage_error": 0.00014679860032629222,
        "w_storage_error": 0.0,
        "accumulation_error_estimate": 1.4901161193847656e-08,
        "demote_error": 3.0314549803733826e-06,
        "condition_indicator": 4.745442274131409,
        "product_stats": {
          "min": -0.0005312786670401692,
          "max": 0.00040179109782911837,
          "mean": -8.608380994701292e-06,
          "std": 0.00010221910633845255
        }
      },
      {
        "coord": [
          207,
          364
        ],
        "element_error": 4.800036549568176e-06,
        "y_ref": 0.009449990466237068,
        "y_mixed": 0.0094451904296875,
        "x_storage_error": 0.00015277582861017436,
        "w_storage_error": 0.0,
        "accumulation_error_estimate": 1.4901161193847656e-08,
        "demote_error": 3.6889687180519104e-06,
        "condition_indicator": 3.561546099867327,
        "product_stats": {
          "min": -0.0004956560442224145,
          "max": 0.0006703334511257708,
          "mean": 9.227421287505422e-06,
          "std": 0.00010491188004380092
        }
      },
      {
        "coord": [
          229,
          295
        ],
        "element_error": 4.782341420650482e-06,
        "y_ref": -0.00969980750232935,
        "y_mixed": -0.00970458984375,
        "x_storage_error": 0.00014418968930840492,
        "w_storage_error": 0.0,
        "accumulation_error_estimate": 1.4901161193847656e-08,
        "demote_error": 3.5855919122695923e-06,
        "condition_indicator": 3.5653435109623697,
        "product_stats": {
          "min": -0.0006109215319156647,