{
  "detector": {
    "detected_exceeded": false,
    "actual_err": 5.749054253101349e-06,
    "predicted_bound": 3.979161047027447e-05,
    "elapsed_sec": 2.66286301612854
  },
  "matrix_info": {
    "input_shape": [
      256,
      1024
    ],
    "weight_shape": [
      1024,
      512
    ],
    "output_shape": [
      256,
      512
    ],
    "accumulation_dim": 1024
  },
  "analyzer_report": {
    "component_estimates": {
      "input_storage_error": 5.749054253101349e-06,
      "weight_storage_error": 5.749054253101349e-06,
      "accumulation_error": 5.749054253101349e-06,
      "demote_error": 3.449060022830963e-05
    },
    "component_ratios": {
      "input_storage_error": 0.11111911147912804,
      "weight_storage_error": 0.11111911147912804,
      "accumulation_error": 0.11111911147912804,
      "demote_error": 0.6666426655626159
    },
    "primary_source": "x_storage",
    "suggestion": "\u4e3b\u8981\u8bef\u5dee\u6765\u6e90\u4e3a\u8f93\u5165\u5b58\u50a8\u7cbe\u5ea6\u3002\u5efa\u8bae\uff1a\u63d0\u5347\u8f93\u5165\u5b58\u50a8\u7cbe\u5ea6\uff1b\u8fdb\u884c\u8f93\u5165\u5f52\u4e00\u5316\u6216\u6743\u91cd\u7f29\u653e\u4ee5\u6539\u5584\u6570\u503c\u8303\u56f4\u3002",
    "numerical_stability": {
      "average_condition_indicator": 3.909000302617751,
      "accumulation_dimension": 1024,
      "stability_assessment": "good"
    },
    "top_elements_summary": [
      {
        "coord": [
          179,
          168
        ],
        "element_error": 5.749054253101349e-06,
        "y_ref": -0.008230236358940601,
        "y_mixed": -0.0082244873046875,
        "x_storage_error": 0.00014440793893299997,
        "w_storage_error": 0.0,
        "accumulation_error_estimate": 1.4901161193847656e-08,
        "demote_error": 3.6070123314857483e-06,
        "condition_indicator": 3.8386504674241757,
        "product_stats": {
          "min": -0.0007854343857616186,
          "max": 0.000462317286292091,
          "mean": -8.035247446969151e-06,
          "std": 0.00010579147055977955
        }
      },
      {
        "coord": [
          155,
          248
        ],
        "element_error": 5.4603442549705505e-06,
        "y_ref": -0.00818850938230753,
        "y_mixed": -0.0081939697265625,
        "x_storage_error": 0.00015013141091912985,
        "w_storage_error": 0.0,
        "accumulation_error_estimate": 1.4901161193847656e-08,
        "demote_error": 3.7439167499542236e-06,
        "condition_indicator": 3.9137149659309376,
        "product_stats": {
          "min": -0.0007026727544143796,
          "max": 0.0005561014404520392,
          "mean": -7.998268301889766e-06,
          "std": 0.00010257585381623358
        }
      },
      {
        "coord": [
          125,
          31
        ],
        "element_error": 5.412846803665161e-06,
        "y_ref": 0.008875202387571335,
        "y_mixed": 0.008880615234375,
        "x_storage_error": 0.000140081494464539,
        "w_storage_error": 0.0,
        "accumulation_error_estimate": 1.4901161193847656e-08,
        "demote_error": 3.787688910961151e-06,
        "condition_indicator": 3.6064239303426366,
        "product_stats": {
          "min": -0.0006380905397236347,
          "max": 0.0005648313090205193,
          "mean": 8.668775990372524e-06,
          "std": 9.804102592170238e-05
        }
      },
      {
        "coord": [
          196,
          383
        ],
        "element_error": 5.356036126613617e-06,
        "y_ref": 0.007993332110345364,
        "y_mixed": 0.00798797607421875,
        "x_storage_error": 0.00013725001190323383,
        "w_storage_error": 0.0,
        "accumulation_error_estimate": 1.4901161193847656e-08,
        "demote_error": 3.7569552659988403e-06,
        "condition_indicator": 4.361073084617858,
        "product_stats": {
          "min": -0.00042181293247267604,
          "max": 0.00044601535773836076,
          "mean": 7.804424967616796e-06,
          "std": 9.719879744807258e-05
        }
      },
      {
        "coord": [
          230,
          38
        ],
        "element_error": 5.236826837062836e-06,
        "y_ref": -0.009607800282537937,
        "y_mixed": -0.009613037109375,
        "x_storage_error": 0.00014636025298386812,
        "w_storage_error": 0.0,
        "accumulation_error_estimate": 1.4901161193847656e-08,
        "demote_error": 3.525055944919586e-06,
        "condition_indicator": 3.7504376001305406,
        "product_stats": {
          "min": -0.0006509943050332367,
          "max": 0.00046725996071472764,
          "mean": -9.384290024172515e-06,
          "std": 0.00010365254274802282
        }
      },
      {
        "coord": [
          50,
          92
        ],
        "element_error": 5.200505256652832e-06,
        "y_ref": -0.008486315608024597,
        "y_mixed": -0.00849151611328125,
        "x_storage_error": 0.0001394561695633456,
        "w_storage_error": 0.0,
        "accumulation_error_estimate": 1.4901161193847656e-08,
        "demote_error": 3.473833203315735e-06,
        "condition_indicator": 3.6781114185048573,
        "product_stats": {
          "min": -0.0004897797480225563,
          "max": 0.0005288792890496552,
          "mean": -8.289102879643906e-06,
          "std": 9.797761595109478e-05
        }
      },
      {
        "coord": [
          82,
          234
        ],
        "element_error": 5.140900611877441e-06,
        "y_ref": 0.008252516388893127,
        "y_mixed": 0.00824737548828125,
        "x_storage_error": 0.0001409538381267339,
        "w_storage_error": 0.0,
        "accumulation_error_estimate": 1.4901161193847656e-08,
        "demote_error": 3.5278499126434326e-06,
        "condition_indicator": 4.097240158218341,
        "product_stats": {
          "min": -0.0003895113477483392,
          "max": 0.00048793331370688975,
          "mean": 8.057521881710272e-06,
          "std": 9.798967221286148e-05
        }
      },
      {
        "coord": [
          87,
          491
        ],
        "element_error": 5.1083043217659e-06,
        "y_ref": 0.010447162203490734,
        "y_mixed": 0.0104522705078125,
        "x_storage_error": 0.00014346670650411397,
        "w_storage_error": 0.0,
        "accumulation_error_estimate": 1.4901161193847656e-08,
        "demote_error": 3.593042492866516e-06,
        "condition_indicator": 4.416836493962882,
        "product_stats": {
          "min": -0.0005973236984573305,
          "max": 0.0005622738972306252,
          "mean": 1.0203784768236801e-05,
          "std": 0.00010051080607809126
        }
      },
      {
        "coord": [
          54,
          509
        ],
        "element_error": 5.029141902923584e-06,
        "y_ref": 0.008791662752628326,
        "y_mixed": 0.00879669189453125,
        "x_storage_error": 0.00014673684199806303,
        "w_storage_error": 0.0,
        "accumulation_error_estimate": 1.4901161193847656e-08,
        "demote_error": 3.6545097827911377e-06,
        "condition_indicator": 3.983715016665728,
        "product_stats": {
          "min": -0.00082988670328632,
          "max": 0.0006527180084958673,
          "mean": 8.58694693306461e-06,
          "std": 0.00010680357809178531
        }
      },
      {
        "coord": [
          242,
          15
        ],
        "element_error": 4.975125193595886e-06,
        "y_ref": 0.008801667019724846,
        "y_mixed": 0.00879669189453125,
        "x_storage_error": 0.00015983007324393839,
        "w_storage_error": 0.0,
        "accumulation_error_estimate": 1.4901161193847656e-08,
        "demote_error": 3.791414201259613e-06,
        "condition_indicator": 3.4437998903795517,
        "product_stats": {
          "min": -0.0004294835089240223,
          "max": 0.0005986058968119323,
          "mean": 8.594221981184091e-06,
          "std": 0.00010303845192538574
        }
      }
    ]
  }
}