{
  "detector": {
    "detected_exceeded": false,
    "actual_err": 5.535781383514404e-06,
    "predicted_bound": 3.943003794120159e-05,
    "elapsed_sec": 2.7115185260772705
  },
  "matrix_info": {
    "input_shape": [
      256,
      1024
    ],
    "weight_shape": [
      1024,
      512
    ],
    "output_shape": [
      256,
      512
    ],
    "accumulation_dim": 1024
  },
  "analyzer_report": {
    "component_estimates": {
      "input_storage_error": 5.535781383514404e-06,
      "weight_storage_error": 5.535781383514404e-06,
      "accumulation_error": 5.535781383514404e-06,
      "demote_error": 3.444496542215347e-05
    },
    "component_ratios": {
      "input_storage_error": 0.10843351515040954,
      "weight_storage_error": 0.10843351515040954,
      "accumulation_error": 0.10843351515040954,
      "demote_error": 0.6746994545487713
    },
    "primary_source": "x_storage",
    "suggestion": "\u4e3b\u8981\u8bef\u5dee\u6765\u6e90\u4e3a\u8f93\u5165\u5b58\u50a8\u7cbe\u5ea6\u3002\u5efa\u8bae\uff1a\u63d0\u5347\u8f93\u5165\u5b58\u50a8\u7cbe\u5ea6\uff1b\u8fdb\u884c\u8f93\u5165\u5f52\u4e00\u5316\u6216\u6743\u91cd\u7f29\u653e\u4ee5\u6539\u5584\u6570\u503c\u8303\u56f4\u3002 \u68c0\u6d4b\u5230\u6570\u503c\u7a33\u5b9a\u6027\u95ee\u9898\uff08\u6761\u4ef6\u6570\u6307\u6807=4.02\uff09\u3002\u5efa\u8bae\uff1a(1)\u8f93\u5165/\u6743\u91cd\u9884\u5904\u7406\u548c\u5f52\u4e00\u5316\uff1b(2)\u68c0\u67e5\u662f\u5426\u5b58\u5728\u75c5\u6001\u77e9\u9635\u3002",
    "numerical_stability": {
      "average_condition_indicator": 4.0227662153201935,
      "accumulation_dimension": 1024,
      "stability_assessment": "good"
    },
    "top_elements_summary": [
      {
        "coord": [
          230,
          59
        ],
        "element_error": 5.535781383514404e-06,
        "y_ref": -0.008672527968883514,
        "y_mixed": -0.0086669921875,
        "x_storage_error": 0.0001485914399381727,
        "w_storage_error": 0.0,
        "accumulation_error_estimate": 1.4901161193847656e-08,
        "demote_error": 3.752298653125763e-06,
        "condition_indicator": 4.132770007750357,
        "product_stats": {
          "min": -0.0007368065416812897,
          "max": 0.0007744836620986462,
          "mean": -8.467524821753614e-06,
          "std": 0.00010104122338816524
        }
      },
      {
        "coord": [
          123,
          90
        ],
        "element_error": 5.3532421588897705e-06,
        "y_ref": -0.01073683425784111,
        "y_mixed": -0.0107421875,
        "x_storage_error": 0.00014481242396868765,
        "w_storage_error": 0.0,
        "accumulation_error_estimate": 1.4901161193847656e-08,
        "demote_error": 3.6228448152542114e-06,
        "condition_indicator": 4.545748251988053,
        "product_stats": {
          "min": -0.0004833198036067188,
          "max": 0.00042559474240988493,
          "mean": -1.048688318405766e-05,
          "std": 9.832834621192887e-05
        }
      },
      {
        "coord": [
          225,
          192
        ],
        "element_error": 5.344860255718231e-06,
        "y_ref": 0.007921596057713032,
        "y_mixed": 0.00792694091796875,
        "x_storage_error": 0.00014750639093108475,
        "w_storage_error": 0.0,
        "accumulation_error_estimate": 1.4901161193847656e-08,
        "demote_error": 3.783963620662689e-06,
        "condition_indicator": 4.881865810334077,
        "product_stats": {
          "min": -0.0005901694530621171,
          "max": 0.0007847225642763078,
          "mean": 7.737458872725256e-06,
          "std": 0.00011136437387904152
        }
      },
      {
        "coord": [
          72,
          47
        ],
        "element_error": 5.234964191913605e-06,
        "y_ref": 0.010012160055339336,
        "y_mixed": 0.01001739501953125,
        "x_storage_error": 0.00014085408474784344,
        "w_storage_error": 0.0,
        "accumulation_error_estimate": 1.4901161193847656e-08,
        "demote_error": 3.4403055906295776e-06,
        "condition_indicator": 4.422126382529403,
        "product_stats": {
          "min": -0.0004934412427246571,
          "max": 0.0006206805119290948,
          "mean": 9.779251740837935e-06,
          "std": 9.895611583488062e-05
        }
      },
      {
        "coord": [
          220,
          25
        ],
        "element_error": 5.159527063369751e-06,
        "y_ref": 0.00966128334403038,
        "y_mixed": 0.00966644287109375,
        "x_storage_error": 0.00013437375309877098,
        "w_storage_error": 0.0,
        "accumulation_error_estimate": 1.4901161193847656e-08,
        "demote_error": 3.3779069781303406e-06,
        "condition_indicator": 3.684537541834521,
        "product_stats": {
          "min": -0.0005643607582896948,
          "max": 0.0005412806058302522,
          "mean": 9.43658687901916e-06,
          "std": 9.889862849377096e-05
        }
      },
      {
        "coord": [
          232,
          388
        ],
        "element_error": 4.93321567773819e-06,
        "y_ref": 0.008961842395365238,
        "y_mixed": 0.0089569091796875,
        "x_storage_error": 0.00014108495088294148,
        "w_storage_error": 0.0,
        "accumulation_error_estimate": 1.4901161193847656e-08,
        "demote_error": 3.063119947910309e-06,
        "condition_indicator": 3.9636788737975963,
        "product_stats": {
          "min": -0.0007950286963023245,
          "max": 0.0008417905773967505,
          "mean": 8.749973858357407e-06,
          "std": 0.00011107133468613029
        }
      },
      {
        "coord": [
          183,
          312
        ],
        "element_error": 4.868023097515106e-06,
        "y_ref": 0.008097548969089985,
        "y_mixed": 0.0081024169921875,
        "x_storage_error": 0.00014897975779604167,
        "w_storage_error": 0.0,
        "accumulation_error_estimate": 1.4901161193847656e-08,
        "demote_error": 3.460794687271118e-06,
        "condition_indicator": 4.052184420811895,
        "product_stats": {
          "min": -0.00042401140672154725,
          "max": 0.0005739785847254097,
          "mean": 7.909136002126615e-06,
          "std": 9.66779189184308e-05
        }
      },
      {
        "coord": [
          50,
          389
        ],
        "element_error": 4.8084184527397156e-06,
        "y_ref": 0.00790886115282774,
        "y_mixed": 0.007904052734375,
        "x_storage_error": 0.000137222814373672,
        "w_storage_error": 0.0,
        "accumulation_error_estimate": 1.4901161193847656e-08,
        "demote_error": 3.625638782978058e-06,
        "condition_indicator": 3.5971371703552077,
        "product_stats": {
          "min": -0.0006304709240794182,
          "max": 0.0008146722102537751,
          "mean": 7.722341251792386e-06,
          "std": 0.00010078599734697491
        }
      },
      {
        "coord": [
          113,
          47
        ],
        "element_error": 4.746951162815094e-06,
        "y_ref": 0.009983994998037815,
        "y_mixed": 0.009979248046875,
        "x_storage_error": 0.00014674493286293,
        "w_storage_error": 0.0,
        "accumulation_error_estimate": 1.4901161193847656e-08,
        "demote_error": 3.4552067518234253e-06,
        "condition_indicator": 3.615739202869271,
        "product_stats": {
          "min": -0.0005372513551265001,
          "max": 0.0012320582754909992,
          "mean": 9.748732736625243e-06,
          "std": 0.0001057559420587495
        }
      },
      {
        "coord": [
          79,
          317
        ],
        "element_error": 4.7031790018081665e-06,
        "y_ref": -0.009106570854783058,
        "y_mixed": -0.00910186767578125,
        "x_storage_error": 0.0001427643292117864,
        "w_storage_error": 0.0,
        "accumulation_error_estimate": 1.4901161193847656e-08,
        "demote_error": 3.632158041000366e-06,
        "condition_indicator": 3.3318744909315527,
        "product_stats": {
          "min": -0.0006816477398388088,