{
  "detector": {
    "detected_exceeded": false,
    "actual_err": 5.71180135011673e-06,
    "predicted_bound": 3.9781245868653064e-05,
    "elapsed_sec": 2.5865354537963867
  },
  "matrix_info": {
    "input_shape": [
      256,
      1024
    ],
    "weight_shape": [
      1024,
      512
    ],
    "output_shape": [
      256,
      512
    ],
    "accumulation_dim": 1024
  },
  "analyzer_report": {
    "component_estimates": {
      "input_storage_error": 5.71180135011673e-06,
      "weight_storage_error": 5.71180135011673e-06,
      "accumulation_error": 5.71180135011673e-06,
      "demote_error": 3.444496542215347e-05
    },
    "component_ratios": {
      "input_storage_error": 0.11073595262169579,
      "weight_storage_error": 0.11073595262169579,
      "accumulation_error": 0.11073595262169579,
      "demote_error": 0.6677921421349126
    },
    "primary_source": "x_storage",
    "suggestion": "\u4e3b\u8981\u8bef\u5dee\u6765\u6e90\u4e3a\u8f93\u5165\u5b58\u50a8\u7cbe\u5ea6\u3002\u5efa\u8bae\uff1a\u63d0\u5347\u8f93\u5165\u5b58\u50a8\u7cbe\u5ea6\uff1b\u8fdb\u884c\u8f93\u5165\u5f52\u4e00\u5316\u6216\u6743\u91cd\u7f29\u653e\u4ee5\u6539\u5584\u6570\u503c\u8303\u56f4\u3002",
    "numerical_stability": {
      "average_condition_indicator": 3.7505712363233634,
      "accumulation_dimension": 1024,
      "stability_assessment": "good"
    },
    "top_elements_summary": [
      {
        "coord": [
          44,
          15
        ],
        "element_error": 5.71180135011673e-06,
        "y_ref": 0.007818211801350117,
        "y_mixed": 0.0078125,
        "x_storage_error": 0.0001426894450560212,
        "w_storage_error": 0.0,
        "accumulation_error_estimate": 1.4901161193847656e-08,
        "demote_error": 3.5334378480911255e-06,
        "condition_indicator": 4.303567983257568,
        "product_stats": {
          "min": -0.000548601325135678,
          "max": 0.001058775233104825,
          "mean": 7.632844244653825e-06,
          "std": 0.00010760356963146478
        }
      },
      {
        "coord": [
          183,
          350
        ],
        "element_error": 5.268491804599762e-06,
        "y_ref": 0.01193473394960165,
        "y_mixed": 0.01194000244140625,
        "x_storage_error": 0.00013814792328048497,
        "w_storage_error": 0.0,
        "accumulation_error_estimate": 1.4901161193847656e-08,
        "demote_error": 3.635883331298828e-06,
        "condition_indicator": 3.645754142641456,
        "product_stats": {
          "min": -0.0005461438558995724,
          "max": 0.0007029299158602953,
          "mean": 1.1656609785859473e-05,
          "std": 9.705359116196632e-05
        }
      },
      {
        "coord": [
          36,
          85
        ],
        "element_error": 5.21540641784668e-06,
        "y_ref": 0.010411709547042847,
        "y_mixed": 0.010406494140625,
        "x_storage_error": 0.00014759371697437018,
        "w_storage_error": 0.0,
        "accumulation_error_estimate": 1.4901161193847656e-08,
        "demote_error": 3.5921111702919006e-06,
        "condition_indicator": 3.6488135987008787,
        "product_stats": {
          "min": -0.0004280372813809663,
          "max": 0.0006896262639202178,
          "mean": 1.0166100764763542e-05,
          "std": 0.0001057256231433712
        }
      },
      {
        "coord": [
          50,
          421
        ],
        "element_error": 5.198642611503601e-06,
        "y_ref": 0.008204029873013496,
        "y_mixed": 0.008209228515625,
        "x_storage_error": 0.00014337057655211538,
        "w_storage_error": 0.0,
        "accumulation_error_estimate": 1.4901161193847656e-08,
        "demote_error": 3.6712735891342163e-06,
        "condition_indicator": 3.776990856231783,
        "product_stats": {
          "min": -0.00047810643445700407,
          "max": 0.0005096657550893724,
          "mean": 8.013237675186247e-06,
          "std": 9.8058269941248e-05
        }
      },
      {
        "coord": [
          180,
          267
        ],
        "element_error": 5.166977643966675e-06,
        "y_ref": 0.008761007338762283,
        "y_mixed": 0.00876617431640625,
        "x_storage_error": 0.00014767763786949217,
        "w_storage_error": 0.0,
        "accumulation_error_estimate": 1.4901161193847656e-08,
        "demote_error": 3.7923455238342285e-06,
        "condition_indicator": 3.7284197680246263,
        "product_stats": {
          "min": -0.000511174846906215,
          "max": 0.0006732947076670825,
          "mean": 8.557012733945157e-06,
          "std": 0.00010736500553321093
        }
      },
      {
        "coord": [
          103,
          180
        ],
        "element_error": 5.02169132232666e-06,
        "y_ref": -0.008280500769615173,
        "y_mixed": -0.0082855224609375,
        "x_storage_error": 0.00014268429367803037,
        "w_storage_error": 0.0,
        "accumulation_error_estimate": 1.4901161193847656e-08,
        "demote_error": 2.993270754814148e-06,
        "condition_indicator": 3.20113149790369,
        "product_stats": {
          "min": -0.0004280364082660526,
          "max": 0.00041924891411326826,
          "mean": -8.088407412287779e-06,
          "std": 9.632524597691372e-05
        }
      },
      {
        "coord": [
          47,
          44
        ],
        "element_error": 4.998408257961273e-06,
        "y_ref": -0.012234917841851711,
        "y_mixed": -0.01222991943359375,
        "x_storage_error": 0.00014785108214709908,
        "w_storage_error": 0.0,
        "accumulation_error_estimate": 1.4901161193847656e-08,
        "demote_error": 3.4514814615249634e-06,
        "condition_indicator": 3.386778800367963,
        "product_stats": {
          "min": -0.0007208280730992556,
          "max": 0.0006697782082483172,
          "mean": -1.1946652193728369e-05,
          "std": 0.00011011648894054815
        }
      },
      {
        "coord": [
          241,
          320
        ],
        "element_error": 4.969537258148193e-06,
        "y_ref": -0.008517064154148102,
        "y_mixed": -0.00852203369140625,
        "x_storage_error": 0.000141467695357278,
        "w_storage_error": 0.0,
        "accumulation_error_estimate": 1.4901161193847656e-08,
        "demote_error": 3.1692907214164734e-06,
        "condition_indicator": 3.38243242146518,
        "product_stats": {
          "min": -0.0006425187457352877,
          "max": 0.0004980122321285307,
          "mean": -8.319202606799081e-06,
          "std": 0.00010571717575658113
        }
      },
      {
        "coord": [
          249,
          273
        ],
        "element_error": 4.955567419528961e-06,
        "y_ref": 0.009091564454138279,
        "y_mixed": 0.00908660888671875,
        "x_storage_error": 0.00014090663171373308,
        "w_storage_error": 0.0,
        "accumulation_error_estimate": 1.4901161193847656e-08,
        "demote_error": 3.8044527173042297e-06,
        "condition_indicator": 4.8124919266501855,
        "product_stats": {
          "min": -0.0005932488711550832,
          "max": 0.0005143379676155746,
          "mean": 8.87736132426653e-06,
          "std": 9.962229523807764e-05
        }
      },
      {
        "coord": [
          237,
          172
        ],
        "element_error": 4.908069968223572e-06,
        "y_ref": -0.008936742320656776,
        "y_mixed": -0.008941650390625,
        "x_storage_error": 0.00014384122914634645,
        "w_storage_error": 0.0,
        "accumulation_error_estimate": 1.4901161193847656e-08,
        "demote_error": 3.762543201446533e-06,
        "condition_indicator": 3.6193313679903047,
        "product_stats": {
          "min": -0.0008113716030493379,
          "max": 0.0005468885065056384,
          "mean": -8.728405191504862e-06,
          "std": 0.00010861488408409059
        }
      }
    ]
  }
}