{
  "detector": {
    "detected_exceeded": false,
    "actual_err": 9.520351886749268e-05,
    "predicted_bound": 0.0001769078226061538,
    "elapsed_sec": 3.680778741836548
  },
  "analyzer_report": {
    "component_estimates": {
      "input_storage_error": 9.520351886749268e-05,
      "statistics_computation_error": 9.520351886749268e-05,
      "output_storage_error": 0.0001439899206161499,
      "weight_storage_error": 9.520351886749268e-05,
      "bias_storage_error": 9.520351886749268e-05
    },
    "component_ratios": {
      "input_storage_error": 0.181407762855277,
      "statistics_computation_error": 0.181407762855277,
      "output_storage_error": 0.2743689485788921,
      "weight_storage_error": 0.181407762855277,
      "bias_storage_error": 0.181407762855277
    },
    "primary_source": "demote",
    "suggestion": "\u4e3b\u8981\u8bef\u5dee\u6765\u6e90\u4e3a\u8f93\u51fa\u964d\u7cbe\u5ea6\u3002\u5efa\u8bae\uff1a\u5ef6\u8fdf\u964d\u7cbe\u5ea6\u6216\u63d0\u9ad8\u8f93\u51fa\u7cbe\u5ea6\uff1b\u68c0\u67e5LayerNorm\u8f93\u51fa\u7684\u6570\u503c\u8303\u56f4\u3002",
    "statistics_errors": {
      "mean_error": 3.1936906452756375e-09,
      "var_error": 8.482103908136196e-13,
      "std_error": 2.3283064365386963e-10
    },
    "norm_behavior_stats": {
      "normal": 10
    },
    "top_elements_summary": [
      {
        "coord": [
          0,
          246,
          273
        ],
        "element_error": 9.520351886749268e-05,
        "x_original": -0.00042688922258093953,
        "y_ref": -0.1349145621061325,
        "y_mixed": -0.135009765625,
        "norm_behavior": "normal",
        "storage_error": 1.1845258995890617e-07,
        "weight_error": 0.0,
        "bias_error": 0.0,
        "demote_error": 5.75333833694458e-05,
        "local_mean_error": 7.550582381554705e-10,
        "local_std_error": 0.0
      },
      {
        "coord": [
          3,
          267,
          175
        ],
        "element_error": 8.925795555114746e-05,
        "x_original": -0.0004233160871081054,
        "y_ref": -0.13199082016944885,
        "y_mixed": -0.132080078125,
        "norm_behavior": "normal",
        "storage_error": 1.1530937626957893e-07,
        "weight_error": 0.0,
        "bias_error": 0.0,
        "demote_error": 5.264580249786377e-05,
        "local_mean_error": 5.161382432561368e-10,
        "local_std_error": 2.3283064365386963e-10
      },
      {
        "coord": [
          1,
          145,
          364
        ],
        "element_error": 8.895993232727051e-05,
        "x_original": 0.00040211944724433124,
        "y_ref": 0.12662002444267273,
        "y_mixed": 0.126708984375,
        "norm_behavior": "normal",
        "storage_error": 9.269570000469685e-08,
        "weight_error": 0.0,
        "bias_error": 0.0,
        "demote_error": 5.9470534324645996e-05,
        "local_mean_error": 5.8741989050759e-10,
        "local_std_error": 0.0
      },
      {
        "coord": [
          0,
          11,
          87
        ],
        "element_error": 8.894503116607666e-05,
        "x_original": -0.00044408492976799607,
        "y_ref": -0.14114640653133392,
        "y_mixed": -0.1412353515625,
        "norm_behavior": "normal",
        "storage_error": 8.888309821486473e-08,
        "weight_error": 0.0,
        "bias_error": 0.0,
        "demote_error": 6.0811638832092285e-05,
        "local_mean_error": 9.367795428261161e-11,
        "local_std_error": 0.0
      },
      {
        "coord": [
          7,
          439,
          651
        ],
        "element_error": 8.787214756011963e-05,
        "x_original": -0.0004023347864858806,
        "y_ref": -0.12649904191493988,
        "y_mixed": -0.1265869140625,
        "norm_behavior": "normal",
        "storage_error": 1.1577503755688667e-07,
        "weight_error": 0.0,
        "bias_error": 0.0,
        "demote_error": 5.155801773071289e-05,
        "local_mean_error": 8.642473403597251e-10,
        "local_std_error": 0.0
      },
      {
        "coord": [
          3,
          465,
          7
        ],
        "element_error": 8.70823860168457e-05,
        "x_original": 0.00041590046021156013,
        "y_ref": 0.12984782457351685,
        "y_mixed": 0.1297607421875,
        "norm_behavior": "normal",
        "storage_error": 9.845825843513012e-08,
        "weight_error": 0.0,
        "bias_error": 0.0,
        "demote_error": 5.619227886199951e-05,
        "local_mean_error": 7.380549504887313e-10,
        "local_std_error": 2.3283064365386963e-10
      },
      {
        "coord": [
          4,
          415,
          492
        ],
        "element_error": 8.702278137207031e-05,
        "x_original": -0.00040616426849737763,
        "y_ref": -0.12784266471862793,
        "y_mixed": -0.1279296875,
        "norm_behavior": "normal",
        "storage_error": 1.0099029168486595e-07,
        "weight_error": 0.0,
        "bias_error": 0.0,
        "demote_error": 5.456805229187012e-05,
        "local_mean_error": 1.7304273569607176e-09,
        "local_std_error": 0.0
      },
      {
        "coord": [
          6,
          232,
          314
        ],
        "element_error": 8.670985698699951e-05,
        "x_original": -0.00041257537668570876,
        "y_ref": -0.130579873919487,
        "y_mixed": -0.1304931640625,
        "norm_behavior": "normal",
        "storage_error": 1.1123484000563622e-07,
        "weight_error": 0.0,
        "bias_error": 0.0,
        "demote_error": 5.1140785217285156e-05,
        "local_mean_error": 1.3338876669877209e-09,
        "local_std_error": 0.0
      },
      {
        "coord": [
          6,
          263,
          16
        ],
        "element_error": 8.581578731536865e-05,
        "x_original": -0.00039853117777965963,
        "y_ref": -0.12601281702518463,
        "y_mixed": -0.1260986328125,
        "norm_behavior": "normal",
        "storage_error": 1.0468647815287113e-07,
        "weight_error": 0.0,
        "bias_error": 0.0,
        "demote_error": 5.27799129486084e-05,
        "local_mean_error": 1.8268053736392176e-10,
        "local_std_error": 0.0
      },
      {
        "coord": [
          6,
          390,
          584
        ],
        "element_error": 8.539855480194092e-05,
        "x_original": 0.00041899504140019417,
        "y_ref": 0.13253168761730194,
        "y_mixed": 0.1324462890625,
        "norm_behavior": "normal",
        "storage_error": 9.359791874885559e-08,
        "weight_error": 0.0,
        "bias_error": 0.0,
        "demote_error": 5.626678466796875e-05,
        "local_mean_error": 1.4398722214536974e-09,
        "local_std_error": 0.0
      }
    ]
  }
}