{
  "detector": {
    "detected_exceeded": false,
    "actual_err": 6.105750799179077e-06,
    "predicted_bound": 3.97343250369886e-05,
    "elapsed_sec": 2.6653823852539062
  },
  "matrix_info": {
    "input_shape": [
      256,
      1024
    ],
    "weight_shape": [
      1024,
      512
    ],
    "output_shape": [
      256,
      512
    ],
    "accumulation_dim": 1024
  },
  "analyzer_report": {
    "component_estimates": {
      "input_storage_error": 6.105750799179077e-06,
      "weight_storage_error": 6.105750799179077e-06,
      "accumulation_error": 6.105750799179077e-06,
      "demote_error": 3.442075103521347e-05
    },
    "component_ratios": {
      "input_storage_error": 0.1157751602592403,
      "weight_storage_error": 0.1157751602592403,
      "accumulation_error": 0.1157751602592403,
      "demote_error": 0.6526745192222791
    },
    "primary_source": "x_storage",
    "suggestion": "\u4e3b\u8981\u8bef\u5dee\u6765\u6e90\u4e3a\u8f93\u5165\u5b58\u50a8\u7cbe\u5ea6\u3002\u5efa\u8bae\uff1a\u63d0\u5347\u8f93\u5165\u5b58\u50a8\u7cbe\u5ea6\uff1b\u8fdb\u884c\u8f93\u5165\u5f52\u4e00\u5316\u6216\u6743\u91cd\u7f29\u653e\u4ee5\u6539\u5584\u6570\u503c\u8303\u56f4\u3002 \u68c0\u6d4b\u5230\u6570\u503c\u7a33\u5b9a\u6027\u95ee\u9898\uff08\u6761\u4ef6\u6570\u6307\u6807=4.46\uff09\u3002\u5efa\u8bae\uff1a(1)\u8f93\u5165/\u6743\u91cd\u9884\u5904\u7406\u548c\u5f52\u4e00\u5316\uff1b(2)\u68c0\u67e5\u662f\u5426\u5b58\u5728\u75c5\u6001\u77e9\u9635\u3002",
    "numerical_stability": {
      "average_condition_indicator": 4.4629938385554055,
      "accumulation_dimension": 1024,
      "stability_assessment": "good"
    },
    "top_elements_summary": [
      {
        "coord": [
          15,
          164
        ],
        "element_error": 6.105750799179077e-06,
        "y_ref": 0.008261110633611679,
        "y_mixed": 0.0082550048828125,
        "x_storage_error": 0.00014355347957462072,
        "w_storage_error": 0.0,
        "accumulation_error_estimate": 1.4901161193847656e-08,
        "demote_error": 3.8044527173042297e-06,
        "condition_indicator": 3.4653124261523702,
        "product_stats": {
          "min": -0.0005477613885886967,
          "max": 0.0006472175591625273,
          "mean": 8.065241672738921e-06,
          "std": 0.00010876781743718311
        }
      },
      {
        "coord": [
          1,
          206
        ],
        "element_error": 5.773268640041351e-06,
        "y_ref": 0.007970861159265041,
        "y_mixed": 0.007965087890625,
        "x_storage_error": 0.00015707657439634204,
        "w_storage_error": 0.0,
        "accumulation_error_estimate": 1.4901161193847656e-08,
        "demote_error": 3.7997961044311523e-06,
        "condition_indicator": 3.762294212234602,
        "product_stats": {
          "min": -0.0007473614532500505,
          "max": 0.0007025349186733365,
          "mean": 7.782120519550517e-06,
          "std": 0.0001090045552700758
        }
      },
      {
        "coord": [
          126,
          292
        ],
        "element_error": 5.383975803852081e-06,
        "y_ref": -0.007997850887477398,
        "y_mixed": -0.00800323486328125,
        "x_storage_error": 0.00014938799722585827,
        "w_storage_error": 0.0,
        "accumulation_error_estimate": 1.4901161193847656e-08,
        "demote_error": 3.429129719734192e-06,
        "condition_indicator": 4.508545913329113,
        "product_stats": {
          "min": -0.0005572744412347674,
          "max": 0.0004242311406414956,
          "mean": -7.812309377186466e-06,
          "std": 0.00010400047176517546
        }
      },
      {
        "coord": [
          8,
          34
        ],
        "element_error": 5.187466740608215e-06,
        "y_ref": 0.008493958041071892,
        "y_mixed": 0.0084991455078125,
        "x_storage_error": 0.00014307718083728105,
        "w_storage_error": 0.0,
        "accumulation_error_estimate": 1.4901161193847656e-08,
        "demote_error": 3.444962203502655e-06,
        "condition_indicator": 4.476062331387892,
        "product_stats": {
          "min": -0.0005112275830470026,
          "max": 0.0005806002300232649,
          "mean": 8.296581654576585e-06,
          "std": 9.912457608152181e-05
        }
      },
      {
        "coord": [
          23,
          485
        ],
        "element_error": 5.073845386505127e-06,
        "y_ref": -0.008649177849292755,
        "y_mixed": -0.00864410400390625,
        "x_storage_error": 0.00014693957928102463,
        "w_storage_error": 0.0,
        "accumulation_error_estimate": 1.4901161193847656e-08,
        "demote_error": 3.4552067518234253e-06,
        "condition_indicator": 9.502365682212362,
        "product_stats": {
          "min": -0.0004230505146551877,
          "max": 0.0005582219455391169,
          "mean": -8.444881132163573e-06,
          "std": 9.796739323064685e-05
        }
      },
      {
        "coord": [
          117,
          339
        ],
        "element_error": 5.056150257587433e-06,
        "y_ref": -0.009165476076304913,
        "y_mixed": -0.0091705322265625,
        "x_storage_error": 0.00014955285587348044,
        "w_storage_error": 0.0,
        "accumulation_error_estimate": 1.4901161193847656e-08,
        "demote_error": 3.018416464328766e-06,
        "condition_indicator": 3.9967903145494708,
        "product_stats": {
          "min": -0.0006296701612882316,
          "max": 0.00047773687401786447,
          "mean": -8.952651114668697e-06,
          "std": 9.83584686764516e-05
        }
      },
      {
        "coord": [
          90,
          111
        ],
        "element_error": 4.993751645088196e-06,
        "y_ref": 0.009676707908511162,
        "y_mixed": 0.00968170166015625,
        "x_storage_error": 0.00014734850265085697,
        "w_storage_error": 0.0,
        "accumulation_error_estimate": 1.4901161193847656e-08,
        "demote_error": 3.670342266559601e-06,
        "condition_indicator": 3.4278525593533686,
        "product_stats": {
          "min": -0.0003892398963216692,
          "max": 0.0005971337086521089,
          "mean": 9.451200639887247e-06,
          "std": 0.00010502700024517253
        }
      },
      {
        "coord": [
          77,
          309
        ],
        "element_error": 4.961155354976654e-06,
        "y_ref": 0.007937238551676273,
        "y_mixed": 0.00794219970703125,
        "x_storage_error": 0.0001448471302865073,
        "w_storage_error": 0.0,
        "accumulation_error_estimate": 1.4901161193847656e-08,
        "demote_error": 3.5474076867103577e-06,
        "condition_indicator": 3.8160471472383835,
        "product_stats": {
          "min": -0.0005892826011404395,
          "max": 0.0005876396899111569,
          "mean": 7.752592864562757e-06,
          "std": 0.00010173735063290223
        }
      },
      {
        "coord": [
          181,
          10
        ],
        "element_error": 4.945322871208191e-06,
        "y_ref": -0.008488832041621208,
        "y_mixed": -0.00848388671875,
        "x_storage_error": 0.00014045764692127705,
        "w_storage_error": 0.0,
        "accumulation_error_estimate": 1.4901161193847656e-08,
        "demote_error": 3.74671071767807e-06,
        "condition_indicator": 4.072174887230945,
        "product_stats": {
          "min": -0.0005228095105849206,
          "max": 0.0004042224900331348,
          "mean": -8.288706339953933e-06,
          "std": 9.989409591071308e-05
        }
      },
      {
        "coord": [
          87,
          119
        ],
        "element_error": 4.84660267829895e-06,
        "y_ref": -0.008173864334821701,
        "y_mixed": -0.0081787109375,
        "x_storage_error": 0.00014437940262723714,
        "w_storage_error": 0.0,
        "accumulation_error_estimate": 1.4901161193847656e-08,
        "demote_error": 3.688037395477295e-06,
        "condition_indicator": 3.6024929118655447,
        "product_stats": {
          "min": -0.0006465946789830923,