{
  "detector": {
    "detected_exceeded": false,
    "actual_err": 0.0017121434211730957,
    "predicted_bound": 0.0024204671382904055,
    "elapsed_sec": 2.4541165828704834
  },
  "analyzer_report": {
    "component_estimates": {
      "input_storage_error": 0.0017121434211730957,
      "max_subtraction_error": 0.0017121434211730957,
      "exponential_error": 0.0017121434211730957,
      "sum_accumulation_error": 0.0017121434211730957,
      "output_storage_error": 0.0017121434211730957
    },
    "component_ratios": {
      "input_storage_error": 0.2,
      "max_subtraction_error": 0.2,
      "exponential_error": 0.2,
      "sum_accumulation_error": 0.2,
      "output_storage_error": 0.2
    },
    "primary_source": "storage",
    "suggestion": "\u5206\u6790\u7ed3\u679c\u4e0d\u660e\u786e\uff1b\u8bf7\u68c0\u67e5\u8f93\u5165\u5206\u5e03\u6216\u589e\u52a0MC\u91c7\u6837\u3002 \u68c0\u6d4b\u5230\u6781\u5c0f\u7684exp\u503c\uff0c\u53ef\u80fd\u5bfc\u81f4\u4e0b\u6ea2\u548c\u7cbe\u5ea6\u635f\u5931\u3002 90.8%\u7684top\u8bef\u5dee\u6765\u81eamax logit\u4f4d\u7f6e\uff0c\u8fd9\u901a\u5e38\u5bf9softmax\u8f93\u51fa\u5f71\u54cd\u6700\u5927\u3002",
    "input_stats": {
      "min": -16.406551361083984,
      "max": 29.76752471923828,
      "mean": 0.948411762714386,
      "std": 6.086920738220215,
      "range": 46.174076080322266
    },
    "stability_stats": {
      "max_shifted_logit": 0.0,
      "min_shifted_logit": -44.26190948486328,
      "max_exp_val": 1.0,
      "min_exp_val": 5.988209254689987e-20,
      "exp_sum_max": 3.268174171447754,
      "exp_sum_min": 1.0137922763824463
    },
    "max_logit_error_ratio": 0.9075260613326898,
    "top_elements_summary": [
      {
        "coord": [
          4,
          436
        ],
        "element_error": 0.0017121434211730957,
        "x_original": 21.97356414794922,
        "y_ref": 0.5319855809211731,
        "y_mixed": 0.5302734375,
        "storage_error": 0.00481414794921875,
        "demote_error": 0.00015121698379516602,
        "logit_analysis": {
          "softmax_position": 436,
          "softmax_dim_size": 512,
          "is_max_logit": true,
          "distance_from_max": 0.0
        }
      },
      {
        "coord": [
          4,
          488
        ],
        "element_error": 0.0012621283531188965,
        "x_original": 21.340375900268555,
        "y_ref": 0.2824292778968811,
        "y_mixed": 0.28369140625,
        "storage_error": 0.0033740997314453125,
        "demote_error": 6.258487701416016e-05,
        "logit_analysis": {
          "softmax_position": 488,
          "softmax_dim_size": 512,
          "is_max_logit": true,
          "distance_from_max": 0.0
        }
      },
      {
        "coord": [
          0,
          491
        ],
        "element_error": 0.0011925697326660156,
        "x_original": 27.186939239501953,
        "y_ref": 0.514920711517334,
        "y_mixed": 0.51611328125,
        "storage_error": 0.000560760498046875,
        "demote_error": 0.00019443035125732422,
        "logit_analysis": {
          "softmax_position": 491,
          "softmax_dim_size": 512,
          "is_max_logit": true,
          "distance_from_max": 0.0
        }
      },
      {
        "coord": [
          6,
          409
        ],
        "element_error": 0.0011477172374725342,
        "x_original": 18.932716369628906,
        "y_ref": 0.30598118901252747,
        "y_mixed": 0.30712890625,
        "storage_error": 0.00478363037109375,
        "demote_error": 3.0547380447387695e-05,
        "logit_analysis": {
          "softmax_position": 409,
          "softmax_dim_size": 512,
          "is_max_logit": true,
          "distance_from_max": 0.0
        }
      },
      {
        "coord": [
          0,
          206
        ],
        "element_error": 0.0011144578456878662,
        "x_original": 27.112882614135742,
        "y_ref": 0.47816523909568787,
        "y_mixed": 0.47705078125,
        "storage_error": 0.0035076141357421875,
        "demote_error": 9.614229202270508e-05,
        "logit_analysis": {
          "softmax_position": 206,
          "softmax_dim_size": 512,
          "is_max_logit": true,
          "distance_from_max": 0.0
        }
      },
      {
        "coord": [
          6,
          105
        ],
        "element_error": 0.0007964819669723511,
        "x_original": 18.472179412841797,
        "y_ref": 0.19305722415447235,
        "y_mixed": 0.1922607421875,
        "storage_error": 0.003429412841796875,
        "demote_error": 4.525482654571533e-05,
        "logit_analysis": {
          "softmax_position": 105,
          "softmax_dim_size": 512,
          "is_max_logit": false,
          "distance_from_max": -1.8072757720947266
        }
      },
      {
        "coord": [
          6,
          21
        ],
        "element_error": 0.0003805980086326599,
        "x_original": 17.722257614135742,
        "y_ref": 0.09120091050863266,
        "y_mixed": 0.0908203125,
        "storage_error": 0.0035076141357421875,
        "demote_error": 2.415478229522705e-05,
        "logit_analysis": {
          "softmax_position": 21,
          "softmax_dim_size": 512,
          "is_max_logit": true,
          "distance_from_max": 0.0
        }
      },
      {
        "coord": [
          4,
          261
        ],
        "element_error": 0.00037328898906707764,
        "x_original": 20.779890060424805,
        "y_ref": 0.16124780476093292,
        "y_mixed": 0.16162109375,
        "storage_error": 0.0013599395751953125,
        "demote_error": 5.7056546211242676e-05,
        "logit_analysis": {
          "softmax_position": 261,
          "softmax_dim_size": 512,
          "is_max_logit": true,
          "distance_from_max": 0.0
        }
      },
      {
        "coord": [
          5,
          102
        ],
        "element_error": 0.0003249645233154297,
        "x_original": 29.76752471923828,
        "y_ref": 0.5667312145233154,
        "y_mixed": 0.56640625,
        "storage_error": 0.00189971923828125,
        "demote_error": 0.0002276301383972168,
        "logit_analysis": {
          "softmax_position": 102,
          "softmax_dim_size": 512,
          "is_max_logit": true,
          "distance_from_max": 0.0
        }
      },
      {
        "coord": [
          2,
          130
        ],
        "element_error": 0.00030869245529174805,
        "x_original": 27.15717124938965,
        "y_ref": 0.5944178700447083,
        "y_mixed": 0.5947265625,
        "storage_error": 0.0009212493896484375,
        "demote_error": 0.00022268295288085938,
        "logit_analysis": {
          "softmax_position": 130,
          "softmax_dim_size": 512,
          "is_max_logit": true,
          "distance_from_max": 0.0
        }
      }
    ]
  }
}