{
  "detector": {
    "detected_exceeded": false,
    "actual_err": 5.900859832763672e-06,
    "predicted_bound": 3.99839278543368e-05,
    "elapsed_sec": 2.7095775604248047
  },
  "matrix_info": {
    "input_shape": [
      256,
      1024
    ],
    "weight_shape": [
      1024,
      512
    ],
    "output_shape": [
      256,
      512
    ],
    "accumulation_dim": 1024
  },
  "analyzer_report": {
    "component_estimates": {
      "input_storage_error": 5.900859832763672e-06,
      "weight_storage_error": 5.900859832763672e-06,
      "accumulation_error": 5.900859832763672e-06,
      "demote_error": 3.4320168197155e-05
    },
    "component_ratios": {
      "input_storage_error": 0.11342845378542402,
      "weight_storage_error": 0.11342845378542402,
      "accumulation_error": 0.11342845378542402,
      "demote_error": 0.6597146386437279
    },
    "primary_source": "x_storage",
    "suggestion": "\u4e3b\u8981\u8bef\u5dee\u6765\u6e90\u4e3a\u8f93\u5165\u5b58\u50a8\u7cbe\u5ea6\u3002\u5efa\u8bae\uff1a\u63d0\u5347\u8f93\u5165\u5b58\u50a8\u7cbe\u5ea6\uff1b\u8fdb\u884c\u8f93\u5165\u5f52\u4e00\u5316\u6216\u6743\u91cd\u7f29\u653e\u4ee5\u6539\u5584\u6570\u503c\u8303\u56f4\u3002 \u68c0\u6d4b\u5230\u6570\u503c\u7a33\u5b9a\u6027\u95ee\u9898\uff08\u6761\u4ef6\u6570\u6307\u6807=4.55\uff09\u3002\u5efa\u8bae\uff1a(1)\u8f93\u5165/\u6743\u91cd\u9884\u5904\u7406\u548c\u5f52\u4e00\u5316\uff1b(2)\u68c0\u67e5\u662f\u5426\u5b58\u5728\u75c5\u6001\u77e9\u9635\u3002",
    "numerical_stability": {
      "average_condition_indicator": 4.551296091239431,
      "accumulation_dimension": 1024,
      "stability_assessment": "good"
    },
    "top_elements_summary": [
      {
        "coord": [
          164,
          313
        ],
        "element_error": 5.900859832763672e-06,
        "y_ref": 0.007913410663604736,
        "y_mixed": 0.0079193115234375,
        "x_storage_error": 0.00014919516979716718,
        "w_storage_error": 0.0,
        "accumulation_error_estimate": 1.4901161193847656e-08,
        "demote_error": 3.6926940083503723e-06,
        "condition_indicator": 4.443916157992138,
        "product_stats": {
          "min": -0.00046289729652926326,
          "max": 0.00047242603613995016,
          "mean": 7.730095603619702e-06,
          "std": 9.834629599936306e-05
        }
      },
      {
        "coord": [
          58,
          56
        ],
        "element_error": 5.668029189109802e-06,
        "y_ref": -0.00882917083799839,
        "y_mixed": -0.0088348388671875,
        "x_storage_error": 0.00014420135994441807,
        "w_storage_error": 0.0,
        "accumulation_error_estimate": 1.4901161193847656e-08,
        "demote_error": 3.7495046854019165e-06,
        "condition_indicator": 4.074053936054764,
        "product_stats": {
          "min": -0.0005750760319642723,
          "max": 0.0005511031486093998,
          "mean": -8.624111615063157e-06,
          "std": 9.488639625487849e-05
        }
      },
      {
        "coord": [
          139,
          510
        ],
        "element_error": 5.603767931461334e-06,
        "y_ref": -0.008634448982775211,
        "y_mixed": -0.00862884521484375,
        "x_storage_error": 0.00014487291628029197,
        "w_storage_error": 0.0,
        "accumulation_error_estimate": 1.4901161193847656e-08,
        "demote_error": 3.7867575883865356e-06,
        "condition_indicator": 2.9379079873022995,
        "product_stats": {
          "min": -0.000607929250691086,
          "max": 0.000782306189648807,
          "mean": -8.43030557007296e-06,
          "std": 0.00010532495070947334
        }
      },
      {
        "coord": [
          148,
          105
        ],
        "element_error": 5.210749804973602e-06,
        "y_ref": -0.008493934758007526,
        "y_mixed": -0.0084991455078125,
        "x_storage_error": 0.00014204918988980353,
        "w_storage_error": 0.0,
        "accumulation_error_estimate": 1.4901161193847656e-08,
        "demote_error": 3.6517158150672913e-06,
        "condition_indicator": 3.6620809093705504,
        "product_stats": {
          "min": -0.0005750415148213506,
          "max": 0.00042188778752461076,
          "mean": -8.296379746752791e-06,
          "std": 9.912873065331951e-05
        }
      },
      {
        "coord": [
          135,
          55
        ],
        "element_error": 5.174428224563599e-06,
        "y_ref": 0.007825303822755814,
        "y_mixed": 0.00782012939453125,
        "x_storage_error": 0.00014776294119656086,
        "w_storage_error": 0.0,
        "accumulation_error_estimate": 1.4901161193847656e-08,
        "demote_error": 3.4635886549949646e-06,
        "condition_indicator": 5.180728351392707,
        "product_stats": {
          "min": -0.00039252961869351566,
          "max": 0.0006032843375578523,
          "mean": 7.640224794158712e-06,
          "std": 9.758136729942635e-05
        }
      },
      {
        "coord": [
          194,
          344
        ],
        "element_error": 5.168840289115906e-06,
        "y_ref": 0.011395854875445366,
        "y_mixed": 0.01139068603515625,
        "x_storage_error": 0.00014707978698424995,
        "w_storage_error": 0.0,
        "accumulation_error_estimate": 1.4901161193847656e-08,
        "demote_error": 3.729015588760376e-06,
        "condition_indicator": 4.153019922066876,
        "product_stats": {
          "min": -0.0006925472989678383,
          "max": 0.0007313751266337931,
          "mean": 1.1127354810014367e-05,
          "std": 9.957555448636413e-05
        }
      },
      {
        "coord": [
          224,
          28
        ],
        "element_error": 5.1604583859443665e-06,
        "y_ref": -0.007825289852917194,
        "y_mixed": -0.00782012939453125,
        "x_storage_error": 0.00014288653619587421,
        "w_storage_error": 0.0,
        "accumulation_error_estimate": 1.4901161193847656e-08,
        "demote_error": 3.773719072341919e-06,
        "condition_indicator": 4.28986847467213,
        "product_stats": {
          "min": -0.0007038330077193677,
          "max": 0.0005515604862011969,
          "mean": -7.640528565389104e-06,
          "std": 0.00010736069816630334
        }
      },
      {
        "coord": [
          109,
          168
        ],
        "element_error": 5.102716386318207e-06,
        "y_ref": -0.007990502752363682,
        "y_mixed": -0.00799560546875,
        "x_storage_error": 0.0001431598502676934,
        "w_storage_error": 0.0,
        "accumulation_error_estimate": 1.4901161193847656e-08,
        "demote_error": 3.458932042121887e-06,
        "condition_indicator": 3.748683351527346,
        "product_stats": {
          "min": -0.000674860377330333,
          "max": 0.0005849660956300795,
          "mean": -7.804831511748489e-06,
          "std": 0.00010176117211813107
        }
      },
      {
        "coord": [
          137,
          357
        ],
        "element_error": 5.003064870834351e-06,
        "y_ref": 0.012852903455495834,
        "y_mixed": 0.012847900390625,
        "x_storage_error": 0.0001506504777353257,
        "w_storage_error": 0.0,
        "accumulation_error_estimate": 1.4901161193847656e-08,
        "demote_error": 3.277324140071869e-06,
        "condition_indicator": 9.523468131070652,
        "product_stats": {
          "min": -0.00041347587830387056,
          "max": 0.0007672067149542272,
          "mean": 1.2549979146569967e-05,
          "std": 0.0001103164759115316
        }
      },
      {
        "coord": [
          149,
          336
        ],
        "element_error": 4.976056516170502e-06,
        "y_ref": -0.00950124952942133,
        "y_mixed": -0.0095062255859375,
        "x_storage_error": 0.0001413490972481668,
        "w_storage_error": 0.0,
        "accumulation_error_estimate": 1.4901161193847656e-08,
        "demote_error": 3.7997961044311523e-06,
        "condition_indicator": 3.499233690944851,
        "product_stats": {
          "min": -0.0004209673497825861,