{
  "detector": {
    "detected_exceeded": false,
    "actual_err": 0.002245873212814331,
    "predicted_bound": 0.002604737877845764,
    "elapsed_sec": 2.506592035293579
  },
  "analyzer_report": {
    "component_estimates": {
      "input_storage_error": 0.002245873212814331,
      "max_subtraction_error": 0.002245873212814331,
      "exponential_error": 0.002245873212814331,
      "sum_accumulation_error": 0.002245873212814331,
      "output_storage_error": 0.002245873212814331
    },
    "component_ratios": {
      "input_storage_error": 0.2,
      "max_subtraction_error": 0.2,
      "exponential_error": 0.2,
      "sum_accumulation_error": 0.2,
      "output_storage_error": 0.2
    },
    "primary_source": "storage",
    "suggestion": "\u5206\u6790\u7ed3\u679c\u4e0d\u660e\u786e\uff1b\u8bf7\u68c0\u67e5\u8f93\u5165\u5206\u5e03\u6216\u589e\u52a0MC\u91c7\u6837\u3002 \u68c0\u6d4b\u5230\u6781\u5c0f\u7684exp\u503c\uff0c\u53ef\u80fd\u5bfc\u81f4\u4e0b\u6ea2\u548c\u7cbe\u5ea6\u635f\u5931\u3002 100.0%\u7684top\u8bef\u5dee\u6765\u81eamax logit\u4f4d\u7f6e\uff0c\u8fd9\u901a\u5e38\u5bf9softmax\u8f93\u51fa\u5f71\u54cd\u6700\u5927\u3002",
    "input_stats": {
      "min": -18.615848541259766,
      "max": 28.905391693115234,
      "mean": 1.0417239665985107,
      "std": 6.009349346160889,
      "range": 47.521240234375
    },
    "stability_stats": {
      "max_shifted_logit": 0.0,
      "min_shifted_logit": -45.48122024536133,
      "max_exp_val": 1.0,
      "min_exp_val": 1.76911880260715e-20,
      "exp_sum_max": 3.1410489082336426,
      "exp_sum_min": 1.0068169832229614
    },
    "max_logit_error_ratio": 1.0,
    "top_elements_summary": [
      {
        "coord": [
          7,
          387
        ],
        "element_error": 0.002245873212814331,
        "x_original": 23.804719924926758,
        "y_ref": 0.23090842366218567,
        "y_mixed": 0.233154296875,
        "storage_error": 0.0077800750732421875,
        "demote_error": 1.583993434906006e-05,
        "logit_analysis": {
          "softmax_position": 387,
          "softmax_dim_size": 512,
          "is_max_logit": true,
          "distance_from_max": 0.0
        }
      },
      {
        "coord": [
          4,
          472
        ],
        "element_error": 0.0020476579666137695,
        "x_original": 22.818984985351562,
        "y_ref": 0.25912773609161377,
        "y_mixed": 0.257080078125,
        "storage_error": 0.0064849853515625,
        "demote_error": 0.00010672211647033691,
        "logit_analysis": {
          "softmax_position": 472,
          "softmax_dim_size": 512,
          "is_max_logit": true,
          "distance_from_max": 0.0
        }
      },
      {
        "coord": [
          7,
          402
        ],
        "element_error": 0.0019095540046691895,
        "x_original": 24.13262176513672,
        "y_ref": 0.3205130696296692,
        "y_mixed": 0.318603515625,
        "storage_error": 0.00762176513671875,
        "demote_error": 5.894899368286133e-05,
        "logit_analysis": {
          "softmax_position": 402,
          "softmax_dim_size": 512,
          "is_max_logit": true,
          "distance_from_max": 0.0
        }
      },
      {
        "coord": [
          4,
          192
        ],
        "element_error": 0.001703411340713501,
        "x_original": 23.02486228942871,
        "y_ref": 0.3183649480342865,
        "y_mixed": 0.320068359375,
        "storage_error": 0.0063877105712890625,
        "demote_error": 5.781650543212891e-06,
        "logit_analysis": {
          "softmax_position": 192,
          "softmax_dim_size": 512,
          "is_max_logit": true,
          "distance_from_max": 0.0
        }
      },
      {
        "coord": [
          6,
          232
        ],
        "element_error": 0.0007773637771606445,
        "x_original": 27.59348487854004,
        "y_ref": 0.8634804487228394,
        "y_mixed": 0.8642578125,
        "storage_error": 0.0002651214599609375,
        "demote_error": 2.0742416381835938e-05,
        "logit_analysis": {
          "softmax_position": 232,
          "softmax_dim_size": 512,
          "is_max_logit": true,
          "distance_from_max": 0.0
        }
      },
      {
        "coord": [
          6,
          421
        ],
        "element_error": 0.0007340759038925171,
        "x_original": 25.709444046020508,
        "y_ref": 0.13122723996639252,
        "y_mixed": 0.1304931640625,
        "storage_error": 0.0063190460205078125,
        "demote_error": 1.2889504432678223e-05,
        "logit_analysis": {
          "softmax_position": 421,
          "softmax_dim_size": 512,
          "is_max_logit": true,
          "distance_from_max": 0.0
        }
      },
      {
        "coord": [
          7,
          157
        ],
        "element_error": 0.0006034374237060547,
        "x_original": 23.25617027282715,
        "y_ref": 0.13341593742370605,
        "y_mixed": 0.1328125,
        "storage_error": 0.0061702728271484375,
        "demote_error": 2.5779008865356445e-05,
        "logit_analysis": {
          "softmax_position": 157,
          "softmax_dim_size": 512,
          "is_max_logit": true,
          "distance_from_max": 0.0
        }
      },
      {
        "coord": [
          1,
          98
        ],
        "element_error": 0.0005883723497390747,
        "x_original": 19.350412368774414,
        "y_ref": 0.09928222000598907,
        "y_mixed": 0.09869384765625,
        "storage_error": 0.0066623687744140625,
        "demote_error": 2.5950372219085693e-05,
        "logit_analysis": {
          "softmax_position": 98,
          "softmax_dim_size": 512,
          "is_max_logit": true,
          "distance_from_max": 0.0
        }
      },
      {
        "coord": [
          1,
          27
        ],
        "element_error": 0.0005382299423217773,
        "x_original": 20.045372009277344,
        "y_ref": 0.19892466068267822,
        "y_mixed": 0.199462890625,
        "storage_error": 0.00150299072265625,
        "demote_error": 4.340708255767822e-05,
        "logit_analysis": {
          "softmax_position": 27,
          "softmax_dim_size": 512,
          "is_max_logit": true,
          "distance_from_max": 0.0
        }
      },
      {
        "coord": [
          1,
          455
        ],
        "element_error": 0.0005362704396247864,
        "x_original": 19.229381561279297,
        "y_ref": 0.08796470612287521,
        "y_mixed": 0.0885009765625,
        "storage_error": 0.004993438720703125,
        "demote_error": 9.119510650634766e-06,
        "logit_analysis": {
          "softmax_position": 455,
          "softmax_dim_size": 512,
          "is_max_logit": true,
          "distance_from_max": 0.0
        }
      }
    ]
  }
}