{
  "detector": {
    "detected_exceeded": false,
    "actual_err": 6.811320781707764e-05,
    "predicted_bound": 0.00014441517269006,
    "elapsed_sec": 3.913065195083618
  },
  "meta": {
    "distribution": "adversarial_sum",
    "bias": true,
    "batch_size": 32,
    "in_features": 1024,
    "out_features": 4096
  },
  "analyzer_report": {
    "component_estimates": {
      "input_storage_error": 6.811320781707764e-05,
      "weight_storage_error": 6.811320781707764e-05,
      "accumulation_error": 6.811320781707764e-05,
      "output_storage_error": 0.00011424720287322998,
      "bias_storage_error": 6.811320781707764e-05
    },
    "component_ratios": {
      "input_storage_error": 0.17613964779777272,
      "weight_storage_error": 0.17613964779777272,
      "accumulation_error": 0.17613964779777272,
      "output_storage_error": 0.2954414088089091,
      "bias_storage_error": 0.17613964779777272
    },
    "primary_source": "input_storage",
    "suggestion": "\u4e3b\u8981\u8bef\u5dee\u6765\u6e90\u4e3a\u8f93\u5165\u5b58\u50a8\u7cbe\u5ea6\u3002\u5efa\u8bae\uff1a\u63d0\u5347\u8f93\u5165\u5b58\u50a8\u7cbe\u5ea6\u6216\u8fdb\u884c\u8f93\u5165\u5f52\u4e00\u5316/\u6807\u51c6\u5316\u4ee5\u964d\u4f4e\u6570\u503c\u8303\u56f4\u3002",
    "aggregated_ratios": {
      "input_storage": 0.9651831628642898,
      "weight_storage": 0.0,
      "bias_storage": 0.0,
      "accumulation": 0.00015196218990762362,
      "demote": 0.034664874945802546
    },
    "top_neurons_summary": [
      {
        "coord": [
          23,
          2410
        ],
        "neuron_error": 6.811320781707764e-05,
        "y_ref": -0.12982885539531708,
        "y_mixed": -0.1297607421875,
        "input_storage_error": 0.0014819568023085594,
        "weight_storage_error": 0.0,
        "bias_storage_error": 0.0,
        "accumulation_estimate": 2.384185791015625e-07,
        "demote_error": 5.829334259033203e-05,
        "in_features": 1024,
        "neuron_idx": 2410,
        "batch_idx": 23
      },
      {
        "coord": [
          22,
          3399
        ],
        "neuron_error": 6.16610050201416e-05,
        "y_ref": -0.13177552819252014,
        "y_mixed": -0.1317138671875,
        "input_storage_error": 0.001410087919794023,
        "weight_storage_error": 0.0,
        "bias_storage_error": 0.0,
        "accumulation_estimate": 2.384185791015625e-07,
        "demote_error": 6.096065044403076e-05,
        "in_features": 1024,
        "neuron_idx": 3399,
        "batch_idx": 22
      },
      {
        "coord": [
          13,
          3451
        ],
        "neuron_error": 6.0439109802246094e-05,
        "y_ref": -0.12542665004730225,
        "y_mixed": -0.1253662109375,
        "input_storage_error": 0.001469857175834477,
        "weight_storage_error": 0.0,
        "bias_storage_error": 0.0,
        "accumulation_estimate": 2.384185791015625e-07,
        "demote_error": 4.094839096069336e-05,
        "in_features": 1024,
        "neuron_idx": 3451,
        "batch_idx": 13
      },
      {
        "coord": [
          4,
          3832
        ],
        "neuron_error": 5.741417407989502e-05,
        "y_ref": -0.1301916092634201,
        "y_mixed": -0.1302490234375,
        "input_storage_error": 0.0013980325311422348,
        "weight_storage_error": 0.0,
        "bias_storage_error": 0.0,
        "accumulation_estimate": 2.384185791015625e-07,
        "demote_error": 5.46872615814209e-05,
        "in_features": 1024,
        "neuron_idx": 3832,
        "batch_idx": 4
      },
      {
        "coord": [
          3,
          449
        ],
        "neuron_error": 5.735456943511963e-05,
        "y_ref": -0.12603391706943512,
        "y_mixed": -0.1259765625,
        "input_storage_error": 0.001427344628609717,
        "weight_storage_error": 0.0,
        "bias_storage_error": 0.0,
        "accumulation_estimate": 2.384185791015625e-07,
        "demote_error": 5.8710575103759766e-05,
        "in_features": 1024,
        "neuron_idx": 449,
        "batch_idx": 3
      },
      {
        "coord": [
          27,
          2198
        ],
        "neuron_error": 5.284696817398071e-05,
        "y_ref": -0.06476648896932602,
        "y_mixed": -0.0648193359375,
        "input_storage_error": 0.0014895906206220388,
        "weight_storage_error": 0.0,
        "bias_storage_error": 0.0,
        "accumulation_estimate": 1.1920928955078125e-07,
        "demote_error": 3.0390918254852295e-05,
        "in_features": 1024,
        "neuron_idx": 2198,
        "batch_idx": 27
      },
      {
        "coord": [
          21,
          3445
        ],
        "neuron_error": 5.24371862411499e-05,
        "y_ref": 0.14348505437374115,
        "y_mixed": 0.1434326171875,
        "input_storage_error": 0.0014565353048965335,
        "weight_storage_error": 0.0,
        "bias_storage_error": 0.0,
        "accumulation_estimate": 2.384185791015625e-07,
        "demote_error": 5.842745304107666e-05,
        "in_features": 1024,
        "neuron_idx": 3445,
        "batch_idx": 21
      },
      {
        "coord": [
          31,
          3533
        ],
        "neuron_error": 5.21242618560791e-05,
        "y_ref": 0.13752111792564392,
        "y_mixed": 0.1375732421875,
        "input_storage_error": 0.001410038210451603,
        "weight_storage_error": 0.0,
        "bias_storage_error": 0.0,
        "accumulation_estimate": 2.384185791015625e-07,
        "demote_error": 5.777180194854736e-05,
        "in_features": 1024,
        "neuron_idx": 3533,
        "batch_idx": 31
      },
      {
        "coord": [
          6,
          868
        ],
        "neuron_error": 5.02169132232666e-05,
        "y_ref": 0.13237443566322327,
        "y_mixed": 0.13232421875,
        "input_storage_error": 0.0014012281317263842,
        "weight_storage_error": 0.0,
        "bias_storage_error": 0.0,
        "accumulation_estimate": 2.384185791015625e-07,
        "demote_error": 3.871321678161621e-05,
        "in_features": 1024,
        "neuron_idx": 868,
        "batch_idx": 6
      },
      {
        "coord": [
          16,
          1759
        ],
        "neuron_error": 4.972517490386963e-05,
        "y_ref": 0.14643464982509613,
        "y_mixed": 0.146484375,
        "input_storage_error": 0.0014412570744752884,
        "weight_storage_error": 0.0,
        "bias_storage_error": 0.0,
        "accumulation_estimate": 2.384185791015625e-07,
        "demote_error": 5.777180194854736e-05,
        "in_features": 1024,
        "neuron_idx": 1759,
        "batch_idx": 16
      }
    ]
  }
}