{
  "detector": {
    "detected_exceeded": false,
    "actual_err": 4.7050416469573975e-05,
    "predicted_bound": 0.00012185817395220512,
    "elapsed_sec": 3.066129684448242
  },
  "analyzer_report": {
    "component_estimates": {
      "input_storage_error": 4.4673681259155273e-05,
      "matmul1_accumulation_error": 4.4673681259155273e-05,
      "scaling_error": 4.4673681259155273e-05,
      "softmax_numerical_error": 4.4673681259155273e-05,
      "matmul2_accumulation_error": 4.4673681259155273e-05,
      "output_demote_error": 7.819384336471558e-05
    },
    "component_ratios": {
      "input_storage_error": 0.1481408276714021,
      "matmul1_accumulation_error": 0.1481408276714021,
      "scaling_error": 0.1481408276714021,
      "softmax_numerical_error": 0.1481408276714021,
      "matmul2_accumulation_error": 0.1481408276714021,
      "output_demote_error": 0.2592958616429895
    },
    "primary_source": "storage_error",
    "suggestion": "\u4e3b\u8981\u8bef\u5dee\u6765\u6e90\u4e3a\u8f93\u5165\u5b58\u50a8\u7cbe\u5ea6\u3002\u5efa\u8bae\uff1a\u63d0\u5347Q/K/V\u7684\u5b58\u50a8\u7cbe\u5ea6\uff1b\u8fdb\u884c\u8f93\u5165\u5f52\u4e00\u5316\uff1b\u68c0\u67e5embedding\u5c42\u7684\u8f93\u51fa\u8303\u56f4\u3002 \u68c0\u6d4b\u5230\u5927\u91cf\u5c16\u9510\u7684attention\u6a21\u5f0f\uff08\u4f4e\u71b5\uff09\uff0c\u8fd9\u4f1a\u653e\u5927softmax\u7684\u6570\u503c\u8bef\u5dee\u3002\u8003\u8651\u4f7f\u7528attention dropout\u6216\u6e29\u5ea6\u7f29\u653e\u3002",
    "attention_pattern_stats": {
      "global_avg_entropy": 3.8781611919403076,
      "global_sparsity": 0.6948776245117188,
      "max_attention_weight": 1.0,
      "min_attention_weight": 0.0
    },
    "attention_behavior_stats": {
      "high_entropy_tokens": 0,
      "low_entropy_tokens": 7,
      "total_analyzed": 8
    },
    "top_tokens_summary": [
      {
        "batch_idx": 0,
        "head_idx": 5,
        "token_idx": 1,
        "token_error": 1.0336967534385622e-05,
        "entropy_ref": 0.693115234375,
        "max_attention_weight_ref": 0.5039942860603333,
        "attention_weight_error": 3.2782554626464844e-07,
        "stage_errors": {
          "storage_error": 2.3288073862204328e-05,
          "matmul1_error": 1.4514534498382267e-09,
          "softmax_error": 9.083305485546589e-07,
          "matmul2_error": 7.142825324990554e-07,
          "demote_error": 9.083305485546589e-08
        }
      },
      {
        "batch_idx": 0,
        "head_idx": 1,
        "token_idx": 1,
        "token_error": 1.0009665857069194e-05,
        "entropy_ref": 0.6930832862854004,
        "max_attention_weight_ref": 0.5056504607200623,
        "attention_weight_error": 5.364418029785156e-07,
        "stage_errors": {
          "storage_error": 2.452029730193317e-05,
          "matmul1_error": 1.6834750241843227e-09,
          "softmax_error": 1.0291485523339361e-06,
          "matmul2_error": 6.99955535310437e-07,
          "demote_error": 1.0291485523339361e-07
        }
      },
      {
        "batch_idx": 0,
        "head_idx": 0,
        "token_idx": 1,
        "token_error": 9.193423466058448e-06,
        "entropy_ref": 0.6931160688400269,
        "max_attention_weight_ref": 0.5039417147636414,
        "attention_weight_error": 8.940696716308594e-08,
        "stage_errors": {
          "storage_error": 2.2241070837480947e-05,
          "matmul1_error": 1.2634897216302185e-09,
          "softmax_error": 7.898546755313874e-07,
          "matmul2_error": 7.273010396602331e-07,
          "demote_error": 7.898546755313874e-08
        }
      },
      {
        "batch_idx": 0,
        "head_idx": 2,
        "token_idx": 0,
        "token_error": 9.018036507768556e-06,
        "entropy_ref": -0.0,
        "max_attention_weight_ref": 1.0,
        "attention_weight_error": 0.0,
        "stage_errors": {
          "storage_error": 2.3875856641097926e-05,
          "matmul1_error": 1.5088546289345543e-09,
          "softmax_error": 9.431030775886029e-07,
          "matmul2_error": 7.374274900939782e-07,
          "demote_error": 9.431030775886029e-08
        }
      },
      {
        "batch_idx": 0,
        "head_idx": 7,
        "token_idx": 1,
        "token_error": 8.544448064640164e-06,
        "entropy_ref": 0.6931322813034058,
        "max_attention_weight_ref": 0.5027320981025696,
        "attention_weight_error": 1.4901161193847656e-07,
        "stage_errors": {
          "storage_error": 1.960079362106626e-05,
          "matmul1_error": 8.712394359550798e-10,
          "softmax_error": 5.313893780112267e-07,
          "matmul2_error": 7.041044227662496e-07,
          "demote_error": 5.313893780112267e-08
        }
      },
      {
        "batch_idx": 0,
        "head_idx": 4,
        "token_idx": 0,
        "token_error": 8.248509402619675e-06,
        "entropy_ref": -0.0,
        "max_attention_weight_ref": 1.0,
        "attention_weight_error": 0.0,
        "stage_errors": {
          "storage_error": 2.0336240140750306e-05,
          "matmul1_error": 1.0046054267502603e-09,
          "softmax_error": 6.315021892078221e-07,
          "matmul2_error": 6.99072688803426e-07,
          "demote_error": 6.31502189207822e-08
        }
      },
      {
        "batch_idx": 0,
        "head_idx": 2,
        "token_idx": 1,
        "token_error": 8.215925845433958e-06,
        "entropy_ref": 0.6931285858154297,
        "max_attention_weight_ref": 0.5030478239059448,
        "attention_weight_error": 5.066394805908203e-07,
        "stage_errors": {
          "storage_error": 2.0568679246935062e-05,
          "matmul1_error": 9.797449230634539e-10,
          "softmax_error": 6.123853381723166e-07,
          "matmul2_error": 7.374274900939782e-07,
          "demote_error": 6.123853381723165e-08
        }
      },
      {
        "batch_idx": 0,
        "head_idx": 5,
        "token_idx": 2,
        "token_error": 8.209302905015647e-06,
        "entropy_ref": 1.0986000299453735,
        "max_attention_weight_ref": 0.3355729281902313,
        "attention_weight_error": 3.5762786865234375e-07,
        "stage_errors": {
          "storage_error": 2.151687294826843e-05,
          "matmul1_error": 1.168427003025491e-09,
          "softmax_error": 7.312104571610689e-07,
          "matmul2_error": 7.142825324990554e-07,
          "demote_error": 7.31210457161069e-08
        }
      }
    ],
    "head_analysis": [
      {
        "head_idx": 0,
        "avg_error": 1.7518632375868037e-06,
        "avg_entropy": 3.878161907196045,
        "avg_max_weight": 0.04287426173686981,
        "sparsity": 0.69488525390625
      },
      {
        "head_idx": 1,
        "avg_error": 1.7626722410568618e-06,
        "avg_entropy": 3.8781607151031494,
        "avg_max_weight": 0.04291606321930885,
        "sparsity": 0.6949462890625
      },
      {
        "head_idx": 2,
        "avg_error": 1.8341919485465041e-06,
        "avg_entropy": 3.878162384033203,
        "avg_max_weight": 0.04283725470304489,
        "sparsity": 0.69500732421875
      },
      {
        "head_idx": 3,
        "avg_error": 1.8122460687663988e-06,
        "avg_entropy": 3.8781614303588867,
        "avg_max_weight": 0.04286586493253708,
        "sparsity": 0.6949462890625
      },
      {
        "head_idx": 4,
        "avg_error": 1.7452553038310725e-06,
        "avg_entropy": 3.8781614303588867,
        "avg_max_weight": 0.042887210845947266,
        "sparsity": 0.69476318359375
      },
      {
        "head_idx": 5,
        "avg_error": 2.0554487036861246e-06,
        "avg_entropy": 3.878161907196045,
        "avg_max_weight": 0.04286796599626541,
        "sparsity": 0.69476318359375
      },
      {
        "head_idx": 6,
        "avg_error": 1.8725098698268994e-06,
        "avg_entropy": 3.878161907196045,
        "avg_max_weight": 0.042855992913246155,
        "sparsity": 0.69488525390625
      },
      {
        "head_idx": 7,
        "avg_error": 1.640455025153642e-06,
        "avg_entropy": 3.8781607151031494,