{
  "detector": {
    "detected_exceeded": false,
    "actual_err": 6.008148193359375e-05,
    "predicted_bound": 0.00013908728724345567,
    "elapsed_sec": 3.8761141300201416
  },
  "meta": {
    "distribution": "adversarial_sum",
    "bias": true,
    "batch_size": 32,
    "in_features": 1024,
    "out_features": 4096
  },
  "analyzer_report": {
    "component_estimates": {
      "input_storage_error": 6.008148193359375e-05,
      "weight_storage_error": 6.008148193359375e-05,
      "accumulation_error": 6.008148193359375e-05,
      "output_storage_error": 0.00010338425636291504,
      "bias_storage_error": 6.008148193359375e-05
    },
    "component_ratios": {
      "input_storage_error": 0.17480273996358275,
      "weight_storage_error": 0.17480273996358275,
      "accumulation_error": 0.17480273996358275,
      "output_storage_error": 0.30078904014566893,
      "bias_storage_error": 0.17480273996358275
    },
    "primary_source": "input_storage",
    "suggestion": "\u4e3b\u8981\u8bef\u5dee\u6765\u6e90\u4e3a\u8f93\u5165\u5b58\u50a8\u7cbe\u5ea6\u3002\u5efa\u8bae\uff1a\u63d0\u5347\u8f93\u5165\u5b58\u50a8\u7cbe\u5ea6\u6216\u8fdb\u884c\u8f93\u5165\u5f52\u4e00\u5316/\u6807\u51c6\u5316\u4ee5\u964d\u4f4e\u6570\u503c\u8303\u56f4\u3002",
    "aggregated_ratios": {
      "input_storage": 0.9740754279249709,
      "weight_storage": 0.0,
      "bias_storage": 0.0,
      "accumulation": 0.00011957598635494754,
      "demote": 0.02580499608867416
    },
    "top_neurons_summary": [
      {
        "coord": [
          15,
          3380
        ],
        "neuron_error": 6.008148193359375e-05,
        "y_ref": 0.1364126205444336,
        "y_mixed": 0.1363525390625,
        "input_storage_error": 0.0013887810055166483,
        "weight_storage_error": 0.0,
        "bias_storage_error": 0.0,
        "accumulation_estimate": 2.384185791015625e-07,
        "demote_error": 5.681812763214111e-05,
        "in_features": 1024,
        "neuron_idx": 3380,
        "batch_idx": 15
      },
      {
        "coord": [
          7,
          2843
        ],
        "neuron_error": 5.6877732276916504e-05,
        "y_ref": -0.12578929960727692,
        "y_mixed": -0.125732421875,
        "input_storage_error": 0.001478097983635962,
        "weight_storage_error": 0.0,
        "bias_storage_error": 0.0,
        "accumulation_estimate": 2.384185791015625e-07,
        "demote_error": 4.7087669372558594e-05,
        "in_features": 1024,
        "neuron_idx": 2843,
        "batch_idx": 7
      },
      {
        "coord": [
          28,
          3134
        ],
        "neuron_error": 5.204975605010986e-05,
        "y_ref": -0.1372770518064499,
        "y_mixed": -0.1373291015625,
        "input_storage_error": 0.001447260263375938,
        "weight_storage_error": 0.0,
        "bias_storage_error": 0.0,
        "accumulation_estimate": 2.384185791015625e-07,
        "demote_error": 4.741549491882324e-05,
        "in_features": 1024,
        "neuron_idx": 3134,
        "batch_idx": 28
      },
      {
        "coord": [
          18,
          1662
        ],
        "neuron_error": 4.851818084716797e-05,
        "y_ref": -0.07038605213165283,
        "y_mixed": -0.0704345703125,
        "input_storage_error": 0.0014251224929466844,
        "weight_storage_error": 0.0,
        "bias_storage_error": 0.0,
        "accumulation_estimate": 1.1920928955078125e-07,
        "demote_error": 2.7202069759368896e-05,
        "in_features": 1024,
        "neuron_idx": 1662,
        "batch_idx": 18
      },
      {
        "coord": [
          21,
          3383
        ],
        "neuron_error": 4.8391520977020264e-05,
        "y_ref": 0.10145307332277298,
        "y_mixed": 0.10150146484375,
        "input_storage_error": 0.0014852230669930577,
        "weight_storage_error": 0.0,
        "bias_storage_error": 0.0,
        "accumulation_estimate": 1.1920928955078125e-07,
        "demote_error": 2.9668211936950684e-05,
        "in_features": 1024,
        "neuron_idx": 3383,
        "batch_idx": 21
      },
      {
        "coord": [
          25,
          1966
        ],
        "neuron_error": 4.6834349632263184e-05,
        "y_ref": -0.13273726403713226,
        "y_mixed": -0.1326904296875,
        "input_storage_error": 0.0014703627675771713,
        "weight_storage_error": 0.0,
        "bias_storage_error": 0.0,
        "accumulation_estimate": 2.384185791015625e-07,
        "demote_error": 4.464387893676758e-05,
        "in_features": 1024,
        "neuron_idx": 1966,
        "batch_idx": 25
      },
      {
        "coord": [
          19,
          2589
        ],
        "neuron_error": 4.554539918899536e-05,
        "y_ref": 0.067032091319561,
        "y_mixed": 0.06707763671875,
        "input_storage_error": 0.0015651630237698555,
        "weight_storage_error": 0.0,
        "bias_storage_error": 0.0,
        "accumulation_estimate": 1.1920928955078125e-07,
        "demote_error": 3.0234456062316895e-05,
        "in_features": 1024,
        "neuron_idx": 2589,
        "batch_idx": 19
      },
      {
        "coord": [
          15,
          3173
        ],
        "neuron_error": 4.5455992221832275e-05,
        "y_ref": 0.07502778619527817,
        "y_mixed": 0.0750732421875,
        "input_storage_error": 0.0013887810055166483,
        "weight_storage_error": 0.0,
        "bias_storage_error": 0.0,
        "accumulation_estimate": 1.1920928955078125e-07,
        "demote_error": 2.975761890411377e-05,
        "in_features": 1024,
        "neuron_idx": 3173,
        "batch_idx": 15
      },
      {
        "coord": [
          25,
          211
        ],
        "neuron_error": 4.521012306213379e-05,
        "y_ref": 0.13508662581443787,
        "y_mixed": 0.1351318359375,
        "input_storage_error": 0.0014703627675771713,
        "weight_storage_error": 0.0,
        "bias_storage_error": 0.0,
        "accumulation_estimate": 2.384185791015625e-07,
        "demote_error": 4.3064355850219727e-05,
        "in_features": 1024,
        "neuron_idx": 211,
        "batch_idx": 25
      },
      {
        "coord": [
          17,
          3308
        ],
        "neuron_error": 4.5068562030792236e-05,
        "y_ref": 0.06758188456296921,
        "y_mixed": 0.067626953125,
        "input_storage_error": 0.0014471699250862002,
        "weight_storage_error": 0.0,
        "bias_storage_error": 0.0,
        "accumulation_estimate": 1.1920928955078125e-07,
        "demote_error": 2.9996037483215332e-05,
        "in_features": 1024,
        "neuron_idx": 3308,
        "batch_idx": 17
      }
    ]
  }
}