{
  "detector": {
    "detected_exceeded": false,
    "actual_err": 5.638599395751953e-05,
    "predicted_bound": 0.00013494996237568558,
    "elapsed_sec": 3.041046142578125
  },
  "analyzer_report": {
    "component_estimates": {
      "input_storage_error": 5.117058753967285e-05,
      "matmul1_accumulation_error": 5.117058753967285e-05,
      "scaling_error": 5.117058753967285e-05,
      "softmax_numerical_error": 5.117058753967285e-05,
      "matmul2_accumulation_error": 5.117058753967285e-05,
      "output_demote_error": 8.432567119598389e-05
    },
    "component_ratios": {
      "input_storage_error": 0.15042270795917473,
      "matmul1_accumulation_error": 0.15042270795917473,
      "scaling_error": 0.15042270795917473,
      "softmax_numerical_error": 0.15042270795917473,
      "matmul2_accumulation_error": 0.15042270795917473,
      "output_demote_error": 0.24788646020412633
    },
    "primary_source": "storage_error",
    "suggestion": "\u4e3b\u8981\u8bef\u5dee\u6765\u6e90\u4e3a\u8f93\u5165\u5b58\u50a8\u7cbe\u5ea6\u3002\u5efa\u8bae\uff1a\u63d0\u5347Q/K/V\u7684\u5b58\u50a8\u7cbe\u5ea6\uff1b\u8fdb\u884c\u8f93\u5165\u5f52\u4e00\u5316\uff1b\u68c0\u67e5embedding\u5c42\u7684\u8f93\u51fa\u8303\u56f4\u3002 \u68c0\u6d4b\u5230\u5927\u91cf\u5c16\u9510\u7684attention\u6a21\u5f0f\uff08\u4f4e\u71b5\uff09\uff0c\u8fd9\u4f1a\u653e\u5927softmax\u7684\u6570\u503c\u8bef\u5dee\u3002\u8003\u8651\u4f7f\u7528attention dropout\u6216\u6e29\u5ea6\u7f29\u653e\u3002",
    "attention_pattern_stats": {
      "global_avg_entropy": 3.878161907196045,
      "global_sparsity": 0.6949615478515625,
      "max_attention_weight": 1.0,
      "min_attention_weight": 0.0
    },
    "attention_behavior_stats": {
      "high_entropy_tokens": 0,
      "low_entropy_tokens": 6,
      "total_analyzed": 8
    },
    "top_tokens_summary": [
      {
        "batch_idx": 0,
        "head_idx": 6,
        "token_idx": 1,
        "token_error": 8.40512802824378e-06,
        "entropy_ref": 0.6931349039077759,
        "max_attention_weight_ref": 0.5024794340133667,
        "attention_weight_error": 2.682209014892578e-07,
        "stage_errors": {
          "storage_error": 1.9221972706873203e-05,
          "matmul1_error": 8.282967874376065e-10,
          "softmax_error": 5.327252438291907e-07,
          "matmul2_error": 7.023280886642169e-07,
          "demote_error": 5.3272524382919075e-08
        }
      },
      {
        "batch_idx": 0,
        "head_idx": 0,
        "token_idx": 1,
        "token_error": 8.112117939163e-06,
        "entropy_ref": 0.693122148513794,
        "max_attention_weight_ref": 0.5035377144813538,
        "attention_weight_error": 9.5367431640625e-07,
        "stage_errors": {
          "storage_error": 2.2049161543691298e-05,
          "matmul1_error": 1.2979046563394823e-09,
          "softmax_error": 8.099323167698458e-07,
          "matmul2_error": 6.867786851216806e-07,
          "demote_error": 8.099323167698458e-08
        }
      },
      {
        "batch_idx": 0,
        "head_idx": 1,
        "token_idx": 1,
        "token_error": 7.70965198171325e-06,
        "entropy_ref": 0.6931095123291016,
        "max_attention_weight_ref": 0.5043395757675171,
        "attention_weight_error": 1.3113021850585938e-06,
        "stage_errors": {
          "storage_error": 2.2801737486588536e-05,
          "matmul1_error": 1.398122956736604e-09,
          "softmax_error": 8.792922017164528e-07,
          "matmul2_error": 6.981698788877111e-07,
          "demote_error": 8.792922017164528e-08
        }
      },
      {
        "batch_idx": 0,
        "head_idx": 4,
        "token_idx": 2,
        "token_error": 7.6190026447875425e-06,
        "entropy_ref": 1.098604440689087,
        "max_attention_weight_ref": 0.33500242233276367,
        "attention_weight_error": 4.76837158203125e-07,
        "stage_errors": {
          "storage_error": 2.0838922864641063e-05,
          "matmul1_error": 1.1090137328696316e-09,
          "softmax_error": 6.903901521582156e-07,
          "matmul2_error": 6.83585494698491e-07,
          "demote_error": 6.903901521582156e-08
        }
      },
      {
        "batch_idx": 0,
        "head_idx": 7,
        "token_idx": 1,
        "token_error": 7.516456207667943e-06,
        "entropy_ref": 0.6931067109107971,
        "max_attention_weight_ref": 0.5044985413551331,
        "attention_weight_error": 1.519918441772461e-06,
        "stage_errors": {
          "storage_error": 2.1103893232066184e-05,
          "matmul1_error": 1.141150538787059e-09,
          "softmax_error": 7.050693966448307e-07,
          "matmul2_error": 6.900399057485629e-07,
          "demote_error": 7.050693966448307e-08
        }
      },
      {
        "batch_idx": 0,
        "head_idx": 5,
        "token_idx": 0,
        "token_error": 6.717869837302715e-06,
        "entropy_ref": -0.0,
        "max_attention_weight_ref": 1.0,
        "attention_weight_error": 0.0,
        "stage_errors": {
          "storage_error": 2.0995821614633314e-05,
          "matmul1_error": 1.102536382412062e-09,
          "softmax_error": 6.827642209827901e-07,
          "matmul2_error": 7.03164778315113e-07,
          "demote_error": 6.8276422098279e-08
        }
      },
      {
        "batch_idx": 0,
        "head_idx": 2,
        "token_idx": 1,
        "token_error": 6.68427173877717e-06,
        "entropy_ref": 0.6931338310241699,
        "max_attention_weight_ref": 0.5025795698165894,
        "attention_weight_error": 6.854534149169922e-07,
        "stage_errors": {
          "storage_error": 1.9155719655827852e-05,
          "matmul1_error": 7.994851992139334e-10,
          "softmax_error": 4.921615982311778e-07,
          "matmul2_error": 7.055041351122782e-07,
          "demote_error": 4.9216159823117776e-08
        }
      },
      {
        "batch_idx": 0,
        "head_idx": 7,
        "token_idx": 3,
        "token_error": 6.595677405130118e-06,
        "entropy_ref": 1.3862820863723755,
        "max_attention_weight_ref": 0.2521124482154846,
        "attention_weight_error": 4.172325134277344e-07,
        "stage_errors": {
          "storage_error": 1.9080696802120656e-05,
          "matmul1_error": 8.136974246551735e-10,
          "softmax_error": 5.027497536502779e-07,
          "matmul2_error": 6.900399057485629e-07,
          "demote_error": 5.0274975365027784e-08
        }
      }
    ],
    "head_analysis": [
      {
        "head_idx": 0,
        "avg_error": 1.6861489484654157e-06,
        "avg_entropy": 3.878161907196045,
        "avg_max_weight": 0.04287029802799225,
        "sparsity": 0.69525146484375
      },
      {
        "head_idx": 1,
        "avg_error": 1.8879703702623374e-06,
        "avg_entropy": 3.878161668777466,
        "avg_max_weight": 0.042876411229372025,
        "sparsity": 0.6949462890625
      },
      {
        "head_idx": 2,
        "avg_error": 1.765276806509064e-06,
        "avg_entropy": 3.878162145614624,
        "avg_max_weight": 0.04284645989537239,
        "sparsity": 0.6949462890625
      },
      {
        "head_idx": 3,
        "avg_error": 1.6963651887635933e-06,
        "avg_entropy": 3.878162384033203,
        "avg_max_weight": 0.04284347593784332,
        "sparsity": 0.6947021484375
      },
      {
        "head_idx": 4,
        "avg_error": 1.8257219380757306e-06,
        "avg_entropy": 3.8781614303588867,
        "avg_max_weight": 0.04287205636501312,
        "sparsity": 0.6949462890625
      },
      {
        "head_idx": 5,
        "avg_error": 1.99022724700626e-06,
        "avg_entropy": 3.878161668777466,
        "avg_max_weight": 0.04287511110305786,
        "sparsity": 0.694580078125
      },
      {
        "head_idx": 6,
        "avg_error": 2.0117183794354787e-06,
        "avg_entropy": 3.8781626224517822,
        "avg_max_weight": 0.042830582708120346,
        "sparsity": 0.6953125
      },
      {
        "head_idx": 7,
        "avg_error": 2.063221700154827e-06,
        "avg_entropy": 3.8781609535217285,