{
  "detector": {
    "detected_exceeded": false,
    "actual_err": 5.424022674560547e-06,
    "predicted_bound": 3.952171864511911e-05,
    "elapsed_sec": 2.673335552215576
  },
  "matrix_info": {
    "input_shape": [
      256,
      1024
    ],
    "weight_shape": [
      1024,
      512
    ],
    "output_shape": [
      256,
      512
    ],
    "accumulation_dim": 1024
  },
  "analyzer_report": {
    "component_estimates": {
      "input_storage_error": 5.424022674560547e-06,
      "weight_storage_error": 5.424022674560547e-06,
      "accumulation_error": 5.424022674560547e-06,
      "demote_error": 3.437139093875885e-05
    },
    "component_ratios": {
      "input_storage_error": 0.10710213689359667,
      "weight_storage_error": 0.10710213689359667,
      "accumulation_error": 0.10710213689359667,
      "demote_error": 0.67869358931921
    },
    "primary_source": "x_storage",
    "suggestion": "\u4e3b\u8981\u8bef\u5dee\u6765\u6e90\u4e3a\u8f93\u5165\u5b58\u50a8\u7cbe\u5ea6\u3002\u5efa\u8bae\uff1a\u63d0\u5347\u8f93\u5165\u5b58\u50a8\u7cbe\u5ea6\uff1b\u8fdb\u884c\u8f93\u5165\u5f52\u4e00\u5316\u6216\u6743\u91cd\u7f29\u653e\u4ee5\u6539\u5584\u6570\u503c\u8303\u56f4\u3002 \u68c0\u6d4b\u5230\u6570\u503c\u7a33\u5b9a\u6027\u95ee\u9898\uff08\u6761\u4ef6\u6570\u6307\u6807=4.35\uff09\u3002\u5efa\u8bae\uff1a(1)\u8f93\u5165/\u6743\u91cd\u9884\u5904\u7406\u548c\u5f52\u4e00\u5316\uff1b(2)\u68c0\u67e5\u662f\u5426\u5b58\u5728\u75c5\u6001\u77e9\u9635\u3002",
    "numerical_stability": {
      "average_condition_indicator": 4.347670328176634,
      "accumulation_dimension": 1024,
      "stability_assessment": "good"
    },
    "top_elements_summary": [
      {
        "coord": [
          200,
          246
        ],
        "element_error": 5.424022674560547e-06,
        "y_ref": 0.00840979814529419,
        "y_mixed": 0.00841522216796875,
        "x_storage_error": 0.00013992674939800054,
        "w_storage_error": 0.0,
        "accumulation_error_estimate": 1.4901161193847656e-08,
        "demote_error": 3.534369170665741e-06,
        "condition_indicator": 4.126060900943362,
        "product_stats": {
          "min": -0.0005269047105684876,
          "max": 0.0006474319961853325,
          "mean": 8.214537956519052e-06,
          "std": 0.00010640226537361741
        }
      },
      {
        "coord": [
          175,
          495
        ],
        "element_error": 5.304813385009766e-06,
        "y_ref": -0.00983196496963501,
        "y_mixed": -0.00982666015625,
        "x_storage_error": 0.00014785066014155746,
        "w_storage_error": 0.0,
        "accumulation_error_estimate": 1.4901161193847656e-08,
        "demote_error": 3.077089786529541e-06,
        "condition_indicator": 4.519666873966945,
        "product_stats": {
          "min": -0.001212453586049378,
          "max": 0.0007583227707073092,
          "mean": -9.59935368882725e-06,
          "std": 0.00011357342009432614
        }
      },
      {
        "coord": [
          63,
          131
        ],
        "element_error": 5.252659320831299e-06,
        "y_ref": -0.007822506129741669,
        "y_mixed": -0.0078277587890625,
        "x_storage_error": 0.00014681395259685814,
        "w_storage_error": 0.0,
        "accumulation_error_estimate": 1.4901161193847656e-08,
        "demote_error": 3.730878233909607e-06,
        "condition_indicator": 3.836913781377218,
        "product_stats": {
          "min": -0.0005542723811231554,
          "max": 0.0005127231706865132,
          "mean": -7.640651347173844e-06,
          "std": 0.00010340083099436015
        }
      },
      {
        "coord": [
          68,
          163
        ],
        "element_error": 5.119480192661285e-06,
        "y_ref": -0.009770744480192661,
        "y_mixed": -0.009765625,
        "x_storage_error": 0.00014534658112097532,
        "w_storage_error": 0.0,
        "accumulation_error_estimate": 1.4901161193847656e-08,
        "demote_error": 3.458932042121887e-06,
        "condition_indicator": 4.758480697454803,
        "product_stats": {
          "min": -0.0005221178289502859,
          "max": 0.0006015302496962249,
          "mean": -9.540121027384885e-06,
          "std": 9.888700151350349e-05
        }
      },
      {
        "coord": [
          136,
          497
        ],
        "element_error": 5.064532160758972e-06,
        "y_ref": -0.008435545489192009,
        "y_mixed": -0.00843048095703125,
        "x_storage_error": 0.00013942265650257468,
        "w_storage_error": 0.0,
        "accumulation_error_estimate": 1.4901161193847656e-08,
        "demote_error": 3.3229589462280273e-06,
        "condition_indicator": 4.271808210950053,
        "product_stats": {
          "min": -0.0007144729024730623,
          "max": 0.0005036021466366947,
          "mean": -8.236136636696756e-06,
          "std": 0.00010115806071553379
        }
      },
      {
        "coord": [
          223,
          128
        ],
        "element_error": 4.925765097141266e-06,
        "y_ref": 0.009875140152871609,
        "y_mixed": 0.00988006591796875,
        "x_storage_error": 0.0001404053036822006,
        "w_storage_error": 0.0,
        "accumulation_error_estimate": 1.4901161193847656e-08,
        "demote_error": 3.6330893635749817e-06,
        "condition_indicator": 3.6908717133647357,
        "product_stats": {
          "min": -0.0005238555022515357,
          "max": 0.0007299100980162621,
          "mean": 9.644955753174145e-06,
          "std": 9.92634886642918e-05
        }
      },
      {
        "coord": [
          225,
          280
        ],
        "element_error": 4.855915904045105e-06,
        "y_ref": 0.008954135701060295,
        "y_mixed": 0.00894927978515625,
        "x_storage_error": 0.0001644700823817402,
        "w_storage_error": 0.0,
        "accumulation_error_estimate": 1.4901161193847656e-08,
        "demote_error": 3.432855010032654e-06,
        "condition_indicator": 3.8411081736875676,
        "product_stats": {
          "min": -0.0004889565170742571,
          "max": 0.00044477192568592727,
          "mean": 8.742884347157087e-06,
          "std": 0.00010440157348057255
        }
      },
      {
        "coord": [
          101,
          407
        ],
        "element_error": 4.77861613035202e-06,
        "y_ref": 0.008831988088786602,
        "y_mixed": 0.00882720947265625,
        "x_storage_error": 0.00014524217112921178,
        "w_storage_error": 0.0,
        "accumulation_error_estimate": 1.4901161193847656e-08,
        "demote_error": 3.577210009098053e-06,
        "condition_indicator": 4.066005382721582,
        "product_stats": {
          "min": -0.0005668689263984561,
          "max": 0.0007652885396964848,
          "mean": 8.623813300800975e-06,
          "std": 9.743306145537645e-05
        }
      },
      {
        "coord": [
          179,
          370
        ],
        "element_error": 4.75812703371048e-06,
        "y_ref": -0.00793169904500246,
        "y_mixed": -0.00792694091796875,
        "x_storage_error": 0.0001467699185013771,
        "w_storage_error": 0.0,
        "accumulation_error_estimate": 1.4901161193847656e-08,
        "demote_error": 2.318061888217926e-06,
        "condition_indicator": 5.731236537852106,
        "product_stats": {
          "min": -0.0007844968349672854,
          "max": 0.000592216441873461,
          "mean": -7.743415153527167e-06,
          "std": 0.00010042807116406038
        }
      },
      {
        "coord": [
          21,
          335
        ],
        "element_error": 4.750676453113556e-06,
        "y_ref": -0.010081308893859386,
        "y_mixed": -0.0100860595703125,
        "x_storage_error": 0.000152089778566733,
        "w_storage_error": 0.0,
        "accumulation_error_estimate": 1.4901161193847656e-08,
        "demote_error": 3.812834620475769e-06,
        "condition_indicator": 4.634551009447967,
        "product_stats": {
          "min": -0.0006703244289383292,