{
  "detector": {
    "detected_exceeded": false,
    "actual_err": 6.586313247680664e-05,
    "predicted_bound": 0.000146134095848538,
    "elapsed_sec": 3.8096067905426025
  },
  "meta": {
    "distribution": "adversarial_sum",
    "bias": true,
    "batch_size": 32,
    "in_features": 1024,
    "out_features": 4096
  },
  "analyzer_report": {
    "component_estimates": {
      "input_storage_error": 6.586313247680664e-05,
      "weight_storage_error": 6.586313247680664e-05,
      "accumulation_error": 6.586313247680664e-05,
      "output_storage_error": 0.00010178983211517334,
      "bias_storage_error": 6.586313247680664e-05
    },
    "component_ratios": {
      "input_storage_error": 0.1803272000326384,
      "weight_storage_error": 0.1803272000326384,
      "accumulation_error": 0.1803272000326384,
      "output_storage_error": 0.27869119986944635,
      "bias_storage_error": 0.1803272000326384
    },
    "primary_source": "input_storage",
    "suggestion": "\u4e3b\u8981\u8bef\u5dee\u6765\u6e90\u4e3a\u8f93\u5165\u5b58\u50a8\u7cbe\u5ea6\u3002\u5efa\u8bae\uff1a\u63d0\u5347\u8f93\u5165\u5b58\u50a8\u7cbe\u5ea6\u6216\u8fdb\u884c\u8f93\u5165\u5f52\u4e00\u5316/\u6807\u51c6\u5316\u4ee5\u964d\u4f4e\u6570\u503c\u8303\u56f4\u3002",
    "aggregated_ratios": {
      "input_storage": 0.974502730577883,
      "weight_storage": 0.0,
      "bias_storage": 0.0,
      "accumulation": 0.00011132442598148719,
      "demote": 0.02538594499613556
    },
    "top_neurons_summary": [
      {
        "coord": [
          30,
          1854
        ],
        "neuron_error": 6.586313247680664e-05,
        "y_ref": 0.1375073790550232,
        "y_mixed": 0.1375732421875,
        "input_storage_error": 0.001489164074882865,
        "weight_storage_error": 0.0,
        "bias_storage_error": 0.0,
        "accumulation_estimate": 2.384185791015625e-07,
        "demote_error": 5.7369470596313477e-05,
        "in_features": 1024,
        "neuron_idx": 1854,
        "batch_idx": 30
      },
      {
        "coord": [
          12,
          4006
        ],
        "neuron_error": 5.485117435455322e-05,
        "y_ref": 0.12908317148685455,
        "y_mixed": 0.1290283203125,
        "input_storage_error": 0.0013923646183684468,
        "weight_storage_error": 0.0,
        "bias_storage_error": 0.0,
        "accumulation_estimate": 2.384185791015625e-07,
        "demote_error": 5.990266799926758e-05,
        "in_features": 1024,
        "neuron_idx": 4006,
        "batch_idx": 12
      },
      {
        "coord": [
          18,
          1954
        ],
        "neuron_error": 4.906952381134033e-05,
        "y_ref": 0.12641577422618866,
        "y_mixed": 0.12646484375,
        "input_storage_error": 0.0014742156490683556,
        "weight_storage_error": 0.0,
        "bias_storage_error": 0.0,
        "accumulation_estimate": 2.384185791015625e-07,
        "demote_error": 5.684792995452881e-05,
        "in_features": 1024,
        "neuron_idx": 1954,
        "batch_idx": 18
      },
      {
        "coord": [
          21,
          3638
        ],
        "neuron_error": 4.754215478897095e-05,
        "y_ref": 0.08582892268896103,
        "y_mixed": 0.08587646484375,
        "input_storage_error": 0.0014309370890259743,
        "weight_storage_error": 0.0,
        "bias_storage_error": 0.0,
        "accumulation_estimate": 1.1920928955078125e-07,
        "demote_error": 2.473592758178711e-05,
        "in_features": 1024,
        "neuron_idx": 3638,
        "batch_idx": 21
      },
      {
        "coord": [
          26,
          243
        ],
        "neuron_error": 4.7326087951660156e-05,
        "y_ref": 0.06932222843170166,
        "y_mixed": 0.06927490234375,
        "input_storage_error": 0.0014869315782561898,
        "weight_storage_error": 0.0,
        "bias_storage_error": 0.0,
        "accumulation_estimate": 1.1920928955078125e-07,
        "demote_error": 3.0025839805603027e-05,
        "in_features": 1024,
        "neuron_idx": 243,
        "batch_idx": 26
      },
      {
        "coord": [
          18,
          2213
        ],
        "neuron_error": 4.6834349632263184e-05,
        "y_ref": -0.07148636877536774,
        "y_mixed": -0.071533203125,
        "input_storage_error": 0.0014742156490683556,
        "weight_storage_error": 0.0,
        "bias_storage_error": 0.0,
        "accumulation_estimate": 1.1920928955078125e-07,
        "demote_error": 2.6561319828033447e-05,
        "in_features": 1024,
        "neuron_idx": 2213,
        "batch_idx": 18
      },
      {
        "coord": [
          6,
          1367
        ],
        "neuron_error": 4.6819448471069336e-05,
        "y_ref": -0.06367388367652893,
        "y_mixed": -0.063720703125,
        "input_storage_error": 0.0015125094214454293,
        "weight_storage_error": 0.0,
        "bias_storage_error": 0.0,
        "accumulation_estimate": 1.1920928955078125e-07,
        "demote_error": 2.8312206268310547e-05,
        "in_features": 1024,
        "neuron_idx": 1367,
        "batch_idx": 6
      },
      {
        "coord": [
          11,
          1461
        ],
        "neuron_error": 4.678219556808472e-05,
        "y_ref": 0.06596475094556808,
        "y_mixed": 0.06591796875,
        "input_storage_error": 0.0013417317532002926,
        "weight_storage_error": 0.0,
        "bias_storage_error": 0.0,
        "accumulation_estimate": 1.1920928955078125e-07,
        "demote_error": 2.6211142539978027e-05,
        "in_features": 1024,
        "neuron_idx": 1461,
        "batch_idx": 11
      },
      {
        "coord": [
          28,
          2692
        ],
        "neuron_error": 4.67449426651001e-05,
        "y_ref": 0.1329813152551651,
        "y_mixed": 0.1329345703125,
        "input_storage_error": 0.001494765281677246,
        "weight_storage_error": 0.0,
        "bias_storage_error": 0.0,
        "accumulation_estimate": 2.384185791015625e-07,
        "demote_error": 4.749000072479248e-05,
        "in_features": 1024,
        "neuron_idx": 2692,
        "batch_idx": 28
      },
      {
        "coord": [
          6,
          758
        ],
        "neuron_error": 4.6722590923309326e-05,
        "y_ref": -0.07191372662782669,
        "y_mixed": -0.07196044921875,
        "input_storage_error": 0.0015125094214454293,
        "weight_storage_error": 0.0,
        "bias_storage_error": 0.0,
        "accumulation_estimate": 1.1920928955078125e-07,
        "demote_error": 2.311915159225464e-05,
        "in_features": 1024,
        "neuron_idx": 758,
        "batch_idx": 6
      }
    ]
  }
}