{
  "detector": {
    "detected_exceeded": false,
    "actual_err": 6.477534770965576e-05,
    "predicted_bound": 0.00014166728069540114,
    "elapsed_sec": 3.952603816986084
  },
  "meta": {
    "distribution": "adversarial_sum",
    "bias": true,
    "batch_size": 32,
    "in_features": 1024,
    "out_features": 4096
  },
  "analyzer_report": {
    "component_estimates": {
      "input_storage_error": 6.477534770965576e-05,
      "weight_storage_error": 6.477534770965576e-05,
      "accumulation_error": 6.477534770965576e-05,
      "output_storage_error": 0.00010834634304046631,
      "bias_storage_error": 6.477534770965576e-05
    },
    "component_ratios": {
      "input_storage_error": 0.17628452086459304,
      "weight_storage_error": 0.17628452086459304,
      "accumulation_error": 0.17628452086459304,
      "output_storage_error": 0.2948619165416278,
      "bias_storage_error": 0.17628452086459304
    },
    "primary_source": "input_storage",
    "suggestion": "\u4e3b\u8981\u8bef\u5dee\u6765\u6e90\u4e3a\u8f93\u5165\u5b58\u50a8\u7cbe\u5ea6\u3002\u5efa\u8bae\uff1a\u63d0\u5347\u8f93\u5165\u5b58\u50a8\u7cbe\u5ea6\u6216\u8fdb\u884c\u8f93\u5165\u5f52\u4e00\u5316/\u6807\u51c6\u5316\u4ee5\u964d\u4f4e\u6570\u503c\u8303\u56f4\u3002",
    "aggregated_ratios": {
      "input_storage": 0.9711671735310199,
      "weight_storage": 0.0,
      "bias_storage": 0.0,
      "accumulation": 0.00012988445293879748,
      "demote": 0.028702942016041365
    },
    "top_neurons_summary": [
      {
        "coord": [
          21,
          2857
        ],
        "neuron_error": 6.477534770965576e-05,
        "y_ref": 0.13238151371479034,
        "y_mixed": 0.1324462890625,
        "input_storage_error": 0.0014441086677834392,
        "weight_storage_error": 0.0,
        "bias_storage_error": 0.0,
        "accumulation_estimate": 2.384185791015625e-07,
        "demote_error": 5.836784839630127e-05,
        "in_features": 1024,
        "neuron_idx": 2857,
        "batch_idx": 21
      },
      {
        "coord": [
          13,
          1651
        ],
        "neuron_error": 6.261467933654785e-05,
        "y_ref": 0.12835535407066345,
        "y_mixed": 0.12841796875,
        "input_storage_error": 0.001454629236832261,
        "weight_storage_error": 0.0,
        "bias_storage_error": 0.0,
        "accumulation_estimate": 2.384185791015625e-07,
        "demote_error": 5.94407320022583e-05,
        "in_features": 1024,
        "neuron_idx": 1651,
        "batch_idx": 13
      },
      {
        "coord": [
          25,
          1495
        ],
        "neuron_error": 5.5983662605285645e-05,
        "y_ref": -0.12566633522510529,
        "y_mixed": -0.1256103515625,
        "input_storage_error": 0.0014365058159455657,
        "weight_storage_error": 0.0,
        "bias_storage_error": 0.0,
        "accumulation_estimate": 2.384185791015625e-07,
        "demote_error": 5.4076313972473145e-05,
        "in_features": 1024,
        "neuron_idx": 1495,
        "batch_idx": 25
      },
      {
        "coord": [
          29,
          1272
        ],
        "neuron_error": 5.294382572174072e-05,
        "y_ref": -0.12688399851322174,
        "y_mixed": -0.1268310546875,
        "input_storage_error": 0.0014450934249907732,
        "weight_storage_error": 0.0,
        "bias_storage_error": 0.0,
        "accumulation_estimate": 2.384185791015625e-07,
        "demote_error": 5.036592483520508e-05,
        "in_features": 1024,
        "neuron_idx": 1272,
        "batch_idx": 29
      },
      {
        "coord": [
          10,
          2803
        ],
        "neuron_error": 4.9680471420288086e-05,
        "y_ref": -0.07542809844017029,
        "y_mixed": -0.07537841796875,
        "input_storage_error": 0.0013755103573203087,
        "weight_storage_error": 0.0,
        "bias_storage_error": 0.0,
        "accumulation_estimate": 1.1920928955078125e-07,
        "demote_error": 3.0122697353363037e-05,
        "in_features": 1024,
        "neuron_idx": 2803,
        "batch_idx": 10
      },
      {
        "coord": [
          15,
          3195
        ],
        "neuron_error": 4.723668098449707e-05,
        "y_ref": -0.0708756148815155,
        "y_mixed": -0.0709228515625,
        "input_storage_error": 0.0014451277675107121,
        "weight_storage_error": 0.0,
        "bias_storage_error": 0.0,
        "accumulation_estimate": 1.1920928955078125e-07,
        "demote_error": 2.9072165489196777e-05,
        "in_features": 1024,
        "neuron_idx": 3195,
        "batch_idx": 15
      },
      {
        "coord": [
          31,
          3720
        ],
        "neuron_error": 4.717707633972168e-05,
        "y_ref": 0.13288739323616028,
        "y_mixed": 0.1329345703125,
        "input_storage_error": 0.0013407792430371046,
        "weight_storage_error": 0.0,
        "bias_storage_error": 0.0,
        "accumulation_estimate": 2.384185791015625e-07,
        "demote_error": 3.6343932151794434e-05,
        "in_features": 1024,
        "neuron_idx": 3720,
        "batch_idx": 31
      },
      {
        "coord": [
          14,
          1997
        ],
        "neuron_error": 4.713237285614014e-05,
        "y_ref": 0.12702806293964386,
        "y_mixed": 0.1270751953125,
        "input_storage_error": 0.0015157475136220455,
        "weight_storage_error": 0.0,
        "bias_storage_error": 0.0,
        "accumulation_estimate": 2.384185791015625e-07,
        "demote_error": 4.747509956359863e-05,
        "in_features": 1024,
        "neuron_idx": 1997,
        "batch_idx": 14
      },
      {
        "coord": [
          22,
          2136
        ],
        "neuron_error": 4.68716025352478e-05,
        "y_ref": -0.06907763332128525,
        "y_mixed": -0.06903076171875,
        "input_storage_error": 0.0013866962399333715,
        "weight_storage_error": 0.0,
        "bias_storage_error": 0.0,
        "accumulation_estimate": 1.1920928955078125e-07,
        "demote_error": 3.0077993869781494e-05,
        "in_features": 1024,
        "neuron_idx": 2136,
        "batch_idx": 22
      },
      {
        "coord": [
          26,
          1596
        ],
        "neuron_error": 4.6446919441223145e-05,
        "y_ref": 0.07060308754444122,
        "y_mixed": 0.070556640625,
        "input_storage_error": 0.0014173575909808278,
        "weight_storage_error": 0.0,
        "bias_storage_error": 0.0,
        "accumulation_estimate": 1.1920928955078125e-07,
        "demote_error": 2.615898847579956e-05,
        "in_features": 1024,
        "neuron_idx": 1596,
        "batch_idx": 26
      }
    ]
  }
}