{
  "detector": {
    "detected_exceeded": false,
    "actual_err": 8.809566497802734e-05,
    "predicted_bound": 0.00017327012756140905,
    "elapsed_sec": 3.657954692840576
  },
  "analyzer_report": {
    "component_estimates": {
      "input_storage_error": 8.809566497802734e-05,
      "statistics_computation_error": 8.809566497802734e-05,
      "output_storage_error": 0.00013974308967590332,
      "weight_storage_error": 8.809566497802734e-05,
      "bias_storage_error": 8.809566497802734e-05
    },
    "component_ratios": {
      "input_storage_error": 0.1790104765941985,
      "statistics_computation_error": 0.1790104765941985,
      "output_storage_error": 0.28395809362320595,
      "weight_storage_error": 0.1790104765941985,
      "bias_storage_error": 0.1790104765941985
    },
    "primary_source": "demote",
    "suggestion": "\u4e3b\u8981\u8bef\u5dee\u6765\u6e90\u4e3a\u8f93\u51fa\u964d\u7cbe\u5ea6\u3002\u5efa\u8bae\uff1a\u5ef6\u8fdf\u964d\u7cbe\u5ea6\u6216\u63d0\u9ad8\u8f93\u51fa\u7cbe\u5ea6\uff1b\u68c0\u67e5LayerNorm\u8f93\u51fa\u7684\u6570\u503c\u8303\u56f4\u3002",
    "statistics_errors": {
      "mean_error": 3.3132891985587776e-09,
      "var_error": 9.565681580170349e-13,
      "std_error": 2.3283064365386963e-10
    },
    "norm_behavior_stats": {
      "normal": 10
    },
    "top_elements_summary": [
      {
        "coord": [
          1,
          105,
          403
        ],
        "element_error": 8.809566497802734e-05,
        "x_original": -0.0004087510460522026,
        "y_ref": -0.12936055660247803,
        "y_mixed": -0.1292724609375,
        "norm_behavior": "normal",
        "storage_error": 1.0160147212445736e-07,
        "weight_error": 0.0,
        "bias_error": 0.0,
        "demote_error": 5.577504634857178e-05,
        "local_mean_error": 6.723439582856372e-10,
        "local_std_error": 0.0
      },
      {
        "coord": [
          5,
          234,
          554
        ],
        "element_error": 8.758902549743652e-05,
        "x_original": 0.00042685522930696607,
        "y_ref": 0.13717254996299744,
        "y_mixed": 0.1370849609375,
        "norm_behavior": "normal",
        "storage_error": 8.597271516919136e-08,
        "weight_error": 0.0,
        "bias_error": 0.0,
        "demote_error": 6.0170888900756836e-05,
        "local_mean_error": 7.885319064371288e-10,
        "local_std_error": 0.0
      },
      {
        "coord": [
          7,
          207,
          21
        ],
        "element_error": 8.668005466461182e-05,
        "x_original": -0.00039732205914333463,
        "y_ref": -0.1259411722421646,
        "y_mixed": -0.1258544921875,
        "norm_behavior": "normal",
        "storage_error": 1.1670636013150215e-07,
        "weight_error": 0.0,
        "bias_error": 0.0,
        "demote_error": 4.979968070983887e-05,
        "local_mean_error": 1.000444171950221e-11,
        "local_std_error": 0.0
      },
      {
        "coord": [
          2,
          104,
          338
        ],
        "element_error": 8.571147918701172e-05,
        "x_original": -0.000417315517552197,
        "y_ref": -0.131677508354187,
        "y_mixed": -0.131591796875,
        "norm_behavior": "normal",
        "storage_error": 8.300412446260452e-08,
        "weight_error": 0.0,
        "bias_error": 0.0,
        "demote_error": 5.950033664703369e-05,
        "local_mean_error": 8.338929546880536e-11,
        "local_std_error": 0.0
      },
      {
        "coord": [
          1,
          419,
          507
        ],
        "element_error": 8.514523506164551e-05,
        "x_original": 0.00041308178333565593,
        "y_ref": 0.12796661257743835,
        "y_mixed": 0.1280517578125,
        "norm_behavior": "normal",
        "storage_error": 9.761424735188484e-08,
        "weight_error": 0.0,
        "bias_error": 0.0,
        "demote_error": 5.449354648590088e-05,
        "local_mean_error": 6.175469025038183e-10,
        "local_std_error": 0.0
      },
      {
        "coord": [
          7,
          270,
          333
        ],
        "element_error": 8.422136306762695e-05,
        "x_original": 0.000490846112370491,
        "y_ref": 0.15206176042556763,
        "y_mixed": 0.1519775390625,
        "norm_behavior": "normal",
        "storage_error": 1.8067657947540283e-07,
        "weight_error": 0.0,
        "bias_error": 0.0,
        "demote_error": 2.734363079071045e-05,
        "local_mean_error": 7.285052561201155e-10,
        "local_std_error": 0.0
      },
      {
        "coord": [
          7,
          454,
          79
        ],
        "element_error": 8.356571197509766e-05,
        "x_original": -0.0003972842241637409,
        "y_ref": -0.1276470422744751,
        "y_mixed": -0.1275634765625,
        "norm_behavior": "normal",
        "storage_error": 7.887138053774834e-08,
        "weight_error": 0.0,
        "bias_error": 0.0,
        "demote_error": 5.88148832321167e-05,
        "local_mean_error": 5.825313564855605e-10,
        "local_std_error": 0.0
      },
      {
        "coord": [
          6,
          111,
          720
        ],
        "element_error": 8.283555507659912e-05,
        "x_original": -0.00040689620072953403,
        "y_ref": -0.1257716566324234,
        "y_mixed": -0.1258544921875,
        "norm_behavior": "normal",
        "storage_error": 8.431379683315754e-08,
        "weight_error": 0.0,
        "bias_error": 0.0,
        "demote_error": 5.6356191635131836e-05,
        "local_mean_error": 5.720721674151719e-10,
        "local_std_error": 0.0
      },
      {
        "coord": [
          3,
          384,
          439
        ],
        "element_error": 7.696449756622314e-05,
        "x_original": -0.00040063742198981345,
        "y_ref": -0.12776251137256622,
        "y_mixed": -0.127685546875,
        "norm_behavior": "normal",
        "storage_error": 9.4209099188447e-08,
        "weight_error": 0.0,
        "bias_error": 0.0,
        "demote_error": 4.756450653076172e-05,
        "local_mean_error": 1.1098109098384157e-09,
        "local_std_error": 0.0
      },
      {
        "coord": [
          2,
          505,
          367
        ],
        "element_error": 7.66366720199585e-05,
        "x_original": -0.00040684640407562256,
        "y_ref": -0.13056980073451996,
        "y_mixed": -0.1304931640625,
        "norm_behavior": "normal",
        "storage_error": 1.043081283569336e-07,
        "weight_error": 0.0,
        "bias_error": 0.0,
        "demote_error": 4.322826862335205e-05,
        "local_mean_error": 1.3692442735191435e-09,
        "local_std_error": 0.0
      }
    ]
  }
}