{
  "detector": {
    "detected_exceeded": false,
    "actual_err": 0.0026659369468688965,
    "predicted_bound": 0.0034696400165557862,
    "elapsed_sec": 2.4805212020874023
  },
  "analyzer_report": {
    "component_estimates": {
      "input_storage_error": 0.0026659369468688965,
      "max_subtraction_error": 0.0026659369468688965,
      "exponential_error": 0.0026659369468688965,
      "sum_accumulation_error": 0.0026659369468688965,
      "output_storage_error": 0.0026659369468688965
    },
    "component_ratios": {
      "input_storage_error": 0.2,
      "max_subtraction_error": 0.2,
      "exponential_error": 0.2,
      "sum_accumulation_error": 0.2,
      "output_storage_error": 0.2
    },
    "primary_source": "storage",
    "suggestion": "\u5206\u6790\u7ed3\u679c\u4e0d\u660e\u786e\uff1b\u8bf7\u68c0\u67e5\u8f93\u5165\u5206\u5e03\u6216\u589e\u52a0MC\u91c7\u6837\u3002 \u68c0\u6d4b\u5230\u6781\u5c0f\u7684exp\u503c\uff0c\u53ef\u80fd\u5bfc\u81f4\u4e0b\u6ea2\u548c\u7cbe\u5ea6\u635f\u5931\u3002 100.0%\u7684top\u8bef\u5dee\u6765\u81eamax logit\u4f4d\u7f6e\uff0c\u8fd9\u901a\u5e38\u5bf9softmax\u8f93\u51fa\u5f71\u54cd\u6700\u5927\u3002",
    "input_stats": {
      "min": -17.7898006439209,
      "max": 34.552268981933594,
      "mean": 0.8482174873352051,
      "std": 6.1077656745910645,
      "range": 52.342071533203125
    },
    "stability_stats": {
      "max_shifted_logit": 0.0,
      "min_shifted_logit": -51.04323196411133,
      "max_exp_val": 1.0,
      "min_exp_val": 6.795259197170831e-23,
      "exp_sum_max": 1.82606041431427,
      "exp_sum_min": 1.0037537813186646
    },
    "max_logit_error_ratio": 1.0,
    "top_elements_summary": [
      {
        "coord": [
          7,
          500
        ],
        "element_error": 0.0026659369468688965,
        "x_original": 24.884037017822266,
        "y_ref": 0.5476270318031311,
        "y_mixed": 0.55029296875,
        "storage_error": 0.006587982177734375,
        "demote_error": 2.384185791015625e-06,
        "logit_analysis": {
          "softmax_position": 500,
          "softmax_dim_size": 512,
          "is_max_logit": true,
          "distance_from_max": 0.0
        }
      },
      {
        "coord": [
          7,
          505
        ],
        "element_error": 0.002247750759124756,
        "x_original": 24.069873809814453,
        "y_ref": 0.24260419607162476,
        "y_mixed": 0.2403564453125,
        "storage_error": 0.007373809814453125,
        "demote_error": 4.979968070983887e-05,
        "logit_analysis": {
          "softmax_position": 505,
          "softmax_dim_size": 512,
          "is_max_logit": true,
          "distance_from_max": 0.0
        }
      },
      {
        "coord": [
          3,
          449
        ],
        "element_error": 0.0011542439460754395,
        "x_original": 25.31014060974121,
        "y_ref": 0.5828301310539246,
        "y_mixed": 0.583984375,
        "storage_error": 0.0023593902587890625,
        "demote_error": 3.826618194580078e-05,
        "logit_analysis": {
          "softmax_position": 449,
          "softmax_dim_size": 512,
          "is_max_logit": true,
          "distance_from_max": 0.0
        }
      },
      {
        "coord": [
          3,
          470
        ],
        "element_error": 0.0007190331816673279,
        "x_original": 23.60053253173828,
        "y_ref": 0.10545536130666733,
        "y_mixed": 0.104736328125,
        "storage_error": 0.00678253173828125,
        "demote_error": 2.6844441890716553e-05,
        "logit_analysis": {
          "softmax_position": 470,
          "softmax_dim_size": 512,
          "is_max_logit": true,
          "distance_from_max": 0.0
        }
      },
      {
        "coord": [
          0,
          27
        ],
        "element_error": 0.00037598609924316406,
        "x_original": 24.969894409179688,
        "y_ref": 0.8831884860992432,
        "y_mixed": 0.8828125,
        "storage_error": 0.0011444091796875,
        "demote_error": 0.00011622905731201172,
        "logit_analysis": {
          "softmax_position": 27,
          "softmax_dim_size": 512,
          "is_max_logit": true,
          "distance_from_max": 0.0
        }
      },
      {
        "coord": [
          4,
          90
        ],
        "element_error": 0.00037282705307006836,
        "x_original": 23.859779357910156,
        "y_ref": 0.6500177979469299,
        "y_mixed": 0.650390625,
        "storage_error": 0.00040435791015625,
        "demote_error": 9.1552734375e-05,
        "logit_analysis": {
          "softmax_position": 90,
          "softmax_dim_size": 512,
          "is_max_logit": true,
          "distance_from_max": 0.0
        }
      },
      {
        "coord": [
          0,
          384
        ],
        "element_error": 0.0003694482147693634,
        "x_original": 22.196821212768555,
        "y_ref": 0.05517254397273064,
        "y_mixed": 0.0555419921875,
        "storage_error": 0.0063037872314453125,
        "demote_error": 1.2043863534927368e-05,
        "logit_analysis": {
          "softmax_position": 384,
          "softmax_dim_size": 512,
          "is_max_logit": true,
          "distance_from_max": 0.0
        }
      },
      {
        "coord": [
          7,
          28
        ],
        "element_error": 0.00035988539457321167,
        "x_original": 22.679946899414062,
        "y_ref": 0.06043113023042679,
        "y_mixed": 0.060791015625,
        "storage_error": 0.0075531005859375,
        "demote_error": 6.802380084991455e-06,
        "logit_analysis": {
          "softmax_position": 28,
          "softmax_dim_size": 512,
          "is_max_logit": true,
          "distance_from_max": 0.0
        }
      },
      {
        "coord": [
          3,
          119
        ],
        "element_error": 0.00035978108644485474,
        "x_original": 23.768062591552734,
        "y_ref": 0.12468839436769485,
        "y_mixed": 0.12432861328125,
        "storage_error": 0.002437591552734375,
        "demote_error": 1.6987323760986328e-05,
        "logit_analysis": {
          "softmax_position": 119,
          "softmax_dim_size": 512,
          "is_max_logit": true,
          "distance_from_max": 0.0
        }
      },
      {
        "coord": [
          7,
          121
        ],
        "element_error": 0.00035911425948143005,
        "x_original": 22.536605834960938,
        "y_ref": 0.05236106738448143,
        "y_mixed": 0.052001953125,
        "storage_error": 0.0053558349609375,
        "demote_error": 1.0456889867782593e-05,
        "logit_analysis": {
          "softmax_position": 121,
          "softmax_dim_size": 512,
          "is_max_logit": true,
          "distance_from_max": 0.0
        }
      }
    ]
  }
}