{
  "detector": {
    "detected_exceeded": false,
    "actual_err": 5.769543349742889e-06,
    "predicted_bound": 3.97267136577284e-05,
    "elapsed_sec": 2.684462308883667
  },
  "matrix_info": {
    "input_shape": [
      256,
      1024
    ],
    "weight_shape": [
      1024,
      512
    ],
    "output_shape": [
      256,
      512
    ],
    "accumulation_dim": 1024
  },
  "analyzer_report": {
    "component_estimates": {
      "input_storage_error": 5.769543349742889e-06,
      "weight_storage_error": 5.769543349742889e-06,
      "accumulation_error": 5.769543349742889e-06,
      "demote_error": 3.4471042454242706e-05
    },
    "component_ratios": {
      "input_storage_error": 0.11142487139825173,
      "weight_storage_error": 0.11142487139825173,
      "accumulation_error": 0.11142487139825173,
      "demote_error": 0.6657253858052448
    },
    "primary_source": "x_storage",
    "suggestion": "\u4e3b\u8981\u8bef\u5dee\u6765\u6e90\u4e3a\u8f93\u5165\u5b58\u50a8\u7cbe\u5ea6\u3002\u5efa\u8bae\uff1a\u63d0\u5347\u8f93\u5165\u5b58\u50a8\u7cbe\u5ea6\uff1b\u8fdb\u884c\u8f93\u5165\u5f52\u4e00\u5316\u6216\u6743\u91cd\u7f29\u653e\u4ee5\u6539\u5584\u6570\u503c\u8303\u56f4\u3002",
    "numerical_stability": {
      "average_condition_indicator": 3.8152230565000544,
      "accumulation_dimension": 1024,
      "stability_assessment": "good"
    },
    "top_elements_summary": [
      {
        "coord": [
          94,
          255
        ],
        "element_error": 5.769543349742889e-06,
        "y_ref": -0.008111906237900257,
        "y_mixed": -0.00811767578125,
        "x_storage_error": 0.00014529780310112983,
        "w_storage_error": 0.0,
        "accumulation_error_estimate": 1.4901161193847656e-08,
        "demote_error": 3.5725533962249756e-06,
        "condition_indicator": 3.245512416564142,
        "product_stats": {
          "min": -0.000496957974974066,
          "max": 0.0004150528402533382,
          "mean": -7.923927114461549e-06,
          "std": 9.748360025696456e-05
        }
      },
      {
        "coord": [
          220,
          127
        ],
        "element_error": 5.54695725440979e-06,
        "y_ref": 0.00834101065993309,
        "y_mixed": 0.0083465576171875,
        "x_storage_error": 0.00015024888853076845,
        "w_storage_error": 0.0,
        "accumulation_error_estimate": 1.4901161193847656e-08,
        "demote_error": 3.7746503949165344e-06,
        "condition_indicator": 4.076391371632108,
        "product_stats": {
          "min": -0.000493215280584991,
          "max": 0.0006222628871910274,
          "mean": 8.14724808151368e-06,
          "std": 0.00010140807717107236
        }
      },
      {
        "coord": [
          137,
          260
        ],
        "element_error": 5.406327545642853e-06,
        "y_ref": -0.011370020918548107,
        "y_mixed": -0.01137542724609375,
        "x_storage_error": 0.0001452845463063568,
        "w_storage_error": 0.0,
        "accumulation_error_estimate": 1.4901161193847656e-08,
        "demote_error": 3.6992132663726807e-06,
        "condition_indicator": 4.0651434895365846,
        "product_stats": {
          "min": -0.0005551641224883497,
          "max": 0.0005744196241721511,
          "mean": -1.1105199519079179e-05,
          "std": 0.00010977328201988712
        }
      },
      {
        "coord": [
          125,
          120
        ],
        "element_error": 5.365349352359772e-06,
        "y_ref": -0.00793230626732111,
        "y_mixed": -0.00792694091796875,
        "x_storage_error": 0.0001511694717919454,
        "w_storage_error": 0.0,
        "accumulation_error_estimate": 1.4901161193847656e-08,
        "demote_error": 3.7141144275665283e-06,
        "condition_indicator": 3.69407785489349,
        "product_stats": {
          "min": -0.0005097467801533639,
          "max": 0.00041816045995801687,
          "mean": -7.744778486085124e-06,
          "std": 9.711691382108256e-05
        }
      },
      {
        "coord": [
          145,
          36
        ],
        "element_error": 5.327165126800537e-06,
        "y_ref": -0.0078834667801857,
        "y_mixed": -0.0078887939453125,
        "x_storage_error": 0.00015093950787559152,
        "w_storage_error": 0.0,
        "accumulation_error_estimate": 1.4901161193847656e-08,
        "demote_error": 3.632158041000366e-06,
        "condition_indicator": 3.972016384300325,
        "product_stats": {
          "min": -0.0005829252768307924,
          "max": 0.0005030559259466827,
          "mean": -7.700352398387622e-06,
          "std": 0.0001001943601295352
        }
      },
      {
        "coord": [
          1,
          463
        ],
        "element_error": 5.240552127361298e-06,
        "y_ref": -0.008924002759158611,
        "y_mixed": -0.00891876220703125,
        "x_storage_error": 0.0001441495551262051,
        "w_storage_error": 0.0,
        "accumulation_error_estimate": 1.4901161193847656e-08,
        "demote_error": 3.6908313632011414e-06,
        "condition_indicator": 4.191925274788364,
        "product_stats": {
          "min": -0.0005232731928117573,
          "max": 0.0004294354293961078,
          "mean": -8.713333045307081e-06,
          "std": 9.817843238124624e-05
        }
      },
      {
        "coord": [
          176,
          248
        ],
        "element_error": 5.1818788051605225e-06,
        "y_ref": -0.01003510132431984,
        "y_mixed": -0.010040283203125,
        "x_storage_error": 0.00014453401672653854,
        "w_storage_error": 0.0,
        "accumulation_error_estimate": 1.4901161193847656e-08,
        "demote_error": 3.6135315895080566e-06,
        "condition_indicator": 3.5416897558921114,
        "product_stats": {
          "min": -0.0004804260970558971,
          "max": 0.0006165074883028865,
          "mean": -9.801434316614177e-06,
          "std": 0.00010043282964034006
        }
      },
      {
        "coord": [
          39,
          365
        ],
        "element_error": 5.107372999191284e-06,
        "y_ref": 0.01565041020512581,
        "y_mixed": 0.015655517578125,
        "x_storage_error": 0.00014482038386631757,
        "w_storage_error": 0.0,
        "accumulation_error_estimate": 2.9802322387695312e-08,
        "demote_error": 5.198642611503601e-06,
        "condition_indicator": 3.6415488098086386,
        "product_stats": {
          "min": -0.0005366955883800983,
          "max": 0.0006880332948639989,
          "mean": 1.5283510947483592e-05,
          "std": 0.0001106558702304028
        }
      },
      {
        "coord": [
          225,
          459
        ],
        "element_error": 5.104579031467438e-06,
        "y_ref": 0.008005759678781033,
        "y_mixed": 0.0080108642578125,
        "x_storage_error": 0.00014536481467075646,
        "w_storage_error": 0.0,
        "accumulation_error_estimate": 1.4901161193847656e-08,
        "demote_error": 3.53250652551651e-06,
        "condition_indicator": 3.78447373298193,
        "product_stats": {
          "min": -0.0005285913357511163,
          "max": 0.00047331376117654145,
          "mean": 7.81965718488209e-06,
          "std": 0.00010079114872496575
        }
      },
      {
        "coord": [
          90,
          229
        ],
        "element_error": 5.07943332195282e-06,
        "y_ref": -0.010373426601290703,
        "y_mixed": -0.01036834716796875,
        "x_storage_error": 0.00014174373063724488,
        "w_storage_error": 0.0,
        "accumulation_error_estimate": 1.4901161193847656e-08,
        "demote_error": 3.3117830753326416e-06,
        "condition_indicator": 3.9394514746028477,
        "product_stats": {
          "min": -0.0006605747039429843,
          "max": 0.0006312596378847957,
          "mean": -1.0128567737410776e-05,
          "std": 0.00010665964509826154
        }
      }
    ]
  }
}