{
  "detector": {
    "detected_exceeded": false,
    "actual_err": 0.0027451515197753906,
    "predicted_bound": 0.005220278119668365,
    "elapsed_sec": 2.2357144355773926
  },
  "analyzer_report": {
    "component_estimates": {
      "input_storage_error": 0.0027451515197753906,
      "affine_params_error": 0.0027451515197753906,
      "statistics_computation_error": 0.0027451515197753906,
      "output_storage_error": 0.003256082534790039
    },
    "component_ratios": {
      "input_storage_error": 0.23888462416232703,
      "affine_params_error": 0.23888462416232703,
      "statistics_computation_error": 0.23888462416232703,
      "output_storage_error": 0.28334612751301896
    },
    "primary_source": "statistics",
    "suggestion": "\u4e3b\u8981\u8bef\u5dee\u6765\u6e90\u4e3a\u7edf\u8ba1\u91cf\u8ba1\u7b97\u7cbe\u5ea6\u3002\u5efa\u8bae\uff1a\u589e\u5927batch size\u3001\u4f7f\u7528\u66f4\u7a33\u5b9a\u7684\u7edf\u8ba1\u7b97\u6cd5\u6216\u8003\u8651LayerNorm\u66ff\u4ee3\u3002 31.2%\u7684\u901a\u9053\u65b9\u5dee\u63a5\u8fd1eps\uff0c\u5b58\u5728\u6570\u503c\u4e0d\u7a33\u5b9a\u98ce\u9669\u3002\u8003\u8651\u589e\u5927eps\u503c\u6216\u68c0\u67e5\u8f93\u5165\u6570\u636e\u9884\u5904\u7406\u3002",
    "batch_statistics": {
      "batch_size": 4,
      "num_channels": 32,
      "spatial_size": [
        16,
        16
      ],
      "input_range": {
        "min": -0.04356899857521057,
        "max": 0.0391039177775383,
        "mean": 4.327890565036796e-05,
        "std": 0.010049955919384956
      }
    },
    "numerical_feature_stats": {
      "near_zero_variance": 10,
      "extreme_values": 0,
      "small_batch": 0,
      "high_variance": 0
    },
    "channel_analysis_summary": [
      {
        "channel_index": 24,
        "channel_error": 0.00022702451678924263,
        "weight_error": 0.0,
        "bias_error": 0.0,
        "stats_instability_estimate": 0.5,
        "numerical_features": {
          "near_zero_variance": true,
          "extreme_values": false,
          "small_batch": false,
          "high_variance": false,
          "near_zero_mean": false,
          "skewed_distribution": false
        }
      },
      {
        "channel_index": 21,
        "channel_error": 0.00022491639538202435,
        "weight_error": 0.0,
        "bias_error": 0.0,
        "stats_instability_estimate": 5.0,
        "numerical_features": {
          "near_zero_variance": true,
          "extreme_values": false,
          "small_batch": false,
          "high_variance": false,
          "near_zero_mean": false,
          "skewed_distribution": false
        }
      },
      {
        "channel_index": 8,
        "channel_error": 0.00021637510508298874,
        "weight_error": 0.0,
        "bias_error": 0.0,
        "stats_instability_estimate": 5.0,
        "numerical_features": {
          "near_zero_variance": true,
          "extreme_values": false,
          "small_batch": false,
          "high_variance": false,
          "near_zero_mean": false,
          "skewed_distribution": false
        }
      },
      {
        "channel_index": 23,
        "channel_error": 0.0002157307753805071,
        "weight_error": 0.0,
        "bias_error": 0.0,
        "stats_instability_estimate": 5.0,
        "numerical_features": {
          "near_zero_variance": true,
          "extreme_values": false,
          "small_batch": false,
          "high_variance": false,
          "near_zero_mean": false,
          "skewed_distribution": false
        }
      },
      {
        "channel_index": 2,
        "channel_error": 0.00021318835206329823,
        "weight_error": 0.0,
        "bias_error": 0.0,
        "stats_instability_estimate": 5.0,
        "numerical_features": {
          "near_zero_variance": true,
          "extreme_values": false,
          "small_batch": false,
          "high_variance": false,
          "near_zero_mean": false,
          "skewed_distribution": false
        }
      },
      {
        "channel_index": 10,
        "channel_error": 0.00020836142357438803,
        "weight_error": 0.0,
        "bias_error": 0.0,
        "stats_instability_estimate": 5.0,
        "numerical_features": {
          "near_zero_variance": true,
          "extreme_values": false,
          "small_batch": false,
          "high_variance": false,
          "near_zero_mean": false,
          "skewed_distribution": false
        }
      },
      {
        "channel_index": 0,
        "channel_error": 0.00020274464623071253,
        "weight_error": 0.0,
        "bias_error": 0.0,
        "stats_instability_estimate": 5.0,
        "numerical_features": {
          "near_zero_variance": true,
          "extreme_values": false,
          "small_batch": false,
          "high_variance": false,
          "near_zero_mean": false,
          "skewed_distribution": false
        }
      },
      {
        "channel_index": 14,
        "channel_error": 0.0002026492584263906,
        "weight_error": 0.0,
        "bias_error": 0.0,
        "stats_instability_estimate": 0.5,
        "numerical_features": {
          "near_zero_variance": true,
          "extreme_values": false,
          "small_batch": false,
          "high_variance": false,
          "near_zero_mean": false,
          "skewed_distribution": false
        }
      },
      {
        "channel_index": 6,
        "channel_error": 0.00020247240900062025,
        "weight_error": 0.0,
        "bias_error": 0.0,
        "stats_instability_estimate": 0.5,
        "numerical_features": {
          "near_zero_variance": true,
          "extreme_values": false,
          "small_batch": false,
          "high_variance": false,
          "near_zero_mean": false,
          "skewed_distribution": false
        }
      },
      {
        "channel_index": 31,
        "channel_error": 0.00020139319531153888,
        "weight_error": 0.0,
        "bias_error": 0.0,
        "stats_instability_estimate": 0.5,
        "numerical_features": {
          "near_zero_variance": true,
          "extreme_values": false,
          "small_batch": false,
          "high_variance": false,
          "near_zero_mean": false,
          "skewed_distribution": false
        }
      }
    ]
  }
}