{
  "detector": {
    "detected_exceeded": false,
    "actual_err": 5.318783223628998e-06,
    "predicted_bound": 3.934666092391126e-05,
    "elapsed_sec": 2.6530985832214355
  },
  "matrix_info": {
    "input_shape": [
      256,
      1024
    ],
    "weight_shape": [
      1024,
      512
    ],
    "output_shape": [
      256,
      512
    ],
    "accumulation_dim": 1024
  },
  "analyzer_report": {
    "component_estimates": {
      "input_storage_error": 5.318783223628998e-06,
      "weight_storage_error": 5.318783223628998e-06,
      "accumulation_error": 5.318783223628998e-06,
      "demote_error": 3.446824848651886e-05
    },
    "component_ratios": {
      "input_storage_error": 0.10547993277062594,
      "weight_storage_error": 0.10547993277062594,
      "accumulation_error": 0.10547993277062594,
      "demote_error": 0.6835602016881221
    },
    "primary_source": "x_storage",
    "suggestion": "\u4e3b\u8981\u8bef\u5dee\u6765\u6e90\u4e3a\u8f93\u5165\u5b58\u50a8\u7cbe\u5ea6\u3002\u5efa\u8bae\uff1a\u63d0\u5347\u8f93\u5165\u5b58\u50a8\u7cbe\u5ea6\uff1b\u8fdb\u884c\u8f93\u5165\u5f52\u4e00\u5316\u6216\u6743\u91cd\u7f29\u653e\u4ee5\u6539\u5584\u6570\u503c\u8303\u56f4\u3002",
    "numerical_stability": {
      "average_condition_indicator": 3.88722222390766,
      "accumulation_dimension": 1024,
      "stability_assessment": "good"
    },
    "top_elements_summary": [
      {
        "coord": [
          74,
          368
        ],
        "element_error": 5.318783223628998e-06,
        "y_ref": 0.007830069400370121,
        "y_mixed": 0.00783538818359375,
        "x_storage_error": 0.00014362475485540926,
        "w_storage_error": 0.0,
        "accumulation_error_estimate": 1.4901161193847656e-08,
        "demote_error": 3.7318095564842224e-06,
        "condition_indicator": 3.319545300267082,
        "product_stats": {
          "min": -0.00042148533975705504,
          "max": 0.0008099520928226411,
          "mean": 7.648102837265469e-06,
          "std": 0.00010595822095638141
        }
      },
      {
        "coord": [
          210,
          189
        ],
        "element_error": 5.223788321018219e-06,
        "y_ref": -0.007863500155508518,
        "y_mixed": -0.0078582763671875,
        "x_storage_error": 0.00014766679669264704,
        "w_storage_error": 0.0,
        "accumulation_error_estimate": 1.4901161193847656e-08,
        "demote_error": 3.4226104617118835e-06,
        "condition_indicator": 3.215629802900016,
        "product_stats": {
          "min": -0.0007306633633561432,
          "max": 0.0005217569996602833,
          "mean": -7.677439498365857e-06,
          "std": 9.740706445882097e-05
        }
      },
      {
        "coord": [
          69,
          7
        ],
        "element_error": 5.212612450122833e-06,
        "y_ref": 0.010495630092918873,
        "y_mixed": 0.01049041748046875,
        "x_storage_error": 0.0001411996054230258,
        "w_storage_error": 0.0,
        "accumulation_error_estimate": 1.4901161193847656e-08,
        "demote_error": 3.069639205932617e-06,
        "condition_indicator": 4.4353309875076405,
        "product_stats": {
          "min": -0.0005277515738271177,
          "max": 0.000510973681230098,
          "mean": 1.02475423773285e-05,
          "std": 9.535775461699814e-05
        }
      },
      {
        "coord": [
          40,
          230
        ],
        "element_error": 5.098059773445129e-06,
        "y_ref": -0.008616117760539055,
        "y_mixed": -0.0086212158203125,
        "x_storage_error": 0.00015461735893040895,
        "w_storage_error": 0.0,
        "accumulation_error_estimate": 1.4901161193847656e-08,
        "demote_error": 3.6386772990226746e-06,
        "condition_indicator": 3.441883285709316,
        "product_stats": {
          "min": -0.0006814681692048907,
          "max": 0.0004560342931654304,
          "mean": -8.415604497713502e-06,
          "std": 0.00010356231359764934
        }
      },
      {
        "coord": [
          156,
          498
        ],
        "element_error": 5.075708031654358e-06,
        "y_ref": 0.013834645971655846,
        "y_mixed": 0.0138397216796875,
        "x_storage_error": 0.0001471691211918369,
        "w_storage_error": 0.0,
        "accumulation_error_estimate": 1.4901161193847656e-08,
        "demote_error": 3.734603524208069e-06,
        "condition_indicator": 3.8113601620879787,
        "product_stats": {
          "min": -0.0005367809790186584,
          "max": 0.0005949931219220161,
          "mean": 1.3511707038560417e-05,
          "std": 0.00010007311357185245
        }
      },
      {
        "coord": [
          202,
          28
        ],
        "element_error": 4.9602240324020386e-06,
        "y_ref": -0.009218977764248848,
        "y_mixed": -0.00922393798828125,
        "x_storage_error": 0.00014212285168468952,
        "w_storage_error": 0.0,
        "accumulation_error_estimate": 1.4901161193847656e-08,
        "demote_error": 3.384426236152649e-06,
        "condition_indicator": 4.307693238904713,
        "product_stats": {
          "min": -0.0006107899243943393,
          "max": 0.0004140904638916254,
          "mean": -9.004445928439964e-06,
          "std": 0.00010057893086923286
        }
      },
      {
        "coord": [
          120,
          474
        ],
        "element_error": 4.920177161693573e-06,
        "y_ref": 0.007937279529869556,
        "y_mixed": 0.00794219970703125,
        "x_storage_error": 0.0001431521523045376,
        "w_storage_error": 0.0,
        "accumulation_error_estimate": 1.4901161193847656e-08,
        "demote_error": 3.0705705285072327e-06,
        "condition_indicator": 4.354221201801224,
        "product_stats": {
          "min": -0.0005340732750482857,
          "max": 0.0006501669413410127,
          "mean": 7.753053068881854e-06,
          "std": 0.00010381492029409856
        }
      },
      {
        "coord": [
          117,
          413
        ],
        "element_error": 4.896894097328186e-06,
        "y_ref": -0.008015761151909828,
        "y_mixed": -0.0080108642578125,
        "x_storage_error": 0.00013746587501373142,
        "w_storage_error": 0.0,
        "accumulation_error_estimate": 1.4901161193847656e-08,
        "demote_error": 3.8025900721549988e-06,
        "condition_indicator": 3.7534176165986293,
        "product_stats": {
          "min": -0.0008301822817884386,
          "max": 0.00045859094825573266,
          "mean": -7.82682400313206e-06,
          "std": 9.399342525284737e-05
        }
      },
      {
        "coord": [
          208,
          334
        ],
        "element_error": 4.858709871768951e-06,
        "y_ref": -0.008242516778409481,
        "y_mixed": -0.00824737548828125,
        "x_storage_error": 0.000137150171212852,
        "w_storage_error": 0.0,
        "accumulation_error_estimate": 1.4901161193847656e-08,
        "demote_error": 3.4812837839126587e-06,
        "condition_indicator": 3.296980960062347,
        "product_stats": {
          "min": -0.0006046257331036031,
          "max": 0.00045532864169217646,
          "mean": -8.050677934079431e-06,
          "std": 9.49448804021813e-05
        }
      },
      {
        "coord": [
          114,
          263
        ],
        "element_error": 4.832632839679718e-06,
        "y_ref": -0.00868504773825407,
        "y_mixed": -0.00868988037109375,
        "x_storage_error": 0.00015064844046719372,
        "w_storage_error": 0.0,
        "accumulation_error_estimate": 1.4901161193847656e-08,
        "demote_error": 3.771856427192688e-06,
        "condition_indicator": 4.936159683237657,
        "product_stats": {
          "min": -0.0007104722899384797,
          "max": 0.0004773003456648439,
          "mean": -8.482528755848762e-06,
          "std": 0.00010739464778453112
        }
      }
    ]
  }
}