{
  "detector": {
    "detected_exceeded": false,
    "actual_err": 5.9932470321655273e-05,
    "predicted_bound": 0.00013691236963495613,
    "elapsed_sec": 3.7136242389678955
  },
  "meta": {
    "distribution": "adversarial_sum",
    "bias": true,
    "batch_size": 32,
    "in_features": 1024,
    "out_features": 4096
  },
  "analyzer_report": {
    "component_estimates": {
      "input_storage_error": 5.9932470321655273e-05,
      "weight_storage_error": 5.9932470321655273e-05,
      "accumulation_error": 5.9932470321655273e-05,
      "output_storage_error": 0.00010457634925842285,
      "bias_storage_error": 5.9932470321655273e-05
    },
    "component_ratios": {
      "input_storage_error": 0.17406734181597852,
      "weight_storage_error": 0.17406734181597852,
      "accumulation_error": 0.17406734181597852,
      "output_storage_error": 0.30373063273608586,
      "bias_storage_error": 0.17406734181597852
    },
    "primary_source": "input_storage",
    "suggestion": "\u4e3b\u8981\u8bef\u5dee\u6765\u6e90\u4e3a\u8f93\u5165\u5b58\u50a8\u7cbe\u5ea6\u3002\u5efa\u8bae\uff1a\u63d0\u5347\u8f93\u5165\u5b58\u50a8\u7cbe\u5ea6\u6216\u8fdb\u884c\u8f93\u5165\u5f52\u4e00\u5316/\u6807\u51c6\u5316\u4ee5\u964d\u4f4e\u6570\u503c\u8303\u56f4\u3002",
    "aggregated_ratios": {
      "input_storage": 0.9717200126413444,
      "weight_storage": 0.0,
      "bias_storage": 0.0,
      "accumulation": 0.00012843593464050186,
      "demote": 0.028151551424015004
    },
    "top_neurons_summary": [
      {
        "coord": [
          13,
          669
        ],
        "neuron_error": 5.9932470321655273e-05,
        "y_ref": 0.13433948159217834,
        "y_mixed": 0.1343994140625,
        "input_storage_error": 0.0013552044983953238,
        "weight_storage_error": 0.0,
        "bias_storage_error": 0.0,
        "accumulation_estimate": 2.384185791015625e-07,
        "demote_error": 5.692243576049805e-05,
        "in_features": 1024,
        "neuron_idx": 669,
        "batch_idx": 13
      },
      {
        "coord": [
          10,
          3756
        ],
        "neuron_error": 5.4955482482910156e-05,
        "y_ref": -0.1252990961074829,
        "y_mixed": -0.125244140625,
        "input_storage_error": 0.0015226268442347646,
        "weight_storage_error": 0.0,
        "bias_storage_error": 0.0,
        "accumulation_estimate": 2.384185791015625e-07,
        "demote_error": 4.805624485015869e-05,
        "in_features": 1024,
        "neuron_idx": 3756,
        "batch_idx": 10
      },
      {
        "coord": [
          15,
          3467
        ],
        "neuron_error": 5.443394184112549e-05,
        "y_ref": 0.13347728550434113,
        "y_mixed": 0.1334228515625,
        "input_storage_error": 0.0014421349624171853,
        "weight_storage_error": 0.0,
        "bias_storage_error": 0.0,
        "accumulation_estimate": 2.384185791015625e-07,
        "demote_error": 4.966557025909424e-05,
        "in_features": 1024,
        "neuron_idx": 3467,
        "batch_idx": 15
      },
      {
        "coord": [
          17,
          1126
        ],
        "neuron_error": 5.0373375415802e-05,
        "y_ref": 0.0628768727183342,
        "y_mixed": 0.06292724609375,
        "input_storage_error": 0.0014618535060435534,
        "weight_storage_error": 0.0,
        "bias_storage_error": 0.0,
        "accumulation_estimate": 1.1920928955078125e-07,
        "demote_error": 2.9385089874267578e-05,
        "in_features": 1024,
        "neuron_idx": 1126,
        "batch_idx": 17
      },
      {
        "coord": [
          27,
          294
        ],
        "neuron_error": 4.91216778755188e-05,
        "y_ref": -0.06425810605287552,
        "y_mixed": -0.064208984375,
        "input_storage_error": 0.0014644362963736057,
        "weight_storage_error": 0.0,
        "bias_storage_error": 0.0,
        "accumulation_estimate": 1.1920928955078125e-07,
        "demote_error": 3.03611159324646e-05,
        "in_features": 1024,
        "neuron_idx": 294,
        "batch_idx": 27
      },
      {
        "coord": [
          11,
          2513
        ],
        "neuron_error": 4.7832727432250977e-05,
        "y_ref": -0.12516990303993225,
        "y_mixed": -0.1251220703125,
        "input_storage_error": 0.001470024697482586,
        "weight_storage_error": 0.0,
        "bias_storage_error": 0.0,
        "accumulation_estimate": 2.384185791015625e-07,
        "demote_error": 4.7832727432250977e-05,
        "in_features": 1024,
        "neuron_idx": 2513,
        "batch_idx": 11
      },
      {
        "coord": [
          21,
          1699
        ],
        "neuron_error": 4.6312808990478516e-05,
        "y_ref": 0.13066154718399048,
        "y_mixed": 0.130615234375,
        "input_storage_error": 0.0014235397102311254,
        "weight_storage_error": 0.0,
        "bias_storage_error": 0.0,
        "accumulation_estimate": 2.384185791015625e-07,
        "demote_error": 5.0187110900878906e-05,
        "in_features": 1024,
        "neuron_idx": 1699,
        "batch_idx": 21
      },
      {
        "coord": [
          18,
          2188
        ],
        "neuron_error": 4.567950963973999e-05,
        "y_ref": -0.07423410564661026,
        "y_mixed": -0.07427978515625,
        "input_storage_error": 0.0014151636278256774,
        "weight_storage_error": 0.0,
        "bias_storage_error": 0.0,
        "accumulation_estimate": 1.1920928955078125e-07,
        "demote_error": 2.8677284717559814e-05,
        "in_features": 1024,
        "neuron_idx": 2188,
        "batch_idx": 18
      },
      {
        "coord": [
          12,
          2006
        ],
        "neuron_error": 4.565715789794922e-05,
        "y_ref": -0.06419360637664795,
        "y_mixed": -0.06414794921875,
        "input_storage_error": 0.0014811318833380938,
        "weight_storage_error": 0.0,
        "bias_storage_error": 0.0,
        "accumulation_estimate": 1.1920928955078125e-07,
        "demote_error": 2.8148293495178223e-05,
        "in_features": 1024,
        "neuron_idx": 2006,
        "batch_idx": 12
      },
      {
        "coord": [
          9,
          3808
        ],
        "neuron_error": 4.5493245124816895e-05,
        "y_ref": -0.13716153800487518,
        "y_mixed": -0.13720703125,
        "input_storage_error": 0.0013944936217740178,
        "weight_storage_error": 0.0,
        "bias_storage_error": 0.0,
        "accumulation_estimate": 2.384185791015625e-07,
        "demote_error": 4.883110523223877e-05,
        "in_features": 1024,
        "neuron_idx": 3808,
        "batch_idx": 9
      }
    ]
  }
}