{
  "detector": {
    "detected_exceeded": false,
    "actual_err": 2.9802265544276452e-08,
    "predicted_bound": 3.3601994437049144e-05,
    "elapsed_sec": 2.349472999572754
  },
  "analyzer_report": {
    "component_estimates": {
      "input_storage_error": 2.9802265544276452e-08,
      "output_storage_error": 3.05429712170735e-05
    },
    "component_ratios": {
      "input_storage_error": 0.0009747975780221772,
      "output_storage_error": 0.9990252024219778
    },
    "primary_source": "storage",
    "suggestion": "\u4e3b\u8981\u8bef\u5dee\u6765\u6e90\u4e3a\u8f93\u5165\u5b58\u50a8\u7cbe\u5ea6\u3002\u5efa\u8bae\uff1a\u63d0\u5347\u8f93\u5165\u5b58\u50a8\u7cbe\u5ea6\u6216\u8fdb\u884c\u8f93\u5165\u5f52\u4e00\u5316\uff0c\u7279\u522b\u6ce8\u610f\u63a5\u8fd1\u96f6\u7684\u503c\u3002 \u68c0\u6d4b\u5230\u63a5\u8fd1\u96f6\u7684\u8f93\u5165\u503c\uff0c\u8fd9\u4e9b\u5728ReLU\u4e2d\u6700\u5bb9\u6613\u4ea7\u751f\u7cbe\u5ea6\u8bef\u5dee\u3002\u8003\u8651\u6dfb\u52a0\u5c0f\u7684\u504f\u7f6e\u6216\u4f7f\u7528Leaky ReLU\u3002",
    "relu_behavior_stats": {
      "near_zero": 10
    },
    "top_elements_summary": [
      {
        "coord": [
          0,
          244,
          3,
          29
        ],
        "element_error": 2.9802265544276452e-08,
        "x_original": 5.066395374342392e-07,
        "y_ref": 5.066395374342392e-07,
        "y_mixed": 5.364418029785156e-07,
        "relu_behavior": "near_zero",
        "storage_error": 2.9802265544276452e-08,
        "demote_error": 0.0
      },
      {
        "coord": [
          0,
          82,
          15,
          4
        ],
        "element_error": 2.980209501401987e-08,
        "x_original": 3.874304184137145e-07,
        "y_ref": 3.874304184137145e-07,
        "y_mixed": 4.172325134277344e-07,
        "relu_behavior": "near_zero",
        "storage_error": 2.980209501401987e-08,
        "demote_error": 0.0
      },
      {
        "coord": [
          0,
          166,
          2,
          15
        ],
        "element_error": 2.980203817060101e-08,
        "x_original": 8.046629886848677e-07,
        "y_ref": 8.046629886848677e-07,
        "y_mixed": 8.344650268554688e-07,
        "relu_behavior": "near_zero",
        "storage_error": 2.980203817060101e-08,
        "demote_error": 0.0
      },
      {
        "coord": [
          0,
          168,
          7,
          7
        ],
        "element_error": 2.9801867640344426e-08,
        "x_original": 5.066399353381712e-07,
        "y_ref": 5.066399353381712e-07,
        "y_mixed": 5.364418029785156e-07,
        "relu_behavior": "near_zero",
        "storage_error": 2.9801867640344426e-08,
        "demote_error": 0.0
      },
      {
        "coord": [
          0,
          6,
          14,
          26
        ],
        "element_error": 2.9801483947267116e-08,
        "x_original": 2.0861709515429538e-07,
        "y_ref": 2.0861709515429538e-07,
        "y_mixed": 2.384185791015625e-07,
        "relu_behavior": "near_zero",
        "storage_error": 2.9801483947267116e-08,
        "demote_error": 0.0
      },
      {
        "coord": [
          0,
          231,
          28,
          31
        ],
        "element_error": 2.980135604957468e-08,
        "x_original": 6.854524485788716e-07,
        "y_ref": 6.854524485788716e-07,
        "y_mixed": 6.556510925292969e-07,
        "relu_behavior": "near_zero",
        "storage_error": 2.980135604957468e-08,
        "demote_error": 0.0
      },
      {
        "coord": [
          0,
          65,
          0,
          8
        ],
        "element_error": 2.980135604957468e-08,
        "x_original": 3.874311573781597e-07,
        "y_ref": 3.874311573781597e-07,
        "y_mixed": 4.172325134277344e-07,
        "relu_behavior": "near_zero",
        "storage_error": 2.980135604957468e-08,
        "demote_error": 0.0
      },
      {
        "coord": [
          0,
          53,
          4,
          26
        ],
        "element_error": 2.9801242362736957e-08,
        "x_original": 7.450569796674245e-07,
        "y_ref": 7.450569796674245e-07,
        "y_mixed": 7.152557373046875e-07,
        "relu_behavior": "near_zero",
        "storage_error": 2.9801242362736957e-08,
        "demote_error": 0.0
      },
      {
        "coord": [
          0,
          5,
          30,
          1
        ],
        "element_error": 2.9801128675899236e-08,
        "x_original": 1.4901280565027264e-07,
        "y_ref": 1.4901280565027264e-07,
        "y_mixed": 1.7881393432617188e-07,
        "relu_behavior": "near_zero",
        "storage_error": 2.9801128675899236e-08,
        "demote_error": 0.0
      },
      {
        "coord": [
          0,
          95,
          15,
          24
        ],
        "element_error": 2.9800830247950216e-08,
        "x_original": 2.0861774885361228e-07,
        "y_ref": 2.0861774885361228e-07,
        "y_mixed": 2.384185791015625e-07,
        "relu_behavior": "near_zero",
        "storage_error": 2.9800830247950216e-08,
        "demote_error": 0.0
      }
    ]
  }
}