{
  "detector": {
    "detected_exceeded": false,
    "actual_err": 5.465932190418243e-06,
    "predicted_bound": 3.937322071578819e-05,
    "elapsed_sec": 2.6501994132995605
  },
  "matrix_info": {
    "input_shape": [
      256,
      1024
    ],
    "weight_shape": [
      1024,
      512
    ],
    "output_shape": [
      256,
      512
    ],
    "accumulation_dim": 1024
  },
  "analyzer_report": {
    "component_estimates": {
      "input_storage_error": 5.465932190418243e-06,
      "weight_storage_error": 5.465932190418243e-06,
      "accumulation_error": 5.465932190418243e-06,
      "demote_error": 3.452785313129425e-05
    },
    "component_ratios": {
      "input_storage_error": 0.10733161427186774,
      "weight_storage_error": 0.10733161427186774,
      "accumulation_error": 0.10733161427186774,
      "demote_error": 0.6780051571843968
    },
    "primary_source": "x_storage",
    "suggestion": "\u4e3b\u8981\u8bef\u5dee\u6765\u6e90\u4e3a\u8f93\u5165\u5b58\u50a8\u7cbe\u5ea6\u3002\u5efa\u8bae\uff1a\u63d0\u5347\u8f93\u5165\u5b58\u50a8\u7cbe\u5ea6\uff1b\u8fdb\u884c\u8f93\u5165\u5f52\u4e00\u5316\u6216\u6743\u91cd\u7f29\u653e\u4ee5\u6539\u5584\u6570\u503c\u8303\u56f4\u3002",
    "numerical_stability": {
      "average_condition_indicator": 3.986174078735073,
      "accumulation_dimension": 1024,
      "stability_assessment": "good"
    },
    "top_elements_summary": [
      {
        "coord": [
          74,
          235
        ],
        "element_error": 5.465932190418243e-06,
        "y_ref": 0.007829922251403332,
        "y_mixed": 0.00783538818359375,
        "x_storage_error": 0.00014576206740457565,
        "w_storage_error": 0.0,
        "accumulation_error_estimate": 1.4901161193847656e-08,
        "demote_error": 3.213062882423401e-06,
        "condition_indicator": 4.138061763333631,
        "product_stats": {
          "min": -0.0007516397163271904,
          "max": 0.0004915011231787503,
          "mean": 7.648608516319655e-06,
          "std": 0.00010164384730160236
        }
      },
      {
        "coord": [
          41,
          217
        ],
        "element_error": 5.335547029972076e-06,
        "y_ref": 0.008051305077970028,
        "y_mixed": 0.008056640625,
        "x_storage_error": 0.00014067254960536957,
        "w_storage_error": 0.0,
        "accumulation_error_estimate": 1.4901161193847656e-08,
        "demote_error": 3.795139491558075e-06,
        "condition_indicator": 4.1091534862420795,
        "product_stats": {
          "min": -0.0006233263993635774,
          "max": 0.0006647108821198344,
          "mean": 7.864104190957732e-06,
          "std": 0.00010096118785440922
        }
      },
      {
        "coord": [
          94,
          177
        ],
        "element_error": 5.2247196435928345e-06,
        "y_ref": -0.010259130969643593,
        "y_mixed": -0.01025390625,
        "x_storage_error": 0.00015293361502699554,
        "w_storage_error": 0.0,
        "accumulation_error_estimate": 1.4901161193847656e-08,
        "demote_error": 3.7262216210365295e-06,
        "condition_indicator": 3.4694409029443922,
        "product_stats": {
          "min": -0.0006834117812104523,
          "max": 0.0005897186347283423,
          "mean": -1.001722012006212e-05,
          "std": 0.00010282945731887594
        }
      },
      {
        "coord": [
          61,
          316
        ],
        "element_error": 5.1567330956459045e-06,
        "y_ref": -0.007985503412783146,
        "y_mixed": -0.0079803466796875,
        "x_storage_error": 0.0001415660372003913,
        "w_storage_error": 0.0,
        "accumulation_error_estimate": 1.4901161193847656e-08,
        "demote_error": 3.7690624594688416e-06,
        "condition_indicator": 4.081957385721821,
        "product_stats": {
          "min": -0.000494579435326159,
          "max": 0.0003857057308778167,
          "mean": -7.796987119945697e-06,
          "std": 9.650024730945006e-05
        }
      },
      {
        "coord": [
          135,
          159
        ],
        "element_error": 4.981644451618195e-06,
        "y_ref": 0.008031104691326618,
        "y_mixed": 0.008026123046875,
        "x_storage_error": 0.00014460107195191085,
        "w_storage_error": 0.0,
        "accumulation_error_estimate": 1.4901161193847656e-08,
        "demote_error": 3.643333911895752e-06,
        "condition_indicator": 3.708318779205303,
        "product_stats": {
          "min": -0.0006985871586948633,
          "max": 0.000597479403950274,
          "mean": 7.841567821742501e-06,
          "std": 0.00010110731091117486
        }
      },
      {
        "coord": [
          171,
          423
        ],
        "element_error": 4.869885742664337e-06,
        "y_ref": 0.009325879625976086,
        "y_mixed": 0.00933074951171875,
        "x_storage_error": 0.00014808887499384582,
        "w_storage_error": 0.0,
        "accumulation_error_estimate": 1.4901161193847656e-08,
        "demote_error": 3.6656856536865234e-06,
        "condition_indicator": 3.708997713441519,
        "product_stats": {
          "min": -0.0004681057471316308,
          "max": 0.0006523452466353774,
          "mean": 9.108476660912856e-06,
          "std": 0.00010529516293900087
        }
      },
      {
        "coord": [
          161,
          495
        ],
        "element_error": 4.824250936508179e-06,
        "y_ref": 0.008793886750936508,
        "y_mixed": 0.0087890625,
        "x_storage_error": 0.00013807756477035582,
        "w_storage_error": 0.0,
        "accumulation_error_estimate": 1.4901161193847656e-08,
        "demote_error": 3.3583492040634155e-06,
        "condition_indicator": 3.533404433286686,
        "product_stats": {
          "min": -0.00053734629182145,
          "max": 0.0007443246431648731,
          "mean": 8.586348485550843e-06,
          "std": 9.53653288888745e-05
        }
      },
      {
        "coord": [
          34,
          481
        ],
        "element_error": 4.8102810978889465e-06,
        "y_ref": 0.008336109109222889,
        "y_mixed": 0.008331298828125,
        "x_storage_error": 0.00015206415264401585,
        "w_storage_error": 0.0,
        "accumulation_error_estimate": 1.4901161193847656e-08,
        "demote_error": 3.077089786529541e-06,
        "condition_indicator": 4.156659864106478,
        "product_stats": {
          "min": -0.0005562934675253928,
          "max": 0.0008186133345589042,
          "mean": 8.13903989183018e-06,
          "std": 0.00010627099254634231
        }
      },
      {
        "coord": [
          4,
          31
        ],
        "element_error": 4.800036549568176e-06,
        "y_ref": 0.008387533947825432,
        "y_mixed": 0.008392333984375,
        "x_storage_error": 0.00014174031093716621,
        "w_storage_error": 0.0,
        "accumulation_error_estimate": 1.4901161193847656e-08,
        "demote_error": 3.8053840398788452e-06,
        "condition_indicator": 4.468328890820227,
        "product_stats": {
          "min": -0.00040221010567620397,
          "max": 0.0005915665533393621,
          "mean": 8.191921551770065e-06,
          "std": 9.638487244956195e-05
        }
      },
      {
        "coord": [
          206,
          63
        ],
        "element_error": 4.7888606786727905e-06,
        "y_ref": -0.011830350384116173,
        "y_mixed": -0.0118255615234375,
        "x_storage_error": 0.0001447522809030488,
        "w_storage_error": 0.0,
        "accumulation_error_estimate": 1.4901161193847656e-08,
        "demote_error": 3.676861524581909e-06,
        "condition_indicator": 4.487417568248589,
        "product_stats": {
          "min": -0.0006612430443055928,
          "max": 0.000489578116685152,
          "mean": -1.1551990610314533e-05,
          "std": 0.00010822468902915716
        }
      }
    ]
  }
}