{
  "detector": {
    "detected_exceeded": false,
    "actual_err": 6.514787673950195e-05,
    "predicted_bound": 0.00013964531099190937,
    "elapsed_sec": 3.877638101577759
  },
  "meta": {
    "distribution": "adversarial_sum",
    "bias": true,
    "batch_size": 32,
    "in_features": 1024,
    "out_features": 4096
  },
  "analyzer_report": {
    "component_estimates": {
      "input_storage_error": 6.514787673950195e-05,
      "weight_storage_error": 6.514787673950195e-05,
      "accumulation_error": 6.514787673950195e-05,
      "output_storage_error": 0.00011032074689865112,
      "bias_storage_error": 6.514787673950195e-05
    },
    "component_ratios": {
      "input_storage_error": 0.17564228752787095,
      "weight_storage_error": 0.17564228752787095,
      "accumulation_error": 0.17564228752787095,
      "output_storage_error": 0.29743084988851615,
      "bias_storage_error": 0.17564228752787095
    },
    "primary_source": "input_storage",
    "suggestion": "\u4e3b\u8981\u8bef\u5dee\u6765\u6e90\u4e3a\u8f93\u5165\u5b58\u50a8\u7cbe\u5ea6\u3002\u5efa\u8bae\uff1a\u63d0\u5347\u8f93\u5165\u5b58\u50a8\u7cbe\u5ea6\u6216\u8fdb\u884c\u8f93\u5165\u5f52\u4e00\u5316/\u6807\u51c6\u5316\u4ee5\u964d\u4f4e\u6570\u503c\u8303\u56f4\u3002",
    "aggregated_ratios": {
      "input_storage": 0.972187497197711,
      "weight_storage": 0.0,
      "bias_storage": 0.0,
      "accumulation": 0.00012698413977859792,
      "demote": 0.027685518662510407
    },
    "top_neurons_summary": [
      {
        "coord": [
          21,
          3136
        ],
        "neuron_error": 6.514787673950195e-05,
        "y_ref": -0.1253092885017395,
        "y_mixed": -0.125244140625,
        "input_storage_error": 0.0014600951690226793,
        "weight_storage_error": 0.0,
        "bias_storage_error": 0.0,
        "accumulation_estimate": 2.384185791015625e-07,
        "demote_error": 5.479156970977783e-05,
        "in_features": 1024,
        "neuron_idx": 3136,
        "batch_idx": 21
      },
      {
        "coord": [
          22,
          3299
        ],
        "neuron_error": 6.130337715148926e-05,
        "y_ref": 0.1338498294353485,
        "y_mixed": 0.1339111328125,
        "input_storage_error": 0.001510169357061386,
        "weight_storage_error": 0.0,
        "bias_storage_error": 0.0,
        "accumulation_estimate": 2.384185791015625e-07,
        "demote_error": 5.7190656661987305e-05,
        "in_features": 1024,
        "neuron_idx": 3299,
        "batch_idx": 22
      },
      {
        "coord": [
          29,
          2045
        ],
        "neuron_error": 5.657970905303955e-05,
        "y_ref": 0.13067181408405304,
        "y_mixed": 0.130615234375,
        "input_storage_error": 0.0014396412298083305,
        "weight_storage_error": 0.0,
        "bias_storage_error": 0.0,
        "accumulation_estimate": 2.384185791015625e-07,
        "demote_error": 5.085766315460205e-05,
        "in_features": 1024,
        "neuron_idx": 2045,
        "batch_idx": 29
      },
      {
        "coord": [
          5,
          3349
        ],
        "neuron_error": 5.5089592933654785e-05,
        "y_ref": -0.12505508959293365,
        "y_mixed": -0.125,
        "input_storage_error": 0.0013852134579792619,
        "weight_storage_error": 0.0,
        "bias_storage_error": 0.0,
        "accumulation_estimate": 2.384185791015625e-07,
        "demote_error": 4.2051076889038086e-05,
        "in_features": 1024,
        "neuron_idx": 3349,
        "batch_idx": 5
      },
      {
        "coord": [
          25,
          1740
        ],
        "neuron_error": 5.361437797546387e-05,
        "y_ref": -0.15044423937797546,
        "y_mixed": -0.150390625,
        "input_storage_error": 0.0014140293933451176,
        "weight_storage_error": 0.0,
        "bias_storage_error": 0.0,
        "accumulation_estimate": 2.384185791015625e-07,
        "demote_error": 3.9950013160705566e-05,
        "in_features": 1024,
        "neuron_idx": 1740,
        "batch_idx": 25
      },
      {
        "coord": [
          6,
          3000
        ],
        "neuron_error": 5.245208740234375e-05,
        "y_ref": 0.12983036041259766,
        "y_mixed": 0.1298828125,
        "input_storage_error": 0.0015552446711808443,
        "weight_storage_error": 0.0,
        "bias_storage_error": 0.0,
        "accumulation_estimate": 2.384185791015625e-07,
        "demote_error": 5.4329633712768555e-05,
        "in_features": 1024,
        "neuron_idx": 3000,
        "batch_idx": 6
      },
      {
        "coord": [
          30,
          353
        ],
        "neuron_error": 4.9136579036712646e-05,
        "y_ref": -0.09373810142278671,
        "y_mixed": -0.09368896484375,
        "input_storage_error": 0.001500204554758966,
        "weight_storage_error": 0.0,
        "bias_storage_error": 0.0,
        "accumulation_estimate": 1.1920928955078125e-07,
        "demote_error": 2.9556453227996826e-05,
        "in_features": 1024,
        "neuron_idx": 353,
        "batch_idx": 30
      },
      {
        "coord": [
          28,
          3109
        ],
        "neuron_error": 4.883110523223877e-05,
        "y_ref": 0.06391601264476776,
        "y_mixed": 0.06396484375,
        "input_storage_error": 0.0013882064959034324,
        "weight_storage_error": 0.0,
        "bias_storage_error": 0.0,
        "accumulation_estimate": 1.1920928955078125e-07,
        "demote_error": 2.9958784580230713e-05,
        "in_features": 1024,
        "neuron_idx": 3109,
        "batch_idx": 28
      },
      {
        "coord": [
          29,
          1627
        ],
        "neuron_error": 4.757195711135864e-05,
        "y_ref": -0.08057986944913864,
        "y_mixed": -0.08062744140625,
        "input_storage_error": 0.0014396412298083305,
        "weight_storage_error": 0.0,
        "bias_storage_error": 0.0,
        "accumulation_estimate": 1.1920928955078125e-07,
        "demote_error": 2.767890691757202e-05,
        "in_features": 1024,
        "neuron_idx": 1627,
        "batch_idx": 29
      },
      {
        "coord": [
          22,
          3923
        ],
        "neuron_error": 4.7266483306884766e-05,
        "y_ref": 0.12040859460830688,
        "y_mixed": 0.120361328125,
        "input_storage_error": 0.001510169357061386,
        "weight_storage_error": 0.0,
        "bias_storage_error": 0.0,
        "accumulation_estimate": 1.1920928955078125e-07,
        "demote_error": 2.9481947422027588e-05,
        "in_features": 1024,
        "neuron_idx": 3923,
        "batch_idx": 22
      }
    ]
  }
}