{
  "detector": {
    "detected_exceeded": false,
    "actual_err": 0.0017439424991607666,
    "predicted_bound": 0.0021868914365768435,
    "elapsed_sec": 2.5146217346191406
  },
  "analyzer_report": {
    "component_estimates": {
      "input_storage_error": 0.0017439424991607666,
      "max_subtraction_error": 0.0017439424991607666,
      "exponential_error": 0.0017439424991607666,
      "sum_accumulation_error": 0.0017439424991607666,
      "output_storage_error": 0.0018941164016723633
    },
    "component_ratios": {
      "input_storage_error": 0.19661384834556353,
      "max_subtraction_error": 0.19661384834556353,
      "exponential_error": 0.19661384834556353,
      "sum_accumulation_error": 0.19661384834556353,
      "output_storage_error": 0.21354460661774588
    },
    "primary_source": "storage",
    "suggestion": "\u5206\u6790\u7ed3\u679c\u4e0d\u660e\u786e\uff1b\u8bf7\u68c0\u67e5\u8f93\u5165\u5206\u5e03\u6216\u589e\u52a0MC\u91c7\u6837\u3002 \u68c0\u6d4b\u5230\u6781\u5c0f\u7684exp\u503c\uff0c\u53ef\u80fd\u5bfc\u81f4\u4e0b\u6ea2\u548c\u7cbe\u5ea6\u635f\u5931\u3002 100.0%\u7684top\u8bef\u5dee\u6765\u81eamax logit\u4f4d\u7f6e\uff0c\u8fd9\u901a\u5e38\u5bf9softmax\u8f93\u51fa\u5f71\u54cd\u6700\u5927\u3002",
    "input_stats": {
      "min": -19.039592742919922,
      "max": 29.32187271118164,
      "mean": 1.0107063055038452,
      "std": 6.105565071105957,
      "range": 48.36146545410156
    },
    "stability_stats": {
      "max_shifted_logit": 0.0,
      "min_shifted_logit": -48.36146545410156,
      "max_exp_val": 1.0,
      "min_exp_val": 9.928471581786046e-22,
      "exp_sum_max": 2.646057605743408,
      "exp_sum_min": 1.0063552856445312
    },
    "max_logit_error_ratio": 1.0,
    "top_elements_summary": [
      {
        "coord": [
          6,
          359
        ],
        "element_error": 0.0017439424991607666,
        "x_original": 23.256572723388672,
        "y_ref": 0.43143144249916077,
        "y_mixed": 0.4296875,
        "storage_error": 0.006572723388671875,
        "demote_error": 0.00010925531387329102,
        "logit_analysis": {
          "softmax_position": 359,
          "softmax_dim_size": 512,
          "is_max_logit": true,
          "distance_from_max": 0.0
        }
      },
      {
        "coord": [
          4,
          76
        ],
        "element_error": 0.0014058351516723633,
        "x_original": 25.964683532714844,
        "y_ref": 0.7788676023483276,
        "y_mixed": 0.7802734375,
        "storage_error": 0.00406646728515625,
        "demote_error": 2.193450927734375e-05,
        "logit_analysis": {
          "softmax_position": 76,
          "softmax_dim_size": 512,
          "is_max_logit": true,
          "distance_from_max": 0.0
        }
      },
      {
        "coord": [
          4,
          15
        ],
        "element_error": 0.0013003051280975342,
        "x_original": 24.613821029663086,
        "y_ref": 0.20173975825309753,
        "y_mixed": 0.200439453125,
        "storage_error": 0.0044460296630859375,
        "demote_error": 4.3019652366638184e-05,
        "logit_analysis": {
          "softmax_position": 15,
          "softmax_dim_size": 512,
          "is_max_logit": true,
          "distance_from_max": 0.0
        }
      },
      {
        "coord": [
          2,
          328
        ],
        "element_error": 0.0012299418449401855,
        "x_original": 24.095067977905273,
        "y_ref": 0.7478119730949402,
        "y_mixed": 0.74658203125,
        "storage_error": 0.0013179779052734375,
        "demote_error": 0.00024312734603881836,
        "logit_analysis": {
          "softmax_position": 328,
          "softmax_dim_size": 512,
          "is_max_logit": true,
          "distance_from_max": 0.0
        }
      },
      {
        "coord": [
          6,
          364
        ],
        "element_error": 0.0011003315448760986,
        "x_original": 22.05608367919922,
        "y_ref": 0.1298811137676239,
        "y_mixed": 0.1309814453125,
        "storage_error": 0.00641632080078125,
        "demote_error": 3.2529234886169434e-05,
        "logit_analysis": {
          "softmax_position": 364,
          "softmax_dim_size": 512,
          "is_max_logit": true,
          "distance_from_max": 0.0
        }
      },
      {
        "coord": [
          2,
          402
        ],
        "element_error": 0.0010090470314025879,
        "x_original": 22.43070411682129,
        "y_ref": 0.1415690779685974,
        "y_mixed": 0.142578125,
        "storage_error": 0.0067958831787109375,
        "demote_error": 4.404783248901367e-05,
        "logit_analysis": {
          "softmax_position": 402,
          "softmax_dim_size": 512,
          "is_max_logit": true,
          "distance_from_max": 0.0
        }
      },
      {
        "coord": [
          5,
          297
        ],
        "element_error": 0.0007750540971755981,
        "x_original": 25.798738479614258,
        "y_ref": 0.2165101021528244,
        "y_mixed": 0.21728515625,
        "storage_error": 0.0018634796142578125,
        "demote_error": 4.427134990692139e-05,
        "logit_analysis": {
          "softmax_position": 297,
          "softmax_dim_size": 512,
          "is_max_logit": true,
          "distance_from_max": 0.0
        }
      },
      {
        "coord": [
          6,
          352
        ],
        "element_error": 0.0007696598768234253,
        "x_original": 22.435983657836914,
        "y_ref": 0.18990416824817657,
        "y_mixed": 0.190673828125,
        "storage_error": 0.0015163421630859375,
        "demote_error": 4.963576793670654e-05,
        "logit_analysis": {
          "softmax_position": 352,
          "softmax_dim_size": 512,
          "is_max_logit": true,
          "distance_from_max": 0.0
        }
      },
      {
        "coord": [
          7,
          299
        ],
        "element_error": 0.0007413923740386963,
        "x_original": 19.667461395263672,
        "y_ref": 0.3779207170009613,
        "y_mixed": 0.378662109375,
        "storage_error": 0.004413604736328125,
        "demote_error": 0.00011324882507324219,
        "logit_analysis": {
          "softmax_position": 299,
          "softmax_dim_size": 512,
          "is_max_logit": true,
          "distance_from_max": 0.0
        }
      },
      {
        "coord": [
          5,
          435
        ],
        "element_error": 0.0006666779518127441,
        "x_original": 26.975500106811523,
        "y_ref": 0.7023268342018127,
        "y_mixed": 0.70166015625,
        "storage_error": 0.0067501068115234375,
        "demote_error": 0.00011217594146728516,
        "logit_analysis": {
          "softmax_position": 435,
          "softmax_dim_size": 512,
          "is_max_logit": true,
          "distance_from_max": 0.0
        }
      }
    ]
  }
}