{
  "detector": {
    "detected_exceeded": false,
    "actual_err": 5.000270903110504e-06,
    "predicted_bound": 3.897936985595152e-05,
    "elapsed_sec": 2.6368091106414795
  },
  "matrix_info": {
    "input_shape": [
      256,
      1024
    ],
    "weight_shape": [
      1024,
      512
    ],
    "output_shape": [
      256,
      512
    ],
    "accumulation_dim": 1024
  },
  "analyzer_report": {
    "component_estimates": {
      "input_storage_error": 5.000270903110504e-06,
      "weight_storage_error": 5.000270903110504e-06,
      "accumulation_error": 5.000270903110504e-06,
      "demote_error": 3.4430064260959625e-05
    },
    "component_ratios": {
      "input_storage_error": 0.1011568317130153,
      "weight_storage_error": 0.1011568317130153,
      "accumulation_error": 0.1011568317130153,
      "demote_error": 0.6965295048609541
    },
    "primary_source": "x_storage",
    "suggestion": "\u4e3b\u8981\u8bef\u5dee\u6765\u6e90\u4e3a\u8f93\u5165\u5b58\u50a8\u7cbe\u5ea6\u3002\u5efa\u8bae\uff1a\u63d0\u5347\u8f93\u5165\u5b58\u50a8\u7cbe\u5ea6\uff1b\u8fdb\u884c\u8f93\u5165\u5f52\u4e00\u5316\u6216\u6743\u91cd\u7f29\u653e\u4ee5\u6539\u5584\u6570\u503c\u8303\u56f4\u3002 \u68c0\u6d4b\u5230\u6570\u503c\u7a33\u5b9a\u6027\u95ee\u9898\uff08\u6761\u4ef6\u6570\u6307\u6807=4.81\uff09\u3002\u5efa\u8bae\uff1a(1)\u8f93\u5165/\u6743\u91cd\u9884\u5904\u7406\u548c\u5f52\u4e00\u5316\uff1b(2)\u68c0\u67e5\u662f\u5426\u5b58\u5728\u75c5\u6001\u77e9\u9635\u3002",
    "numerical_stability": {
      "average_condition_indicator": 4.813187436667139,
      "accumulation_dimension": 1024,
      "stability_assessment": "good"
    },
    "top_elements_summary": [
      {
        "coord": [
          83,
          168
        ],
        "element_error": 5.000270903110504e-06,
        "y_ref": 0.00902294460684061,
        "y_mixed": 0.0090179443359375,
        "x_storage_error": 0.00014052304322831333,
        "w_storage_error": 0.0,
        "accumulation_error_estimate": 1.4901161193847656e-08,
        "demote_error": 3.7979334592819214e-06,
        "condition_indicator": 4.129996583731005,
        "product_stats": {
          "min": -0.00046688932343386114,
          "max": 0.000524780887644738,
          "mean": 8.810296094452497e-06,
          "std": 9.599130135029554e-05
        }
      },
      {
        "coord": [
          35,
          228
        ],
        "element_error": 4.98257577419281e-06,
        "y_ref": -0.009447837248444557,
        "y_mixed": -0.00945281982421875,
        "x_storage_error": 0.0001454224402550608,
        "w_storage_error": 0.0,
        "accumulation_error_estimate": 1.4901161193847656e-08,
        "demote_error": 3.7904828786849976e-06,
        "condition_indicator": 5.074781095836489,
        "product_stats": {
          "min": -0.0007278515258803964,
          "max": 0.0006093688425607979,
          "mean": -9.227564987668302e-06,
          "std": 0.000105169543530792
        }
      },
      {
        "coord": [
          52,
          204
        ],
        "element_error": 4.9639493227005005e-06,
        "y_ref": 0.0079700518399477,
        "y_mixed": 0.007965087890625,
        "x_storage_error": 0.00014726647350471467,
        "w_storage_error": 0.0,
        "accumulation_error_estimate": 1.4901161193847656e-08,
        "demote_error": 3.3332034945487976e-06,
        "condition_indicator": 4.259050956265223,
        "product_stats": {
          "min": -0.0005440819659270346,
          "max": 0.0005062610725872219,
          "mean": 7.781663043715525e-06,
          "std": 9.948861406883225e-05
        }
      },
      {
        "coord": [
          202,
          211
        ],
        "element_error": 4.955567419528961e-06,
        "y_ref": 0.008761218748986721,
        "y_mixed": 0.00876617431640625,
        "x_storage_error": 0.00014632608508691192,
        "w_storage_error": 0.0,
        "accumulation_error_estimate": 1.4901161193847656e-08,
        "demote_error": 3.7178397178649902e-06,
        "condition_indicator": 4.4186952931155385,
        "product_stats": {
          "min": -0.00047168065793812275,
          "max": 0.0005270480178296566,
          "mean": 8.557088222005405e-06,
          "std": 9.117554145632312e-05
        }
      },
      {
        "coord": [
          232,
          28
        ],
        "element_error": 4.847534000873566e-06,
        "y_ref": -0.009350855834782124,
        "y_mixed": -0.00934600830078125,
        "x_storage_error": 0.00015124054334592074,
        "w_storage_error": 0.0,
        "accumulation_error_estimate": 1.4901161193847656e-08,
        "demote_error": 3.6526471376419067e-06,
        "condition_indicator": 4.948655033358865,
        "product_stats": {
          "min": -0.0006096085999161005,
          "max": 0.00038106858846731484,
          "mean": -9.13052645046264e-06,
          "std": 0.00010240120172966272
        }
      },
      {
        "coord": [
          112,
          390
        ],
        "element_error": 4.7711655497550964e-06,
        "y_ref": 0.009051320143043995,
        "y_mixed": 0.00905609130859375,
        "x_storage_error": 0.0001529095316072926,
        "w_storage_error": 0.0,
        "accumulation_error_estimate": 1.4901161193847656e-08,
        "demote_error": 3.6135315895080566e-06,
        "condition_indicator": 9.600991762579595,
        "product_stats": {
          "min": -0.0003843982412945479,
          "max": 0.0006173059227876365,
          "mean": 8.840310329105705e-06,
          "std": 0.00010107925481861457
        }
      },
      {
        "coord": [
          175,
          347
        ],
        "element_error": 4.731118679046631e-06,
        "y_ref": 0.008303679525852203,
        "y_mixed": 0.00830841064453125,
        "x_storage_error": 0.0001376378204440698,
        "w_storage_error": 0.0,
        "accumulation_error_estimate": 1.4901161193847656e-08,
        "demote_error": 3.471970558166504e-06,
        "condition_indicator": 3.6992009591280572,
        "product_stats": {
          "min": -0.0006196956383064389,
          "max": 0.00040302472189068794,
          "mean": 8.11029167380184e-06,
          "std": 9.137640881817788e-05
        }
      },
      {
        "coord": [
          205,
          305
        ],
        "element_error": 4.727393388748169e-06,
        "y_ref": 0.009295504540205002,
        "y_mixed": 0.00930023193359375,
        "x_storage_error": 0.00014447334979195148,
        "w_storage_error": 0.0,
        "accumulation_error_estimate": 1.4901161193847656e-08,
        "demote_error": 3.6815181374549866e-06,
        "condition_indicator": 4.181613130169699,
        "product_stats": {
          "min": -0.0004480837669689208,
          "max": 0.0006276864442043006,
          "mean": 9.078661605599336e-06,
          "std": 0.0001049991260515526
        }
      },
      {
        "coord": [
          200,
          316
        ],
        "element_error": 4.711560904979706e-06,
        "y_ref": 0.00817579310387373,
        "y_mixed": 0.00817108154296875,
        "x_storage_error": 0.00013611969188787043,
        "w_storage_error": 0.0,
        "accumulation_error_estimate": 1.4901161193847656e-08,
        "demote_error": 3.471970558166504e-06,
        "condition_indicator": 3.72620772050604,
        "product_stats": {
          "min": -0.001048483420163393,
          "max": 0.0005908951279707253,
          "mean": 7.982960596564226e-06,
          "std": 0.00010724757157731801
        }
      },
      {
        "coord": [
          223,
          66
        ],
        "element_error": 4.7031790018081665e-06,
        "y_ref": 0.008463924750685692,
        "y_mixed": 0.0084686279296875,
        "x_storage_error": 0.00014768156688660383,
        "w_storage_error": 0.0,
        "accumulation_error_estimate": 1.4901161193847656e-08,
        "demote_error": 3.7830322980880737e-06,
        "condition_indicator": 4.092681831980886,
        "product_stats": {
          "min": -0.0003776055236812681,