{
  "detector": {
    "detected_exceeded": false,
    "actual_err": 6.377696990966797e-05,
    "predicted_bound": 0.00013978958304505795,
    "elapsed_sec": 3.806999683380127
  },
  "meta": {
    "distribution": "adversarial_sum",
    "bias": true,
    "batch_size": 32,
    "in_features": 1024,
    "out_features": 4096
  },
  "analyzer_report": {
    "component_estimates": {
      "input_storage_error": 6.377696990966797e-05,
      "weight_storage_error": 6.377696990966797e-05,
      "accumulation_error": 6.377696990966797e-05,
      "output_storage_error": 0.00010602176189422607,
      "bias_storage_error": 6.377696990966797e-05
    },
    "component_ratios": {
      "input_storage_error": 0.17660408500103156,
      "weight_storage_error": 0.17660408500103156,
      "accumulation_error": 0.17660408500103156,
      "output_storage_error": 0.2935836599958737,
      "bias_storage_error": 0.17660408500103156
    },
    "primary_source": "input_storage",
    "suggestion": "\u4e3b\u8981\u8bef\u5dee\u6765\u6e90\u4e3a\u8f93\u5165\u5b58\u50a8\u7cbe\u5ea6\u3002\u5efa\u8bae\uff1a\u63d0\u5347\u8f93\u5165\u5b58\u50a8\u7cbe\u5ea6\u6216\u8fdb\u884c\u8f93\u5165\u5f52\u4e00\u5316/\u6807\u51c6\u5316\u4ee5\u964d\u4f4e\u6570\u503c\u8303\u56f4\u3002",
    "aggregated_ratios": {
      "input_storage": 0.9725740906915363,
      "weight_storage": 0.0,
      "bias_storage": 0.0,
      "accumulation": 0.00011917399757443673,
      "demote": 0.027306735310889268
    },
    "top_neurons_summary": [
      {
        "coord": [
          20,
          243
        ],
        "neuron_error": 6.377696990966797e-05,
        "y_ref": 0.13006317615509033,
        "y_mixed": 0.130126953125,
        "input_storage_error": 0.001415806356817484,
        "weight_storage_error": 0.0,
        "bias_storage_error": 0.0,
        "accumulation_estimate": 2.384185791015625e-07,
        "demote_error": 6.060302257537842e-05,
        "in_features": 1024,
        "neuron_idx": 243,
        "batch_idx": 20
      },
      {
        "coord": [
          12,
          1429
        ],
        "neuron_error": 5.939602851867676e-05,
        "y_ref": 0.12896892428398132,
        "y_mixed": 0.1290283203125,
        "input_storage_error": 0.0015503811882808805,
        "weight_storage_error": 0.0,
        "bias_storage_error": 0.0,
        "accumulation_estimate": 2.384185791015625e-07,
        "demote_error": 5.201995372772217e-05,
        "in_features": 1024,
        "neuron_idx": 1429,
        "batch_idx": 12
      },
      {
        "coord": [
          2,
          1646
        ],
        "neuron_error": 5.473196506500244e-05,
        "y_ref": 0.127374067902565,
        "y_mixed": 0.1273193359375,
        "input_storage_error": 0.00146380253136158,
        "weight_storage_error": 0.0,
        "bias_storage_error": 0.0,
        "accumulation_estimate": 2.384185791015625e-07,
        "demote_error": 4.445016384124756e-05,
        "in_features": 1024,
        "neuron_idx": 1646,
        "batch_idx": 2
      },
      {
        "coord": [
          9,
          1410
        ],
        "neuron_error": 5.204975605010986e-05,
        "y_ref": -0.1333528310060501,
        "y_mixed": -0.13330078125,
        "input_storage_error": 0.0014278572052717209,
        "weight_storage_error": 0.0,
        "bias_storage_error": 0.0,
        "accumulation_estimate": 2.384185791015625e-07,
        "demote_error": 5.46872615814209e-05,
        "in_features": 1024,
        "neuron_idx": 1410,
        "batch_idx": 9
      },
      {
        "coord": [
          22,
          1820
        ],
        "neuron_error": 5.136430263519287e-05,
        "y_ref": 0.1440943330526352,
        "y_mixed": 0.14404296875,
        "input_storage_error": 0.0014343042857944965,
        "weight_storage_error": 0.0,
        "bias_storage_error": 0.0,
        "accumulation_estimate": 2.384185791015625e-07,
        "demote_error": 5.2362680435180664e-05,
        "in_features": 1024,
        "neuron_idx": 1820,
        "batch_idx": 22
      },
      {
        "coord": [
          27,
          367
        ],
        "neuron_error": 5.072355270385742e-05,
        "y_ref": -0.10364800691604614,
        "y_mixed": -0.10369873046875,
        "input_storage_error": 0.0014571812935173512,
        "weight_storage_error": 0.0,
        "bias_storage_error": 0.0,
        "accumulation_estimate": 1.1920928955078125e-07,
        "demote_error": 2.841651439666748e-05,
        "in_features": 1024,
        "neuron_idx": 367,
        "batch_idx": 27
      },
      {
        "coord": [
          7,
          493
        ],
        "neuron_error": 4.953145980834961e-05,
        "y_ref": -0.06568533182144165,
        "y_mixed": -0.06573486328125,
        "input_storage_error": 0.0014041474787518382,
        "weight_storage_error": 0.0,
        "bias_storage_error": 0.0,
        "accumulation_estimate": 1.1920928955078125e-07,
        "demote_error": 3.0115246772766113e-05,
        "in_features": 1024,
        "neuron_idx": 493,
        "batch_idx": 7
      },
      {
        "coord": [
          30,
          503
        ],
        "neuron_error": 4.873424768447876e-05,
        "y_ref": -0.06788339465856552,
        "y_mixed": -0.06793212890625,
        "input_storage_error": 0.0014723432250320911,
        "weight_storage_error": 0.0,
        "bias_storage_error": 0.0,
        "accumulation_estimate": 1.1920928955078125e-07,
        "demote_error": 2.8289854526519775e-05,
        "in_features": 1024,
        "neuron_idx": 503,
        "batch_idx": 30
      },
      {
        "coord": [
          0,
          1915
        ],
        "neuron_error": 4.8547983169555664e-05,
        "y_ref": -0.08464327454566956,
        "y_mixed": -0.0845947265625,
        "input_storage_error": 0.0014996806858107448,
        "weight_storage_error": 0.0,
        "bias_storage_error": 0.0,
        "accumulation_estimate": 1.1920928955078125e-07,
        "demote_error": 2.940744161605835e-05,
        "in_features": 1024,
        "neuron_idx": 1915,
        "batch_idx": 0
      },
      {
        "coord": [
          15,
          3958
        ],
        "neuron_error": 4.8510730266571045e-05,
        "y_ref": -0.08149445801973343,
        "y_mixed": -0.08154296875,
        "input_storage_error": 0.0014674273552373052,
        "weight_storage_error": 0.0,
        "bias_storage_error": 0.0,
        "accumulation_estimate": 1.1920928955078125e-07,
        "demote_error": 2.937018871307373e-05,
        "in_features": 1024,
        "neuron_idx": 3958,
        "batch_idx": 15
      }
    ]
  }
}