{
  "detector": {
    "detected_exceeded": false,
    "actual_err": 0.0024652481079101562,
    "predicted_bound": 0.0029803276062011722,
    "elapsed_sec": 2.4862799644470215
  },
  "analyzer_report": {
    "component_estimates": {
      "input_storage_error": 0.0024652481079101562,
      "max_subtraction_error": 0.0024652481079101562,
      "exponential_error": 0.0024652481079101562,
      "sum_accumulation_error": 0.0024652481079101562,
      "output_storage_error": 0.0024652481079101562
    },
    "component_ratios": {
      "input_storage_error": 0.2,
      "max_subtraction_error": 0.2,
      "exponential_error": 0.2,
      "sum_accumulation_error": 0.2,
      "output_storage_error": 0.2
    },
    "primary_source": "storage",
    "suggestion": "\u5206\u6790\u7ed3\u679c\u4e0d\u660e\u786e\uff1b\u8bf7\u68c0\u67e5\u8f93\u5165\u5206\u5e03\u6216\u589e\u52a0MC\u91c7\u6837\u3002 \u68c0\u6d4b\u5230\u6781\u5c0f\u7684exp\u503c\uff0c\u53ef\u80fd\u5bfc\u81f4\u4e0b\u6ea2\u548c\u7cbe\u5ea6\u635f\u5931\u3002 84.1%\u7684top\u8bef\u5dee\u6765\u81eamax logit\u4f4d\u7f6e\uff0c\u8fd9\u901a\u5e38\u5bf9softmax\u8f93\u51fa\u5f71\u54cd\u6700\u5927\u3002",
    "input_stats": {
      "min": -16.27117347717285,
      "max": 31.917770385742188,
      "mean": 0.9462239742279053,
      "std": 5.98162841796875,
      "range": 48.188941955566406
    },
    "stability_stats": {
      "max_shifted_logit": 0.0,
      "min_shifted_logit": -44.646324157714844,
      "max_exp_val": 1.0,
      "min_exp_val": 4.07706628740561e-20,
      "exp_sum_max": 2.4666755199432373,
      "exp_sum_min": 1.0101511478424072
    },
    "max_logit_error_ratio": 0.8411850744612833,
    "top_elements_summary": [
      {
        "coord": [
          4,
          257
        ],
        "element_error": 0.0024652481079101562,
        "x_original": 24.08657455444336,
        "y_ref": 0.26975154876708984,
        "y_mixed": 0.272216796875,
        "storage_error": 0.007175445556640625,
        "demote_error": 0.0001182854175567627,
        "logit_analysis": {
          "softmax_position": 257,
          "softmax_dim_size": 512,
          "is_max_logit": true,
          "distance_from_max": 0.0
        }
      },
      {
        "coord": [
          6,
          175
        ],
        "element_error": 0.002026498317718506,
        "x_original": 23.07190704345703,
        "y_ref": 0.5634031891822815,
        "y_mixed": 0.5654296875,
        "storage_error": 0.00621795654296875,
        "demote_error": 0.00023174285888671875,
        "logit_analysis": {
          "softmax_position": 175,
          "softmax_dim_size": 512,
          "is_max_logit": false,
          "distance_from_max": -6.823726654052734
        }
      },
      {
        "coord": [
          4,
          203
        ],
        "element_error": 0.001859217882156372,
        "x_original": 24.60017204284668,
        "y_ref": 0.45083382725715637,
        "y_mixed": 0.448974609375,
        "storage_error": 0.0064220428466796875,
        "demote_error": 3.001093864440918e-05,
        "logit_analysis": {
          "softmax_position": 203,
          "softmax_dim_size": 512,
          "is_max_logit": true,
          "distance_from_max": 0.0
        }
      },
      {
        "coord": [
          2,
          393
        ],
        "element_error": 0.0013582110404968262,
        "x_original": 31.917770385742188,
        "y_ref": 0.5254972577095032,
        "y_mixed": 0.52685546875,
        "storage_error": 0.0041046142578125,
        "demote_error": 4.6312808990478516e-05,
        "logit_analysis": {
          "softmax_position": 393,
          "softmax_dim_size": 512,
          "is_max_logit": true,
          "distance_from_max": 0.0
        }
      },
      {
        "coord": [
          6,
          346
        ],
        "element_error": 0.0010932385921478271,
        "x_original": 22.235633850097656,
        "y_ref": 0.24413523077964783,
        "y_mixed": 0.2430419921875,
        "storage_error": 0.00125885009765625,
        "demote_error": 4.6625733375549316e-05,
        "logit_analysis": {
          "softmax_position": 346,
          "softmax_dim_size": 512,
          "is_max_logit": true,
          "distance_from_max": 0.0
        }
      },
      {
        "coord": [
          2,
          249
        ],
        "element_error": 0.0009627938270568848,
        "x_original": 31.656747817993164,
        "y_ref": 0.4047713875770569,
        "y_mixed": 0.40380859375,
        "storage_error": 0.0004978179931640625,
        "demote_error": 0.0001100003719329834,
        "logit_analysis": {
          "softmax_position": 249,
          "softmax_dim_size": 512,
          "is_max_logit": true,
          "distance_from_max": 0.0
        }
      },
      {
        "coord": [
          5,
          21
        ],
        "element_error": 0.0008775591850280762,
        "x_original": 25.03656005859375,
        "y_ref": 0.8333970904350281,
        "y_mixed": 0.83251953125,
        "storage_error": 0.00531005859375,
        "demote_error": 6.181001663208008e-05,
        "logit_analysis": {
          "softmax_position": 21,
          "softmax_dim_size": 512,
          "is_max_logit": true,
          "distance_from_max": 0.0
        }
      },
      {
        "coord": [
          4,
          259
        ],
        "element_error": 0.0007687956094741821,
        "x_original": 23.989961624145508,
        "y_ref": 0.24490942060947418,
        "y_mixed": 0.244140625,
        "storage_error": 0.0055866241455078125,
        "demote_error": 2.1055340766906738e-05,
        "logit_analysis": {
          "softmax_position": 259,
          "softmax_dim_size": 512,
          "is_max_logit": true,
          "distance_from_max": 0.0
        }
      },
      {
        "coord": [
          5,
          386
        ],
        "element_error": 0.000718340277671814,
        "x_original": 22.68273162841797,
        "y_ref": 0.07917667925357819,
        "y_mixed": 0.07989501953125,
        "storage_error": 0.00476837158203125,
        "demote_error": 6.4820051193237305e-06,
        "logit_analysis": {
          "softmax_position": 386,
          "softmax_dim_size": 512,
          "is_max_logit": true,
          "distance_from_max": 0.0
        }
      },
      {
        "coord": [
          6,
          354
        ],
        "element_error": 0.0006302222609519958,
        "x_original": 21.471187591552734,
        "y_ref": 0.113667331635952,
        "y_mixed": 0.113037109375,
        "storage_error": 0.002437591552734375,
        "demote_error": 9.588897228240967e-06,
        "logit_analysis": {
          "softmax_position": 354,
          "softmax_dim_size": 512,
          "is_max_logit": true,
          "distance_from_max": 0.0
        }
      }
    ]
  }
}