{
  "detector": {
    "detected_exceeded": false,
    "actual_err": 6.058253347873688e-06,
    "predicted_bound": 4.009809854323976e-05,
    "elapsed_sec": 2.5878348350524902
  },
  "matrix_info": {
    "input_shape": [
      256,
      1024
    ],
    "weight_shape": [
      1024,
      512
    ],
    "output_shape": [
      256,
      512
    ],
    "accumulation_dim": 1024
  },
  "analyzer_report": {
    "component_estimates": {
      "input_storage_error": 6.058253347873688e-06,
      "weight_storage_error": 6.058253347873688e-06,
      "accumulation_error": 6.058253347873688e-06,
      "demote_error": 3.4825876355171204e-05
    },
    "component_ratios": {
      "input_storage_error": 0.11430529441740322,
      "weight_storage_error": 0.11430529441740322,
      "accumulation_error": 0.11430529441740322,
      "demote_error": 0.6570841167477903
    },
    "primary_source": "x_storage",
    "suggestion": "\u4e3b\u8981\u8bef\u5dee\u6765\u6e90\u4e3a\u8f93\u5165\u5b58\u50a8\u7cbe\u5ea6\u3002\u5efa\u8bae\uff1a\u63d0\u5347\u8f93\u5165\u5b58\u50a8\u7cbe\u5ea6\uff1b\u8fdb\u884c\u8f93\u5165\u5f52\u4e00\u5316\u6216\u6743\u91cd\u7f29\u653e\u4ee5\u6539\u5584\u6570\u503c\u8303\u56f4\u3002 \u68c0\u6d4b\u5230\u6570\u503c\u7a33\u5b9a\u6027\u95ee\u9898\uff08\u6761\u4ef6\u6570\u6307\u6807=4.49\uff09\u3002\u5efa\u8bae\uff1a(1)\u8f93\u5165/\u6743\u91cd\u9884\u5904\u7406\u548c\u5f52\u4e00\u5316\uff1b(2)\u68c0\u67e5\u662f\u5426\u5b58\u5728\u75c5\u6001\u77e9\u9635\u3002",
    "numerical_stability": {
      "average_condition_indicator": 4.488175738840335,
      "accumulation_dimension": 1024,
      "stability_assessment": "good"
    },
    "top_elements_summary": [
      {
        "coord": [
          184,
          88
        ],
        "element_error": 6.058253347873688e-06,
        "y_ref": -0.008268692530691624,
        "y_mixed": -0.00826263427734375,
        "x_storage_error": 0.00013346088235266507,
        "w_storage_error": 0.0,
        "accumulation_error_estimate": 1.4901161193847656e-08,
        "demote_error": 3.4561380743980408e-06,
        "condition_indicator": 4.2703191998391885,
        "product_stats": {
          "min": -0.0005797171615995467,
          "max": 0.0005786208203062415,
          "mean": -8.072352102317382e-06,
          "std": 9.888504428090528e-05
        }
      },
      {
        "coord": [
          151,
          239
        ],
        "element_error": 5.363486707210541e-06,
        "y_ref": -0.01009142305701971,
        "y_mixed": -0.0100860595703125,
        "x_storage_error": 0.00014640475274063647,
        "w_storage_error": 0.0,
        "accumulation_error_estimate": 1.4901161193847656e-08,
        "demote_error": 3.6954879760742188e-06,
        "condition_indicator": 3.630901647439156,
        "product_stats": {
          "min": -0.0006233862368389964,
          "max": 0.000540636305231601,
          "mean": -9.853275514615234e-06,
          "std": 0.0001018200782709755
        }
      },
      {
        "coord": [
          242,
          493
        ],
        "element_error": 5.325302481651306e-06,
        "y_ref": -0.010007461532950401,
        "y_mixed": -0.01000213623046875,
        "x_storage_error": 0.00015451130457222462,
        "w_storage_error": 0.0,
        "accumulation_error_estimate": 1.4901161193847656e-08,
        "demote_error": 2.594664692878723e-06,
        "condition_indicator": 3.392857580782918,
        "product_stats": {
          "min": -0.0005055531510151923,
          "max": 0.00048794213216751814,
          "mean": -9.770243195816875e-06,
          "std": 0.0001061996299540624
        }
      },
      {
        "coord": [
          176,
          467
        ],
        "element_error": 5.313195288181305e-06,
        "y_ref": 0.008264950476586819,
        "y_mixed": 0.008270263671875,
        "x_storage_error": 0.00013921750360168517,
        "w_storage_error": 0.0,
        "accumulation_error_estimate": 1.4901161193847656e-08,
        "demote_error": 3.6638230085372925e-06,
        "condition_indicator": 4.120467177683364,
        "product_stats": {
          "min": -0.0004889732226729393,
          "max": 0.0008375812903977931,
          "mean": 8.072852324403357e-06,
          "std": 9.921481978381053e-05
        }
      },
      {
        "coord": [
          117,
          181
        ],
        "element_error": 5.2014365792274475e-06,
        "y_ref": -0.008191541768610477,
        "y_mixed": -0.00818634033203125,
        "x_storage_error": 0.0001438155013602227,
        "w_storage_error": 0.0,
        "accumulation_error_estimate": 1.4901161193847656e-08,
        "demote_error": 3.8119032979011536e-06,
        "condition_indicator": 4.43594895955469,
        "product_stats": {
          "min": -0.0004681303398683667,
          "max": 0.00047520536463707685,
          "mean": -7.998194632818922e-06,
          "std": 9.598564793122932e-05
        }
      },
      {
        "coord": [
          39,
          287
        ],
        "element_error": 5.083158612251282e-06,
        "y_ref": 0.008257551118731499,
        "y_mixed": 0.00826263427734375,
        "x_storage_error": 0.0001470904826419428,
        "w_storage_error": 0.0,
        "accumulation_error_estimate": 1.4901161193847656e-08,
        "demote_error": 3.757886588573456e-06,
        "condition_indicator": 3.4575843832662403,
        "product_stats": {
          "min": -0.0005197033169679344,
          "max": 0.0005014906055293977,
          "mean": 8.065306246862747e-06,
          "std": 9.976438741432503e-05
        }
      },
      {
        "coord": [
          115,
          226
        ],
        "element_error": 5.06080687046051e-06,
        "y_ref": -0.00802355445921421,
        "y_mixed": -0.00801849365234375,
        "x_storage_error": 0.00014666888455394655,
        "w_storage_error": 0.0,
        "accumulation_error_estimate": 1.4901161193847656e-08,
        "demote_error": 3.800727427005768e-06,
        "condition_indicator": 3.19246177014675,
        "product_stats": {
          "min": -0.0006029076175764203,
          "max": 0.0004776492714881897,
          "mean": -7.834270945750177e-06,
          "std": 0.00010154927440453321
        }
      },
      {
        "coord": [
          53,
          191
        ],
        "element_error": 5.014240741729736e-06,
        "y_ref": -0.00809980183839798,
        "y_mixed": -0.00809478759765625,
        "x_storage_error": 0.00014138837286736816,
        "w_storage_error": 0.0,
        "accumulation_error_estimate": 1.4901161193847656e-08,
        "demote_error": 3.5762786865234375e-06,
        "condition_indicator": 4.873669262099297,
        "product_stats": {
          "min": -0.0008406165288761258,
          "max": 0.0005877254297956824,
          "mean": -7.90855847299099e-06,
          "std": 9.290137677453458e-05
        }
      },
      {
        "coord": [
          195,
          320
        ],
        "element_error": 4.970468580722809e-06,
        "y_ref": -0.008710109628736973,
        "y_mixed": -0.00870513916015625,
        "x_storage_error": 0.00013374895206652582,
        "w_storage_error": 0.0,
        "accumulation_error_estimate": 1.4901161193847656e-08,
        "demote_error": 3.6330893635749817e-06,
        "condition_indicator": 9.502105079455125,
        "product_stats": {
          "min": -0.00046131564886309206,
          "max": 0.00041530883754603565,
          "mean": -8.504660399921704e-06,
          "std": 9.259740909328684e-05
        }
      },
      {
        "coord": [
          90,
          134
        ],
        "element_error": 4.9425289034843445e-06,
        "y_ref": 0.008084471337497234,
        "y_mixed": 0.00807952880859375,
        "x_storage_error": 0.00015372794587165117,
        "w_storage_error": 0.0,
        "accumulation_error_estimate": 1.4901161193847656e-08,
        "demote_error": 3.6302953958511353e-06,
        "condition_indicator": 4.00544232813662,
        "product_stats": {
          "min": -0.0006309875170700252,