{
  "detector": {
    "detected_exceeded": false,
    "actual_err": 6.243586540222168e-05,
    "predicted_bound": 0.0001513283219537698,
    "elapsed_sec": 4.023462772369385
  },
  "meta": {
    "distribution": "adversarial_sum",
    "bias": true,
    "batch_size": 32,
    "in_features": 1024,
    "out_features": 4096
  },
  "analyzer_report": {
    "component_estimates": {
      "input_storage_error": 6.243586540222168e-05,
      "weight_storage_error": 6.243586540222168e-05,
      "accumulation_error": 6.243586540222168e-05,
      "output_storage_error": 9.590387344360352e-05,
      "bias_storage_error": 6.243586540222168e-05
    },
    "component_ratios": {
      "input_storage_error": 0.18063459217106398,
      "weight_storage_error": 0.18063459217106398,
      "accumulation_error": 0.18063459217106398,
      "output_storage_error": 0.2774616313157441,
      "bias_storage_error": 0.18063459217106398
    },
    "primary_source": "input_storage",
    "suggestion": "\u4e3b\u8981\u8bef\u5dee\u6765\u6e90\u4e3a\u8f93\u5165\u5b58\u50a8\u7cbe\u5ea6\u3002\u5efa\u8bae\uff1a\u63d0\u5347\u8f93\u5165\u5b58\u50a8\u7cbe\u5ea6\u6216\u8fdb\u884c\u8f93\u5165\u5f52\u4e00\u5316/\u6807\u51c6\u5316\u4ee5\u964d\u4f4e\u6570\u503c\u8303\u56f4\u3002",
    "aggregated_ratios": {
      "input_storage": 0.9775320080805648,
      "weight_storage": 0.0,
      "bias_storage": 0.0,
      "accumulation": 9.694708516375394e-05,
      "demote": 0.02237104483427145
    },
    "top_neurons_summary": [
      {
        "coord": [
          12,
          3749
        ],
        "neuron_error": 6.243586540222168e-05,
        "y_ref": 0.15472552180290222,
        "y_mixed": 0.1546630859375,
        "input_storage_error": 0.0014697888400405645,
        "weight_storage_error": 0.0,
        "bias_storage_error": 0.0,
        "accumulation_estimate": 2.384185791015625e-07,
        "demote_error": 5.605816841125488e-05,
        "in_features": 1024,
        "neuron_idx": 3749,
        "batch_idx": 12
      },
      {
        "coord": [
          24,
          846
        ],
        "neuron_error": 5.59389591217041e-05,
        "y_ref": 0.1305592954158783,
        "y_mixed": 0.130615234375,
        "input_storage_error": 0.0015151746338233352,
        "weight_storage_error": 0.0,
        "bias_storage_error": 0.0,
        "accumulation_estimate": 2.384185791015625e-07,
        "demote_error": 5.365908145904541e-05,
        "in_features": 1024,
        "neuron_idx": 846,
        "batch_idx": 24
      },
      {
        "coord": [
          31,
          35
        ],
        "neuron_error": 5.125999450683594e-05,
        "y_ref": -0.06934571266174316,
        "y_mixed": -0.06939697265625,
        "input_storage_error": 0.0014636649284511805,
        "weight_storage_error": 0.0,
        "bias_storage_error": 0.0,
        "accumulation_estimate": 1.1920928955078125e-07,
        "demote_error": 2.9355287551879883e-05,
        "in_features": 1024,
        "neuron_idx": 35,
        "batch_idx": 31
      },
      {
        "coord": [
          19,
          1664
        ],
        "neuron_error": 4.9427151679992676e-05,
        "y_ref": -0.07658751308917999,
        "y_mixed": -0.0765380859375,
        "input_storage_error": 0.0014305919175967574,
        "weight_storage_error": 0.0,
        "bias_storage_error": 0.0,
        "accumulation_estimate": 1.1920928955078125e-07,
        "demote_error": 2.7589499950408936e-05,
        "in_features": 1024,
        "neuron_idx": 1664,
        "batch_idx": 19
      },
      {
        "coord": [
          3,
          164
        ],
        "neuron_error": 4.9151480197906494e-05,
        "y_ref": -0.0680423155426979,
        "y_mixed": -0.0679931640625,
        "input_storage_error": 0.001398326363414526,
        "weight_storage_error": 0.0,
        "bias_storage_error": 0.0,
        "accumulation_estimate": 1.1920928955078125e-07,
        "demote_error": 2.4557113647460938e-05,
        "in_features": 1024,
        "neuron_idx": 164,
        "batch_idx": 3
      },
      {
        "coord": [
          1,
          166
        ],
        "neuron_error": 4.8898160457611084e-05,
        "y_ref": 0.08912346512079239,
        "y_mixed": 0.08917236328125,
        "input_storage_error": 0.0014097265666350722,
        "weight_storage_error": 0.0,
        "bias_storage_error": 0.0,
        "accumulation_estimate": 1.1920928955078125e-07,
        "demote_error": 2.9243528842926025e-05,
        "in_features": 1024,
        "neuron_idx": 166,
        "batch_idx": 1
      },
      {
        "coord": [
          6,
          1175
        ],
        "neuron_error": 4.823505878448486e-05,
        "y_ref": 0.06849424540996552,
        "y_mixed": 0.06854248046875,
        "input_storage_error": 0.0013442973140627146,
        "weight_storage_error": 0.0,
        "bias_storage_error": 0.0,
        "accumulation_estimate": 1.1920928955078125e-07,
        "demote_error": 2.650916576385498e-05,
        "in_features": 1024,
        "neuron_idx": 1175,
        "batch_idx": 6
      },
      {
        "coord": [
          25,
          3965
        ],
        "neuron_error": 4.7326087951660156e-05,
        "y_ref": 0.07914888858795166,
        "y_mixed": 0.0791015625,
        "input_storage_error": 0.0014901455724611878,
        "weight_storage_error": 0.0,
        "bias_storage_error": 0.0,
        "accumulation_estimate": 1.1920928955078125e-07,
        "demote_error": 3.0055642127990723e-05,
        "in_features": 1024,
        "neuron_idx": 3965,
        "batch_idx": 25
      },
      {
        "coord": [
          29,
          1063
        ],
        "neuron_error": 4.7303736209869385e-05,
        "y_ref": 0.07518158107995987,
        "y_mixed": 0.07513427734375,
        "input_storage_error": 0.0015430580824613571,
        "weight_storage_error": 0.0,
        "bias_storage_error": 0.0,
        "accumulation_estimate": 1.1920928955078125e-07,
        "demote_error": 2.8185546398162842e-05,
        "in_features": 1024,
        "neuron_idx": 1063,
        "batch_idx": 29
      },
      {
        "coord": [
          14,
          556
        ],
        "neuron_error": 4.699826240539551e-05,
        "y_ref": 0.1113421618938446,
        "y_mixed": 0.11138916015625,
        "input_storage_error": 0.0013592876493930817,
        "weight_storage_error": 0.0,
        "bias_storage_error": 0.0,
        "accumulation_estimate": 1.1920928955078125e-07,
        "demote_error": 2.4884939193725586e-05,
        "in_features": 1024,
        "neuron_idx": 556,
        "batch_idx": 14
      }
    ]
  }
}