{
  "detector": {
    "detected_exceeded": false,
    "actual_err": 2.9802023959746293e-08,
    "predicted_bound": 3.360183836775832e-05,
    "elapsed_sec": 2.293654441833496
  },
  "analyzer_report": {
    "component_estimates": {
      "input_storage_error": 2.9802023959746293e-08,
      "output_storage_error": 3.0542927561327815e-05
    },
    "component_ratios": {
      "input_storage_error": 0.0009747910757071508,
      "output_storage_error": 0.9990252089242928
    },
    "primary_source": "storage",
    "suggestion": "\u4e3b\u8981\u8bef\u5dee\u6765\u6e90\u4e3a\u8f93\u5165\u5b58\u50a8\u7cbe\u5ea6\u3002\u5efa\u8bae\uff1a\u63d0\u5347\u8f93\u5165\u5b58\u50a8\u7cbe\u5ea6\u6216\u8fdb\u884c\u8f93\u5165\u5f52\u4e00\u5316\uff0c\u7279\u522b\u6ce8\u610f\u63a5\u8fd1\u96f6\u7684\u503c\u3002 \u68c0\u6d4b\u5230\u63a5\u8fd1\u96f6\u7684\u8f93\u5165\u503c\uff0c\u8fd9\u4e9b\u5728ReLU\u4e2d\u6700\u5bb9\u6613\u4ea7\u751f\u7cbe\u5ea6\u8bef\u5dee\u3002\u8003\u8651\u6dfb\u52a0\u5c0f\u7684\u504f\u7f6e\u6216\u4f7f\u7528Leaky ReLU\u3002",
    "relu_behavior_stats": {
      "near_zero": 10
    },
    "top_elements_summary": [
      {
        "coord": [
          0,
          166,
          14,
          12
        ],
        "element_error": 2.9802023959746293e-08,
        "x_original": 1.4901191036642558e-07,
        "y_ref": 1.4901191036642558e-07,
        "y_mixed": 1.7881393432617188e-07,
        "relu_behavior": "near_zero",
        "storage_error": 2.9802023959746293e-08,
        "demote_error": 0.0
      },
      {
        "coord": [
          0,
          150,
          22,
          7
        ],
        "element_error": 2.9801839218634996e-08,
        "x_original": 3.874306742090994e-07,
        "y_ref": 3.874306742090994e-07,
        "y_mixed": 4.172325134277344e-07,
        "relu_behavior": "near_zero",
        "storage_error": 2.9801839218634996e-08,
        "demote_error": 0.0
      },
      {
        "coord": [
          0,
          106,
          5,
          28
        ],
        "element_error": 2.9801810796925565e-08,
        "x_original": 6.854539265077619e-07,
        "y_ref": 6.854539265077619e-07,
        "y_mixed": 7.152557373046875e-07,
        "relu_behavior": "near_zero",
        "storage_error": 2.9801810796925565e-08,
        "demote_error": 0.0
      },
      {
        "coord": [
          0,
          37,
          26,
          6
        ],
        "element_error": 2.9801611844959552e-08,
        "x_original": 3.278262568073842e-07,
        "y_ref": 3.278262568073842e-07,
        "y_mixed": 3.5762786865234375e-07,
        "relu_behavior": "near_zero",
        "storage_error": 2.9801611844959552e-08,
        "demote_error": 0.0
      },
      {
        "coord": [
          0,
          223,
          25,
          27
        ],
        "element_error": 2.9801299206155818e-08,
        "x_original": 6.854523917354527e-07,
        "y_ref": 6.854523917354527e-07,
        "y_mixed": 6.556510925292969e-07,
        "relu_behavior": "near_zero",
        "storage_error": 2.9801299206155818e-08,
        "demote_error": 0.0
      },
      {
        "coord": [
          0,
          235,
          7,
          8
        ],
        "element_error": 2.9801256573591672e-08,
        "x_original": 1.490126777525802e-07,
        "y_ref": 1.490126777525802e-07,
        "y_mixed": 1.7881393432617188e-07,
        "relu_behavior": "near_zero",
        "storage_error": 2.9801256573591672e-08,
        "demote_error": 0.0
      },
      {
        "coord": [
          0,
          249,
          7,
          18
        ],
        "element_error": 2.9801014989061514e-08,
        "x_original": 5.066407879894541e-07,
        "y_ref": 5.066407879894541e-07,
        "y_mixed": 5.364418029785156e-07,
        "relu_behavior": "near_zero",
        "storage_error": 2.9801014989061514e-08,
        "demote_error": 0.0
      },
      {
        "coord": [
          0,
          45,
          11,
          24
        ],
        "element_error": 2.9800958145642653e-08,
        "x_original": 8.642659850011114e-07,
        "y_ref": 8.642659850011114e-07,
        "y_mixed": 8.344650268554688e-07,
        "relu_behavior": "near_zero",
        "storage_error": 2.9800958145642653e-08,
        "demote_error": 0.0
      },
      {
        "coord": [
          0,
          16,
          26,
          21
        ],
        "element_error": 2.9800901302223792e-08,
        "x_original": 8.642659281576925e-07,
        "y_ref": 8.642659281576925e-07,
        "y_mixed": 8.344650268554688e-07,
        "relu_behavior": "near_zero",
        "storage_error": 2.9800901302223792e-08,
        "demote_error": 0.0
      },
      {
        "coord": [
          0,
          239,
          4,
          31
        ],
        "element_error": 2.9800830247950216e-08,
        "x_original": 1.4901310407822166e-07,
        "y_ref": 1.4901310407822166e-07,
        "y_mixed": 1.7881393432617188e-07,
        "relu_behavior": "near_zero",
        "storage_error": 2.9800830247950216e-08,
        "demote_error": 0.0
      }
    ]
  }
}