{
  "detector": {
    "detected_exceeded": false,
    "actual_err": 5.657784640789032e-06,
    "predicted_bound": 3.958502675232012e-05,
    "elapsed_sec": 2.609750986099243
  },
  "matrix_info": {
    "input_shape": [
      256,
      1024
    ],
    "weight_shape": [
      1024,
      512
    ],
    "output_shape": [
      256,
      512
    ],
    "accumulation_dim": 1024
  },
  "analyzer_report": {
    "component_estimates": {
      "input_storage_error": 5.657784640789032e-06,
      "weight_storage_error": 5.657784640789032e-06,
      "accumulation_error": 5.657784640789032e-06,
      "demote_error": 3.440212458372116e-05
    },
    "component_ratios": {
      "input_storage_error": 0.11012616924080923,
      "weight_storage_error": 0.11012616924080923,
      "accumulation_error": 0.11012616924080923,
      "demote_error": 0.6696214922775723
    },
    "primary_source": "x_storage",
    "suggestion": "\u4e3b\u8981\u8bef\u5dee\u6765\u6e90\u4e3a\u8f93\u5165\u5b58\u50a8\u7cbe\u5ea6\u3002\u5efa\u8bae\uff1a\u63d0\u5347\u8f93\u5165\u5b58\u50a8\u7cbe\u5ea6\uff1b\u8fdb\u884c\u8f93\u5165\u5f52\u4e00\u5316\u6216\u6743\u91cd\u7f29\u653e\u4ee5\u6539\u5584\u6570\u503c\u8303\u56f4\u3002",
    "numerical_stability": {
      "average_condition_indicator": 3.7004703425949166,
      "accumulation_dimension": 1024,
      "stability_assessment": "good"
    },
    "top_elements_summary": [
      {
        "coord": [
          104,
          300
        ],
        "element_error": 5.657784640789032e-06,
        "y_ref": -0.008504803292453289,
        "y_mixed": -0.0084991455078125,
        "x_storage_error": 0.0001469382841605693,
        "w_storage_error": 0.0,
        "accumulation_error_estimate": 1.4901161193847656e-08,
        "demote_error": 3.46451997756958e-06,
        "condition_indicator": 3.48598987276623,
        "product_stats": {
          "min": -0.0005927230231463909,
          "max": 0.000730457017198205,
          "mean": -8.303326467284933e-06,
          "std": 9.993548155762255e-05
        }
      },
      {
        "coord": [
          127,
          106
        ],
        "element_error": 5.393289029598236e-06,
        "y_ref": -0.009546608664095402,
        "y_mixed": -0.009552001953125,
        "x_storage_error": 0.00014787778491154313,
        "w_storage_error": 0.0,
        "accumulation_error_estimate": 1.4901161193847656e-08,
        "demote_error": 3.5762786865234375e-06,
        "condition_indicator": 4.095841897847078,
        "product_stats": {
          "min": -0.000742831383831799,
          "max": 0.00041241932194679976,
          "mean": -9.324634447693825e-06,
          "std": 0.00010915574966929853
        }
      },
      {
        "coord": [
          100,
          316
        ],
        "element_error": 5.159527063369751e-06,
        "y_ref": -0.00799044594168663,
        "y_mixed": -0.00799560546875,
        "x_storage_error": 0.00014204416947904974,
        "w_storage_error": 0.0,
        "accumulation_error_estimate": 1.4901161193847656e-08,
        "demote_error": 3.452412784099579e-06,
        "condition_indicator": 4.197113259528003,
        "product_stats": {
          "min": -0.0004773160326294601,
          "max": 0.0005883395206183195,
          "mean": -7.804838787706103e-06,
          "std": 9.884439350571483e-05
        }
      },
      {
        "coord": [
          65,
          222
        ],
        "element_error": 5.020759999752045e-06,
        "y_ref": -0.008471236564218998,
        "y_mixed": -0.00847625732421875,
        "x_storage_error": 0.00013991125160828233,
        "w_storage_error": 0.0,
        "accumulation_error_estimate": 1.4901161193847656e-08,
        "demote_error": 3.5213306546211243e-06,
        "condition_indicator": 3.5879348281900727,
        "product_stats": {
          "min": -0.0008294180734083056,
          "max": 0.00047814767458476126,
          "mean": -8.274157153209671e-06,
          "std": 9.569601388648152e-05
        }
      },
      {
        "coord": [
          228,
          432
        ],
        "element_error": 4.995614290237427e-06,
        "y_ref": 0.008723031729459763,
        "y_mixed": 0.00872802734375,
        "x_storage_error": 0.0001444481749786064,
        "w_storage_error": 0.0,
        "accumulation_error_estimate": 1.4901161193847656e-08,
        "demote_error": 3.77558171749115e-06,
        "condition_indicator": 3.4974170994863485,
        "product_stats": {
          "min": -0.0005309013649821281,
          "max": 0.0004425850056577474,
          "mean": 8.519774382875767e-06,
          "std": 9.923633479047567e-05
        }
      },
      {
        "coord": [
          5,
          60
        ],
        "element_error": 4.828907549381256e-06,
        "y_ref": -0.007861076854169369,
        "y_mixed": -0.00786590576171875,
        "x_storage_error": 0.00014146484318189323,
        "w_storage_error": 0.0,
        "accumulation_error_estimate": 1.4901161193847656e-08,
        "demote_error": 3.2335519790649414e-06,
        "condition_indicator": 3.7409072447394074,
        "product_stats": {
          "min": -0.0004974415060132742,
          "max": 0.0005417299689725041,
          "mean": -7.678393558308017e-06,
          "std": 0.00010396169818704948
        }
      },
      {
        "coord": [
          63,
          202
        ],
        "element_error": 4.753470420837402e-06,
        "y_ref": -0.008267387747764587,
        "y_mixed": -0.00826263427734375,
        "x_storage_error": 0.00014582285075448453,
        "w_storage_error": 0.0,
        "accumulation_error_estimate": 1.4901161193847656e-08,
        "demote_error": 3.107823431491852e-06,
        "condition_indicator": 3.801984220187808,
        "product_stats": {
          "min": -0.0005834184121340513,
          "max": 0.0004989457083866,
          "mean": -8.072008313320111e-06,
          "std": 0.00010158499208046123
        }
      },
      {
        "coord": [
          207,
          495
        ],
        "element_error": 4.7441571950912476e-06,
        "y_ref": 0.008778547868132591,
        "y_mixed": 0.0087738037109375,
        "x_storage_error": 0.00014830136206001043,
        "w_storage_error": 0.0,
        "accumulation_error_estimate": 1.4901161193847656e-08,
        "demote_error": 3.5585835576057434e-06,
        "condition_indicator": 3.9250839210249526,
        "product_stats": {
          "min": -0.000563913956284523,
          "max": 0.0006810405757278204,
          "mean": 8.571643775212578e-06,
          "std": 0.00010720364662120119
        }
      },
      {
        "coord": [
          167,
          392
        ],
        "element_error": 4.7227367758750916e-06,
        "y_ref": 0.008563087321817875,
        "y_mixed": 0.00856781005859375,
        "x_storage_error": 0.00015288777649402618,
        "w_storage_error": 0.0,
        "accumulation_error_estimate": 1.4901161193847656e-08,
        "demote_error": 3.7066638469696045e-06,
        "condition_indicator": 3.4572405380247586,
        "product_stats": {
          "min": -0.000440809439169243,
          "max": 0.0005926186568103731,
          "mean": 8.363381311937701e-06,
          "std": 9.635588503442705e-05
        }
      },
      {
        "coord": [
          99,
          279
        ],
        "element_error": 4.714354872703552e-06,
        "y_ref": 0.008982712402939796,
        "y_mixed": 0.0089874267578125,
        "x_storage_error": 0.00014509553147945553,
        "w_storage_error": 0.0,
        "accumulation_error_estimate": 1.4901161193847656e-08,
        "demote_error": 3.4440308809280396e-06,
        "condition_indicator": 3.2151905441545092,
        "product_stats": {
          "min": -0.0004959811340086162,
          "max": 0.0005299748736433685,
          "mean": 8.773416993790306e-06,
          "std": 0.00010106837726198137
        }
      }
    ]
  }
}