{
  "detector": {
    "detected_exceeded": false,
    "actual_err": 5.836784839630127e-05,
    "predicted_bound": 0.00014170611393637955,
    "elapsed_sec": 2.9725160598754883
  },
  "analyzer_report": {
    "component_estimates": {
      "input_storage_error": 5.836784839630127e-05,
      "matmul1_accumulation_error": 5.836784839630127e-05,
      "scaling_error": 5.836784839630127e-05,
      "softmax_numerical_error": 5.836784839630127e-05,
      "matmul2_accumulation_error": 5.836784839630127e-05,
      "output_demote_error": 9.627640247344971e-05
    },
    "component_ratios": {
      "input_storage_error": 0.1503877754741611,
      "matmul1_accumulation_error": 0.1503877754741611,
      "scaling_error": 0.1503877754741611,
      "softmax_numerical_error": 0.1503877754741611,
      "matmul2_accumulation_error": 0.1503877754741611,
      "output_demote_error": 0.2480611226291945
    },
    "primary_source": "storage_error",
    "suggestion": "\u4e3b\u8981\u8bef\u5dee\u6765\u6e90\u4e3a\u8f93\u5165\u5b58\u50a8\u7cbe\u5ea6\u3002\u5efa\u8bae\uff1a\u63d0\u5347Q/K/V\u7684\u5b58\u50a8\u7cbe\u5ea6\uff1b\u8fdb\u884c\u8f93\u5165\u5f52\u4e00\u5316\uff1b\u68c0\u67e5embedding\u5c42\u7684\u8f93\u51fa\u8303\u56f4\u3002 \u68c0\u6d4b\u5230\u5927\u91cf\u5c16\u9510\u7684attention\u6a21\u5f0f\uff08\u4f4e\u71b5\uff09\uff0c\u8fd9\u4f1a\u653e\u5927softmax\u7684\u6570\u503c\u8bef\u5dee\u3002\u8003\u8651\u4f7f\u7528attention dropout\u6216\u6e29\u5ea6\u7f29\u653e\u3002",
    "attention_pattern_stats": {
      "global_avg_entropy": 3.878161668777466,
      "global_sparsity": 0.6949005126953125,
      "max_attention_weight": 1.0,
      "min_attention_weight": 0.0
    },
    "attention_behavior_stats": {
      "high_entropy_tokens": 0,
      "low_entropy_tokens": 7,
      "total_analyzed": 8
    },
    "top_tokens_summary": [
      {
        "batch_idx": 0,
        "head_idx": 2,
        "token_idx": 1,
        "token_error": 1.0730149369919673e-05,
        "entropy_ref": 0.693138837814331,
        "max_attention_weight_ref": 0.5020375847816467,
        "attention_weight_error": 5.960464477539062e-07,
        "stage_errors": {
          "storage_error": 2.097052447425085e-05,
          "matmul1_error": 1.075960664405285e-09,
          "softmax_error": 6.780130206607283e-07,
          "matmul2_error": 7.177078714448726e-07,
          "demote_error": 6.780130206607283e-08
        }
      },
      {
        "batch_idx": 0,
        "head_idx": 1,
        "token_idx": 0,
        "token_error": 9.992894774768502e-06,
        "entropy_ref": -0.0,
        "max_attention_weight_ref": 1.0,
        "attention_weight_error": 0.0,
        "stage_errors": {
          "storage_error": 1.9524205526977312e-05,
          "matmul1_error": 8.436536773106124e-10,
          "softmax_error": 5.390102160163224e-07,
          "matmul2_error": 7.21687320037745e-07,
          "demote_error": 5.390102160163224e-08
        }
      },
      {
        "batch_idx": 0,
        "head_idx": 0,
        "token_idx": 0,
        "token_error": 9.341254553874023e-06,
        "entropy_ref": -0.0,
        "max_attention_weight_ref": 1.0,
        "attention_weight_error": 0.0,
        "stage_errors": {
          "storage_error": 2.114248400175711e-05,
          "matmul1_error": 1.1285402864075695e-09,
          "softmax_error": 7.086113328114152e-07,
          "matmul2_error": 7.017969892331167e-07,
          "demote_error": 7.086113328114152e-08
        }
      },
      {
        "batch_idx": 0,
        "head_idx": 1,
        "token_idx": 1,
        "token_error": 9.261333616450429e-06,
        "entropy_ref": 0.6931373476982117,
        "max_attention_weight_ref": 0.5022160410881042,
        "attention_weight_error": 3.5762786865234375e-07,
        "stage_errors": {
          "storage_error": 2.066065189865185e-05,
          "matmul1_error": 1.0215291854253777e-09,
          "softmax_error": 6.526548531837762e-07,
          "matmul2_error": 7.21687320037745e-07,
          "demote_error": 6.526548531837762e-08
        }
      },
      {
        "batch_idx": 0,
        "head_idx": 2,
        "token_idx": 0,
        "token_error": 8.783485100138932e-06,
        "entropy_ref": -0.0,
        "max_attention_weight_ref": 1.0,
        "attention_weight_error": 0.0,
        "stage_errors": {
          "storage_error": 2.199557593485224e-05,
          "matmul1_error": 1.2386293768030913e-09,
          "softmax_error": 7.805181667208672e-07,
          "matmul2_error": 7.177078714448726e-07,
          "demote_error": 7.805181667208672e-08
        }
      },
      {
        "batch_idx": 0,
        "head_idx": 0,
        "token_idx": 1,
        "token_error": 8.089615221251734e-06,
        "entropy_ref": 0.6931302547454834,
        "max_attention_weight_ref": 0.5029100775718689,
        "attention_weight_error": 1.7881393432617188e-06,
        "stage_errors": {
          "storage_error": 2.325967125216266e-05,
          "matmul1_error": 1.4657252840665067e-09,
          "softmax_error": 9.203300578519703e-07,
          "matmul2_error": 7.017969892331167e-07,
          "demote_error": 9.203300578519702e-08
        }
      },
      {
        "batch_idx": 0,
        "head_idx": 3,
        "token_idx": 1,
        "token_error": 8.012302714632824e-06,
        "entropy_ref": 0.6931354403495789,
        "max_attention_weight_ref": 0.5024230480194092,
        "attention_weight_error": 1.7881393432617188e-07,
        "stage_errors": {
          "storage_error": 1.999978167077643e-05,
          "matmul1_error": 8.993399085565952e-10,
          "softmax_error": 5.580241122515872e-07,
          "matmul2_error": 7.296983767446364e-07,
          "demote_error": 5.580241122515872e-08
        }
      },
      {
        "batch_idx": 0,
        "head_idx": 2,
        "token_idx": 2,
        "token_error": 7.584730155940633e-06,
        "entropy_ref": 1.0985915660858154,
        "max_attention_weight_ref": 0.3362731635570526,
        "attention_weight_error": 5.364418029785156e-07,
        "stage_errors": {
          "storage_error": 2.1077262772450922e-05,
          "matmul1_error": 1.0928993081701082e-09,
          "softmax_error": 6.886868504807354e-07,
          "matmul2_error": 7.177078714448726e-07,
          "demote_error": 6.886868504807353e-08
        }
      }
    ],
    "head_analysis": [
      {
        "head_idx": 0,
        "avg_error": 1.8032426396530354e-06,
        "avg_entropy": 3.878161907196045,
        "avg_max_weight": 0.04286760836839676,
        "sparsity": 0.69500732421875
      },
      {
        "head_idx": 1,
        "avg_error": 2.1700307115679607e-06,
        "avg_entropy": 3.8781611919403076,
        "avg_max_weight": 0.042875736951828,
        "sparsity": 0.69482421875
      },
      {
        "head_idx": 2,
        "avg_error": 1.869368361440138e-06,
        "avg_entropy": 3.878161907196045,
        "avg_max_weight": 0.04285496845841408,
        "sparsity": 0.6949462890625
      },
      {
        "head_idx": 3,
        "avg_error": 2.0318429960752837e-06,
        "avg_entropy": 3.8781614303588867,
        "avg_max_weight": 0.042881522327661514,
        "sparsity": 0.695068359375
      },
      {
        "head_idx": 4,
        "avg_error": 1.8407772586215287e-06,
        "avg_entropy": 3.8781614303588867,
        "avg_max_weight": 0.042880937457084656,
        "sparsity": 0.69464111328125
      },
      {
        "head_idx": 5,
        "avg_error": 1.8536870811658446e-06,
        "avg_entropy": 3.878161907196045,
        "avg_max_weight": 0.04286077991127968,
        "sparsity": 0.6949462890625
      },
      {
        "head_idx": 6,
        "avg_error": 1.934498186528799e-06,
        "avg_entropy": 3.878162384033203,
        "avg_max_weight": 0.042843934148550034,
        "sparsity": 0.6947021484375
      },
      {
        "head_idx": 7,
        "avg_error": 1.6911469629121711e-06,
        "avg_entropy": 3.8781609535217285,
        "avg_max_weight": 0.042895931750535965,