{
  "detector": {
    "detected_exceeded": false,
    "actual_err": 3.9204955101013184e-05,
    "predicted_bound": 0.00011658087096293457,
    "elapsed_sec": 2.9002585411071777
  },
  "analyzer_report": {
    "component_estimates": {
      "input_storage_error": 4.772096872329712e-05,
      "matmul1_accumulation_error": 4.772096872329712e-05,
      "scaling_error": 4.772096872329712e-05,
      "softmax_numerical_error": 4.772096872329712e-05,
      "matmul2_accumulation_error": 4.772096872329712e-05,
      "output_demote_error": 7.133185863494873e-05
    },
    "component_ratios": {
      "input_storage_error": 0.1539700473569076,
      "matmul1_accumulation_error": 0.1539700473569076,
      "scaling_error": 0.1539700473569076,
      "softmax_numerical_error": 0.1539700473569076,
      "matmul2_accumulation_error": 0.1539700473569076,
      "output_demote_error": 0.2301497632154619
    },
    "primary_source": "storage_error",
    "suggestion": "\u4e3b\u8981\u8bef\u5dee\u6765\u6e90\u4e3a\u8f93\u5165\u5b58\u50a8\u7cbe\u5ea6\u3002\u5efa\u8bae\uff1a\u63d0\u5347Q/K/V\u7684\u5b58\u50a8\u7cbe\u5ea6\uff1b\u8fdb\u884c\u8f93\u5165\u5f52\u4e00\u5316\uff1b\u68c0\u67e5embedding\u5c42\u7684\u8f93\u51fa\u8303\u56f4\u3002 \u68c0\u6d4b\u5230\u5927\u91cf\u5c16\u9510\u7684attention\u6a21\u5f0f\uff08\u4f4e\u71b5\uff09\uff0c\u8fd9\u4f1a\u653e\u5927softmax\u7684\u6570\u503c\u8bef\u5dee\u3002\u8003\u8651\u4f7f\u7528attention dropout\u6216\u6e29\u5ea6\u7f29\u653e\u3002",
    "attention_pattern_stats": {
      "global_avg_entropy": 3.878161668777466,
      "global_sparsity": 0.69488525390625,
      "max_attention_weight": 1.0,
      "min_attention_weight": 0.0
    },
    "attention_behavior_stats": {
      "high_entropy_tokens": 0,
      "low_entropy_tokens": 8,
      "total_analyzed": 8
    },
    "top_tokens_summary": [
      {
        "batch_idx": 0,
        "head_idx": 3,
        "token_idx": 1,
        "token_error": 9.761623914528172e-06,
        "entropy_ref": 0.6931295990943909,
        "max_attention_weight_ref": 0.5029650330543518,
        "attention_weight_error": 1.341104507446289e-06,
        "stage_errors": {
          "storage_error": 1.9485953544062795e-05,
          "matmul1_error": 8.484893795579539e-10,
          "softmax_error": 5.221729225013406e-07,
          "matmul2_error": 7.083023319864879e-07,
          "demote_error": 5.2217292250134055e-08
        }
      },
      {
        "batch_idx": 0,
        "head_idx": 1,
        "token_idx": 1,
        "token_error": 8.70772055350244e-06,
        "entropy_ref": 0.6931304335594177,
        "max_attention_weight_ref": 0.5028915405273438,
        "attention_weight_error": 6.556510925292969e-07,
        "stage_errors": {
          "storage_error": 2.0332875010353746e-05,
          "matmul1_error": 1.0031207318972058e-09,
          "softmax_error": 6.107627996243537e-07,
          "matmul2_error": 6.966767614358105e-07,
          "demote_error": 6.107627996243537e-08
        }
      },
      {
        "batch_idx": 0,
        "head_idx": 6,
        "token_idx": 1,
        "token_error": 8.686510227562394e-06,
        "entropy_ref": 0.693137526512146,
        "max_attention_weight_ref": 0.5021951794624329,
        "attention_weight_error": 6.556510925292969e-07,
        "stage_errors": {
          "storage_error": 1.9475392491585808e-05,
          "matmul1_error": 8.564533911507293e-10,
          "softmax_error": 5.41294866707176e-07,
          "matmul2_error": 7.069905677781208e-07,
          "demote_error": 5.41294866707176e-08
        }
      },
      {
        "batch_idx": 0,
        "head_idx": 7,
        "token_idx": 1,
        "token_error": 8.236209396272898e-06,
        "entropy_ref": 0.6931373476982117,
        "max_attention_weight_ref": 0.5022186040878296,
        "attention_weight_error": 8.940696716308594e-07,
        "stage_errors": {
          "storage_error": 1.8797411485138582e-05,
          "matmul1_error": 7.415310560125316e-10,
          "softmax_error": 4.672976501751691e-07,
          "matmul2_error": 7.11148459231481e-07,
          "demote_error": 4.672976501751691e-08
        }
      },
      {
        "batch_idx": 0,
        "head_idx": 4,
        "token_idx": 1,
        "token_error": 8.157010597642511e-06,
        "entropy_ref": 0.6931034326553345,
        "max_attention_weight_ref": 0.5046775341033936,
        "attention_weight_error": 6.854534149169922e-07,
        "stage_errors": {
          "storage_error": 2.0500083792285295e-05,
          "matmul1_error": 1.0216495631885685e-09,
          "softmax_error": 6.421945727197454e-07,
          "matmul2_error": 7.047409326332855e-07,
          "demote_error": 6.421945727197454e-08
        }
      },
      {
        "batch_idx": 0,
        "head_idx": 7,
        "token_idx": 0,
        "token_error": 7.814032869646326e-06,
        "entropy_ref": -0.0,
        "max_attention_weight_ref": 1.0,
        "attention_weight_error": 0.0,
        "stage_errors": {
          "storage_error": 2.2139742668514373e-05,
          "matmul1_error": 1.2719087223721219e-09,
          "softmax_error": 8.015307685127482e-07,
          "matmul2_error": 7.11148459231481e-07,
          "demote_error": 8.015307685127482e-08
        }
      },
      {
        "batch_idx": 0,
        "head_idx": 6,
        "token_idx": 0,
        "token_error": 7.67009987612255e-06,
        "entropy_ref": -0.0,
        "max_attention_weight_ref": 1.0,
        "attention_weight_error": 0.0,
        "stage_errors": {
          "storage_error": 2.325664945601602e-05,
          "matmul1_error": 1.4547355011768128e-09,
          "softmax_error": 9.194205631501974e-07,
          "matmul2_error": 7.069905677781208e-07,
          "demote_error": 9.194205631501973e-08
        }
      },
      {
        "batch_idx": 0,
        "head_idx": 2,
        "token_idx": 0,
        "token_error": 7.617542451043846e-06,
        "entropy_ref": -0.0,
        "max_attention_weight_ref": 1.0,
        "attention_weight_error": 0.0,
        "stage_errors": {
          "storage_error": 2.232722863482195e-05,
          "matmul1_error": 1.2909127509603338e-09,
          "softmax_error": 8.02866998128593e-07,
          "matmul2_error": 7.192671546363273e-07,
          "demote_error": 8.02866998128593e-08
        }
      }
    ],
    "head_analysis": [
      {
        "head_idx": 0,
        "avg_error": 1.6683292187735788e-06,
        "avg_entropy": 3.8781626224517822,
        "avg_max_weight": 0.042833901941776276,
        "sparsity": 0.69482421875
      },
      {
        "head_idx": 1,
        "avg_error": 1.9239055291109253e-06,
        "avg_entropy": 3.8781614303588867,
        "avg_max_weight": 0.0428658202290535,
        "sparsity": 0.69488525390625
      },
      {
        "head_idx": 2,
        "avg_error": 1.862801582319662e-06,
        "avg_entropy": 3.8781614303588867,
        "avg_max_weight": 0.04288175329566002,
        "sparsity": 0.69476318359375
      },
      {
        "head_idx": 3,
        "avg_error": 1.933335624926258e-06,
        "avg_entropy": 3.878162145614624,
        "avg_max_weight": 0.04286865517497063,
        "sparsity": 0.6951904296875
      },
      {
        "head_idx": 4,
        "avg_error": 2.1305802420101827e-06,
        "avg_entropy": 3.878161907196045,
        "avg_max_weight": 0.04287457466125488,
        "sparsity": 0.69451904296875
      },
      {
        "head_idx": 5,
        "avg_error": 1.773738858901197e-06,
        "avg_entropy": 3.8781609535217285,
        "avg_max_weight": 0.04290341958403587,
        "sparsity": 0.6949462890625
      },
      {
        "head_idx": 6,
        "avg_error": 1.9251870071457233e-06,
        "avg_entropy": 3.878162145614624,
        "avg_max_weight": 0.04285719618201256,
        "sparsity": 0.695068359375
      },
      {
        "head_idx": 7,
        "avg_error": 1.6603447647867142e-06,
        "avg_entropy": 3.8781614303588867,
        "avg_max_weight": 0.042878083884716034,