{
  "detector": {
    "detected_exceeded": false,
    "actual_err": 6.052665412425995e-06,
    "predicted_bound": 4.0040024759946395e-05,
    "elapsed_sec": 2.7638418674468994
  },
  "matrix_info": {
    "input_shape": [
      256,
      1024
    ],
    "weight_shape": [
      1024,
      512
    ],
    "output_shape": [
      256,
      512
    ],
    "accumulation_dim": 1024
  },
  "analyzer_report": {
    "component_estimates": {
      "input_storage_error": 6.052665412425995e-06,
      "weight_storage_error": 6.052665412425995e-06,
      "accumulation_error": 6.052665412425995e-06,
      "demote_error": 3.455206751823425e-05
    },
    "component_ratios": {
      "input_storage_error": 0.11482940791914766,
      "weight_storage_error": 0.11482940791914766,
      "accumulation_error": 0.11482940791914766,
      "demote_error": 0.6555117762425571
    },
    "primary_source": "x_storage",
    "suggestion": "\u4e3b\u8981\u8bef\u5dee\u6765\u6e90\u4e3a\u8f93\u5165\u5b58\u50a8\u7cbe\u5ea6\u3002\u5efa\u8bae\uff1a\u63d0\u5347\u8f93\u5165\u5b58\u50a8\u7cbe\u5ea6\uff1b\u8fdb\u884c\u8f93\u5165\u5f52\u4e00\u5316\u6216\u6743\u91cd\u7f29\u653e\u4ee5\u6539\u5584\u6570\u503c\u8303\u56f4\u3002 \u68c0\u6d4b\u5230\u6570\u503c\u7a33\u5b9a\u6027\u95ee\u9898\uff08\u6761\u4ef6\u6570\u6307\u6807=4.22\uff09\u3002\u5efa\u8bae\uff1a(1)\u8f93\u5165/\u6743\u91cd\u9884\u5904\u7406\u548c\u5f52\u4e00\u5316\uff1b(2)\u68c0\u67e5\u662f\u5426\u5b58\u5728\u75c5\u6001\u77e9\u9635\u3002",
    "numerical_stability": {
      "average_condition_indicator": 4.2236778217078115,
      "accumulation_dimension": 1024,
      "stability_assessment": "good"
    },
    "top_elements_summary": [
      {
        "coord": [
          94,
          188
        ],
        "element_error": 6.052665412425995e-06,
        "y_ref": 0.008222910575568676,
        "y_mixed": 0.00821685791015625,
        "x_storage_error": 0.00014787926920689642,
        "w_storage_error": 0.0,
        "accumulation_error_estimate": 1.4901161193847656e-08,
        "demote_error": 3.664754331111908e-06,
        "condition_indicator": 4.120045372793778,
        "product_stats": {
          "min": -0.00039767599082551897,
          "max": 0.0005972711951471865,
          "mean": 8.027855074033141e-06,
          "std": 0.00010001313785323873
        }
      },
      {
        "coord": [
          24,
          349
        ],
        "element_error": 5.508773028850555e-06,
        "y_ref": 0.00822999607771635,
        "y_mixed": 0.0082244873046875,
        "x_storage_error": 0.0001473252777941525,
        "w_storage_error": 0.0,
        "accumulation_error_estimate": 1.4901161193847656e-08,
        "demote_error": 3.810971975326538e-06,
        "condition_indicator": 4.782522666795951,
        "product_stats": {
          "min": -0.00040611770236864686,
          "max": 0.0006901015876792371,
          "mean": 8.035447535803542e-06,
          "std": 0.00010304371971869841
        }
      },
      {
        "coord": [
          75,
          464
        ],
        "element_error": 5.2656978368759155e-06,
        "y_ref": 0.007944563403725624,
        "y_mixed": 0.0079498291015625,
        "x_storage_error": 0.00014319404726848006,
        "w_storage_error": 0.0,
        "accumulation_error_estimate": 1.4901161193847656e-08,
        "demote_error": 3.4868717193603516e-06,
        "condition_indicator": 3.477509195279631,
        "product_stats": {
          "min": -0.0008582390728406608,
          "max": 0.000653578550554812,
          "mean": 7.760099833831191e-06,
          "std": 0.00011033640475943685
        }
      },
      {
        "coord": [
          1,
          2
        ],
        "element_error": 5.243346095085144e-06,
        "y_ref": -0.011739252135157585,
        "y_mixed": -0.0117340087890625,
        "x_storage_error": 0.00014146494504529983,
        "w_storage_error": 0.0,
        "accumulation_error_estimate": 1.4901161193847656e-08,
        "demote_error": 3.5939738154411316e-06,
        "condition_indicator": 4.010976797801051,
        "product_stats": {
          "min": -0.0004398620221763849,
          "max": 0.0003862934245262295,
          "mean": -1.1462495422165375e-05,
          "std": 9.829580085352063e-05
        }
      },
      {
        "coord": [
          236,
          354
        ],
        "element_error": 5.1120296120643616e-06,
        "y_ref": -0.008242263458669186,
        "y_mixed": -0.00824737548828125,
        "x_storage_error": 0.00014517987438011914,
        "w_storage_error": 0.0,
        "accumulation_error_estimate": 1.4901161193847656e-08,
        "demote_error": 3.634020686149597e-06,
        "condition_indicator": 3.6285928004607273,
        "product_stats": {
          "min": -0.0006944784545339644,
          "max": 0.0005590885994024575,
          "mean": -8.050527867453638e-06,
          "std": 0.00011040429671993479
        }
      },
      {
        "coord": [
          24,
          234
        ],
        "element_error": 5.09992241859436e-06,
        "y_ref": -0.009394314140081406,
        "y_mixed": -0.0093994140625,
        "x_storage_error": 0.0001473252777941525,
        "w_storage_error": 0.0,
        "accumulation_error_estimate": 1.4901161193847656e-08,
        "demote_error": 3.1925737857818604e-06,
        "condition_indicator": 4.782522666795951,
        "product_stats": {
          "min": -0.0005765382084064186,
          "max": 0.0006768579478375614,
          "mean": -9.175997547572479e-06,
          "std": 0.00010685203596949577
        }
      },
      {
        "coord": [
          101,
          182
        ],
        "element_error": 5.066394805908203e-06,
        "y_ref": 0.009778320789337158,
        "y_mixed": 0.00977325439453125,
        "x_storage_error": 0.00013798251166008413,
        "w_storage_error": 0.0,
        "accumulation_error_estimate": 1.4901161193847656e-08,
        "demote_error": 3.7457793951034546e-06,
        "condition_indicator": 3.793499380602519,
        "product_stats": {
          "min": -0.0008394402684643865,
          "max": 0.0005286455270834267,
          "mean": 9.547850822855253e-06,
          "std": 0.00010148764704354107
        }
      },
      {
        "coord": [
          75,
          259
        ],
        "element_error": 5.056150257587433e-06,
        "y_ref": 0.007982919923961163,
        "y_mixed": 0.00798797607421875,
        "x_storage_error": 0.00014319404726848006,
        "w_storage_error": 0.0,
        "accumulation_error_estimate": 1.4901161193847656e-08,
        "demote_error": 3.4132972359657288e-06,
        "condition_indicator": 5.5754466812867225,
        "product_stats": {
          "min": -0.0004722764133475721,
          "max": 0.0006731166504323483,
          "mean": 7.797421858413145e-06,
          "std": 0.00010350457887398079
        }
      },
      {
        "coord": [
          137,
          341
        ],
        "element_error": 4.970468580722809e-06,
        "y_ref": 0.008183681406080723,
        "y_mixed": 0.0081787109375,
        "x_storage_error": 0.00014462426770478487,
        "w_storage_error": 0.0,
        "accumulation_error_estimate": 1.4901161193847656e-08,
        "demote_error": 3.6656856536865234e-06,
        "condition_indicator": 4.458422671876326,
        "product_stats": {
          "min": -0.0006163816433399916,
          "max": 0.00042171558015979826,
          "mean": 7.990603990037926e-06,
          "std": 9.68098029261455e-05
        }
      },
      {
        "coord": [
          74,
          167
        ],
        "element_error": 4.931353032588959e-06,
        "y_ref": 0.008519335649907589,
        "y_mixed": 0.008514404296875,
        "x_storage_error": 0.00013945376849733293,
        "w_storage_error": 0.0,
        "accumulation_error_estimate": 1.4901161193847656e-08,
        "demote_error": 3.4440308809280396e-06,
        "condition_indicator": 3.6072399833854596,
        "product_stats": {
          "min": -0.0005465532303787768,