{
  "detector": {
    "detected_exceeded": false,
    "actual_err": 5.473382771015167e-06,
    "predicted_bound": 3.9534084135084416e-05,
    "elapsed_sec": 2.695923089981079
  },
  "matrix_info": {
    "input_shape": [
      256,
      1024
    ],
    "weight_shape": [
      1024,
      512
    ],
    "output_shape": [
      256,
      512
    ],
    "accumulation_dim": 1024
  },
  "analyzer_report": {
    "component_estimates": {
      "input_storage_error": 5.473382771015167e-06,
      "weight_storage_error": 5.473382771015167e-06,
      "accumulation_error": 5.473382771015167e-06,
      "demote_error": 3.431737422943115e-05
    },
    "component_ratios": {
      "input_storage_error": 0.10787642944987977,
      "weight_storage_error": 0.10787642944987977,
      "accumulation_error": 0.10787642944987977,
      "demote_error": 0.6763707116503607
    },
    "primary_source": "x_storage",
    "suggestion": "\u4e3b\u8981\u8bef\u5dee\u6765\u6e90\u4e3a\u8f93\u5165\u5b58\u50a8\u7cbe\u5ea6\u3002\u5efa\u8bae\uff1a\u63d0\u5347\u8f93\u5165\u5b58\u50a8\u7cbe\u5ea6\uff1b\u8fdb\u884c\u8f93\u5165\u5f52\u4e00\u5316\u6216\u6743\u91cd\u7f29\u653e\u4ee5\u6539\u5584\u6570\u503c\u8303\u56f4\u3002 \u68c0\u6d4b\u5230\u6570\u503c\u7a33\u5b9a\u6027\u95ee\u9898\uff08\u6761\u4ef6\u6570\u6307\u6807=4.07\uff09\u3002\u5efa\u8bae\uff1a(1)\u8f93\u5165/\u6743\u91cd\u9884\u5904\u7406\u548c\u5f52\u4e00\u5316\uff1b(2)\u68c0\u67e5\u662f\u5426\u5b58\u5728\u75c5\u6001\u77e9\u9635\u3002",
    "numerical_stability": {
      "average_condition_indicator": 4.067365565386441,
      "accumulation_dimension": 1024,
      "stability_assessment": "good"
    },
    "top_elements_summary": [
      {
        "coord": [
          236,
          21
        ],
        "element_error": 5.473382771015167e-06,
        "y_ref": -0.008104573003947735,
        "y_mixed": -0.00811004638671875,
        "x_storage_error": 0.00014151190407574177,
        "w_storage_error": 0.0,
        "accumulation_error_estimate": 1.4901161193847656e-08,
        "demote_error": 3.4533441066741943e-06,
        "condition_indicator": 4.841602425977226,
        "product_stats": {
          "min": -0.0006287950091063976,
          "max": 0.0008281046175397933,
          "mean": -7.916594768175855e-06,
          "std": 0.00011066019214922562
        }
      },
      {
        "coord": [
          73,
          316
        ],
        "element_error": 5.2675604820251465e-06,
        "y_ref": -0.011579059064388275,
        "y_mixed": -0.01157379150390625,
        "x_storage_error": 0.00014965947775635868,
        "w_storage_error": 0.0,
        "accumulation_error_estimate": 1.4901161193847656e-08,
        "demote_error": 3.1832605600357056e-06,
        "condition_indicator": 3.8281431965232,
        "product_stats": {
          "min": -0.0006849117926321924,
          "max": 0.0005059271352365613,
          "mean": -1.1305639418424107e-05,
          "std": 0.00010064567322842777
        }
      },
      {
        "coord": [
          149,
          192
        ],
        "element_error": 5.262903869152069e-06,
        "y_ref": -0.008463365025818348,
        "y_mixed": -0.0084686279296875,
        "x_storage_error": 0.00013512118312064558,
        "w_storage_error": 0.0,
        "accumulation_error_estimate": 1.4901161193847656e-08,
        "demote_error": 3.7066638469696045e-06,
        "condition_indicator": 3.652468934324976,
        "product_stats": {
          "min": -0.0010586311109364033,
          "max": 0.0004058432241436094,
          "mean": -8.266524673672393e-06,
          "std": 0.00010132116585737094
        }
      },
      {
        "coord": [
          147,
          320
        ],
        "element_error": 4.926696419715881e-06,
        "y_ref": -0.009175458922982216,
        "y_mixed": -0.0091705322265625,
        "x_storage_error": 0.0001492290903115645,
        "w_storage_error": 0.0,
        "accumulation_error_estimate": 1.4901161193847656e-08,
        "demote_error": 3.7783756852149963e-06,
        "condition_indicator": 3.232148485460699,
        "product_stats": {
          "min": -0.0005669562378898263,
          "max": 0.00037595588946715,
          "mean": -8.959286788012832e-06,
          "std": 9.990297257900238e-05
        }
      },
      {
        "coord": [
          74,
          390
        ],
        "element_error": 4.8996880650520325e-06,
        "y_ref": 0.008610856719315052,
        "y_mixed": 0.00860595703125,
        "x_storage_error": 0.0001546729326946661,
        "w_storage_error": 0.0,
        "accumulation_error_estimate": 1.4901161193847656e-08,
        "demote_error": 3.1711533665657043e-06,
        "condition_indicator": 3.7252574591726915,
        "product_stats": {
          "min": -0.00048191772657446563,
          "max": 0.0005172524251975119,
          "mean": 8.407353561779018e-06,
          "std": 9.994831634685397e-05
        }
      },
      {
        "coord": [
          176,
          0
        ],
        "element_error": 4.872679710388184e-06,
        "y_ref": -0.010760203003883362,
        "y_mixed": -0.01076507568359375,
        "x_storage_error": 0.0001455165765946731,
        "w_storage_error": 0.0,
        "accumulation_error_estimate": 1.4901161193847656e-08,
        "demote_error": 3.6638230085372925e-06,
        "condition_indicator": 4.094512082888638,
        "product_stats": {
          "min": -0.0006553916609846056,
          "max": 0.0005664819036610425,
          "mean": -1.0509189451113343e-05,
          "std": 0.00010477398609509692
        }
      },
      {
        "coord": [
          28,
          165
        ],
        "element_error": 4.843808710575104e-06,
        "y_ref": -0.009257241152226925,
        "y_mixed": -0.0092620849609375,
        "x_storage_error": 0.00014641170855611563,
        "w_storage_error": 0.0,
        "accumulation_error_estimate": 1.4901161193847656e-08,
        "demote_error": 3.536231815814972e-06,
        "condition_indicator": 3.6901020472967296,
        "product_stats": {
          "min": -0.0006271313759498298,
          "max": 0.0005491427727974951,
          "mean": -9.041552402777597e-06,
          "std": 0.00010731886141002178
        }
      },
      {
        "coord": [
          139,
          135
        ],
        "element_error": 4.8102810978889465e-06,
        "y_ref": -0.008524852804839611,
        "y_mixed": -0.0085296630859375,
        "x_storage_error": 0.00014954607468098402,
        "w_storage_error": 0.0,
        "accumulation_error_estimate": 1.4901161193847656e-08,
        "demote_error": 3.137625753879547e-06,
        "condition_indicator": 4.7565375421688,
        "product_stats": {
          "min": -0.00048155721742659807,
          "max": 0.0005807388224638999,
          "mean": -8.326684110215865e-06,
          "std": 0.00010569970618234947
        }
      },
      {
        "coord": [
          5,
          395
        ],
        "element_error": 4.793517291545868e-06,
        "y_ref": -0.008709932677447796,
        "y_mixed": -0.00870513916015625,
        "x_storage_error": 0.0001387985685141757,
        "w_storage_error": 0.0,
        "accumulation_error_estimate": 1.4901161193847656e-08,
        "demote_error": 3.635883331298828e-06,
        "condition_indicator": 4.108942225208848,
        "product_stats": {
          "min": -0.00047062832163646817,
          "max": 0.00040479874587617815,
          "mean": -8.50466312840581e-06,
          "std": 9.061130549525842e-05
        }
      },
      {
        "coord": [
          198,
          53
        ],
        "element_error": 4.7693029046058655e-06,
        "y_ref": 0.008234976790845394,
        "y_mixed": 0.00823974609375,
        "x_storage_error": 0.0001354364794678986,
        "w_storage_error": 0.0,
        "accumulation_error_estimate": 1.4901161193847656e-08,
        "demote_error": 3.6172568798065186e-06,
        "condition_indicator": 4.743941254842613,
        "product_stats": {
          "min": -0.0004523394745774567,