{
  "detector": {
    "detected_exceeded": false,
    "actual_err": 7.000565528869629e-05,
    "predicted_bound": 0.00014849479193799198,
    "elapsed_sec": 4.001298427581787
  },
  "meta": {
    "distribution": "adversarial_sum",
    "bias": true,
    "batch_size": 32,
    "in_features": 1024,
    "out_features": 4096
  },
  "analyzer_report": {
    "component_estimates": {
      "input_storage_error": 7.000565528869629e-05,
      "weight_storage_error": 7.000565528869629e-05,
      "accumulation_error": 7.000565528869629e-05,
      "output_storage_error": 0.00010617077350616455,
      "bias_storage_error": 7.000565528869629e-05
    },
    "component_ratios": {
      "input_storage_error": 0.18127098043755063,
      "weight_storage_error": 0.18127098043755063,
      "accumulation_error": 0.18127098043755063,
      "output_storage_error": 0.2749160782497974,
      "bias_storage_error": 0.18127098043755063
    },
    "primary_source": "input_storage",
    "suggestion": "\u4e3b\u8981\u8bef\u5dee\u6765\u6e90\u4e3a\u8f93\u5165\u5b58\u50a8\u7cbe\u5ea6\u3002\u5efa\u8bae\uff1a\u63d0\u5347\u8f93\u5165\u5b58\u50a8\u7cbe\u5ea6\u6216\u8fdb\u884c\u8f93\u5165\u5f52\u4e00\u5316/\u6807\u51c6\u5316\u4ee5\u964d\u4f4e\u6570\u503c\u8303\u56f4\u3002",
    "aggregated_ratios": {
      "input_storage": 0.9725421382831251,
      "weight_storage": 0.0,
      "bias_storage": 0.0,
      "accumulation": 0.00012106640968639732,
      "demote": 0.027336795307188518
    },
    "top_neurons_summary": [
      {
        "coord": [
          24,
          1330
        ],
        "neuron_error": 7.000565528869629e-05,
        "y_ref": -0.1333528459072113,
        "y_mixed": -0.1334228515625,
        "input_storage_error": 0.0014146685134619474,
        "weight_storage_error": 0.0,
        "bias_storage_error": 0.0,
        "accumulation_estimate": 2.384185791015625e-07,
        "demote_error": 5.507469177246094e-05,
        "in_features": 1024,
        "neuron_idx": 1330,
        "batch_idx": 24
      },
      {
        "coord": [
          25,
          281
        ],
        "neuron_error": 6.571412086486816e-05,
        "y_ref": 0.13421162962913513,
        "y_mixed": 0.13427734375,
        "input_storage_error": 0.0014587626792490482,
        "weight_storage_error": 0.0,
        "bias_storage_error": 0.0,
        "accumulation_estimate": 2.384185791015625e-07,
        "demote_error": 6.002187728881836e-05,
        "in_features": 1024,
        "neuron_idx": 281,
        "batch_idx": 25
      },
      {
        "coord": [
          5,
          1436
        ],
        "neuron_error": 5.5462121963500977e-05,
        "y_ref": 0.1387384831905365,
        "y_mixed": 0.1387939453125,
        "input_storage_error": 0.0012864896561950445,
        "weight_storage_error": 0.0,
        "bias_storage_error": 0.0,
        "accumulation_estimate": 2.384185791015625e-07,
        "demote_error": 5.109608173370361e-05,
        "in_features": 1024,
        "neuron_idx": 1436,
        "batch_idx": 5
      },
      {
        "coord": [
          15,
          4059
        ],
        "neuron_error": 5.218386650085449e-05,
        "y_ref": -0.13420745730400085,
        "y_mixed": -0.1341552734375,
        "input_storage_error": 0.0014735562726855278,
        "weight_storage_error": 0.0,
        "bias_storage_error": 0.0,
        "accumulation_estimate": 2.384185791015625e-07,
        "demote_error": 4.938244819641113e-05,
        "in_features": 1024,
        "neuron_idx": 4059,
        "batch_idx": 15
      },
      {
        "coord": [
          11,
          2544
        ],
        "neuron_error": 5.154311656951904e-05,
        "y_ref": -0.08165554702281952,
        "y_mixed": -0.08160400390625,
        "input_storage_error": 0.0014635464176535606,
        "weight_storage_error": 0.0,
        "bias_storage_error": 0.0,
        "accumulation_estimate": 1.1920928955078125e-07,
        "demote_error": 2.586841583251953e-05,
        "in_features": 1024,
        "neuron_idx": 2544,
        "batch_idx": 11
      },
      {
        "coord": [
          4,
          1610
        ],
        "neuron_error": 5.008280277252197e-05,
        "y_ref": -0.12627078592777252,
        "y_mixed": -0.126220703125,
        "input_storage_error": 0.001420327229425311,
        "weight_storage_error": 0.0,
        "bias_storage_error": 0.0,
        "accumulation_estimate": 2.384185791015625e-07,
        "demote_error": 4.871189594268799e-05,
        "in_features": 1024,
        "neuron_idx": 1610,
        "batch_idx": 4
      },
      {
        "coord": [
          25,
          3542
        ],
        "neuron_error": 4.980713129043579e-05,
        "y_ref": -0.08818457275629044,
        "y_mixed": -0.088134765625,
        "input_storage_error": 0.0014587626792490482,
        "weight_storage_error": 0.0,
        "bias_storage_error": 0.0,
        "accumulation_estimate": 1.1920928955078125e-07,
        "demote_error": 2.928823232650757e-05,
        "in_features": 1024,
        "neuron_idx": 3542,
        "batch_idx": 25
      },
      {
        "coord": [
          6,
          1356
        ],
        "neuron_error": 4.9330294132232666e-05,
        "y_ref": -0.07384083420038223,
        "y_mixed": -0.07379150390625,
        "input_storage_error": 0.0013840533792972565,
        "weight_storage_error": 0.0,
        "bias_storage_error": 0.0,
        "accumulation_estimate": 1.1920928955078125e-07,
        "demote_error": 2.765655517578125e-05,
        "in_features": 1024,
        "neuron_idx": 1356,
        "batch_idx": 6
      },
      {
        "coord": [
          15,
          2217
        ],
        "neuron_error": 4.879385232925415e-05,
        "y_ref": 0.09028323739767075,
        "y_mixed": 0.09033203125,
        "input_storage_error": 0.0014735562726855278,
        "weight_storage_error": 0.0,
        "bias_storage_error": 0.0,
        "accumulation_estimate": 1.1920928955078125e-07,
        "demote_error": 2.831965684890747e-05,
        "in_features": 1024,
        "neuron_idx": 2217,
        "batch_idx": 15
      },
      {
        "coord": [
          26,
          3743
        ],
        "neuron_error": 4.8279762268066406e-05,
        "y_ref": 0.07719671726226807,
        "y_mixed": 0.0771484375,
        "input_storage_error": 0.0015306316781789064,
        "weight_storage_error": 0.0,
        "bias_storage_error": 0.0,
        "accumulation_estimate": 1.1920928955078125e-07,
        "demote_error": 2.8342008590698242e-05,
        "in_features": 1024,
        "neuron_idx": 3743,
        "batch_idx": 26
      }
    ]
  }
}