{
  "detector": {
    "detected_exceeded": false,
    "actual_err": 0.0015808939933776855,
    "predicted_bound": 0.002276092767715454,
    "elapsed_sec": 2.486236333847046
  },
  "analyzer_report": {
    "component_estimates": {
      "input_storage_error": 0.0015808939933776855,
      "max_subtraction_error": 0.0015808939933776855,
      "exponential_error": 0.0015808939933776855,
      "sum_accumulation_error": 0.0015808939933776855,
      "output_storage_error": 0.0015808939933776855
    },
    "component_ratios": {
      "input_storage_error": 0.2,
      "max_subtraction_error": 0.2,
      "exponential_error": 0.2,
      "sum_accumulation_error": 0.2,
      "output_storage_error": 0.2
    },
    "primary_source": "storage",
    "suggestion": "\u5206\u6790\u7ed3\u679c\u4e0d\u660e\u786e\uff1b\u8bf7\u68c0\u67e5\u8f93\u5165\u5206\u5e03\u6216\u589e\u52a0MC\u91c7\u6837\u3002 \u68c0\u6d4b\u5230\u6781\u5c0f\u7684exp\u503c\uff0c\u53ef\u80fd\u5bfc\u81f4\u4e0b\u6ea2\u548c\u7cbe\u5ea6\u635f\u5931\u3002 92.0%\u7684top\u8bef\u5dee\u6765\u81eamax logit\u4f4d\u7f6e\uff0c\u8fd9\u901a\u5e38\u5bf9softmax\u8f93\u51fa\u5f71\u54cd\u6700\u5927\u3002",
    "input_stats": {
      "min": -16.629196166992188,
      "max": 30.703855514526367,
      "mean": 0.8496006727218628,
      "std": 5.988049507141113,
      "range": 47.33305358886719
    },
    "stability_stats": {
      "max_shifted_logit": 0.0,
      "min_shifted_logit": -46.462547302246094,
      "max_exp_val": 1.0,
      "min_exp_val": 6.630894259417094e-21,
      "exp_sum_max": 2.7364795207977295,
      "exp_sum_min": 1.0001837015151978
    },
    "max_logit_error_ratio": 0.9195950766664922,
    "top_elements_summary": [
      {
        "coord": [
          0,
          364
        ],
        "element_error": 0.0015808939933776855,
        "x_original": 22.819416046142578,
        "y_ref": 0.5035340189933777,
        "y_mixed": 0.501953125,
        "storage_error": 0.006916046142578125,
        "demote_error": 0.0001571178436279297,
        "logit_analysis": {
          "softmax_position": 364,
          "softmax_dim_size": 512,
          "is_max_logit": true,
          "distance_from_max": 0.0
        }
      },
      {
        "coord": [
          0,
          209
        ],
        "element_error": 0.0012148469686508179,
        "x_original": 21.384246826171875,
        "y_ref": 0.11987890303134918,
        "y_mixed": 0.12109375,
        "storage_error": 0.006378173828125,
        "demote_error": 2.9832124710083008e-05,
        "logit_analysis": {
          "softmax_position": 209,
          "softmax_dim_size": 512,
          "is_max_logit": true,
          "distance_from_max": 0.0
        }
      },
      {
        "coord": [
          2,
          479
        ],
        "element_error": 0.0010797381401062012,
        "x_original": 25.323339462280273,
        "y_ref": 0.8407171368598938,
        "y_mixed": 0.841796875,
        "storage_error": 0.0047855377197265625,
        "demote_error": 7.748603820800781e-07,
        "logit_analysis": {
          "softmax_position": 479,
          "softmax_dim_size": 512,
          "is_max_logit": true,
          "distance_from_max": 0.0
        }
      },
      {
        "coord": [
          2,
          241
        ],
        "element_error": 0.0009369924664497375,
        "x_original": 23.24015235900879,
        "y_ref": 0.10469675809144974,
        "y_mixed": 0.103759765625,
        "storage_error": 0.0057773590087890625,
        "demote_error": 2.9943883419036865e-05,
        "logit_analysis": {
          "softmax_position": 241,
          "softmax_dim_size": 512,
          "is_max_logit": true,
          "distance_from_max": 0.0
        }
      },
      {
        "coord": [
          5,
          371
        ],
        "element_error": 0.0009310543537139893,
        "x_original": 23.035743713378906,
        "y_ref": 0.365433007478714,
        "y_mixed": 0.364501953125,
        "storage_error": 0.00449371337890625,
        "demote_error": 6.0111284255981445e-05,
        "logit_analysis": {
          "softmax_position": 371,
          "softmax_dim_size": 512,
          "is_max_logit": true,
          "distance_from_max": 0.0
        }
      },
      {
        "coord": [
          5,
          21
        ],
        "element_error": 0.00089302659034729,
        "x_original": 22.15250015258789,
        "y_ref": 0.1510845124721527,
        "y_mixed": 0.1519775390625,
        "storage_error": 0.003749847412109375,
        "demote_error": 5.558133125305176e-05,
        "logit_analysis": {
          "softmax_position": 21,
          "softmax_dim_size": 512,
          "is_max_logit": true,
          "distance_from_max": 0.0
        }
      },
      {
        "coord": [
          5,
          329
        ],
        "element_error": 0.0007212609052658081,
        "x_original": 22.357370376586914,
        "y_ref": 0.1854359656572342,
        "y_mixed": 0.1861572265625,
        "storage_error": 0.0020046234130859375,
        "demote_error": 1.8551945686340332e-05,
        "logit_analysis": {
          "softmax_position": 329,
          "softmax_dim_size": 512,
          "is_max_logit": false,
          "distance_from_max": -2.365642547607422
        }
      },
      {
        "coord": [
          0,
          469
        ],
        "element_error": 0.0006011426448822021,
        "x_original": 22.501998901367188,
        "y_ref": 0.3665863573551178,
        "y_mixed": 0.3671875,
        "storage_error": 0.0019989013671875,
        "demote_error": 6.568431854248047e-05,
        "logit_analysis": {
          "softmax_position": 469,
          "softmax_dim_size": 512,
          "is_max_logit": true,
          "distance_from_max": 0.0
        }
      },
      {
        "coord": [
          4,
          32
        ],
        "element_error": 0.0005274116992950439,
        "x_original": 25.068012237548828,
        "y_ref": 0.25858405232429504,
        "y_mixed": 0.258056640625,
        "storage_error": 0.005512237548828125,
        "demote_error": 5.036592483520508e-05,
        "logit_analysis": {
          "softmax_position": 32,
          "softmax_dim_size": 512,
          "is_max_logit": true,
          "distance_from_max": 0.0
        }
      },
      {
        "coord": [
          4,
          454
        ],
        "element_error": 0.0004839897155761719,
        "x_original": 24.610084533691406,
        "y_ref": 0.16357851028442383,
        "y_mixed": 0.1640625,
        "storage_error": 0.00070953369140625,
        "demote_error": 2.682209014892578e-07,
        "logit_analysis": {
          "softmax_position": 454,
          "softmax_dim_size": 512,
          "is_max_logit": true,
          "distance_from_max": 0.0
        }
      }
    ]
  }
}