{
  "detector": {
    "detected_exceeded": false,
    "actual_err": 6.736814975738525e-05,
    "predicted_bound": 0.00014277830196078868,
    "elapsed_sec": 3.8732948303222656
  },
  "meta": {
    "distribution": "adversarial_sum",
    "bias": true,
    "batch_size": 32,
    "in_features": 1024,
    "out_features": 4096
  },
  "analyzer_report": {
    "component_estimates": {
      "input_storage_error": 6.736814975738525e-05,
      "weight_storage_error": 6.736814975738525e-05,
      "accumulation_error": 6.736814975738525e-05,
      "output_storage_error": 0.00010387599468231201,
      "bias_storage_error": 6.736814975738525e-05
    },
    "component_ratios": {
      "input_storage_error": 0.18044302534424267,
      "weight_storage_error": 0.18044302534424267,
      "accumulation_error": 0.18044302534424267,
      "output_storage_error": 0.2782278986230293,
      "bias_storage_error": 0.18044302534424267
    },
    "primary_source": "input_storage",
    "suggestion": "\u4e3b\u8981\u8bef\u5dee\u6765\u6e90\u4e3a\u8f93\u5165\u5b58\u50a8\u7cbe\u5ea6\u3002\u5efa\u8bae\uff1a\u63d0\u5347\u8f93\u5165\u5b58\u50a8\u7cbe\u5ea6\u6216\u8fdb\u884c\u8f93\u5165\u5f52\u4e00\u5316/\u6807\u51c6\u5316\u4ee5\u964d\u4f4e\u6570\u503c\u8303\u56f4\u3002",
    "aggregated_ratios": {
      "input_storage": 0.9742683767855808,
      "weight_storage": 0.0,
      "bias_storage": 0.0,
      "accumulation": 0.00011018281847434457,
      "demote": 0.02562144039594491
    },
    "top_neurons_summary": [
      {
        "coord": [
          14,
          2243
        ],
        "neuron_error": 6.736814975738525e-05,
        "y_ref": 0.12847267091274261,
        "y_mixed": 0.1285400390625,
        "input_storage_error": 0.0015508215874433517,
        "weight_storage_error": 0.0,
        "bias_storage_error": 0.0,
        "accumulation_estimate": 2.384185791015625e-07,
        "demote_error": 5.958974361419678e-05,
        "in_features": 1024,
        "neuron_idx": 2243,
        "batch_idx": 14
      },
      {
        "coord": [
          0,
          2996
        ],
        "neuron_error": 6.0677528381347656e-05,
        "y_ref": 0.12506067752838135,
        "y_mixed": 0.125,
        "input_storage_error": 0.0014221485471352935,
        "weight_storage_error": 0.0,
        "bias_storage_error": 0.0,
        "accumulation_estimate": 2.384185791015625e-07,
        "demote_error": 5.550682544708252e-05,
        "in_features": 1024,
        "neuron_idx": 2996,
        "batch_idx": 0
      },
      {
        "coord": [
          0,
          3947
        ],
        "neuron_error": 5.233287811279297e-05,
        "y_ref": -0.1305629014968872,
        "y_mixed": -0.130615234375,
        "input_storage_error": 0.0014221485471352935,
        "weight_storage_error": 0.0,
        "bias_storage_error": 0.0,
        "accumulation_estimate": 2.384185791015625e-07,
        "demote_error": 5.6102871894836426e-05,
        "in_features": 1024,
        "neuron_idx": 3947,
        "batch_idx": 0
      },
      {
        "coord": [
          21,
          687
        ],
        "neuron_error": 5.169957876205444e-05,
        "y_ref": 0.07105425745248795,
        "y_mixed": 0.07110595703125,
        "input_storage_error": 0.00156022806186229,
        "weight_storage_error": 0.0,
        "bias_storage_error": 0.0,
        "accumulation_estimate": 1.1920928955078125e-07,
        "demote_error": 2.9228627681732178e-05,
        "in_features": 1024,
        "neuron_idx": 687,
        "batch_idx": 21
      },
      {
        "coord": [
          26,
          1756
        ],
        "neuron_error": 5.046278238296509e-05,
        "y_ref": 0.07471760362386703,
        "y_mixed": 0.07476806640625,
        "input_storage_error": 0.0013842807384207845,
        "weight_storage_error": 0.0,
        "bias_storage_error": 0.0,
        "accumulation_estimate": 1.1920928955078125e-07,
        "demote_error": 2.613663673400879e-05,
        "in_features": 1024,
        "neuron_idx": 1756,
        "batch_idx": 26
      },
      {
        "coord": [
          27,
          3315
        ],
        "neuron_error": 4.930049180984497e-05,
        "y_ref": -0.07416944950819016,
        "y_mixed": -0.07421875,
        "input_storage_error": 0.0014002621173858643,
        "weight_storage_error": 0.0,
        "bias_storage_error": 0.0,
        "accumulation_estimate": 1.1920928955078125e-07,
        "demote_error": 2.858787775039673e-05,
        "in_features": 1024,
        "neuron_idx": 3315,
        "batch_idx": 27
      },
      {
        "coord": [
          19,
          1563
        ],
        "neuron_error": 4.845857620239258e-05,
        "y_ref": -0.1420162320137024,
        "y_mixed": -0.1419677734375,
        "input_storage_error": 0.0015435358509421349,
        "weight_storage_error": 0.0,
        "bias_storage_error": 0.0,
        "accumulation_estimate": 2.384185791015625e-07,
        "demote_error": 4.5433640480041504e-05,
        "in_features": 1024,
        "neuron_idx": 1563,
        "batch_idx": 19
      },
      {
        "coord": [
          2,
          654
        ],
        "neuron_error": 4.822760820388794e-05,
        "y_ref": 0.06294005364179611,
        "y_mixed": 0.06298828125,
        "input_storage_error": 0.0014994904631748796,
        "weight_storage_error": 0.0,
        "bias_storage_error": 0.0,
        "accumulation_estimate": 1.1920928955078125e-07,
        "demote_error": 3.0025839805603027e-05,
        "in_features": 1024,
        "neuron_idx": 654,
        "batch_idx": 2
      },
      {
        "coord": [
          10,
          2558
        ],
        "neuron_error": 4.8041343688964844e-05,
        "y_ref": 0.06849443912506104,
        "y_mixed": 0.06854248046875,
        "input_storage_error": 0.0014234251575544477,
        "weight_storage_error": 0.0,
        "bias_storage_error": 0.0,
        "accumulation_estimate": 1.1920928955078125e-07,
        "demote_error": 3.0443072319030762e-05,
        "in_features": 1024,
        "neuron_idx": 2558,
        "batch_idx": 10
      },
      {
        "coord": [
          14,
          3300
        ],
        "neuron_error": 4.6893954277038574e-05,
        "y_ref": -0.08500783145427704,
        "y_mixed": -0.0849609375,
        "input_storage_error": 0.0015508215874433517,
        "weight_storage_error": 0.0,
        "bias_storage_error": 0.0,
        "accumulation_estimate": 1.1920928955078125e-07,
        "demote_error": 2.703070640563965e-05,
        "in_features": 1024,
        "neuron_idx": 3300,
        "batch_idx": 14
      }
    ]
  }
}