{
  "detector": {
    "detected_exceeded": false,
    "actual_err": 0.0012723207473754883,
    "predicted_bound": 0.0014440059661865235,
    "elapsed_sec": 2.412705659866333
  },
  "analyzer_report": {
    "component_estimates": {
      "input_storage_error": 0.0012723207473754883,
      "max_subtraction_error": 0.0012723207473754883,
      "exponential_error": 0.0012723207473754883,
      "sum_accumulation_error": 0.0012723207473754883,
      "output_storage_error": 0.0012723207473754883
    },
    "component_ratios": {
      "input_storage_error": 0.2,
      "max_subtraction_error": 0.2,
      "exponential_error": 0.2,
      "sum_accumulation_error": 0.2,
      "output_storage_error": 0.2
    },
    "primary_source": "storage",
    "suggestion": "\u5206\u6790\u7ed3\u679c\u4e0d\u660e\u786e\uff1b\u8bf7\u68c0\u67e5\u8f93\u5165\u5206\u5e03\u6216\u589e\u52a0MC\u91c7\u6837\u3002 \u68c0\u6d4b\u5230\u6781\u5c0f\u7684exp\u503c\uff0c\u53ef\u80fd\u5bfc\u81f4\u4e0b\u6ea2\u548c\u7cbe\u5ea6\u635f\u5931\u3002 100.0%\u7684top\u8bef\u5dee\u6765\u81eamax logit\u4f4d\u7f6e\uff0c\u8fd9\u901a\u5e38\u5bf9softmax\u8f93\u51fa\u5f71\u54cd\u6700\u5927\u3002",
    "input_stats": {
      "min": -18.47119140625,
      "max": 30.096988677978516,
      "mean": 1.0281803607940674,
      "std": 6.142388820648193,
      "range": 48.568180084228516
    },
    "stability_stats": {
      "max_shifted_logit": 0.0,
      "min_shifted_logit": -48.274234771728516,
      "max_exp_val": 1.0,
      "min_exp_val": 1.0833435646642294e-21,
      "exp_sum_max": 2.718451738357544,
      "exp_sum_min": 1.005569577217102
    },
    "max_logit_error_ratio": 1.0,
    "top_elements_summary": [
      {
        "coord": [
          3,
          436
        ],
        "element_error": 0.0012723207473754883,
        "x_original": 27.801151275634766,
        "y_ref": 0.8113309144973755,
        "y_mixed": 0.81005859375,
        "storage_error": 0.004276275634765625,
        "demote_error": 0.0001583099365234375,
        "logit_analysis": {
          "softmax_position": 436,
          "softmax_dim_size": 512,
          "is_max_logit": true,
          "distance_from_max": 0.0
        }
      },
      {
        "coord": [
          6,
          108
        ],
        "element_error": 0.0010685920715332031,
        "x_original": 25.34553337097168,
        "y_ref": 0.4352107048034668,
        "y_mixed": 0.436279296875,
        "storage_error": 0.0017833709716796875,
        "demote_error": 3.3229589462280273e-05,
        "logit_analysis": {
          "softmax_position": 108,
          "softmax_dim_size": 512,
          "is_max_logit": true,
          "distance_from_max": 0.0
        }
      },
      {
        "coord": [
          6,
          418
        ],
        "element_error": 0.0008887946605682373,
        "x_original": 25.396930694580078,
        "y_ref": 0.45816418528556824,
        "y_mixed": 0.457275390625,
        "storage_error": 0.006305694580078125,
        "demote_error": 9.34302806854248e-05,
        "logit_analysis": {
          "softmax_position": 418,
          "softmax_dim_size": 512,
          "is_max_logit": true,
          "distance_from_max": 0.0
        }
      },
      {
        "coord": [
          0,
          325
        ],
        "element_error": 0.0007852911949157715,
        "x_original": 22.305225372314453,
        "y_ref": 0.9142537713050842,
        "y_mixed": 0.9150390625,
        "storage_error": 0.007274627685546875,
        "demote_error": 0.00012624263763427734,
        "logit_analysis": {
          "softmax_position": 325,
          "softmax_dim_size": 512,
          "is_max_logit": true,
          "distance_from_max": 0.0
        }
      },
      {
        "coord": [
          4,
          419
        ],
        "element_error": 0.0006785988807678223,
        "x_original": 24.538652420043945,
        "y_ref": 0.8913035988807678,
        "y_mixed": 0.890625,
        "storage_error": 0.0074024200439453125,
        "demote_error": 0.00021439790725708008,
        "logit_analysis": {
          "softmax_position": 419,
          "softmax_dim_size": 512,
          "is_max_logit": true,
          "distance_from_max": 0.0
        }
      },
      {
        "coord": [
          1,
          322
        ],
        "element_error": 0.0006404072046279907,
        "x_original": 21.319820404052734,
        "y_ref": 0.12014724314212799,
        "y_mixed": 0.1195068359375,
        "storage_error": 0.007320404052734375,
        "demote_error": 5.081295967102051e-06,
        "logit_analysis": {
          "softmax_position": 322,
          "softmax_dim_size": 512,
          "is_max_logit": true,
          "distance_from_max": 0.0
        }
      },
      {
        "coord": [
          0,
          320
        ],
        "element_error": 0.0005850270390510559,
        "x_original": 19.73622703552246,
        "y_ref": 0.07004303485155106,
        "y_mixed": 0.0694580078125,
        "storage_error": 0.0018520355224609375,
        "demote_error": 1.2889504432678223e-06,
        "logit_analysis": {
          "softmax_position": 320,
          "softmax_dim_size": 512,
          "is_max_logit": true,
          "distance_from_max": 0.0
        }
      },
      {
        "coord": [
          3,
          371
        ],
        "element_error": 0.0005507022142410278,
        "x_original": 25.212902069091797,
        "y_ref": 0.06097273528575897,
        "y_mixed": 0.0615234375,
        "storage_error": 0.005847930908203125,
        "demote_error": 1.4837831258773804e-05,
        "logit_analysis": {
          "softmax_position": 371,
          "softmax_dim_size": 512,
          "is_max_logit": true,
          "distance_from_max": 0.0
        }
      },
      {
        "coord": [
          3,
          507
        ],
        "element_error": 0.0004993528127670288,
        "x_original": 25.087589263916016,
        "y_ref": 0.05379141867160797,
        "y_mixed": 0.054290771484375,
        "storage_error": 0.006160736083984375,
        "demote_error": 9.622424840927124e-06,
        "logit_analysis": {
          "softmax_position": 507,
          "softmax_dim_size": 512,
          "is_max_logit": true,
          "distance_from_max": 0.0
        }
      },
      {
        "coord": [
          1,
          384
        ],
        "element_error": 0.00042176246643066406,
        "x_original": 22.21969223022461,
        "y_ref": 0.29547667503356934,
        "y_mixed": 0.2958984375,
        "storage_error": 0.000942230224609375,
        "demote_error": 0.0001035928726196289,
        "logit_analysis": {
          "softmax_position": 384,
          "softmax_dim_size": 512,
          "is_max_logit": true,
          "distance_from_max": 0.0
        }
      }
    ]
  }
}