{
  "detector": {
    "detected_exceeded": false,
    "actual_err": 0.00010341405868530273,
    "predicted_bound": 0.00020162676519248636,
    "elapsed_sec": 3.7292845249176025
  },
  "analyzer_report": {
    "component_estimates": {
      "input_storage_error": 0.00010341405868530273,
      "statistics_computation_error": 0.00010341405868530273,
      "output_storage_error": 0.00014157593250274658,
      "weight_storage_error": 0.00010341405868530273,
      "bias_storage_error": 0.00010341405868530273
    },
    "component_ratios": {
      "input_storage_error": 0.18625372373258903,
      "statistics_computation_error": 0.18625372373258903,
      "output_storage_error": 0.25498510506964384,
      "weight_storage_error": 0.18625372373258903,
      "bias_storage_error": 0.18625372373258903
    },
    "primary_source": "demote",
    "suggestion": "\u4e3b\u8981\u8bef\u5dee\u6765\u6e90\u4e3a\u8f93\u51fa\u964d\u7cbe\u5ea6\u3002\u5efa\u8bae\uff1a\u5ef6\u8fdf\u964d\u7cbe\u5ea6\u6216\u63d0\u9ad8\u8f93\u51fa\u7cbe\u5ea6\uff1b\u68c0\u67e5LayerNorm\u8f93\u51fa\u7684\u6570\u503c\u8303\u56f4\u3002",
    "statistics_errors": {
      "mean_error": 2.9466207251971355e-09,
      "var_error": 9.71667191151937e-13,
      "std_error": 2.3283064365386963e-10
    },
    "norm_behavior_stats": {
      "normal": 10
    },
    "top_elements_summary": [
      {
        "coord": [
          1,
          73,
          492
        ],
        "element_error": 0.00010341405868530273,
        "x_original": -0.0005218734731897712,
        "y_ref": -0.1656307578086853,
        "y_mixed": -0.16552734375,
        "norm_behavior": "normal",
        "storage_error": 2.1362211555242538e-07,
        "weight_error": 0.0,
        "bias_error": 0.0,
        "demote_error": 3.6209821701049805e-05,
        "local_mean_error": 9.783889254322276e-10,
        "local_std_error": 0.0
      },
      {
        "coord": [
          4,
          92,
          230
        ],
        "element_error": 9.353458881378174e-05,
        "x_original": -0.00041828956454992294,
        "y_ref": -0.13253982365131378,
        "y_mixed": -0.1324462890625,
        "norm_behavior": "normal",
        "storage_error": 1.0337680578231812e-07,
        "weight_error": 0.0,
        "bias_error": 0.0,
        "demote_error": 6.07222318649292e-05,
        "local_mean_error": 4.862386049353518e-10,
        "local_std_error": 0.0
      },
      {
        "coord": [
          0,
          405,
          592
        ],
        "element_error": 8.350610733032227e-05,
        "x_original": -0.00043907001963816583,
        "y_ref": -0.13822215795516968,
        "y_mixed": -0.1383056640625,
        "norm_behavior": "normal",
        "storage_error": 9.700306691229343e-08,
        "weight_error": 0.0,
        "bias_error": 0.0,
        "demote_error": 5.295872688293457e-05,
        "local_mean_error": 3.2787283998914063e-10,
        "local_std_error": 0.0
      },
      {
        "coord": [
          4,
          502,
          762
        ],
        "element_error": 8.29845666885376e-05,
        "x_original": 0.0004228361358400434,
        "y_ref": 0.13504885137081146,
        "y_mixed": 0.1351318359375,
        "norm_behavior": "normal",
        "storage_error": 1.1842348612844944e-07,
        "weight_error": 0.0,
        "bias_error": 0.0,
        "demote_error": 4.522502422332764e-05,
        "local_mean_error": 1.0686562745831907e-09,
        "local_std_error": 0.0
      },
      {
        "coord": [
          6,
          305,
          269
        ],
        "element_error": 8.289515972137451e-05,
        "x_original": -0.0004220935807097703,
        "y_ref": -0.13265125453472137,
        "y_mixed": -0.132568359375,
        "norm_behavior": "normal",
        "storage_error": 9.269570000469685e-08,
        "weight_error": 0.0,
        "bias_error": 0.0,
        "demote_error": 5.352497100830078e-05,
        "local_mean_error": 2.4715518520679325e-10,
        "local_std_error": 0.0
      },
      {
        "coord": [
          0,
          5,
          262
        ],
        "element_error": 8.253753185272217e-05,
        "x_original": 0.0004228658217471093,
        "y_ref": 0.13260789215564728,
        "y_mixed": 0.1326904296875,
        "norm_behavior": "normal",
        "storage_error": 8.873757906258106e-08,
        "weight_error": 0.0,
        "bias_error": 0.0,
        "demote_error": 5.4582953453063965e-05,
        "local_mean_error": 2.810338628478348e-10,
        "local_std_error": 0.0
      },
      {
        "coord": [
          0,
          48,
          530
        ],
        "element_error": 8.237361907958984e-05,
        "x_original": 0.0004173886263743043,
        "y_ref": 0.1313873529434204,
        "y_mixed": 0.1314697265625,
        "norm_behavior": "normal",
        "storage_error": 8.230563253164291e-08,
        "weight_error": 0.0,
        "bias_error": 0.0,
        "demote_error": 5.672872066497803e-05,
        "local_mean_error": 1.1699512469931506e-09,
        "local_std_error": 0.0
      },
      {
        "coord": [
          0,
          261,
          4
        ],
        "element_error": 8.225440979003906e-05,
        "x_original": 0.0004089833237230778,
        "y_ref": 0.12935471534729004,
        "y_mixed": 0.1292724609375,
        "norm_behavior": "normal",
        "storage_error": 9.546056389808655e-08,
        "weight_error": 0.0,
        "bias_error": 0.0,
        "demote_error": 5.231797695159912e-05,
        "local_mean_error": 7.284484127012547e-10,
        "local_std_error": 0.0
      },
      {
        "coord": [
          2,
          423,
          147
        ],
        "element_error": 7.750093936920166e-05,
        "x_original": 0.0004052311705891043,
        "y_ref": 0.1291949599981308,
        "y_mixed": 0.1292724609375,
        "norm_behavior": "normal",
        "storage_error": 8.041388355195522e-08,
        "weight_error": 0.0,
        "bias_error": 0.0,
        "demote_error": 5.193054676055908e-05,
        "local_mean_error": 4.686171450885013e-10,
        "local_std_error": 0.0
      },
      {
        "coord": [
          0,
          355,
          282
        ],
        "element_error": 7.708370685577393e-05,
        "x_original": 0.0004397171433083713,
        "y_ref": 0.13716204464435577,
        "y_mixed": 0.1370849609375,
        "norm_behavior": "normal",
        "storage_error": 7.328344509005547e-08,
        "weight_error": 0.0,
        "bias_error": 0.0,
        "demote_error": 5.443394184112549e-05,
        "local_mean_error": 1.6261765267699957e-09,
        "local_std_error": 0.0
      }
    ]
  }
}