{
  "detector": {
    "detected_exceeded": false,
    "actual_err": 6.753206253051758e-05,
    "predicted_bound": 0.00014216045965440572,
    "elapsed_sec": 3.8215460777282715
  },
  "meta": {
    "distribution": "adversarial_sum",
    "bias": true,
    "batch_size": 32,
    "in_features": 1024,
    "out_features": 4096
  },
  "analyzer_report": {
    "component_estimates": {
      "input_storage_error": 6.753206253051758e-05,
      "weight_storage_error": 6.753206253051758e-05,
      "accumulation_error": 6.753206253051758e-05,
      "output_storage_error": 0.00010696053504943848,
      "bias_storage_error": 6.753206253051758e-05
    },
    "component_ratios": {
      "input_storage_error": 0.17908796332885482,
      "weight_storage_error": 0.17908796332885482,
      "accumulation_error": 0.17908796332885482,
      "output_storage_error": 0.2836481466845807,
      "bias_storage_error": 0.17908796332885482
    },
    "primary_source": "input_storage",
    "suggestion": "\u4e3b\u8981\u8bef\u5dee\u6765\u6e90\u4e3a\u8f93\u5165\u5b58\u50a8\u7cbe\u5ea6\u3002\u5efa\u8bae\uff1a\u63d0\u5347\u8f93\u5165\u5b58\u50a8\u7cbe\u5ea6\u6216\u8fdb\u884c\u8f93\u5165\u5f52\u4e00\u5316/\u6807\u51c6\u5316\u4ee5\u964d\u4f4e\u6570\u503c\u8303\u56f4\u3002",
    "aggregated_ratios": {
      "input_storage": 0.9715229995581606,
      "weight_storage": 0.0,
      "bias_storage": 0.0,
      "accumulation": 0.00012138533862676671,
      "demote": 0.028355615103212706
    },
    "top_neurons_summary": [
      {
        "coord": [
          18,
          708
        ],
        "neuron_error": 6.753206253051758e-05,
        "y_ref": 0.12664145231246948,
        "y_mixed": 0.126708984375,
        "input_storage_error": 0.0014492906630039215,
        "weight_storage_error": 0.0,
        "bias_storage_error": 0.0,
        "accumulation_estimate": 2.384185791015625e-07,
        "demote_error": 5.984306335449219e-05,
        "in_features": 1024,
        "neuron_idx": 708,
        "batch_idx": 18
      },
      {
        "coord": [
          9,
          838
        ],
        "neuron_error": 5.8650970458984375e-05,
        "y_ref": 0.13287591934204102,
        "y_mixed": 0.1329345703125,
        "input_storage_error": 0.0013356477720662951,
        "weight_storage_error": 0.0,
        "bias_storage_error": 0.0,
        "accumulation_estimate": 2.384185791015625e-07,
        "demote_error": 5.982816219329834e-05,
        "in_features": 1024,
        "neuron_idx": 838,
        "batch_idx": 9
      },
      {
        "coord": [
          30,
          3930
        ],
        "neuron_error": 5.3882598876953125e-05,
        "y_ref": -0.12847185134887695,
        "y_mixed": -0.12841796875,
        "input_storage_error": 0.0013957192422822118,
        "weight_storage_error": 0.0,
        "bias_storage_error": 0.0,
        "accumulation_estimate": 2.384185791015625e-07,
        "demote_error": 5.511939525604248e-05,
        "in_features": 1024,
        "neuron_idx": 3930,
        "batch_idx": 30
      },
      {
        "coord": [
          30,
          2701
        ],
        "neuron_error": 5.207955837249756e-05,
        "y_ref": 0.0807405561208725,
        "y_mixed": 0.0806884765625,
        "input_storage_error": 0.0013957192422822118,
        "weight_storage_error": 0.0,
        "bias_storage_error": 0.0,
        "accumulation_estimate": 1.1920928955078125e-07,
        "demote_error": 3.0450522899627686e-05,
        "in_features": 1024,
        "neuron_idx": 2701,
        "batch_idx": 30
      },
      {
        "coord": [
          7,
          1209
        ],
        "neuron_error": 4.9598515033721924e-05,
        "y_ref": -0.08124922960996628,
        "y_mixed": -0.081298828125,
        "input_storage_error": 0.001372007536701858,
        "weight_storage_error": 0.0,
        "bias_storage_error": 0.0,
        "accumulation_estimate": 1.1920928955078125e-07,
        "demote_error": 2.9884278774261475e-05,
        "in_features": 1024,
        "neuron_idx": 1209,
        "batch_idx": 7
      },
      {
        "coord": [
          6,
          2198
        ],
        "neuron_error": 4.826486110687256e-05,
        "y_ref": 0.13691462576389313,
        "y_mixed": 0.136962890625,
        "input_storage_error": 0.0015523146139457822,
        "weight_storage_error": 0.0,
        "bias_storage_error": 0.0,
        "accumulation_estimate": 2.384185791015625e-07,
        "demote_error": 5.733966827392578e-05,
        "in_features": 1024,
        "neuron_idx": 2198,
        "batch_idx": 6
      },
      {
        "coord": [
          29,
          2517
        ],
        "neuron_error": 4.8123300075531006e-05,
        "y_ref": -0.06397775560617447,
        "y_mixed": -0.06402587890625,
        "input_storage_error": 0.00140400102827698,
        "weight_storage_error": 0.0,
        "bias_storage_error": 0.0,
        "accumulation_estimate": 1.1920928955078125e-07,
        "demote_error": 2.6695430278778076e-05,
        "in_features": 1024,
        "neuron_idx": 2517,
        "batch_idx": 29
      },
      {
        "coord": [
          13,
          1560
        ],
        "neuron_error": 4.731118679046631e-05,
        "y_ref": -0.13224945962429047,
        "y_mixed": -0.1322021484375,
        "input_storage_error": 0.0014221789315342903,
        "weight_storage_error": 0.0,
        "bias_storage_error": 0.0,
        "accumulation_estimate": 2.384185791015625e-07,
        "demote_error": 4.266202449798584e-05,
        "in_features": 1024,
        "neuron_idx": 1560,
        "batch_idx": 13
      },
      {
        "coord": [
          6,
          2723
        ],
        "neuron_error": 4.729628562927246e-05,
        "y_ref": 0.11314544081687927,
        "y_mixed": 0.11309814453125,
        "input_storage_error": 0.0015523146139457822,
        "weight_storage_error": 0.0,
        "bias_storage_error": 0.0,
        "accumulation_estimate": 1.1920928955078125e-07,
        "demote_error": 2.553313970565796e-05,
        "in_features": 1024,
        "neuron_idx": 2723,
        "batch_idx": 6
      },
      {
        "coord": [
          25,
          3189
        ],
        "neuron_error": 4.6700239181518555e-05,
        "y_ref": -0.07063201069831848,
        "y_mixed": -0.0706787109375,
        "input_storage_error": 0.001432407065294683,
        "weight_storage_error": 0.0,
        "bias_storage_error": 0.0,
        "accumulation_estimate": 1.1920928955078125e-07,
        "demote_error": 3.0353665351867676e-05,
        "in_features": 1024,
        "neuron_idx": 3189,
        "batch_idx": 25
      }
    ]
  }
}