{
  "detector": {
    "detected_exceeded": false,
    "actual_err": 4.3995678424835205e-05,
    "predicted_bound": 0.00011968198377871887,
    "elapsed_sec": 2.876007556915283
  },
  "analyzer_report": {
    "component_estimates": {
      "input_storage_error": 4.9598515033721924e-05,
      "matmul1_accumulation_error": 4.9598515033721924e-05,
      "scaling_error": 4.9598515033721924e-05,
      "softmax_numerical_error": 4.9598515033721924e-05,
      "matmul2_accumulation_error": 4.9598515033721924e-05,
      "output_demote_error": 8.26716423034668e-05
    },
    "component_ratios": {
      "input_storage_error": 0.14999662017530024,
      "matmul1_accumulation_error": 0.14999662017530024,
      "scaling_error": 0.14999662017530024,
      "softmax_numerical_error": 0.14999662017530024,
      "matmul2_accumulation_error": 0.14999662017530024,
      "output_demote_error": 0.2500168991234988
    },
    "primary_source": "storage_error",
    "suggestion": "\u4e3b\u8981\u8bef\u5dee\u6765\u6e90\u4e3a\u8f93\u5165\u5b58\u50a8\u7cbe\u5ea6\u3002\u5efa\u8bae\uff1a\u63d0\u5347Q/K/V\u7684\u5b58\u50a8\u7cbe\u5ea6\uff1b\u8fdb\u884c\u8f93\u5165\u5f52\u4e00\u5316\uff1b\u68c0\u67e5embedding\u5c42\u7684\u8f93\u51fa\u8303\u56f4\u3002 \u68c0\u6d4b\u5230\u5927\u91cf\u5c16\u9510\u7684attention\u6a21\u5f0f\uff08\u4f4e\u71b5\uff09\uff0c\u8fd9\u4f1a\u653e\u5927softmax\u7684\u6570\u503c\u8bef\u5dee\u3002\u8003\u8651\u4f7f\u7528attention dropout\u6216\u6e29\u5ea6\u7f29\u653e\u3002",
    "attention_pattern_stats": {
      "global_avg_entropy": 3.878162145614624,
      "global_sparsity": 0.6947479248046875,
      "max_attention_weight": 1.0,
      "min_attention_weight": 0.0
    },
    "attention_behavior_stats": {
      "high_entropy_tokens": 0,
      "low_entropy_tokens": 7,
      "total_analyzed": 8
    },
    "top_tokens_summary": [
      {
        "batch_idx": 0,
        "head_idx": 5,
        "token_idx": 2,
        "token_error": 9.165494702756405e-06,
        "entropy_ref": 1.0985946655273438,
        "max_attention_weight_ref": 0.33613622188568115,
        "attention_weight_error": 5.662441253662109e-07,
        "stage_errors": {
          "storage_error": 2.1220556845946703e-05,
          "matmul1_error": 1.1218041263685983e-09,
          "softmax_error": 6.956033757887781e-07,
          "matmul2_error": 7.137299689929933e-07,
          "demote_error": 6.956033757887781e-08
        }
      },
      {
        "batch_idx": 0,
        "head_idx": 5,
        "token_idx": 1,
        "token_error": 8.530227205483243e-06,
        "entropy_ref": 0.6931281089782715,
        "max_attention_weight_ref": 0.5030856728553772,
        "attention_weight_error": 1.341104507446289e-06,
        "stage_errors": {
          "storage_error": 2.1072112758702133e-05,
          "matmul1_error": 1.0978644510590662e-09,
          "softmax_error": 6.807589670643211e-07,
          "matmul2_error": 7.137299689929933e-07,
          "demote_error": 6.807589670643211e-08
        }
      },
      {
        "batch_idx": 0,
        "head_idx": 5,
        "token_idx": 0,
        "token_error": 8.390607035835274e-06,
        "entropy_ref": -0.0,
        "max_attention_weight_ref": 1.0,
        "attention_weight_error": 0.0,
        "stage_errors": {
          "storage_error": 2.1886507056478877e-05,
          "matmul1_error": 1.2292023535959886e-09,
          "softmax_error": 7.621983968419954e-07,
          "matmul2_error": 7.137299689929933e-07,
          "demote_error": 7.621983968419955e-08
        }
      },
      {
        "batch_idx": 0,
        "head_idx": 6,
        "token_idx": 1,
        "token_error": 8.163289749063551e-06,
        "entropy_ref": 0.6931374073028564,
        "max_attention_weight_ref": 0.50221186876297,
        "attention_weight_error": 5.960464477539063e-08,
        "stage_errors": {
          "storage_error": 2.2423222162615275e-05,
          "matmul1_error": 1.3349649209569223e-09,
          "softmax_error": 8.374670869670809e-07,
          "matmul2_error": 7.003776318015299e-07,
          "demote_error": 8.374670869670808e-08
        }
      },
      {
        "batch_idx": 0,
        "head_idx": 1,
        "token_idx": 0,
        "token_error": 8.15070052340161e-06,
        "entropy_ref": -0.0,
        "max_attention_weight_ref": 1.0,
        "attention_weight_error": 0.0,
        "stage_errors": {
          "storage_error": 2.0317711005191086e-05,
          "matmul1_error": 9.745099454323324e-10,
          "softmax_error": 6.13215524936095e-07,
          "matmul2_error": 7.162305337260478e-07,
          "demote_error": 6.132155249360948e-08
        }
      },
      {
        "batch_idx": 0,
        "head_idx": 1,
        "token_idx": 1,
        "token_error": 8.102635547402315e-06,
        "entropy_ref": 0.6931362152099609,
        "max_attention_weight_ref": 0.5023430585861206,
        "attention_weight_error": 9.834766387939453e-07,
        "stage_errors": {
          "storage_error": 2.00808713088918e-05,
          "matmul1_error": 9.368718508095849e-10,
          "softmax_error": 5.895315553061665e-07,
          "matmul2_error": 7.162305337260478e-07,
          "demote_error": 5.895315553061664e-08
        }
      },
      {
        "batch_idx": 0,
        "head_idx": 4,
        "token_idx": 1,
        "token_error": 7.76844535721466e-06,
        "entropy_ref": 0.6931337714195251,
        "max_attention_weight_ref": 0.5025854110717773,
        "attention_weight_error": 3.8743019104003906e-07,
        "stage_errors": {
          "storage_error": 1.9650275589810917e-05,
          "matmul1_error": 9.19932381305539e-10,
          "softmax_error": 5.706060619559139e-07,
          "matmul2_error": 6.819220288889483e-07,
          "demote_error": 5.706060619559139e-08
        }
      },
      {
        "batch_idx": 0,
        "head_idx": 6,
        "token_idx": 0,
        "token_error": 7.529553840868175e-06,
        "entropy_ref": -0.0,
        "max_attention_weight_ref": 1.0,
        "attention_weight_error": 0.0,
        "stage_errors": {
          "storage_error": 2.312241986146546e-05,
          "matmul1_error": 1.446420572803392e-09,
          "softmax_error": 9.073868568520993e-07,
          "matmul2_error": 7.003776318015299e-07,
          "demote_error": 9.073868568520993e-08
        }
      }
    ],
    "head_analysis": [
      {
        "head_idx": 0,
        "avg_error": 1.8771239638226689e-06,
        "avg_entropy": 3.8781614303588867,
        "avg_max_weight": 0.04288485273718834,
        "sparsity": 0.694580078125
      },
      {
        "head_idx": 1,
        "avg_error": 1.9841502307826886e-06,
        "avg_entropy": 3.878162145614624,
        "avg_max_weight": 0.04285198450088501,
        "sparsity": 0.69439697265625
      },
      {
        "head_idx": 2,
        "avg_error": 1.7492311599198729e-06,
        "avg_entropy": 3.8781614303588867,
        "avg_max_weight": 0.04287772998213768,
        "sparsity": 0.6947021484375
      },
      {
        "head_idx": 3,
        "avg_error": 1.75951129222085e-06,
        "avg_entropy": 3.878162145614624,
        "avg_max_weight": 0.04284188151359558,
        "sparsity": 0.69464111328125
      },
      {
        "head_idx": 4,
        "avg_error": 1.828355834732065e-06,
        "avg_entropy": 3.878161907196045,
        "avg_max_weight": 0.04286753013730049,
        "sparsity": 0.6949462890625
      },
      {
        "head_idx": 5,
        "avg_error": 2.0069758193130838e-06,
        "avg_entropy": 3.878161668777466,
        "avg_max_weight": 0.04286836460232735,
        "sparsity": 0.6949462890625
      },
      {
        "head_idx": 6,
        "avg_error": 1.8351528296989272e-06,
        "avg_entropy": 3.878162384033203,
        "avg_max_weight": 0.04285059869289398,
        "sparsity": 0.69500732421875
      },
      {
        "head_idx": 7,
        "avg_error": 2.0261293229850708e-06,
        "avg_entropy": 3.878161668777466,
        "avg_max_weight": 0.04286549985408783,