{
  "detector": {
    "detected_exceeded": false,
    "actual_err": 9.019672870635986e-05,
    "predicted_bound": 0.00017043506086338313,
    "elapsed_sec": 3.8267087936401367
  },
  "analyzer_report": {
    "component_estimates": {
      "input_storage_error": 9.019672870635986e-05,
      "statistics_computation_error": 9.019672870635986e-05,
      "output_storage_error": 0.00013875961303710938,
      "weight_storage_error": 9.019672870635986e-05,
      "bias_storage_error": 9.019672870635986e-05
    },
    "component_ratios": {
      "input_storage_error": 0.1805572127431094,
      "statistics_computation_error": 0.1805572127431094,
      "output_storage_error": 0.27777114902756234,
      "weight_storage_error": 0.1805572127431094,
      "bias_storage_error": 0.1805572127431094
    },
    "primary_source": "demote",
    "suggestion": "\u4e3b\u8981\u8bef\u5dee\u6765\u6e90\u4e3a\u8f93\u51fa\u964d\u7cbe\u5ea6\u3002\u5efa\u8bae\uff1a\u5ef6\u8fdf\u964d\u7cbe\u5ea6\u6216\u63d0\u9ad8\u8f93\u51fa\u7cbe\u5ea6\uff1b\u68c0\u67e5LayerNorm\u8f93\u51fa\u7684\u6570\u503c\u8303\u56f4\u3002",
    "statistics_errors": {
      "mean_error": 3.1699300961918198e-09,
      "var_error": 8.588685318500211e-13,
      "std_error": 2.3283064365386963e-10
    },
    "norm_behavior_stats": {
      "normal": 10
    },
    "top_elements_summary": [
      {
        "coord": [
          3,
          377,
          144
        ],
        "element_error": 9.019672870635986e-05,
        "x_original": 0.0004154614871367812,
        "y_ref": 0.13272230327129364,
        "y_mixed": 0.1328125,
        "norm_behavior": "normal",
        "storage_error": 1.0209623724222183e-07,
        "weight_error": 0.0,
        "bias_error": 0.0,
        "demote_error": 5.798041820526123e-05,
        "local_mean_error": 1.787157088983804e-10,
        "local_std_error": 0.0
      },
      {
        "coord": [
          6,
          177,
          48
        ],
        "element_error": 8.803606033325195e-05,
        "x_original": -0.0004113941977266222,
        "y_ref": -0.13089340925216675,
        "y_mixed": -0.1309814453125,
        "norm_behavior": "normal",
        "storage_error": 1.1626980267465115e-07,
        "weight_error": 0.0,
        "bias_error": 0.0,
        "demote_error": 5.154311656951904e-05,
        "local_mean_error": 7.835296855773777e-10,
        "local_std_error": 0.0
      },
      {
        "coord": [
          5,
          375,
          325
        ],
        "element_error": 8.77082347869873e-05,
        "x_original": 0.00039472003118135035,
        "y_ref": 0.126743346452713,
        "y_mixed": 0.1268310546875,
        "norm_behavior": "normal",
        "storage_error": 1.0113581083714962e-07,
        "weight_error": 0.0,
        "bias_error": 0.0,
        "demote_error": 5.5402517318725586e-05,
        "local_mean_error": 1.0763869795482606e-09,
        "local_std_error": 0.0
      },
      {
        "coord": [
          1,
          61,
          631
        ],
        "element_error": 8.547306060791016e-05,
        "x_original": 0.00039806842687539756,
        "y_ref": 0.1256469488143921,
        "y_mixed": 0.125732421875,
        "norm_behavior": "normal",
        "storage_error": 9.060022421181202e-08,
        "weight_error": 0.0,
        "bias_error": 0.0,
        "demote_error": 5.716085433959961e-05,
        "local_mean_error": 1.036596586345695e-09,
        "local_std_error": 0.0
      },
      {
        "coord": [
          4,
          464,
          575
        ],
        "element_error": 8.341670036315918e-05,
        "x_original": 0.00039541858131997287,
        "y_ref": 0.12638142704963684,
        "y_mixed": 0.12646484375,
        "norm_behavior": "normal",
        "storage_error": 1.1784140951931477e-07,
        "weight_error": 0.0,
        "bias_error": 0.0,
        "demote_error": 4.628300666809082e-05,
        "local_mean_error": 3.9244696381501853e-10,
        "local_std_error": 0.0
      },
      {
        "coord": [
          0,
          140,
          613
        ],
        "element_error": 8.001923561096191e-05,
        "x_original": 0.00041444224189035594,
        "y_ref": 0.12971869111061096,
        "y_mixed": 0.129638671875,
        "norm_behavior": "normal",
        "storage_error": 7.075141184031963e-08,
        "weight_error": 0.0,
        "bias_error": 0.0,
        "demote_error": 5.804002285003662e-05,
        "local_mean_error": 1.179614628199488e-09,
        "local_std_error": 2.3283064365386963e-10
      },
      {
        "coord": [
          4,
          36,
          272
        ],
        "element_error": 7.930397987365723e-05,
        "x_original": 0.00043184502283111215,
        "y_ref": 0.13692012429237366,
        "y_mixed": 0.1368408203125,
        "norm_behavior": "normal",
        "storage_error": 6.897607818245888e-08,
        "weight_error": 0.0,
        "bias_error": 0.0,
        "demote_error": 5.748867988586426e-05,
        "local_mean_error": 8.481038094032556e-11,
        "local_std_error": 0.0
      },
      {
        "coord": [
          6,
          205,
          516
        ],
        "element_error": 7.902085781097412e-05,
        "x_original": 0.00040849909419193864,
        "y_ref": 0.12813077867031097,
        "y_mixed": 0.1280517578125,
        "norm_behavior": "normal",
        "storage_error": 8.806819096207619e-08,
        "weight_error": 0.0,
        "bias_error": 0.0,
        "demote_error": 5.143880844116211e-05,
        "local_mean_error": 7.835296855773777e-10,
        "local_std_error": 0.0
      },
      {
        "coord": [
          3,
          20,
          284
        ],
        "element_error": 7.747113704681396e-05,
        "x_original": -0.0004052480508107692,
        "y_ref": -0.12699772417545319,
        "y_mixed": -0.1270751953125,
        "norm_behavior": "normal",
        "storage_error": 6.353366188704967e-08,
        "weight_error": 0.0,
        "bias_error": 0.0,
        "demote_error": 5.717575550079346e-05,
        "local_mean_error": 6.323261914076284e-10,
        "local_std_error": 0.0
      },
      {
        "coord": [
          6,
          1,
          644
        ],
        "element_error": 7.647275924682617e-05,
        "x_original": -0.0003916271380148828,
        "y_ref": -0.12541180849075317,
        "y_mixed": -0.12548828125,
        "norm_behavior": "normal",
        "storage_error": 9.458744898438454e-08,
        "weight_error": 0.0,
        "bias_error": 0.0,
        "demote_error": 4.641711711883545e-05,
        "local_mean_error": 4.920366336591542e-10,
        "local_std_error": 0.0
      }
    ]
  }
}