{
  "detector": {
    "detected_exceeded": false,
    "actual_err": 5.537644028663635e-06,
    "predicted_bound": 3.9552992529934275e-05,
    "elapsed_sec": 2.7027246952056885
  },
  "matrix_info": {
    "input_shape": [
      256,
      1024
    ],
    "weight_shape": [
      1024,
      512
    ],
    "output_shape": [
      256,
      512
    ],
    "accumulation_dim": 1024
  },
  "analyzer_report": {
    "component_estimates": {
      "input_storage_error": 5.537644028663635e-06,
      "weight_storage_error": 5.537644028663635e-06,
      "accumulation_error": 5.537644028663635e-06,
      "demote_error": 3.450177609920502e-05
    },
    "component_ratios": {
      "input_storage_error": 0.10833758472414547,
      "weight_storage_error": 0.10833758472414547,
      "accumulation_error": 0.10833758472414547,
      "demote_error": 0.6749872458275636
    },
    "primary_source": "x_storage",
    "suggestion": "\u4e3b\u8981\u8bef\u5dee\u6765\u6e90\u4e3a\u8f93\u5165\u5b58\u50a8\u7cbe\u5ea6\u3002\u5efa\u8bae\uff1a\u63d0\u5347\u8f93\u5165\u5b58\u50a8\u7cbe\u5ea6\uff1b\u8fdb\u884c\u8f93\u5165\u5f52\u4e00\u5316\u6216\u6743\u91cd\u7f29\u653e\u4ee5\u6539\u5584\u6570\u503c\u8303\u56f4\u3002 \u68c0\u6d4b\u5230\u6570\u503c\u7a33\u5b9a\u6027\u95ee\u9898\uff08\u6761\u4ef6\u6570\u6307\u6807=4.27\uff09\u3002\u5efa\u8bae\uff1a(1)\u8f93\u5165/\u6743\u91cd\u9884\u5904\u7406\u548c\u5f52\u4e00\u5316\uff1b(2)\u68c0\u67e5\u662f\u5426\u5b58\u5728\u75c5\u6001\u77e9\u9635\u3002",
    "numerical_stability": {
      "average_condition_indicator": 4.27376183846293,
      "accumulation_dimension": 1024,
      "stability_assessment": "good"
    },
    "top_elements_summary": [
      {
        "coord": [
          235,
          258
        ],
        "element_error": 5.537644028663635e-06,
        "y_ref": 0.007909590378403664,
        "y_mixed": 0.007904052734375,
        "x_storage_error": 0.00015906804765108973,
        "w_storage_error": 0.0,
        "accumulation_error_estimate": 1.4901161193847656e-08,
        "demote_error": 3.7373974919319153e-06,
        "condition_indicator": 4.287040853441575,
        "product_stats": {
          "min": -0.00047038731281645596,
          "max": 0.0007154059712775052,
          "mean": 7.722454029135406e-06,
          "std": 0.00010204841964878142
        }
      },
      {
        "coord": [
          198,
          54
        ],
        "element_error": 5.227513611316681e-06,
        "y_ref": 0.008145791478455067,
        "y_mixed": 0.00814056396484375,
        "x_storage_error": 0.00015060520672705024,
        "w_storage_error": 0.0,
        "accumulation_error_estimate": 1.4901161193847656e-08,
        "demote_error": 3.6833807826042175e-06,
        "condition_indicator": 3.542342471585079,
        "product_stats": {
          "min": -0.0005193028482608497,
          "max": 0.0008694150019437075,
          "mean": 7.953365638968535e-06,
          "std": 0.00010403272608527914
        }
      },
      {
        "coord": [
          74,
          160
        ],
        "element_error": 5.101785063743591e-06,
        "y_ref": -0.011517858132719994,
        "y_mixed": -0.01151275634765625,
        "x_storage_error": 0.00013565561675932258,
        "w_storage_error": 0.0,
        "accumulation_error_estimate": 1.4901161193847656e-08,
        "demote_error": 3.4458935260772705e-06,
        "condition_indicator": 9.577095272645888,
        "product_stats": {
          "min": -0.0006146675441414118,
          "max": 0.0005979975103400648,
          "mean": -1.1246294889133424e-05,
          "std": 0.00010677918180590495
        }
      },
      {
        "coord": [
          206,
          48
        ],
        "element_error": 5.048699676990509e-06,
        "y_ref": 0.00881453137844801,
        "y_mixed": 0.008819580078125,
        "x_storage_error": 0.00014978049148339778,
        "w_storage_error": 0.0,
        "accumulation_error_estimate": 1.4901161193847656e-08,
        "demote_error": 3.7224963307380676e-06,
        "condition_indicator": 3.7900152393389246,
        "product_stats": {
          "min": -0.0005690911202691495,
          "max": 0.0005400395020842552,
          "mean": 8.60923682921566e-06,
          "std": 0.0001034481538226828
        }
      },
      {
        "coord": [
          212,
          425
        ],
        "element_error": 4.9192458391189575e-06,
        "y_ref": 0.008524743840098381,
        "y_mixed": 0.0085296630859375,
        "x_storage_error": 0.00014774817100260407,
        "w_storage_error": 0.0,
        "accumulation_error_estimate": 1.4901161193847656e-08,
        "demote_error": 3.5781413316726685e-06,
        "condition_indicator": 3.6251883710770336,
        "product_stats": {
          "min": -0.0007293295348063111,
          "max": 0.0007504638051614165,
          "mean": 8.326253009727225e-06,
          "std": 0.00010074430610984564
        }
      },
      {
        "coord": [
          175,
          29
        ],
        "element_error": 4.91458922624588e-06,
        "y_ref": 0.008028837852180004,
        "y_mixed": 0.00803375244140625,
        "x_storage_error": 0.00015217933105304837,
        "w_storage_error": 0.0,
        "accumulation_error_estimate": 1.4901161193847656e-08,
        "demote_error": 3.5427510738372803e-06,
        "condition_indicator": 3.498933771255519,
        "product_stats": {
          "min": -0.00045314140152186155,
          "max": 0.0007164421840570867,
          "mean": 7.842000741220545e-06,
          "std": 0.00010225016012554988
        }
      },
      {
        "coord": [
          226,
          7
        ],
        "element_error": 4.912726581096649e-06,
        "y_ref": 0.008801604621112347,
        "y_mixed": 0.00879669189453125,
        "x_storage_error": 0.0001490554423071444,
        "w_storage_error": 0.0,
        "accumulation_error_estimate": 1.4901161193847656e-08,
        "demote_error": 3.7979334592819214e-06,
        "condition_indicator": 3.55208060300602,
        "product_stats": {
          "min": -0.0006129737012088299,
          "max": 0.0005074895452708006,
          "mean": 8.594227438152302e-06,
          "std": 9.90412081591785e-05
        }
      },
      {
        "coord": [
          160,
          364
        ],
        "element_error": 4.8857182264328e-06,
        "y_ref": 0.009570004418492317,
        "y_mixed": 0.00957489013671875,
        "x_storage_error": 0.0001404055074090138,
        "w_storage_error": 0.0,
        "accumulation_error_estimate": 1.4901161193847656e-08,
        "demote_error": 3.384426236152649e-06,
        "condition_indicator": 3.508035261765787,
        "product_stats": {
          "min": -0.0006466295453719795,
          "max": 0.000528534990735352,
          "mean": 9.347173545393161e-06,
          "std": 9.720012167235836e-05
        }
      },
      {
        "coord": [
          189,
          307
        ],
        "element_error": 4.872679710388184e-06,
        "y_ref": 0.007883921265602112,
        "y_mixed": 0.0078887939453125,
        "x_storage_error": 0.00015376013470813632,
        "w_storage_error": 0.0,
        "accumulation_error_estimate": 1.4901161193847656e-08,
        "demote_error": 3.6908313632011414e-06,
        "condition_indicator": 3.6586124842853867,
        "product_stats": {
          "min": -0.0005561697180382907,
          "max": 0.0006452308734878898,
          "mean": 7.700296009716112e-06,
          "std": 0.00010114878386957571
        }
      },
      {
        "coord": [
          165,
          116
        ],
        "element_error": 4.840083420276642e-06,
        "y_ref": 0.008746075443923473,
        "y_mixed": 0.00875091552734375,
        "x_storage_error": 0.00014679861487820745,
        "w_storage_error": 0.0,
        "accumulation_error_estimate": 1.4901161193847656e-08,
        "demote_error": 3.750436007976532e-06,
        "condition_indicator": 3.6982740562280845,
        "product_stats": {
          "min": -0.0005978632252663374,