{
  "detector": {
    "detected_exceeded": false,
    "actual_err": 0.0030379891395568848,
    "predicted_bound": 0.0036103427410125737,
    "elapsed_sec": 2.455298900604248
  },
  "analyzer_report": {
    "component_estimates": {
      "input_storage_error": 0.0030379891395568848,
      "max_subtraction_error": 0.0030379891395568848,
      "exponential_error": 0.0030379891395568848,
      "sum_accumulation_error": 0.0030379891395568848,
      "output_storage_error": 0.0030379891395568848
    },
    "component_ratios": {
      "input_storage_error": 0.2,
      "max_subtraction_error": 0.2,
      "exponential_error": 0.2,
      "sum_accumulation_error": 0.2,
      "output_storage_error": 0.2
    },
    "primary_source": "storage",
    "suggestion": "\u5206\u6790\u7ed3\u679c\u4e0d\u660e\u786e\uff1b\u8bf7\u68c0\u67e5\u8f93\u5165\u5206\u5e03\u6216\u589e\u52a0MC\u91c7\u6837\u3002 \u68c0\u6d4b\u5230\u6781\u5c0f\u7684exp\u503c\uff0c\u53ef\u80fd\u5bfc\u81f4\u4e0b\u6ea2\u548c\u7cbe\u5ea6\u635f\u5931\u3002 91.5%\u7684top\u8bef\u5dee\u6765\u81eamax logit\u4f4d\u7f6e\uff0c\u8fd9\u901a\u5e38\u5bf9softmax\u8f93\u51fa\u5f71\u54cd\u6700\u5927\u3002",
    "input_stats": {
      "min": -18.727027893066406,
      "max": 30.58060073852539,
      "mean": 0.9639126062393188,
      "std": 6.119120121002197,
      "range": 49.3076286315918
    },
    "stability_stats": {
      "max_shifted_logit": 0.0,
      "min_shifted_logit": -44.962608337402344,
      "max_exp_val": 1.0,
      "min_exp_val": 2.971579142171982e-20,
      "exp_sum_max": 2.565462112426758,
      "exp_sum_min": 1.001847743988037
    },
    "max_logit_error_ratio": 0.9145648804459642,
    "top_elements_summary": [
      {
        "coord": [
          0,
          37
        ],
        "element_error": 0.0030379891395568848,
        "x_original": 25.94314193725586,
        "y_ref": 0.5018172860145569,
        "y_mixed": 0.498779296875,
        "storage_error": 0.005641937255859375,
        "demote_error": 2.8073787689208984e-05,
        "logit_analysis": {
          "softmax_position": 37,
          "softmax_dim_size": 512,
          "is_max_logit": true,
          "distance_from_max": 0.0
        }
      },
      {
        "coord": [
          0,
          49
        ],
        "element_error": 0.001925647258758545,
        "x_original": 25.399215698242188,
        "y_ref": 0.29128724336624146,
        "y_mixed": 0.293212890625,
        "storage_error": 0.0070343017578125,
        "demote_error": 2.0831823348999023e-05,
        "logit_analysis": {
          "softmax_position": 49,
          "softmax_dim_size": 512,
          "is_max_logit": true,
          "distance_from_max": 0.0
        }
      },
      {
        "coord": [
          4,
          452
        ],
        "element_error": 0.001292884349822998,
        "x_original": 26.516963958740234,
        "y_ref": 0.734691321849823,
        "y_mixed": 0.7333984375,
        "storage_error": 0.001338958740234375,
        "demote_error": 0.00022047758102416992,
        "logit_analysis": {
          "softmax_position": 452,
          "softmax_dim_size": 512,
          "is_max_logit": true,
          "distance_from_max": 0.0
        }
      },
      {
        "coord": [
          4,
          192
        ],
        "element_error": 0.0010511577129364014,
        "x_original": 25.166404724121094,
        "y_ref": 0.1903550922870636,
        "y_mixed": 0.19140625,
        "storage_error": 0.00547027587890625,
        "demote_error": 3.0308961868286133e-05,
        "logit_analysis": {
          "softmax_position": 192,
          "softmax_dim_size": 512,
          "is_max_logit": true,
          "distance_from_max": 0.0
        }
      },
      {
        "coord": [
          0,
          117
        ],
        "element_error": 0.0010160356760025024,
        "x_original": 24.8841495513916,
        "y_ref": 0.1740327924489975,
        "y_mixed": 0.175048828125,
        "storage_error": 0.0064754486083984375,
        "demote_error": 4.903972148895264e-05,
        "logit_analysis": {
          "softmax_position": 117,
          "softmax_dim_size": 512,
          "is_max_logit": false,
          "distance_from_max": -1.9914894104003906
        }
      },
      {
        "coord": [
          1,
          362
        ],
        "element_error": 0.0009397268295288086,
        "x_original": 20.286693572998047,
        "y_ref": 0.1973508596420288,
        "y_mixed": 0.1964111328125,
        "storage_error": 0.005443572998046875,
        "demote_error": 1.7642974853515625e-05,
        "logit_analysis": {
          "softmax_position": 362,
          "softmax_dim_size": 512,
          "is_max_logit": true,
          "distance_from_max": 0.0
        }
      },
      {
        "coord": [
          5,
          507
        ],
        "element_error": 0.0009152591228485107,
        "x_original": 23.78966522216797,
        "y_ref": 0.1771853268146515,
        "y_mixed": 0.1781005859375,
        "storage_error": 0.00720977783203125,
        "demote_error": 2.485513687133789e-05,
        "logit_analysis": {
          "softmax_position": 507,
          "softmax_dim_size": 512,
          "is_max_logit": true,
          "distance_from_max": 0.0
        }
      },
      {
        "coord": [
          1,
          500
        ],
        "element_error": 0.0008316636085510254,
        "x_original": 20.967327117919922,
        "y_ref": 0.389793336391449,
        "y_mixed": 0.390625,
        "storage_error": 0.001422882080078125,
        "demote_error": 2.0265579223632812e-05,
        "logit_analysis": {
          "softmax_position": 500,
          "softmax_dim_size": 512,
          "is_max_logit": true,
          "distance_from_max": 0.0
        }
      },
      {
        "coord": [
          1,
          391
        ],
        "element_error": 0.0004475638270378113,
        "x_original": 19.397085189819336,
        "y_ref": 0.08107500523328781,
        "y_mixed": 0.08062744140625,
        "storage_error": 0.0064601898193359375,
        "demote_error": 1.3232231140136719e-05,
        "logit_analysis": {
          "softmax_position": 391,
          "softmax_dim_size": 512,
          "is_max_logit": true,
          "distance_from_max": 0.0
        }
      },
      {
        "coord": [
          5,
          462
        ],
        "element_error": 0.0004345551133155823,
        "x_original": 22.46076011657715,
        "y_ref": 0.04691282659769058,
        "y_mixed": 0.046478271484375,
        "storage_error": 0.0076351165771484375,
        "demote_error": 1.1470168828964233e-05,
        "logit_analysis": {
          "softmax_position": 462,
          "softmax_dim_size": 512,
          "is_max_logit": true,
          "distance_from_max": 0.0
        }
      }
    ]
  }
}