{
  "detector": {
    "detected_exceeded": false,
    "actual_err": 5.315057933330536e-06,
    "predicted_bound": 3.934214291803073e-05,
    "elapsed_sec": 2.694395065307617
  },
  "matrix_info": {
    "input_shape": [
      256,
      1024
    ],
    "weight_shape": [
      1024,
      512
    ],
    "output_shape": [
      256,
      512
    ],
    "accumulation_dim": 1024
  },
  "analyzer_report": {
    "component_estimates": {
      "input_storage_error": 5.315057933330536e-06,
      "weight_storage_error": 5.315057933330536e-06,
      "accumulation_error": 5.315057933330536e-06,
      "demote_error": 3.437604755163193e-05
    },
    "component_ratios": {
      "input_storage_error": 0.1056225940183595,
      "weight_storage_error": 0.1056225940183595,
      "accumulation_error": 0.1056225940183595,
      "demote_error": 0.6831322179449215
    },
    "primary_source": "x_storage",
    "suggestion": "\u4e3b\u8981\u8bef\u5dee\u6765\u6e90\u4e3a\u8f93\u5165\u5b58\u50a8\u7cbe\u5ea6\u3002\u5efa\u8bae\uff1a\u63d0\u5347\u8f93\u5165\u5b58\u50a8\u7cbe\u5ea6\uff1b\u8fdb\u884c\u8f93\u5165\u5f52\u4e00\u5316\u6216\u6743\u91cd\u7f29\u653e\u4ee5\u6539\u5584\u6570\u503c\u8303\u56f4\u3002 \u68c0\u6d4b\u5230\u6570\u503c\u7a33\u5b9a\u6027\u95ee\u9898\uff08\u6761\u4ef6\u6570\u6307\u6807=4.45\uff09\u3002\u5efa\u8bae\uff1a(1)\u8f93\u5165/\u6743\u91cd\u9884\u5904\u7406\u548c\u5f52\u4e00\u5316\uff1b(2)\u68c0\u67e5\u662f\u5426\u5b58\u5728\u75c5\u6001\u77e9\u9635\u3002",
    "numerical_stability": {
      "average_condition_indicator": 4.4491661553578785,
      "accumulation_dimension": 1024,
      "stability_assessment": "good"
    },
    "top_elements_summary": [
      {
        "coord": [
          102,
          149
        ],
        "element_error": 5.315057933330536e-06,
        "y_ref": -0.00889818836003542,
        "y_mixed": -0.00890350341796875,
        "x_storage_error": 0.00014698064478579909,
        "w_storage_error": 0.0,
        "accumulation_error_estimate": 1.4901161193847656e-08,
        "demote_error": 3.563240170478821e-06,
        "condition_indicator": 3.319945309356244,
        "product_stats": {
          "min": -0.0007163413683883846,
          "max": 0.0004626388836186379,
          "mean": -8.691347829881124e-06,
          "std": 0.00010154071060242131
        }
      },
      {
        "coord": [
          222,
          397
        ],
        "element_error": 5.234032869338989e-06,
        "y_ref": -0.011347305029630661,
        "y_mixed": -0.0113525390625,
        "x_storage_error": 0.0001443635846953839,
        "w_storage_error": 0.0,
        "accumulation_error_estimate": 1.4901161193847656e-08,
        "demote_error": 3.812834620475769e-06,
        "condition_indicator": 4.112066682708934,
        "product_stats": {
          "min": -0.0005465075955726206,
          "max": 0.00046649223077110946,
          "mean": -1.1082737728429493e-05,
          "std": 0.00011112371430499479
        }
      },
      {
        "coord": [
          229,
          284
        ],
        "element_error": 5.2051618695259094e-06,
        "y_ref": 0.010660688392817974,
        "y_mixed": 0.0106658935546875,
        "x_storage_error": 0.00014352322614286095,
        "w_storage_error": 0.0,
        "accumulation_error_estimate": 1.4901161193847656e-08,
        "demote_error": 3.621913492679596e-06,
        "condition_indicator": 3.851834662624536,
        "product_stats": {
          "min": -0.0005241134203970432,
          "max": 0.0007466768147423863,
          "mean": 1.0412371921120211e-05,
          "std": 0.00010064622620120645
        }
      },
      {
        "coord": [
          56,
          169
        ],
        "element_error": 5.200505256652832e-06,
        "y_ref": 0.008527234196662903,
        "y_mixed": 0.00852203369140625,
        "x_storage_error": 0.00014739990001544356,
        "w_storage_error": 0.0,
        "accumulation_error_estimate": 1.4901161193847656e-08,
        "demote_error": 3.627501428127289e-06,
        "condition_indicator": 4.056110273370061,
        "product_stats": {
          "min": -0.0004233373038005084,
          "max": 0.0005619106232188642,
          "mean": 8.32584555610083e-06,
          "std": 9.85215010587126e-05
        }
      },
      {
        "coord": [
          250,
          29
        ],
        "element_error": 5.174428224563599e-06,
        "y_ref": -0.008860182017087936,
        "y_mixed": -0.0088653564453125,
        "x_storage_error": 0.00015074091788847,
        "w_storage_error": 0.0,
        "accumulation_error_estimate": 1.4901161193847656e-08,
        "demote_error": 3.4784898161888123e-06,
        "condition_indicator": 4.230786982249458,
        "product_stats": {
          "min": -0.000531326571945101,
          "max": 0.0004992684116587043,
          "mean": -8.65417405293556e-06,
          "std": 0.00010377627768320963
        }
      },
      {
        "coord": [
          140,
          121
        ],
        "element_error": 5.138106644153595e-06,
        "y_ref": 0.008054149337112904,
        "y_mixed": 0.00804901123046875,
        "x_storage_error": 0.00014416893827728927,
        "w_storage_error": 0.0,
        "accumulation_error_estimate": 1.4901161193847656e-08,
        "demote_error": 3.7746503949165344e-06,
        "condition_indicator": 4.092859486090796,
        "product_stats": {
          "min": -0.0005634439294226468,
          "max": 0.0004829344979953021,
          "mean": 7.864049621275626e-06,
          "std": 0.0001014749359455891
        }
      },
      {
        "coord": [
          119,
          420
        ],
        "element_error": 4.989095032215118e-06,
        "y_ref": 0.009676712565124035,
        "y_mixed": 0.00968170166015625,
        "x_storage_error": 0.00014970752818044275,
        "w_storage_error": 0.0,
        "accumulation_error_estimate": 1.4901161193847656e-08,
        "demote_error": 3.2298266887664795e-06,
        "condition_indicator": 4.036457201415065,
        "product_stats": {
          "min": -0.0005501705454662442,
          "max": 0.0005379574722610414,
          "mean": 9.451637197344098e-06,
          "std": 0.00010170762107009068
        }
      },
      {
        "coord": [
          245,
          491
        ],
        "element_error": 4.97233122587204e-06,
        "y_ref": -0.009157930500805378,
        "y_mixed": -0.00916290283203125,
        "x_storage_error": 0.00014491923502646387,
        "w_storage_error": 0.0,
        "accumulation_error_estimate": 1.4901161193847656e-08,
        "demote_error": 3.748573362827301e-06,
        "condition_indicator": 3.405126469664487,
        "product_stats": {
          "min": -0.000983859645202756,
          "max": 0.0005290608387440443,
          "mean": -8.944486580730882e-06,
          "std": 0.00010636958904797211
        }
      },
      {
        "coord": [
          127,
          161
        ],
        "element_error": 4.956498742103577e-06,
        "y_ref": -0.008768847212195396,
        "y_mixed": -0.0087738037109375,
        "x_storage_error": 0.0001423338399035856,
        "w_storage_error": 0.0,
        "accumulation_error_estimate": 1.4901161193847656e-08,
        "demote_error": 3.6088749766349792e-06,
        "condition_indicator": 3.9222053666584302,
        "product_stats": {
          "min": -0.0005340927164070308,
          "max": 0.00037518286262638867,
          "mean": -8.564643394493032e-06,
          "std": 9.519717423245311e-05
        }
      },
      {
        "coord": [
          9,
          405
        ],
        "element_error": 4.905276000499725e-06,
        "y_ref": 0.00819124560803175,
        "y_mixed": 0.00818634033203125,
        "x_storage_error": 0.00014796119648963213,
        "w_storage_error": 0.0,
        "accumulation_error_estimate": 1.4901161193847656e-08,
        "demote_error": 3.6694109439849854e-06,
        "condition_indicator": 9.464269119440779,
        "product_stats": {
          "min": -0.0004935732576996088,