{
  "detector": {
    "detected_exceeded": false,
    "actual_err": 5.910173058509827e-06,
    "predicted_bound": 3.9927494799485434e-05,
    "elapsed_sec": 2.5681865215301514
  },
  "matrix_info": {
    "input_shape": [
      256,
      1024
    ],
    "weight_shape": [
      1024,
      512
    ],
    "output_shape": [
      256,
      512
    ],
    "accumulation_dim": 1024
  },
  "analyzer_report": {
    "component_estimates": {
      "input_storage_error": 5.910173058509827e-06,
      "weight_storage_error": 5.910173058509827e-06,
      "accumulation_error": 5.910173058509827e-06,
      "demote_error": 3.438815474510193e-05
    },
    "component_ratios": {
      "input_storage_error": 0.11339837747042636,
      "weight_storage_error": 0.11339837747042636,
      "accumulation_error": 0.11339837747042636,
      "demote_error": 0.6598048675887209
    },
    "primary_source": "x_storage",
    "suggestion": "\u4e3b\u8981\u8bef\u5dee\u6765\u6e90\u4e3a\u8f93\u5165\u5b58\u50a8\u7cbe\u5ea6\u3002\u5efa\u8bae\uff1a\u63d0\u5347\u8f93\u5165\u5b58\u50a8\u7cbe\u5ea6\uff1b\u8fdb\u884c\u8f93\u5165\u5f52\u4e00\u5316\u6216\u6743\u91cd\u7f29\u653e\u4ee5\u6539\u5584\u6570\u503c\u8303\u56f4\u3002 \u68c0\u6d4b\u5230\u6570\u503c\u7a33\u5b9a\u6027\u95ee\u9898\uff08\u6761\u4ef6\u6570\u6307\u6807=4.78\uff09\u3002\u5efa\u8bae\uff1a(1)\u8f93\u5165/\u6743\u91cd\u9884\u5904\u7406\u548c\u5f52\u4e00\u5316\uff1b(2)\u68c0\u67e5\u662f\u5426\u5b58\u5728\u75c5\u6001\u77e9\u9635\u3002",
    "numerical_stability": {
      "average_condition_indicator": 4.784004272731791,
      "accumulation_dimension": 1024,
      "stability_assessment": "good"
    },
    "top_elements_summary": [
      {
        "coord": [
          215,
          225
        ],
        "element_error": 5.910173058509827e-06,
        "y_ref": 0.01008777879178524,
        "y_mixed": 0.01009368896484375,
        "x_storage_error": 0.00014973158249631524,
        "w_storage_error": 0.0,
        "accumulation_error_estimate": 1.4901161193847656e-08,
        "demote_error": 3.648921847343445e-06,
        "condition_indicator": 3.875153891401983,
        "product_stats": {
          "min": -0.0005969858029857278,
          "max": 0.0005863590631633997,
          "mean": 9.853556548478082e-06,
          "std": 0.00010070484131574631
        }
      },
      {
        "coord": [
          85,
          363
        ],
        "element_error": 5.568377673625946e-06,
        "y_ref": -0.009790574200451374,
        "y_mixed": -0.009796142578125,
        "x_storage_error": 0.00015521874593105167,
        "w_storage_error": 0.0,
        "accumulation_error_estimate": 1.4901161193847656e-08,
        "demote_error": 3.577210009098053e-06,
        "condition_indicator": 3.4448193368174995,
        "product_stats": {
          "min": -0.0005191534874029458,
          "max": 0.0003504354681354016,
          "mean": -9.563051207805984e-06,
          "std": 9.540468454360962e-05
        }
      },
      {
        "coord": [
          170,
          97
        ],
        "element_error": 5.5246055126190186e-06,
        "y_ref": 0.008218962699174881,
        "y_mixed": 0.0082244873046875,
        "x_storage_error": 0.00014948230818845332,
        "w_storage_error": 0.0,
        "accumulation_error_estimate": 1.4901161193847656e-08,
        "demote_error": 3.353692591190338e-06,
        "condition_indicator": 3.2207885606347424,
        "product_stats": {
          "min": -0.0004490950668696314,
          "max": 0.0005622763419523835,
          "mean": 8.028452612052206e-06,
          "std": 0.00010002810449805111
        }
      },
      {
        "coord": [
          173,
          104
        ],
        "element_error": 5.477108061313629e-06,
        "y_ref": -0.008428328670561314,
        "y_mixed": -0.0084228515625,
        "x_storage_error": 0.00013723150186706334,
        "w_storage_error": 0.0,
        "accumulation_error_estimate": 1.4901161193847656e-08,
        "demote_error": 3.5427510738372803e-06,
        "condition_indicator": 3.586136569840261,
        "product_stats": {
          "min": -0.0005081322160549462,
          "max": 0.0005499158287420869,
          "mean": -8.228898877860047e-06,
          "std": 9.878287528408691e-05
        }
      },
      {
        "coord": [
          188,
          178
        ],
        "element_error": 4.83635812997818e-06,
        "y_ref": 0.008730820380151272,
        "y_mixed": 0.00873565673828125,
        "x_storage_error": 0.0001474917371524498,
        "w_storage_error": 0.0,
        "accumulation_error_estimate": 1.4901161193847656e-08,
        "demote_error": 3.6852434277534485e-06,
        "condition_indicator": 3.7986344922074666,
        "product_stats": {
          "min": -0.0008664029301144183,
          "max": 0.0005676952423527837,
          "mean": 8.527315003448166e-06,
          "std": 0.00011172384256497025
        }
      },
      {
        "coord": [
          165,
          133
        ],
        "element_error": 4.823319613933563e-06,
        "y_ref": 0.008084352128207684,
        "y_mixed": 0.00807952880859375,
        "x_storage_error": 0.00013388549268711358,
        "w_storage_error": 0.0,
        "accumulation_error_estimate": 1.4901161193847656e-08,
        "demote_error": 3.661029040813446e-06,
        "condition_indicator": 4.030452531030123,
        "product_stats": {
          "min": -0.0007869288674555719,
          "max": 0.0004662587307393551,
          "mean": 7.89374371379381e-06,
          "std": 9.950732783181593e-05
        }
      },
      {
        "coord": [
          205,
          364
        ],
        "element_error": 4.711560904979706e-06,
        "y_ref": 0.00869459193199873,
        "y_mixed": 0.00868988037109375,
        "x_storage_error": 0.00014056790678296238,
        "w_storage_error": 0.0,
        "accumulation_error_estimate": 1.4901161193847656e-08,
        "demote_error": 3.082677721977234e-06,
        "condition_indicator": 9.485092594132576,
        "product_stats": {
          "min": -0.0005153868696652353,
          "max": 0.000661694270092994,
          "mean": 8.489219908369705e-06,
          "std": 9.841096471063793e-05
        }
      },
      {
        "coord": [
          106,
          90
        ],
        "element_error": 4.659406840801239e-06,
        "y_ref": -0.008145223371684551,
        "y_mixed": -0.00814056396484375,
        "x_storage_error": 0.00013588495494332165,
        "w_storage_error": 0.0,
        "accumulation_error_estimate": 1.4901161193847656e-08,
        "demote_error": 3.091059625148773e-06,
        "condition_indicator": 9.554587931648037,
        "product_stats": {
          "min": -0.0008754328591749072,
          "max": 0.00037809889181517065,
          "mean": -7.952786290843505e-06,
          "std": 0.00010208648018306121
        }
      },
      {
        "coord": [
          5,
          200
        ],
        "element_error": 4.649162292480469e-06,
        "y_ref": 0.01189720630645752,
        "y_mixed": 0.01190185546875,
        "x_storage_error": 0.00014334685693029314,
        "w_storage_error": 0.0,
        "accumulation_error_estimate": 1.4901161193847656e-08,
        "demote_error": 3.730878233909607e-06,
        "condition_indicator": 3.215671881519067,
        "product_stats": {
          "min": -0.0005544631858356297,
          "max": 0.0005407558055594563,
          "mean": 1.161926229542587e-05,
          "std": 9.699109068606049e-05
        }
      },
      {
        "coord": [
          97,
          155
        ],
        "element_error": 4.649162292480469e-06,
        "y_ref": -0.01156151294708252,
        "y_mixed": -0.011566162109375,
        "x_storage_error": 0.0001376371510559693,
        "w_storage_error": 0.0,
        "accumulation_error_estimate": 1.4901161193847656e-08,
        "demote_error": 3.254041075706482e-06,
        "condition_indicator": 3.6287049380861642,
        "product_stats": {
          "min": -0.0007622135453857481,