{
  "detector": {
    "detected_exceeded": false,
    "actual_err": 0.00010733306407928467,
    "predicted_bound": 0.0002026100497459993,
    "elapsed_sec": 3.756316900253296
  },
  "analyzer_report": {
    "component_estimates": {
      "input_storage_error": 0.00010733306407928467,
      "statistics_computation_error": 0.00010733306407928467,
      "output_storage_error": 0.0001396089792251587,
      "weight_storage_error": 0.00010733306407928467,
      "bias_storage_error": 0.00010733306407928467
    },
    "component_ratios": {
      "input_storage_error": 0.18865404258662685,
      "statistics_computation_error": 0.18865404258662685,
      "output_storage_error": 0.24538382965349256,
      "weight_storage_error": 0.18865404258662685,
      "bias_storage_error": 0.18865404258662685
    },
    "primary_source": "demote",
    "suggestion": "\u4e3b\u8981\u8bef\u5dee\u6765\u6e90\u4e3a\u8f93\u51fa\u964d\u7cbe\u5ea6\u3002\u5efa\u8bae\uff1a\u5ef6\u8fdf\u964d\u7cbe\u5ea6\u6216\u63d0\u9ad8\u8f93\u51fa\u7cbe\u5ea6\uff1b\u68c0\u67e5LayerNorm\u8f93\u51fa\u7684\u6570\u503c\u8303\u56f4\u3002",
    "statistics_errors": {
      "mean_error": 2.92584445560351e-09,
      "var_error": 1.2212453270876722e-12,
      "std_error": 2.3283064365386963e-10
    },
    "norm_behavior_stats": {
      "normal": 10
    },
    "top_elements_summary": [
      {
        "coord": [
          4,
          149,
          717
        ],
        "element_error": 0.00010733306407928467,
        "x_original": 0.000503309303894639,
        "y_ref": 0.15980477631092072,
        "y_mixed": 0.159912109375,
        "norm_behavior": "normal",
        "storage_error": 2.307351678609848e-07,
        "weight_error": 0.0,
        "bias_error": 0.0,
        "demote_error": 3.5181641578674316e-05,
        "local_mean_error": 2.474962457199581e-09,
        "local_std_error": 0.0
      },
      {
        "coord": [
          2,
          431,
          639
        ],
        "element_error": 8.581578731536865e-05,
        "x_original": -0.0004256816755514592,
        "y_ref": -0.13424108922481537,
        "y_mixed": -0.1341552734375,
        "norm_behavior": "normal",
        "storage_error": 1.0451185517013073e-07,
        "weight_error": 0.0,
        "bias_error": 0.0,
        "demote_error": 5.282461643218994e-05,
        "local_mean_error": 1.602984411874786e-10,
        "local_std_error": 0.0
      },
      {
        "coord": [
          5,
          156,
          132
        ],
        "element_error": 8.493661880493164e-05,
        "x_original": 0.0003995073202531785,
        "y_ref": 0.12637990713119507,
        "y_mixed": 0.12646484375,
        "norm_behavior": "normal",
        "storage_error": 8.221832104027271e-08,
        "weight_error": 0.0,
        "bias_error": 0.0,
        "demote_error": 5.91278076171875e-05,
        "local_mean_error": 5.808260539197363e-10,
        "local_std_error": 0.0
      },
      {
        "coord": [
          1,
          271,
          233
        ],
        "element_error": 8.404254913330078e-05,
        "x_original": -0.00043023843318223953,
        "y_ref": -0.1348036527633667,
        "y_mixed": -0.1348876953125,
        "norm_behavior": "normal",
        "storage_error": 1.0710209608078003e-07,
        "weight_error": 0.0,
        "bias_error": 0.0,
        "demote_error": 5.029141902923584e-05,
        "local_mean_error": 2.7125679480377585e-10,
        "local_std_error": 0.0
      },
      {
        "coord": [
          3,
          114,
          244
        ],
        "element_error": 8.381903171539307e-05,
        "x_original": -0.0004235860251355916,
        "y_ref": -0.1355362981557846,
        "y_mixed": -0.1356201171875,
        "norm_behavior": "normal",
        "storage_error": 8.378992788493633e-08,
        "weight_error": 0.0,
        "bias_error": 0.0,
        "demote_error": 5.7384371757507324e-05,
        "local_mean_error": 1.4551915228366852e-10,
        "local_std_error": 0.0
      },
      {
        "coord": [
          5,
          7,
          574
        ],
        "element_error": 8.372962474822998e-05,
        "x_original": -0.0004425955703482032,
        "y_ref": -0.13875560462474823,
        "y_mixed": -0.138671875,
        "norm_behavior": "normal",
        "storage_error": 9.068753570318222e-08,
        "weight_error": 0.0,
        "bias_error": 0.0,
        "demote_error": 5.513429641723633e-05,
        "local_mean_error": 2.3851498553995043e-10,
        "local_std_error": 0.0
      },
      {
        "coord": [
          2,
          471,
          578
        ],
        "element_error": 8.325278759002686e-05,
        "x_original": 0.00040658307261765003,
        "y_ref": 0.12691430747509003,
        "y_mixed": 0.1268310546875,
        "norm_behavior": "normal",
        "storage_error": 7.939524948596954e-08,
        "weight_error": 0.0,
        "bias_error": 0.0,
        "demote_error": 5.8069825172424316e-05,
        "local_mean_error": 2.7057467377744615e-10,
        "local_std_error": 0.0
      },
      {
        "coord": [
          5,
          55,
          333
        ],
        "element_error": 7.95125961303711e-05,
        "x_original": 0.0004147686413489282,
        "y_ref": 0.13114607334136963,
        "y_mixed": 0.1312255859375,
        "norm_behavior": "normal",
        "storage_error": 7.968628779053688e-08,
        "weight_error": 0.0,
        "bias_error": 0.0,
        "demote_error": 5.428493022918701e-05,
        "local_mean_error": 1.5580781109747477e-10,
        "local_std_error": 0.0
      },
      {
        "coord": [
          1,
          144,
          415
        ],
        "element_error": 7.943809032440186e-05,
        "x_original": -0.00039950181962922215,
        "y_ref": -0.1251647025346756,
        "y_mixed": -0.125244140625,
        "norm_behavior": "normal",
        "storage_error": 8.771894499659538e-08,
        "weight_error": 0.0,
        "bias_error": 0.0,
        "demote_error": 5.182623863220215e-05,
        "local_mean_error": 3.665263648144901e-10,
        "local_std_error": 0.0
      },
      {
        "coord": [
          2,
          53,
          348
        ],
        "element_error": 7.894635200500488e-05,
        "x_original": 0.0004051662690471858,
        "y_ref": 0.129839688539505,
        "y_mixed": 0.1297607421875,
        "norm_behavior": "normal",
        "storage_error": 9.310315363109112e-08,
        "weight_error": 0.0,
        "bias_error": 0.0,
        "demote_error": 4.985928535461426e-05,
        "local_mean_error": 1.0486473911441863e-09,
        "local_std_error": 0.0
      }
    ]
  }
}