{
  "detector": {
    "detected_exceeded": false,
    "actual_err": 6.526708602905273e-05,
    "predicted_bound": 0.00014391000440809877,
    "elapsed_sec": 3.7722227573394775
  },
  "meta": {
    "distribution": "adversarial_sum",
    "bias": true,
    "batch_size": 32,
    "in_features": 1024,
    "out_features": 4096
  },
  "analyzer_report": {
    "component_estimates": {
      "input_storage_error": 6.526708602905273e-05,
      "weight_storage_error": 6.526708602905273e-05,
      "accumulation_error": 6.526708602905273e-05,
      "output_storage_error": 0.00011041760444641113,
      "bias_storage_error": 6.526708602905273e-05
    },
    "component_ratios": {
      "input_storage_error": 0.17569193742478942,
      "weight_storage_error": 0.17569193742478942,
      "accumulation_error": 0.17569193742478942,
      "output_storage_error": 0.2972322503008424,
      "bias_storage_error": 0.17569193742478942
    },
    "primary_source": "input_storage",
    "suggestion": "\u4e3b\u8981\u8bef\u5dee\u6765\u6e90\u4e3a\u8f93\u5165\u5b58\u50a8\u7cbe\u5ea6\u3002\u5efa\u8bae\uff1a\u63d0\u5347\u8f93\u5165\u5b58\u50a8\u7cbe\u5ea6\u6216\u8fdb\u884c\u8f93\u5165\u5f52\u4e00\u5316/\u6807\u51c6\u5316\u4ee5\u964d\u4f4e\u6570\u503c\u8303\u56f4\u3002",
    "aggregated_ratios": {
      "input_storage": 0.9692299064532518,
      "weight_storage": 0.0,
      "bias_storage": 0.0,
      "accumulation": 0.0001356279545076977,
      "demote": 0.030634465592240524
    },
    "top_neurons_summary": [
      {
        "coord": [
          2,
          3640
        ],
        "neuron_error": 6.526708602905273e-05,
        "y_ref": 0.13103824853897095,
        "y_mixed": 0.131103515625,
        "input_storage_error": 0.0015212970320135355,
        "weight_storage_error": 0.0,
        "bias_storage_error": 0.0,
        "accumulation_estimate": 2.384185791015625e-07,
        "demote_error": 5.8069825172424316e-05,
        "in_features": 1024,
        "neuron_idx": 3640,
        "batch_idx": 2
      },
      {
        "coord": [
          13,
          3412
        ],
        "neuron_error": 5.723536014556885e-05,
        "y_ref": -0.13116835057735443,
        "y_mixed": -0.1312255859375,
        "input_storage_error": 0.001394991879351437,
        "weight_storage_error": 0.0,
        "bias_storage_error": 0.0,
        "accumulation_estimate": 2.384185791015625e-07,
        "demote_error": 5.5089592933654785e-05,
        "in_features": 1024,
        "neuron_idx": 3412,
        "batch_idx": 13
      },
      {
        "coord": [
          1,
          3669
        ],
        "neuron_error": 5.634129047393799e-05,
        "y_ref": -0.14423076808452606,
        "y_mixed": -0.144287109375,
        "input_storage_error": 0.0013978746719658375,
        "weight_storage_error": 0.0,
        "bias_storage_error": 0.0,
        "accumulation_estimate": 2.384185791015625e-07,
        "demote_error": 5.786120891571045e-05,
        "in_features": 1024,
        "neuron_idx": 3669,
        "batch_idx": 1
      },
      {
        "coord": [
          1,
          3232
        ],
        "neuron_error": 5.634129047393799e-05,
        "y_ref": -0.15314190089702606,
        "y_mixed": -0.1531982421875,
        "input_storage_error": 0.0013978746719658375,
        "weight_storage_error": 0.0,
        "bias_storage_error": 0.0,
        "accumulation_estimate": 2.384185791015625e-07,
        "demote_error": 6.0811638832092285e-05,
        "in_features": 1024,
        "neuron_idx": 3232,
        "batch_idx": 1
      },
      {
        "coord": [
          0,
          1127
        ],
        "neuron_error": 5.564093589782715e-05,
        "y_ref": -0.12921682000160217,
        "y_mixed": -0.1292724609375,
        "input_storage_error": 0.0015080103185027838,
        "weight_storage_error": 0.0,
        "bias_storage_error": 0.0,
        "accumulation_estimate": 2.384185791015625e-07,
        "demote_error": 5.556643009185791e-05,
        "in_features": 1024,
        "neuron_idx": 1127,
        "batch_idx": 0
      },
      {
        "coord": [
          12,
          2251
        ],
        "neuron_error": 5.4508447647094727e-05,
        "y_ref": -0.1349552571773529,
        "y_mixed": -0.135009765625,
        "input_storage_error": 0.0014594062231481075,
        "weight_storage_error": 0.0,
        "bias_storage_error": 0.0,
        "accumulation_estimate": 2.384185791015625e-07,
        "demote_error": 4.716217517852783e-05,
        "in_features": 1024,
        "neuron_idx": 2251,
        "batch_idx": 12
      },
      {
        "coord": [
          20,
          3718
        ],
        "neuron_error": 5.103647708892822e-05,
        "y_ref": -0.13642357289791107,
        "y_mixed": -0.136474609375,
        "input_storage_error": 0.0014429418370127678,
        "weight_storage_error": 0.0,
        "bias_storage_error": 0.0,
        "accumulation_estimate": 2.384185791015625e-07,
        "demote_error": 3.731250762939453e-05,
        "in_features": 1024,
        "neuron_idx": 3718,
        "batch_idx": 20
      },
      {
        "coord": [
          28,
          3372
        ],
        "neuron_error": 4.87789511680603e-05,
        "y_ref": -0.07438959926366806,
        "y_mixed": -0.0743408203125,
        "input_storage_error": 0.0014399783685803413,
        "weight_storage_error": 0.0,
        "bias_storage_error": 0.0,
        "accumulation_estimate": 1.1920928955078125e-07,
        "demote_error": 2.9206275939941406e-05,
        "in_features": 1024,
        "neuron_idx": 3372,
        "batch_idx": 28
      },
      {
        "coord": [
          3,
          1034
        ],
        "neuron_error": 4.79966402053833e-05,
        "y_ref": -0.07392661273479462,
        "y_mixed": -0.073974609375,
        "input_storage_error": 0.0014027180150151253,
        "weight_storage_error": 0.0,
        "bias_storage_error": 0.0,
        "accumulation_estimate": 1.1920928955078125e-07,
        "demote_error": 2.9638409614562988e-05,
        "in_features": 1024,
        "neuron_idx": 1034,
        "batch_idx": 3
      },
      {
        "coord": [
          31,
          2980
        ],
        "neuron_error": 4.6566128730773926e-05,
        "y_ref": 0.06688006222248077,
        "y_mixed": 0.06683349609375,
        "input_storage_error": 0.0015171761624515057,
        "weight_storage_error": 0.0,
        "bias_storage_error": 0.0,
        "accumulation_estimate": 1.1920928955078125e-07,
        "demote_error": 2.7023255825042725e-05,
        "in_features": 1024,
        "neuron_idx": 2980,
        "batch_idx": 31
      }
    ]
  }
}