{
  "detector": {
    "detected_exceeded": false,
    "actual_err": 9.395182132720947e-05,
    "predicted_bound": 0.00017122877325164156,
    "elapsed_sec": 3.719214916229248
  },
  "analyzer_report": {
    "component_estimates": {
      "input_storage_error": 9.395182132720947e-05,
      "statistics_computation_error": 9.395182132720947e-05,
      "output_storage_error": 0.00014121830463409424,
      "weight_storage_error": 9.395182132720947e-05,
      "bias_storage_error": 9.395182132720947e-05
    },
    "component_ratios": {
      "input_storage_error": 0.18171599850131134,
      "statistics_computation_error": 0.18171599850131134,
      "output_storage_error": 0.27313600599475457,
      "weight_storage_error": 0.18171599850131134,
      "bias_storage_error": 0.18171599850131134
    },
    "primary_source": "demote",
    "suggestion": "\u4e3b\u8981\u8bef\u5dee\u6765\u6e90\u4e3a\u8f93\u51fa\u964d\u7cbe\u5ea6\u3002\u5efa\u8bae\uff1a\u5ef6\u8fdf\u964d\u7cbe\u5ea6\u6216\u63d0\u9ad8\u8f93\u51fa\u7cbe\u5ea6\uff1b\u68c0\u67e5LayerNorm\u8f93\u51fa\u7684\u6570\u503c\u8303\u56f4\u3002",
    "statistics_errors": {
      "mean_error": 3.9071892388165e-09,
      "var_error": 9.912071163853398e-13,
      "std_error": 2.3283064365386963e-10
    },
    "norm_behavior_stats": {
      "normal": 10
    },
    "top_elements_summary": [
      {
        "coord": [
          6,
          491,
          22
        ],
        "element_error": 9.395182132720947e-05,
        "x_original": -0.00040255693602375686,
        "y_ref": -0.1271691471338272,
        "y_mixed": -0.1270751953125,
        "norm_behavior": "normal",
        "storage_error": 1.0637450031936169e-07,
        "weight_error": 0.0,
        "bias_error": 0.0,
        "demote_error": 6.015598773956299e-05,
        "local_mean_error": 5.462226226882194e-10,
        "local_std_error": 0.0
      },
      {
        "coord": [
          3,
          189,
          4
        ],
        "element_error": 9.255111217498779e-05,
        "x_original": -0.0003901582967955619,
        "y_ref": -0.125336691737175,
        "y_mixed": -0.125244140625,
        "norm_behavior": "normal",
        "storage_error": 1.0550138540565968e-07,
        "weight_error": 0.0,
        "bias_error": 0.0,
        "demote_error": 5.955994129180908e-05,
        "local_mean_error": 1.0618350643198937e-09,
        "local_std_error": 0.0
      },
      {
        "coord": [
          7,
          102,
          223
        ],
        "element_error": 8.687376976013184e-05,
        "x_original": -0.00039375704363919795,
        "y_ref": -0.12613382935523987,
        "y_mixed": -0.126220703125,
        "norm_behavior": "normal",
        "storage_error": 1.104490365833044e-07,
        "weight_error": 0.0,
        "bias_error": 0.0,
        "demote_error": 5.1915645599365234e-05,
        "local_mean_error": 1.3233147910796106e-10,
        "local_std_error": 0.0
      },
      {
        "coord": [
          5,
          229,
          473
        ],
        "element_error": 8.532404899597168e-05,
        "x_original": 0.0004104586550965905,
        "y_ref": 0.12930920720100403,
        "y_mixed": 0.12939453125,
        "norm_behavior": "normal",
        "storage_error": 9.813811630010605e-08,
        "weight_error": 0.0,
        "bias_error": 0.0,
        "demote_error": 5.486607551574707e-05,
        "local_mean_error": 1.7375896277371794e-09,
        "local_std_error": 2.3283064365386963e-10
      },
      {
        "coord": [
          3,
          140,
          727
        ],
        "element_error": 8.337199687957764e-05,
        "x_original": -0.0003944688360206783,
        "y_ref": -0.12723596394062042,
        "y_mixed": -0.1273193359375,
        "norm_behavior": "normal",
        "storage_error": 1.1391239240765572e-07,
        "weight_error": 0.0,
        "bias_error": 0.0,
        "demote_error": 4.7579407691955566e-05,
        "local_mean_error": 6.284608389250934e-10,
        "local_std_error": 0.0
      },
      {
        "coord": [
          1,
          111,
          385
        ],
        "element_error": 8.171796798706055e-05,
        "x_original": -0.0004047429538331926,
        "y_ref": -0.12723761796951294,
        "y_mixed": -0.1273193359375,
        "norm_behavior": "normal",
        "storage_error": 9.17934812605381e-08,
        "weight_error": 0.0,
        "bias_error": 0.0,
        "demote_error": 5.27799129486084e-05,
        "local_mean_error": 2.1782398107461631e-10,
        "local_std_error": 0.0
      },
      {
        "coord": [
          4,
          382,
          21
        ],
        "element_error": 7.966160774230957e-05,
        "x_original": -0.00041811965638771653,
        "y_ref": -0.1316342055797577,
        "y_mixed": -0.1317138671875,
        "norm_behavior": "normal",
        "storage_error": 6.653135642409325e-08,
        "weight_error": 0.0,
        "bias_error": 0.0,
        "demote_error": 5.906820297241211e-05,
        "local_mean_error": 1.3873204807168804e-09,
        "local_std_error": 0.0
      },
      {
        "coord": [
          6,
          221,
          700
        ],
        "element_error": 7.779896259307861e-05,
        "x_original": 0.0004409999237395823,
        "y_ref": 0.13847200572490692,
        "y_mixed": 0.1385498046875,
        "norm_behavior": "normal",
        "storage_error": 7.444759830832481e-08,
        "weight_error": 0.0,
        "bias_error": 0.0,
        "demote_error": 5.409121513366699e-05,
        "local_mean_error": 5.44787326361984e-10,
        "local_std_error": 0.0
      },
      {
        "coord": [
          6,
          143,
          628
        ],
        "element_error": 7.697939872741699e-05,
        "x_original": 0.00040490386891178787,
        "y_ref": 0.12739631533622742,
        "y_mixed": 0.1273193359375,
        "norm_behavior": "normal",
        "storage_error": 6.912159733474255e-08,
        "weight_error": 0.0,
        "bias_error": 0.0,
        "demote_error": 5.50001859664917e-05,
        "local_mean_error": 4.2371084418846294e-10,
        "local_std_error": 0.0
      },
      {
        "coord": [
          0,
          235,
          293
        ],
        "element_error": 7.668137550354004e-05,
        "x_original": -0.0004164583224337548,
        "y_ref": -0.13151511549949646,
        "y_mixed": -0.131591796875,
        "norm_behavior": "normal",
        "storage_error": 5.893525667488575e-08,
        "weight_error": 0.0,
        "bias_error": 0.0,
        "demote_error": 5.7563185691833496e-05,
        "local_mean_error": 1.4986767382652033e-09,
        "local_std_error": 0.0
      }
    ]
  }
}