{
  "detector": {
    "detected_exceeded": false,
    "actual_err": 7.18235969543457e-05,
    "predicted_bound": 0.00014736200100742283,
    "elapsed_sec": 4.0604681968688965
  },
  "meta": {
    "distribution": "adversarial_sum",
    "bias": true,
    "batch_size": 32,
    "in_features": 1024,
    "out_features": 4096
  },
  "analyzer_report": {
    "component_estimates": {
      "input_storage_error": 7.18235969543457e-05,
      "weight_storage_error": 7.18235969543457e-05,
      "accumulation_error": 7.18235969543457e-05,
      "output_storage_error": 0.00010919570922851562,
      "bias_storage_error": 7.18235969543457e-05
    },
    "component_ratios": {
      "input_storage_error": 0.1811485267588695,
      "weight_storage_error": 0.1811485267588695,
      "accumulation_error": 0.1811485267588695,
      "output_storage_error": 0.27540589296452195,
      "bias_storage_error": 0.1811485267588695
    },
    "primary_source": "input_storage",
    "suggestion": "\u4e3b\u8981\u8bef\u5dee\u6765\u6e90\u4e3a\u8f93\u5165\u5b58\u50a8\u7cbe\u5ea6\u3002\u5efa\u8bae\uff1a\u63d0\u5347\u8f93\u5165\u5b58\u50a8\u7cbe\u5ea6\u6216\u8fdb\u884c\u8f93\u5165\u5f52\u4e00\u5316/\u6807\u51c6\u5316\u4ee5\u964d\u4f4e\u6570\u503c\u8303\u56f4\u3002",
    "aggregated_ratios": {
      "input_storage": 0.9691435166312287,
      "weight_storage": 0.0,
      "bias_storage": 0.0,
      "accumulation": 0.00013718251542645284,
      "demote": 0.03071930085334491
    },
    "top_neurons_summary": [
      {
        "coord": [
          16,
          3080
        ],
        "neuron_error": 7.18235969543457e-05,
        "y_ref": -0.12848979234695435,
        "y_mixed": -0.12841796875,
        "input_storage_error": 0.001433621859177947,
        "weight_storage_error": 0.0,
        "bias_storage_error": 0.0,
        "accumulation_estimate": 2.384185791015625e-07,
        "demote_error": 6.085634231567383e-05,
        "in_features": 1024,
        "neuron_idx": 3080,
        "batch_idx": 16
      },
      {
        "coord": [
          22,
          1779
        ],
        "neuron_error": 6.195902824401855e-05,
        "y_ref": -0.13092133402824402,
        "y_mixed": -0.130859375,
        "input_storage_error": 0.001407833187840879,
        "weight_storage_error": 0.0,
        "bias_storage_error": 0.0,
        "accumulation_estimate": 2.384185791015625e-07,
        "demote_error": 5.2094459533691406e-05,
        "in_features": 1024,
        "neuron_idx": 1779,
        "batch_idx": 22
      },
      {
        "coord": [
          1,
          946
        ],
        "neuron_error": 5.78761100769043e-05,
        "y_ref": 0.1317780613899231,
        "y_mixed": 0.1318359375,
        "input_storage_error": 0.0015015016542747617,
        "weight_storage_error": 0.0,
        "bias_storage_error": 0.0,
        "accumulation_estimate": 2.384185791015625e-07,
        "demote_error": 5.395710468292236e-05,
        "in_features": 1024,
        "neuron_idx": 946,
        "batch_idx": 1
      },
      {
        "coord": [
          4,
          1221
        ],
        "neuron_error": 5.745887756347656e-05,
        "y_ref": -0.12774300575256348,
        "y_mixed": -0.127685546875,
        "input_storage_error": 0.0014481132384389639,
        "weight_storage_error": 0.0,
        "bias_storage_error": 0.0,
        "accumulation_estimate": 2.384185791015625e-07,
        "demote_error": 4.795193672180176e-05,
        "in_features": 1024,
        "neuron_idx": 1221,
        "batch_idx": 4
      },
      {
        "coord": [
          11,
          2537
        ],
        "neuron_error": 5.619227886199951e-05,
        "y_ref": 0.126032754778862,
        "y_mixed": 0.1259765625,
        "input_storage_error": 0.0013747524935752153,
        "weight_storage_error": 0.0,
        "bias_storage_error": 0.0,
        "accumulation_estimate": 2.384185791015625e-07,
        "demote_error": 5.02169132232666e-05,
        "in_features": 1024,
        "neuron_idx": 2537,
        "batch_idx": 11
      },
      {
        "coord": [
          8,
          3796
        ],
        "neuron_error": 5.260854959487915e-05,
        "y_ref": -0.07050403207540512,
        "y_mixed": -0.070556640625,
        "input_storage_error": 0.0015168330864980817,
        "weight_storage_error": 0.0,
        "bias_storage_error": 0.0,
        "accumulation_estimate": 1.1920928955078125e-07,
        "demote_error": 2.6747584342956543e-05,
        "in_features": 1024,
        "neuron_idx": 3796,
        "batch_idx": 8
      },
      {
        "coord": [
          20,
          2443
        ],
        "neuron_error": 5.190819501876831e-05,
        "y_ref": -0.06549984961748123,
        "y_mixed": -0.0655517578125,
        "input_storage_error": 0.0013956185430288315,
        "weight_storage_error": 0.0,
        "bias_storage_error": 0.0,
        "accumulation_estimate": 1.1920928955078125e-07,
        "demote_error": 2.7179718017578125e-05,
        "in_features": 1024,
        "neuron_idx": 2443,
        "batch_idx": 20
      },
      {
        "coord": [
          5,
          1980
        ],
        "neuron_error": 4.985928535461426e-05,
        "y_ref": 0.14411517977714539,
        "y_mixed": 0.1441650390625,
        "input_storage_error": 0.0013880308251827955,
        "weight_storage_error": 0.0,
        "bias_storage_error": 0.0,
        "accumulation_estimate": 2.384185791015625e-07,
        "demote_error": 5.054473876953125e-05,
        "in_features": 1024,
        "neuron_idx": 1980,
        "batch_idx": 5
      },
      {
        "coord": [
          27,
          1790
        ],
        "neuron_error": 4.962831735610962e-05,
        "y_ref": 0.07209392637014389,
        "y_mixed": 0.0721435546875,
        "input_storage_error": 0.0014815663453191519,
        "weight_storage_error": 0.0,
        "bias_storage_error": 0.0,
        "accumulation_estimate": 1.1920928955078125e-07,
        "demote_error": 2.9824674129486084e-05,
        "in_features": 1024,
        "neuron_idx": 1790,
        "batch_idx": 27
      },
      {
        "coord": [
          18,
          115
        ],
        "neuron_error": 4.8607587814331055e-05,
        "y_ref": 0.12568381428718567,
        "y_mixed": 0.125732421875,
        "input_storage_error": 0.0013690077466890216,
        "weight_storage_error": 0.0,
        "bias_storage_error": 0.0,
        "accumulation_estimate": 2.384185791015625e-07,
        "demote_error": 5.443394184112549e-05,
        "in_features": 1024,
        "neuron_idx": 115,
        "batch_idx": 18
      }
    ]
  }
}