{
  "detector": {
    "detected_exceeded": false,
    "actual_err": 0.0015118122100830078,
    "predicted_bound": 0.0016629934310913087,
    "elapsed_sec": 2.4984114170074463
  },
  "analyzer_report": {
    "component_estimates": {
      "input_storage_error": 0.0015118122100830078,
      "max_subtraction_error": 0.0015118122100830078,
      "exponential_error": 0.0015118122100830078,
      "sum_accumulation_error": 0.0015118122100830078,
      "output_storage_error": 0.0015118122100830078
    },
    "component_ratios": {
      "input_storage_error": 0.2,
      "max_subtraction_error": 0.2,
      "exponential_error": 0.2,
      "sum_accumulation_error": 0.2,
      "output_storage_error": 0.2
    },
    "primary_source": "storage",
    "suggestion": "\u5206\u6790\u7ed3\u679c\u4e0d\u660e\u786e\uff1b\u8bf7\u68c0\u67e5\u8f93\u5165\u5206\u5e03\u6216\u589e\u52a0MC\u91c7\u6837\u3002 \u68c0\u6d4b\u5230\u6781\u5c0f\u7684exp\u503c\uff0c\u53ef\u80fd\u5bfc\u81f4\u4e0b\u6ea2\u548c\u7cbe\u5ea6\u635f\u5931\u3002 100.0%\u7684top\u8bef\u5dee\u6765\u81eamax logit\u4f4d\u7f6e\uff0c\u8fd9\u901a\u5e38\u5bf9softmax\u8f93\u51fa\u5f71\u54cd\u6700\u5927\u3002",
    "input_stats": {
      "min": -17.975330352783203,
      "max": 29.20186424255371,
      "mean": 1.0694611072540283,
      "std": 6.2594990730285645,
      "range": 47.17719268798828
    },
    "stability_stats": {
      "max_shifted_logit": 0.0,
      "min_shifted_logit": -45.624664306640625,
      "max_exp_val": 1.0,
      "min_exp_val": 1.5327102604220678e-20,
      "exp_sum_max": 1.7472968101501465,
      "exp_sum_min": 1.005261778831482
    },
    "max_logit_error_ratio": 1.0,
    "top_elements_summary": [
      {
        "coord": [
          3,
          237
        ],
        "element_error": 0.0015118122100830078,
        "x_original": 26.62965965270996,
        "y_ref": 0.572312593460083,
        "y_mixed": 0.57080078125,
        "storage_error": 0.0046596527099609375,
        "demote_error": 8.684396743774414e-05,
        "logit_analysis": {
          "softmax_position": 237,
          "softmax_dim_size": 512,
          "is_max_logit": true,
          "distance_from_max": 0.0
        }
      },
      {
        "coord": [
          0,
          305
        ],
        "element_error": 0.0012565255165100098,
        "x_original": 23.99081802368164,
        "y_ref": 0.67313152551651,
        "y_mixed": 0.671875,
        "storage_error": 0.006443023681640625,
        "demote_error": 0.00024306774139404297,
        "logit_analysis": {
          "softmax_position": 305,
          "softmax_dim_size": 512,
          "is_max_logit": true,
          "distance_from_max": 0.0
        }
      },
      {
        "coord": [
          3,
          78
        ],
        "element_error": 0.0012211501598358154,
        "x_original": 26.170434951782227,
        "y_ref": 0.3615718185901642,
        "y_mixed": 0.36279296875,
        "storage_error": 0.0014400482177734375,
        "demote_error": 8.526444435119629e-05,
        "logit_analysis": {
          "softmax_position": 78,
          "softmax_dim_size": 512,
          "is_max_logit": true,
          "distance_from_max": 0.0
        }
      },
      {
        "coord": [
          6,
          2
        ],
        "element_error": 0.0008918642997741699,
        "x_original": 25.289306640625,
        "y_ref": 0.6143425107002258,
        "y_mixed": 0.615234375,
        "storage_error": 0.007568359375,
        "demote_error": 2.1517276763916016e-05,
        "logit_analysis": {
          "softmax_position": 2,
          "softmax_dim_size": 512,
          "is_max_logit": true,
          "distance_from_max": 0.0
        }
      },
      {
        "coord": [
          4,
          47
        ],
        "element_error": 0.0005610436201095581,
        "x_original": 28.105266571044922,
        "y_ref": 0.24834032356739044,
        "y_mixed": 0.2489013671875,
        "storage_error": 0.004108428955078125,
        "demote_error": 3.269314765930176e-05,
        "logit_analysis": {
          "softmax_position": 47,
          "softmax_dim_size": 512,
          "is_max_logit": true,
          "distance_from_max": 0.0
        }
      },
      {
        "coord": [
          0,
          49
        ],
        "element_error": 0.000521436333656311,
        "x_original": 21.242834091186523,
        "y_ref": 0.04311870038509369,
        "y_mixed": 0.04364013671875,
        "storage_error": 0.0071659088134765625,
        "demote_error": 3.5688281059265137e-06,
        "logit_analysis": {
          "softmax_position": 49,
          "softmax_dim_size": 512,
          "is_max_logit": true,
          "distance_from_max": 0.0
        }
      },
      {
        "coord": [
          6,
          223
        ],
        "element_error": 0.0004998147487640381,
        "x_original": 24.21514892578125,
        "y_ref": 0.20985040068626404,
        "y_mixed": 0.2093505859375,
        "storage_error": 0.00360107421875,
        "demote_error": 3.49581241607666e-05,
        "logit_analysis": {
          "softmax_position": 223,
          "softmax_dim_size": 512,
          "is_max_logit": true,
          "distance_from_max": 0.0
        }
      },
      {
        "coord": [
          7,
          129
        ],
        "element_error": 0.000394284725189209,
        "x_original": 27.649335861206055,
        "y_ref": 0.8570275902748108,
        "y_mixed": 0.857421875,
        "storage_error": 0.0069141387939453125,
        "demote_error": 1.5974044799804688e-05,
        "logit_analysis": {
          "softmax_position": 129,
          "softmax_dim_size": 512,
          "is_max_logit": true,
          "distance_from_max": 0.0
        }
      },
      {
        "coord": [
          4,
          62
        ],
        "element_error": 0.00035750865936279297,
        "x_original": 29.20186424255371,
        "y_ref": 0.7435215711593628,
        "y_mixed": 0.7431640625,
        "storage_error": 0.0012607574462890625,
        "demote_error": 0.00017946958541870117,
        "logit_analysis": {
          "softmax_position": 62,
          "softmax_dim_size": 512,
          "is_max_logit": true,
          "distance_from_max": 0.0
        }
      },
      {
        "coord": [
          7,
          15
        ],
        "element_error": 0.00025061145424842834,
        "x_original": 24.45411491394043,
        "y_ref": 0.03510168567299843,
        "y_mixed": 0.03485107421875,
        "storage_error": 0.0009899139404296875,
        "demote_error": 9.07108187675476e-06,
        "logit_analysis": {
          "softmax_position": 15,
          "softmax_dim_size": 512,
          "is_max_logit": true,
          "distance_from_max": 0.0
        }
      }
    ]
  }
}