{
  "detector": {
    "detected_exceeded": false,
    "actual_err": 9.225308895111084e-05,
    "predicted_bound": 0.00017399961943738164,
    "elapsed_sec": 3.7225120067596436
  },
  "analyzer_report": {
    "component_estimates": {
      "input_storage_error": 9.225308895111084e-05,
      "statistics_computation_error": 9.225308895111084e-05,
      "output_storage_error": 0.00014577805995941162,
      "weight_storage_error": 9.225308895111084e-05,
      "bias_storage_error": 9.225308895111084e-05
    },
    "component_ratios": {
      "input_storage_error": 0.1792051408226474,
      "statistics_computation_error": 0.1792051408226474,
      "output_storage_error": 0.28317943670941037,
      "weight_storage_error": 0.1792051408226474,
      "bias_storage_error": 0.1792051408226474
    },
    "primary_source": "demote",
    "suggestion": "\u4e3b\u8981\u8bef\u5dee\u6765\u6e90\u4e3a\u8f93\u51fa\u964d\u7cbe\u5ea6\u3002\u5efa\u8bae\uff1a\u5ef6\u8fdf\u964d\u7cbe\u5ea6\u6216\u63d0\u9ad8\u8f93\u51fa\u7cbe\u5ea6\uff1b\u68c0\u67e5LayerNorm\u8f93\u51fa\u7684\u6570\u503c\u8303\u56f4\u3002",
    "statistics_errors": {
      "mean_error": 2.854221747838892e-09,
      "var_error": 9.920952948050399e-13,
      "std_error": 4.656612873077393e-10
    },
    "norm_behavior_stats": {
      "normal": 10
    },
    "top_elements_summary": [
      {
        "coord": [
          5,
          153,
          56
        ],
        "element_error": 9.225308895111084e-05,
        "x_original": -0.00043021448072977364,
        "y_ref": -0.1338813155889511,
        "y_mixed": -0.1337890625,
        "norm_behavior": "normal",
        "storage_error": 1.0736403055489063e-07,
        "weight_error": 0.0,
        "bias_error": 0.0,
        "demote_error": 5.908310413360596e-05,
        "local_mean_error": 2.3856046027503908e-09,
        "local_std_error": 0.0
      },
      {
        "coord": [
          2,
          338,
          44
        ],
        "element_error": 9.128451347351074e-05,
        "x_original": 0.00043021125020459294,
        "y_ref": 0.1344906985759735,
        "y_mixed": 0.1343994140625,
        "norm_behavior": "normal",
        "storage_error": 1.0413350537419319e-07,
        "weight_error": 0.0,
        "bias_error": 0.0,
        "demote_error": 5.8203935623168945e-05,
        "local_mean_error": 5.19321474712342e-10,
        "local_std_error": 0.0
      },
      {
        "coord": [
          6,
          68,
          128
        ],
        "element_error": 9.107589721679688e-05,
        "x_original": 0.0004085133841726929,
        "y_ref": 0.1272883415222168,
        "y_mixed": 0.127197265625,
        "norm_behavior": "normal",
        "storage_error": 1.0235817171633244e-07,
        "weight_error": 0.0,
        "bias_error": 0.0,
        "demote_error": 5.885958671569824e-05,
        "local_mean_error": 4.4292391976341605e-10,
        "local_std_error": 2.3283064365386963e-10
      },
      {
        "coord": [
          4,
          503,
          663
        ],
        "element_error": 9.082257747650146e-05,
        "x_original": 0.0004402490158099681,
        "y_ref": 0.1388251930475235,
        "y_mixed": 0.138916015625,
        "norm_behavior": "normal",
        "storage_error": 1.100997906178236e-07,
        "weight_error": 0.0,
        "bias_error": 0.0,
        "demote_error": 5.5789947509765625e-05,
        "local_mean_error": 7.795506462571211e-10,
        "local_std_error": 0.0
      },
      {
        "coord": [
          3,
          36,
          600
        ],
        "element_error": 9.034574031829834e-05,
        "x_original": 0.0004042253422085196,
        "y_ref": 0.1264331191778183,
        "y_mixed": 0.1263427734375,
        "norm_behavior": "normal",
        "storage_error": 1.0585063137114048e-07,
        "weight_error": 0.0,
        "bias_error": 0.0,
        "demote_error": 5.663931369781494e-05,
        "local_mean_error": 7.999005902092904e-10,
        "local_std_error": 2.3283064365386963e-10
      },
      {
        "coord": [
          4,
          141,
          359
        ],
        "element_error": 8.86768102645874e-05,
        "x_original": -0.00043353508226573467,
        "y_ref": -0.1369294971227646,
        "y_mixed": -0.1368408203125,
        "norm_behavior": "normal",
        "storage_error": 9.010545909404755e-08,
        "weight_error": 0.0,
        "bias_error": 0.0,
        "demote_error": 6.029009819030762e-05,
        "local_mean_error": 3.184368324582465e-10,
        "local_std_error": 0.0
      },
      {
        "coord": [
          7,
          283,
          487
        ],
        "element_error": 8.785724639892578e-05,
        "x_original": -0.00040616991464048624,
        "y_ref": -0.12930667400360107,
        "y_mixed": -0.12939453125,
        "norm_behavior": "normal",
        "storage_error": 9.534414857625961e-08,
        "weight_error": 0.0,
        "bias_error": 0.0,
        "demote_error": 5.766749382019043e-05,
        "local_mean_error": 1.944044925039634e-10,
        "local_std_error": 0.0
      },
      {
        "coord": [
          7,
          339,
          505
        ],
        "element_error": 8.71419906616211e-05,
        "x_original": 0.0004461774369701743,
        "y_ref": 0.14168870449066162,
        "y_mixed": 0.1416015625,
        "norm_behavior": "normal",
        "storage_error": 9.627547115087509e-08,
        "weight_error": 0.0,
        "bias_error": 0.0,
        "demote_error": 5.69075345993042e-05,
        "local_mean_error": 5.982201400911435e-10,
        "local_std_error": 0.0
      },
      {
        "coord": [
          1,
          67,
          509
        ],
        "element_error": 8.597970008850098e-05,
        "x_original": 0.0004027730319648981,
        "y_ref": 0.1280156672000885,
        "y_mixed": 0.1279296875,
        "norm_behavior": "normal",
        "storage_error": 8.405186235904694e-08,
        "weight_error": 0.0,
        "bias_error": 0.0,
        "demote_error": 5.9723854064941406e-05,
        "local_mean_error": 9.740688255988061e-10,
        "local_std_error": 0.0
      },
      {
        "coord": [
          2,
          243,
          271
        ],
        "element_error": 8.393824100494385e-05,
        "x_original": -0.0004099713696632534,
        "y_ref": -0.12992094457149506,
        "y_mixed": -0.1300048828125,
        "norm_behavior": "normal",
        "storage_error": 1.0858639143407345e-07,
        "weight_error": 0.0,
        "bias_error": 0.0,
        "demote_error": 5.0067901611328125e-05,
        "local_mean_error": 1.4705392459291033e-09,
        "local_std_error": 0.0
      }
    ]
  }
}