{
  "detector": {
    "detected_exceeded": false,
    "actual_err": 2.9802261991562773e-08,
    "predicted_bound": 3.3601982431719085e-05,
    "elapsed_sec": 2.3923568725585938
  },
  "analyzer_report": {
    "component_estimates": {
      "input_storage_error": 2.9802261991562773e-08,
      "output_storage_error": 3.0543691536877304e-05
    },
    "component_ratios": {
      "input_storage_error": 0.0009747744954377891,
      "output_storage_error": 0.9990252255045622
    },
    "primary_source": "storage",
    "suggestion": "\u4e3b\u8981\u8bef\u5dee\u6765\u6e90\u4e3a\u8f93\u5165\u5b58\u50a8\u7cbe\u5ea6\u3002\u5efa\u8bae\uff1a\u63d0\u5347\u8f93\u5165\u5b58\u50a8\u7cbe\u5ea6\u6216\u8fdb\u884c\u8f93\u5165\u5f52\u4e00\u5316\uff0c\u7279\u522b\u6ce8\u610f\u63a5\u8fd1\u96f6\u7684\u503c\u3002 \u68c0\u6d4b\u5230\u63a5\u8fd1\u96f6\u7684\u8f93\u5165\u503c\uff0c\u8fd9\u4e9b\u5728ReLU\u4e2d\u6700\u5bb9\u6613\u4ea7\u751f\u7cbe\u5ea6\u8bef\u5dee\u3002\u8003\u8651\u6dfb\u52a0\u5c0f\u7684\u504f\u7f6e\u6216\u4f7f\u7528Leaky ReLU\u3002",
    "relu_behavior_stats": {
      "near_zero": 10
    },
    "top_elements_summary": [
      {
        "coord": [
          0,
          98,
          29,
          23
        ],
        "element_error": 2.9802261991562773e-08,
        "x_original": 2.980238278382785e-08,
        "y_ref": 2.980238278382785e-08,
        "y_mixed": 5.960464477539063e-08,
        "relu_behavior": "near_zero",
        "storage_error": 2.9802261991562773e-08,
        "demote_error": 0.0
      },
      {
        "coord": [
          0,
          208,
          4,
          18
        ],
        "element_error": 2.9801906720194893e-08,
        "x_original": 2.980273805519573e-08,
        "y_ref": 2.980273805519573e-08,
        "y_mixed": 5.960464477539063e-08,
        "relu_behavior": "near_zero",
        "storage_error": 2.9801906720194893e-08,
        "demote_error": 0.0
      },
      {
        "coord": [
          0,
          208,
          5,
          10
        ],
        "element_error": 2.9801867640344426e-08,
        "x_original": 8.046631592151243e-07,
        "y_ref": 8.046631592151243e-07,
        "y_mixed": 8.344650268554688e-07,
        "relu_behavior": "near_zero",
        "storage_error": 2.9801867640344426e-08,
        "demote_error": 0.0
      },
      {
        "coord": [
          0,
          112,
          26,
          25
        ],
        "element_error": 2.9801668688378413e-08,
        "x_original": 2.086169104131841e-07,
        "y_ref": 2.086169104131841e-07,
        "y_mixed": 2.384185791015625e-07,
        "relu_behavior": "near_zero",
        "storage_error": 2.9801668688378413e-08,
        "demote_error": 0.0
      },
      {
        "coord": [
          0,
          127,
          11,
          23
        ],
        "element_error": 2.9801299206155818e-08,
        "x_original": 4.470358589969692e-07,
        "y_ref": 4.470358589969692e-07,
        "y_mixed": 4.76837158203125e-07,
        "relu_behavior": "near_zero",
        "storage_error": 2.9801299206155818e-08,
        "demote_error": 0.0
      },
      {
        "coord": [
          0,
          122,
          4,
          9
        ],
        "element_error": 2.9801192624745454e-08,
        "x_original": 8.94080969260358e-08,
        "y_ref": 8.94080969260358e-08,
        "y_mixed": 1.1920928955078125e-07,
        "relu_behavior": "near_zero",
        "storage_error": 2.9801192624745454e-08,
        "demote_error": 0.0
      },
      {
        "coord": [
          0,
          154,
          25,
          10
        ],
        "element_error": 2.9801185519318096e-08,
        "x_original": 9.238731308869319e-07,
        "y_ref": 9.238731308869319e-07,
        "y_mixed": 9.5367431640625e-07,
        "relu_behavior": "near_zero",
        "storage_error": 2.9801185519318096e-08,
        "demote_error": 0.0
      },
      {
        "coord": [
          0,
          2,
          17,
          30
        ],
        "element_error": 2.9801128675899236e-08,
        "x_original": 5.066382868790242e-07,
        "y_ref": 5.066382868790242e-07,
        "y_mixed": 4.76837158203125e-07,
        "relu_behavior": "near_zero",
        "storage_error": 2.9801128675899236e-08,
        "demote_error": 0.0
      },
      {
        "coord": [
          0,
          188,
          1,
          28
        ],
        "element_error": 2.9801071832480375e-08,
        "x_original": 7.450593102475978e-07,
        "y_ref": 7.450593102475978e-07,
        "y_mixed": 7.748603820800781e-07,
        "relu_behavior": "near_zero",
        "storage_error": 2.9801071832480375e-08,
        "demote_error": 0.0
      },
      {
        "coord": [
          0,
          180,
          13,
          26
        ],
        "element_error": 2.9801071832480375e-08,
        "x_original": 1.4901036138326162e-07,
        "y_ref": 1.4901036138326162e-07,
        "y_mixed": 1.1920928955078125e-07,
        "relu_behavior": "near_zero",
        "storage_error": 2.9801071832480375e-08,
        "demote_error": 0.0
      }
    ]
  }
}