{
  "detector": {
    "detected_exceeded": false,
    "actual_err": 5.626119673252106e-06,
    "predicted_bound": 3.947555414924864e-05,
    "elapsed_sec": 2.6709067821502686
  },
  "matrix_info": {
    "input_shape": [
      256,
      1024
    ],
    "weight_shape": [
      1024,
      512
    ],
    "output_shape": [
      256,
      512
    ],
    "accumulation_dim": 1024
  },
  "analyzer_report": {
    "component_estimates": {
      "input_storage_error": 5.626119673252106e-06,
      "weight_storage_error": 5.626119673252106e-06,
      "accumulation_error": 5.626119673252106e-06,
      "demote_error": 3.4528784453868866e-05
    },
    "component_ratios": {
      "input_storage_error": 0.10944237110040218,
      "weight_storage_error": 0.10944237110040218,
      "accumulation_error": 0.10944237110040218,
      "demote_error": 0.6716728866987934
    },
    "primary_source": "x_storage",
    "suggestion": "\u4e3b\u8981\u8bef\u5dee\u6765\u6e90\u4e3a\u8f93\u5165\u5b58\u50a8\u7cbe\u5ea6\u3002\u5efa\u8bae\uff1a\u63d0\u5347\u8f93\u5165\u5b58\u50a8\u7cbe\u5ea6\uff1b\u8fdb\u884c\u8f93\u5165\u5f52\u4e00\u5316\u6216\u6743\u91cd\u7f29\u653e\u4ee5\u6539\u5584\u6570\u503c\u8303\u56f4\u3002 \u68c0\u6d4b\u5230\u6570\u503c\u7a33\u5b9a\u6027\u95ee\u9898\uff08\u6761\u4ef6\u6570\u6307\u6807=4.17\uff09\u3002\u5efa\u8bae\uff1a(1)\u8f93\u5165/\u6743\u91cd\u9884\u5904\u7406\u548c\u5f52\u4e00\u5316\uff1b(2)\u68c0\u67e5\u662f\u5426\u5b58\u5728\u75c5\u6001\u77e9\u9635\u3002",
    "numerical_stability": {
      "average_condition_indicator": 4.171154371995809,
      "accumulation_dimension": 1024,
      "stability_assessment": "good"
    },
    "top_elements_summary": [
      {
        "coord": [
          231,
          320
        ],
        "element_error": 5.626119673252106e-06,
        "y_ref": -0.008287525735795498,
        "y_mixed": -0.00829315185546875,
        "x_storage_error": 0.00014428154099732637,
        "w_storage_error": 0.0,
        "accumulation_error_estimate": 1.4901161193847656e-08,
        "demote_error": 3.557652235031128e-06,
        "condition_indicator": 3.892792960134443,
        "product_stats": {
          "min": -0.0006683517131023109,
          "max": 0.0007044047815725207,
          "mean": -8.095308658084832e-06,
          "std": 0.00011115195957245305
        }
      },
      {
        "coord": [
          138,
          369
        ],
        "element_error": 5.357898771762848e-06,
        "y_ref": -0.009218580089509487,
        "y_mixed": -0.00922393798828125,
        "x_storage_error": 0.0001405201619490981,
        "w_storage_error": 0.0,
        "accumulation_error_estimate": 1.4901161193847656e-08,
        "demote_error": 3.657303750514984e-06,
        "condition_indicator": 3.8224287129987706,
        "product_stats": {
          "min": -0.0008196222479455173,
          "max": 0.0005523972795344889,
          "mean": -9.004178536997642e-06,
          "std": 0.00010280774586135522
        }
      },
      {
        "coord": [
          216,
          13
        ],
        "element_error": 5.195848643779755e-06,
        "y_ref": -0.00819916557520628,
        "y_mixed": -0.0081939697265625,
        "x_storage_error": 0.0001547532738186419,
        "w_storage_error": 0.0,
        "accumulation_error_estimate": 1.4901161193847656e-08,
        "demote_error": 3.470107913017273e-06,
        "condition_indicator": 3.554045196725952,
        "product_stats": {
          "min": -0.0005933355423621833,
          "max": 0.0004934703465551138,
          "mean": -8.005311428860296e-06,
          "std": 0.00010854678839677945
        }
      },
      {
        "coord": [
          126,
          308
        ],
        "element_error": 5.1371753215789795e-06,
        "y_ref": -0.008313547819852829,
        "y_mixed": -0.00830841064453125,
        "x_storage_error": 0.00014035109779797494,
        "w_storage_error": 0.0,
        "accumulation_error_estimate": 1.4901161193847656e-08,
        "demote_error": 3.67872416973114e-06,
        "condition_indicator": 3.71983259795845,
        "product_stats": {
          "min": -0.0005636119749397039,
          "max": 0.0005009946180507541,
          "mean": -8.11727386462735e-06,
          "std": 9.78272219072096e-05
        }
      },
      {
        "coord": [
          141,
          324
        ],
        "element_error": 5.06080687046051e-06,
        "y_ref": -0.00837450660765171,
        "y_mixed": -0.00836944580078125,
        "x_storage_error": 0.00014486971485894173,
        "w_storage_error": 0.0,
        "accumulation_error_estimate": 1.4901161193847656e-08,
        "demote_error": 3.063119947910309e-06,
        "condition_indicator": 4.777448536530783,
        "product_stats": {
          "min": -0.0007205032161436975,
          "max": 0.00044535764027386904,
          "mean": -8.176276423910167e-06,
          "std": 0.00010010498954216018
        }
      },
      {
        "coord": [
          56,
          324
        ],
        "element_error": 5.020759999752045e-06,
        "y_ref": 0.009173140861093998,
        "y_mixed": 0.00917816162109375,
        "x_storage_error": 0.00014484880375675857,
        "w_storage_error": 0.0,
        "accumulation_error_estimate": 1.4901161193847656e-08,
        "demote_error": 3.77558171749115e-06,
        "condition_indicator": 4.722626636342603,
        "product_stats": {
          "min": -0.00039076615939848125,
          "max": 0.0005256521981209517,
          "mean": 8.959358638094272e-06,
          "std": 9.261701052309945e-05
        }
      },
      {
        "coord": [
          226,
          167
        ],
        "element_error": 4.989095032215118e-06,
        "y_ref": 0.008259993977844715,
        "y_mixed": 0.0082550048828125,
        "x_storage_error": 0.00014472678594756871,
        "w_storage_error": 0.0,
        "accumulation_error_estimate": 1.4901161193847656e-08,
        "demote_error": 3.598630428314209e-06,
        "condition_indicator": 4.607370729692012,
        "product_stats": {
          "min": -0.0004519086505752057,
          "max": 0.0005457932711578906,
          "mean": 8.065042493399233e-06,
          "std": 9.732001490192488e-05
        }
      },
      {
        "coord": [
          69,
          183
        ],
        "element_error": 4.950910806655884e-06,
        "y_ref": -0.009305182844400406,
        "y_mixed": -0.00930023193359375,
        "x_storage_error": 0.00014154052769299597,
        "w_storage_error": 0.0,
        "accumulation_error_estimate": 1.4901161193847656e-08,
        "demote_error": 3.539957106113434e-06,
        "condition_indicator": 4.555526091470479,
        "product_stats": {
          "min": -0.000630547699984163,
          "max": 0.0003813957155216485,
          "mean": -9.085713827516884e-06,
          "std": 9.948347724275663e-05
        }
      },
      {
        "coord": [
          7,
          45
        ],
        "element_error": 4.9425289034843445e-06,
        "y_ref": 0.010502989403903484,
        "y_mixed": 0.010498046875,
        "x_storage_error": 0.00014303941861726344,
        "w_storage_error": 0.0,
        "accumulation_error_estimate": 1.4901161193847656e-08,
        "demote_error": 3.4319236874580383e-06,
        "condition_indicator": 4.016504641959431,
        "product_stats": {
          "min": -0.0004827121156267822,
          "max": 0.0008374385652132332,
          "mean": 1.0255349479848519e-05,
          "std": 0.00010058129555545747
        }
      },
      {
        "coord": [
          120,
          215
        ],
        "element_error": 4.912726581096649e-06,
        "y_ref": -0.008074616082012653,
        "y_mixed": -0.00807952880859375,
        "x_storage_error": 0.00014462921535596251,
        "w_storage_error": 0.0,
        "accumulation_error_estimate": 1.4901161193847656e-08,
        "demote_error": 3.514811396598816e-06,
        "condition_indicator": 4.042967616145159,
        "product_stats": {
          "min": -0.0006600586930289865,