{
  "detector": {
    "detected_exceeded": false,
    "actual_err": 7.197260856628418e-05,
    "predicted_bound": 0.0001551591107272543,
    "elapsed_sec": 4.103846549987793
  },
  "meta": {
    "distribution": "adversarial_sum",
    "bias": true,
    "batch_size": 32,
    "in_features": 1024,
    "out_features": 4096
  },
  "analyzer_report": {
    "component_estimates": {
      "input_storage_error": 7.197260856628418e-05,
      "weight_storage_error": 7.197260856628418e-05,
      "accumulation_error": 7.197260856628418e-05,
      "output_storage_error": 0.00010177493095397949,
      "bias_storage_error": 7.197260856628418e-05
    },
    "component_ratios": {
      "input_storage_error": 0.1847036328871893,
      "weight_storage_error": 0.1847036328871893,
      "accumulation_error": 0.1847036328871893,
      "output_storage_error": 0.26118546845124285,
      "bias_storage_error": 0.1847036328871893
    },
    "primary_source": "input_storage",
    "suggestion": "\u4e3b\u8981\u8bef\u5dee\u6765\u6e90\u4e3a\u8f93\u5165\u5b58\u50a8\u7cbe\u5ea6\u3002\u5efa\u8bae\uff1a\u63d0\u5347\u8f93\u5165\u5b58\u50a8\u7cbe\u5ea6\u6216\u8fdb\u884c\u8f93\u5165\u5f52\u4e00\u5316/\u6807\u51c6\u5316\u4ee5\u964d\u4f4e\u6570\u503c\u8303\u56f4\u3002",
    "aggregated_ratios": {
      "input_storage": 0.9784125969847786,
      "weight_storage": 0.0,
      "bias_storage": 0.0,
      "accumulation": 8.765649064873959e-05,
      "demote": 0.021499746524572674
    },
    "top_neurons_summary": [
      {
        "coord": [
          0,
          1772
        ],
        "neuron_error": 7.197260856628418e-05,
        "y_ref": 0.14179560542106628,
        "y_mixed": 0.1417236328125,
        "input_storage_error": 0.0015143284108489752,
        "weight_storage_error": 0.0,
        "bias_storage_error": 0.0,
        "accumulation_estimate": 2.384185791015625e-07,
        "demote_error": 5.9545040130615234e-05,
        "in_features": 1024,
        "neuron_idx": 1772,
        "batch_idx": 0
      },
      {
        "coord": [
          25,
          3294
        ],
        "neuron_error": 4.955381155014038e-05,
        "y_ref": 0.09422679990530014,
        "y_mixed": 0.09417724609375,
        "input_storage_error": 0.0014707186492159963,
        "weight_storage_error": 0.0,
        "bias_storage_error": 0.0,
        "accumulation_estimate": 1.1920928955078125e-07,
        "demote_error": 2.7783215045928955e-05,
        "in_features": 1024,
        "neuron_idx": 3294,
        "batch_idx": 25
      },
      {
        "coord": [
          28,
          701
        ],
        "neuron_error": 4.801154136657715e-05,
        "y_ref": 0.06364664435386658,
        "y_mixed": 0.0635986328125,
        "input_storage_error": 0.0014618192799389362,
        "weight_storage_error": 0.0,
        "bias_storage_error": 0.0,
        "accumulation_estimate": 1.1920928955078125e-07,
        "demote_error": 2.656877040863037e-05,
        "in_features": 1024,
        "neuron_idx": 701,
        "batch_idx": 28
      },
      {
        "coord": [
          5,
          629
        ],
        "neuron_error": 4.6737492084503174e-05,
        "y_ref": 0.0789041593670845,
        "y_mixed": 0.078857421875,
        "input_storage_error": 0.0014049164019525051,
        "weight_storage_error": 0.0,
        "bias_storage_error": 0.0,
        "accumulation_estimate": 1.1920928955078125e-07,
        "demote_error": 3.0428171157836914e-05,
        "in_features": 1024,
        "neuron_idx": 629,
        "batch_idx": 5
      },
      {
        "coord": [
          17,
          495
        ],
        "neuron_error": 4.670768976211548e-05,
        "y_ref": -0.08787629753351212,
        "y_mixed": -0.08782958984375,
        "input_storage_error": 0.0014539011754095554,
        "weight_storage_error": 0.0,
        "bias_storage_error": 0.0,
        "accumulation_estimate": 1.1920928955078125e-07,
        "demote_error": 2.9988586902618408e-05,
        "in_features": 1024,
        "neuron_idx": 495,
        "batch_idx": 17
      },
      {
        "coord": [
          28,
          3008
        ],
        "neuron_error": 4.646182060241699e-05,
        "y_ref": -0.07160881161689758,
        "y_mixed": -0.0716552734375,
        "input_storage_error": 0.0014618192799389362,
        "weight_storage_error": 0.0,
        "bias_storage_error": 0.0,
        "accumulation_estimate": 1.1920928955078125e-07,
        "demote_error": 2.8856098651885986e-05,
        "in_features": 1024,
        "neuron_idx": 3008,
        "batch_idx": 28
      },
      {
        "coord": [
          30,
          3044
        ],
        "neuron_error": 4.632025957107544e-05,
        "y_ref": 0.06633049994707108,
        "y_mixed": 0.0662841796875,
        "input_storage_error": 0.0014525095466524363,
        "weight_storage_error": 0.0,
        "bias_storage_error": 0.0,
        "accumulation_estimate": 1.1920928955078125e-07,
        "demote_error": 2.9399991035461426e-05,
        "in_features": 1024,
        "neuron_idx": 3044,
        "batch_idx": 30
      },
      {
        "coord": [
          10,
          504
        ],
        "neuron_error": 4.597753286361694e-05,
        "y_ref": 0.08128377050161362,
        "y_mixed": 0.08123779296875,
        "input_storage_error": 0.0014520431868731976,
        "weight_storage_error": 0.0,
        "bias_storage_error": 0.0,
        "accumulation_estimate": 1.1920928955078125e-07,
        "demote_error": 2.8438866138458252e-05,
        "in_features": 1024,
        "neuron_idx": 504,
        "batch_idx": 10
      },
      {
        "coord": [
          2,
          2156
        ],
        "neuron_error": 4.582107067108154e-05,
        "y_ref": 0.06858830153942108,
        "y_mixed": 0.06854248046875,
        "input_storage_error": 0.0014938435051590204,
        "weight_storage_error": 0.0,
        "bias_storage_error": 0.0,
        "accumulation_estimate": 1.1920928955078125e-07,
        "demote_error": 3.0219554901123047e-05,
        "in_features": 1024,
        "neuron_idx": 2156,
        "batch_idx": 2
      },
      {
        "coord": [
          25,
          615
        ],
        "neuron_error": 4.559755325317383e-05,
        "y_ref": 0.06755048036575317,
        "y_mixed": 0.0675048828125,
        "input_storage_error": 0.0014707186492159963,
        "weight_storage_error": 0.0,
        "bias_storage_error": 0.0,
        "accumulation_estimate": 1.1920928955078125e-07,
        "demote_error": 3.039836883544922e-05,
        "in_features": 1024,
        "neuron_idx": 615,
        "batch_idx": 25
      }
    ]
  }
}