{
  "detector": {
    "detected_exceeded": false,
    "actual_err": 2.980215185743873e-08,
    "predicted_bound": 3.360166228958406e-05,
    "elapsed_sec": 2.2574808597564697
  },
  "analyzer_report": {
    "component_estimates": {
      "input_storage_error": 2.980215185743873e-08,
      "output_storage_error": 3.054220724152401e-05
    },
    "component_ratios": {
      "input_storage_error": 0.0009748182225761913,
      "output_storage_error": 0.9990251817774238
    },
    "primary_source": "storage",
    "suggestion": "\u4e3b\u8981\u8bef\u5dee\u6765\u6e90\u4e3a\u8f93\u5165\u5b58\u50a8\u7cbe\u5ea6\u3002\u5efa\u8bae\uff1a\u63d0\u5347\u8f93\u5165\u5b58\u50a8\u7cbe\u5ea6\u6216\u8fdb\u884c\u8f93\u5165\u5f52\u4e00\u5316\uff0c\u7279\u522b\u6ce8\u610f\u63a5\u8fd1\u96f6\u7684\u503c\u3002 \u68c0\u6d4b\u5230\u63a5\u8fd1\u96f6\u7684\u8f93\u5165\u503c\uff0c\u8fd9\u4e9b\u5728ReLU\u4e2d\u6700\u5bb9\u6613\u4ea7\u751f\u7cbe\u5ea6\u8bef\u5dee\u3002\u8003\u8651\u6dfb\u52a0\u5c0f\u7684\u504f\u7f6e\u6216\u4f7f\u7528Leaky ReLU\u3002",
    "relu_behavior_stats": {
      "near_zero": 10
    },
    "top_elements_summary": [
      {
        "coord": [
          0,
          66,
          13,
          22
        ],
        "element_error": 2.980215185743873e-08,
        "x_original": 3.8743036157029564e-07,
        "y_ref": 3.8743036157029564e-07,
        "y_mixed": 4.172325134277344e-07,
        "relu_behavior": "near_zero",
        "storage_error": 2.980215185743873e-08,
        "demote_error": 0.0
      },
      {
        "coord": [
          0,
          178,
          24,
          21
        ],
        "element_error": 2.9802142975654533e-08,
        "x_original": 2.9802142975654533e-08,
        "y_ref": 2.9802142975654533e-08,
        "y_mixed": 0.0,
        "relu_behavior": "near_zero",
        "storage_error": 2.9802142975654533e-08,
        "demote_error": 0.0
      },
      {
        "coord": [
          0,
          168,
          16,
          3
        ],
        "element_error": 2.980209501401987e-08,
        "x_original": 4.4703506318910513e-07,
        "y_ref": 4.4703506318910513e-07,
        "y_mixed": 4.76837158203125e-07,
        "relu_behavior": "near_zero",
        "storage_error": 2.980209501401987e-08,
        "demote_error": 0.0
      },
      {
        "coord": [
          0,
          254,
          6,
          0
        ],
        "element_error": 2.9802009748891578e-08,
        "x_original": 3.8742987840123533e-07,
        "y_ref": 3.8742987840123533e-07,
        "y_mixed": 3.5762786865234375e-07,
        "relu_behavior": "near_zero",
        "storage_error": 2.9802009748891578e-08,
        "demote_error": 0.0
      },
      {
        "coord": [
          0,
          95,
          11,
          5
        ],
        "element_error": 2.9801981327182148e-08,
        "x_original": 6.258484290810884e-07,
        "y_ref": 6.258484290810884e-07,
        "y_mixed": 5.960464477539062e-07,
        "relu_behavior": "near_zero",
        "storage_error": 2.9801981327182148e-08,
        "demote_error": 0.0
      },
      {
        "coord": [
          0,
          147,
          12,
          2
        ],
        "element_error": 2.9801867640344426e-08,
        "x_original": 7.450585144397337e-07,
        "y_ref": 7.450585144397337e-07,
        "y_mixed": 7.748603820800781e-07,
        "relu_behavior": "near_zero",
        "storage_error": 2.9801867640344426e-08,
        "demote_error": 0.0
      },
      {
        "coord": [
          0,
          191,
          5,
          19
        ],
        "element_error": 2.980144131470297e-08,
        "x_original": 3.874293099670467e-07,
        "y_ref": 3.874293099670467e-07,
        "y_mixed": 3.5762786865234375e-07,
        "relu_behavior": "near_zero",
        "storage_error": 2.980144131470297e-08,
        "demote_error": 0.0
      },
      {
        "coord": [
          0,
          143,
          3,
          24
        ],
        "element_error": 2.9801299206155818e-08,
        "x_original": 3.2782656944618793e-07,
        "y_ref": 3.2782656944618793e-07,
        "y_mixed": 3.5762786865234375e-07,
        "relu_behavior": "near_zero",
        "storage_error": 2.9801299206155818e-08,
        "demote_error": 0.0
      },
      {
        "coord": [
          0,
          208,
          19,
          8
        ],
        "element_error": 2.9801128675899236e-08,
        "x_original": 2.0861745042566326e-07,
        "y_ref": 2.0861745042566326e-07,
        "y_mixed": 2.384185791015625e-07,
        "relu_behavior": "near_zero",
        "storage_error": 2.9801128675899236e-08,
        "demote_error": 0.0
      },
      {
        "coord": [
          0,
          213,
          0,
          26
        ],
        "element_error": 2.9801071832480375e-08,
        "x_original": 6.854546654722071e-07,
        "y_ref": 6.854546654722071e-07,
        "y_mixed": 7.152557373046875e-07,
        "relu_behavior": "near_zero",
        "storage_error": 2.9801071832480375e-08,
        "demote_error": 0.0
      }
    ]
  }
}