{
  "detector": {
    "detected_exceeded": false,
    "actual_err": 7.450580596923828e-05,
    "predicted_bound": 0.00014968335162848236,
    "elapsed_sec": 4.018286943435669
  },
  "meta": {
    "distribution": "adversarial_sum",
    "bias": true,
    "batch_size": 32,
    "in_features": 1024,
    "out_features": 4096
  },
  "analyzer_report": {
    "component_estimates": {
      "input_storage_error": 7.450580596923828e-05,
      "weight_storage_error": 7.450580596923828e-05,
      "accumulation_error": 7.450580596923828e-05,
      "output_storage_error": 0.00010736286640167236,
      "bias_storage_error": 7.450580596923828e-05
    },
    "component_ratios": {
      "input_storage_error": 0.1837897445322551,
      "weight_storage_error": 0.1837897445322551,
      "accumulation_error": 0.1837897445322551,
      "output_storage_error": 0.2648410218709796,
      "bias_storage_error": 0.1837897445322551
    },
    "primary_source": "input_storage",
    "suggestion": "\u4e3b\u8981\u8bef\u5dee\u6765\u6e90\u4e3a\u8f93\u5165\u5b58\u50a8\u7cbe\u5ea6\u3002\u5efa\u8bae\uff1a\u63d0\u5347\u8f93\u5165\u5b58\u50a8\u7cbe\u5ea6\u6216\u8fdb\u884c\u8f93\u5165\u5f52\u4e00\u5316/\u6807\u51c6\u5316\u4ee5\u964d\u4f4e\u6570\u503c\u8303\u56f4\u3002",
    "aggregated_ratios": {
      "input_storage": 0.9749743259289819,
      "weight_storage": 0.0,
      "bias_storage": 0.0,
      "accumulation": 0.00010451860744878331,
      "demote": 0.02492115546356927
    },
    "top_neurons_summary": [
      {
        "coord": [
          23,
          3543
        ],
        "neuron_error": 7.450580596923828e-05,
        "y_ref": -0.12678349018096924,
        "y_mixed": -0.126708984375,
        "input_storage_error": 0.0014500331599265337,
        "weight_storage_error": 0.0,
        "bias_storage_error": 0.0,
        "accumulation_estimate": 2.384185791015625e-07,
        "demote_error": 6.084144115447998e-05,
        "in_features": 1024,
        "neuron_idx": 3543,
        "batch_idx": 23
      },
      {
        "coord": [
          2,
          1184
        ],
        "neuron_error": 6.116926670074463e-05,
        "y_ref": 0.12994371354579926,
        "y_mixed": 0.1300048828125,
        "input_storage_error": 0.0014071704354137182,
        "weight_storage_error": 0.0,
        "bias_storage_error": 0.0,
        "accumulation_estimate": 2.384185791015625e-07,
        "demote_error": 6.0424208641052246e-05,
        "in_features": 1024,
        "neuron_idx": 1184,
        "batch_idx": 2
      },
      {
        "coord": [
          26,
          3399
        ],
        "neuron_error": 5.619227886199951e-05,
        "y_ref": -0.132512167096138,
        "y_mixed": -0.132568359375,
        "input_storage_error": 0.0014536813832819462,
        "weight_storage_error": 0.0,
        "bias_storage_error": 0.0,
        "accumulation_estimate": 2.384185791015625e-07,
        "demote_error": 5.300343036651611e-05,
        "in_features": 1024,
        "neuron_idx": 3399,
        "batch_idx": 26
      },
      {
        "coord": [
          1,
          2976
        ],
        "neuron_error": 5.5767595767974854e-05,
        "y_ref": 0.07055137306451797,
        "y_mixed": 0.07049560546875,
        "input_storage_error": 0.0015002680011093616,
        "weight_storage_error": 0.0,
        "bias_storage_error": 0.0,
        "accumulation_estimate": 1.1920928955078125e-07,
        "demote_error": 2.612173557281494e-05,
        "in_features": 1024,
        "neuron_idx": 2976,
        "batch_idx": 1
      },
      {
        "coord": [
          24,
          2766
        ],
        "neuron_error": 5.529075860977173e-05,
        "y_ref": 0.12347986549139023,
        "y_mixed": 0.12353515625,
        "input_storage_error": 0.0015590926632285118,
        "weight_storage_error": 0.0,
        "bias_storage_error": 0.0,
        "accumulation_estimate": 1.1920928955078125e-07,
        "demote_error": 2.9258430004119873e-05,
        "in_features": 1024,
        "neuron_idx": 2766,
        "batch_idx": 24
      },
      {
        "coord": [
          29,
          1415
        ],
        "neuron_error": 5.32492995262146e-05,
        "y_ref": -0.07189162820577621,
        "y_mixed": -0.07183837890625,
        "input_storage_error": 0.001456882688216865,
        "weight_storage_error": 0.0,
        "bias_storage_error": 0.0,
        "accumulation_estimate": 1.1920928955078125e-07,
        "demote_error": 2.790987491607666e-05,
        "in_features": 1024,
        "neuron_idx": 1415,
        "batch_idx": 29
      },
      {
        "coord": [
          22,
          373
        ],
        "neuron_error": 4.939734935760498e-05,
        "y_ref": 0.0679437667131424,
        "y_mixed": 0.0679931640625,
        "input_storage_error": 0.001398703665472567,
        "weight_storage_error": 0.0,
        "bias_storage_error": 0.0,
        "accumulation_estimate": 1.1920928955078125e-07,
        "demote_error": 3.0279159545898438e-05,
        "in_features": 1024,
        "neuron_idx": 373,
        "batch_idx": 22
      },
      {
        "coord": [
          26,
          1886
        ],
        "neuron_error": 4.892796277999878e-05,
        "y_ref": -0.09099131077528,
        "y_mixed": -0.0909423828125,
        "input_storage_error": 0.0014536813832819462,
        "weight_storage_error": 0.0,
        "bias_storage_error": 0.0,
        "accumulation_estimate": 1.1920928955078125e-07,
        "demote_error": 2.781301736831665e-05,
        "in_features": 1024,
        "neuron_idx": 1886,
        "batch_idx": 26
      },
      {
        "coord": [
          8,
          491
        ],
        "neuron_error": 4.792213439941406e-05,
        "y_ref": -0.06849455833435059,
        "y_mixed": -0.06854248046875,
        "input_storage_error": 0.0013887095265090466,
        "weight_storage_error": 0.0,
        "bias_storage_error": 0.0,
        "accumulation_estimate": 1.1920928955078125e-07,
        "demote_error": 2.9101967811584473e-05,
        "in_features": 1024,
        "neuron_idx": 491,
        "batch_idx": 8
      },
      {
        "coord": [
          11,
          273
        ],
        "neuron_error": 4.6879053115844727e-05,
        "y_ref": 0.06675830483436584,
        "y_mixed": 0.06671142578125,
        "input_storage_error": 0.0013879394391551614,
        "weight_storage_error": 0.0,
        "bias_storage_error": 0.0,
        "accumulation_estimate": 1.1920928955078125e-07,
        "demote_error": 2.475827932357788e-05,
        "in_features": 1024,
        "neuron_idx": 273,
        "batch_idx": 11
      }
    ]
  }
}