{
  "detector": {
    "detected_exceeded": false,
    "actual_err": 0.0025611519813537598,
    "predicted_bound": 0.0033090054988861085,
    "elapsed_sec": 2.467700242996216
  },
  "analyzer_report": {
    "component_estimates": {
      "input_storage_error": 0.0025611519813537598,
      "max_subtraction_error": 0.0025611519813537598,
      "exponential_error": 0.0025611519813537598,
      "sum_accumulation_error": 0.0025611519813537598,
      "output_storage_error": 0.0025611519813537598
    },
    "component_ratios": {
      "input_storage_error": 0.2,
      "max_subtraction_error": 0.2,
      "exponential_error": 0.2,
      "sum_accumulation_error": 0.2,
      "output_storage_error": 0.2
    },
    "primary_source": "storage",
    "suggestion": "\u5206\u6790\u7ed3\u679c\u4e0d\u660e\u786e\uff1b\u8bf7\u68c0\u67e5\u8f93\u5165\u5206\u5e03\u6216\u589e\u52a0MC\u91c7\u6837\u3002 \u68c0\u6d4b\u5230\u6781\u5c0f\u7684exp\u503c\uff0c\u53ef\u80fd\u5bfc\u81f4\u4e0b\u6ea2\u548c\u7cbe\u5ea6\u635f\u5931\u3002 100.0%\u7684top\u8bef\u5dee\u6765\u81eamax logit\u4f4d\u7f6e\uff0c\u8fd9\u901a\u5e38\u5bf9softmax\u8f93\u51fa\u5f71\u54cd\u6700\u5927\u3002",
    "input_stats": {
      "min": -19.036746978759766,
      "max": 32.503501892089844,
      "mean": 1.157256841659546,
      "std": 6.1999077796936035,
      "range": 51.54024887084961
    },
    "stability_stats": {
      "max_shifted_logit": 0.0,
      "min_shifted_logit": -46.07350158691406,
      "max_exp_val": 1.0,
      "min_exp_val": 9.784361613339607e-21,
      "exp_sum_max": 4.390262603759766,
      "exp_sum_min": 1.0214107036590576
    },
    "max_logit_error_ratio": 1.0,
    "top_elements_summary": [
      {
        "coord": [
          1,
          143
        ],
        "element_error": 0.0025611519813537598,
        "x_original": 27.490245819091797,
        "y_ref": 0.27038341760635376,
        "y_mixed": 0.267822265625,
        "storage_error": 0.005870819091796875,
        "demote_error": 3.409385681152344e-05,
        "logit_analysis": {
          "softmax_position": 143,
          "softmax_dim_size": 512,
          "is_max_logit": true,
          "distance_from_max": 0.0
        }
      },
      {
        "coord": [
          1,
          241
        ],
        "element_error": 0.0025199055671691895,
        "x_original": 28.4616756439209,
        "y_ref": 0.7142769694328308,
        "y_mixed": 0.716796875,
        "storage_error": 0.0070743560791015625,
        "demote_error": 2.396106719970703e-05,
        "logit_analysis": {
          "softmax_position": 241,
          "softmax_dim_size": 512,
          "is_max_logit": true,
          "distance_from_max": 0.0
        }
      },
      {
        "coord": [
          3,
          379
        ],
        "element_error": 0.0023246854543685913,
        "x_original": 26.117755889892578,
        "y_ref": 0.2464546114206314,
        "y_mixed": 0.248779296875,
        "storage_error": 0.007244110107421875,
        "demote_error": 5.0961971282958984e-06,
        "logit_analysis": {
          "softmax_position": 379,
          "softmax_dim_size": 512,
          "is_max_logit": true,
          "distance_from_max": 0.0
        }
      },
      {
        "coord": [
          3,
          5
        ],
        "element_error": 0.0020846128463745117,
        "x_original": 27.036754608154297,
        "y_ref": 0.6178072690963745,
        "y_mixed": 0.61572265625,
        "storage_error": 0.005504608154296875,
        "demote_error": 5.960464477539062e-07,
        "logit_analysis": {
          "softmax_position": 5,
          "softmax_dim_size": 512,
          "is_max_logit": true,
          "distance_from_max": 0.0
        }
      },
      {
        "coord": [
          4,
          65
        ],
        "element_error": 0.0017109960317611694,
        "x_original": 25.683914184570312,
        "y_ref": 0.21691693365573883,
        "y_mixed": 0.2186279296875,
        "storage_error": 0.0035858154296875,
        "demote_error": 5.8203935623168945e-05,
        "logit_analysis": {
          "softmax_position": 65,
          "softmax_dim_size": 512,
          "is_max_logit": true,
          "distance_from_max": 0.0
        }
      },
      {
        "coord": [
          4,
          198
        ],
        "element_error": 0.0017048120498657227,
        "x_original": 26.959962844848633,
        "y_ref": 0.7770954370498657,
        "y_mixed": 0.775390625,
        "storage_error": 0.0068378448486328125,
        "demote_error": 8.094310760498047e-05,
        "logit_analysis": {
          "softmax_position": 198,
          "softmax_dim_size": 512,
          "is_max_logit": true,
          "distance_from_max": 0.0
        }
      },
      {
        "coord": [
          6,
          511
        ],
        "element_error": 0.0013529807329177856,
        "x_original": 23.196849822998047,
        "y_ref": 0.12706498801708221,
        "y_mixed": 0.12841796875,
        "storage_error": 0.006275177001953125,
        "demote_error": 8.195638656616211e-07,
        "logit_analysis": {
          "softmax_position": 511,
          "softmax_dim_size": 512,
          "is_max_logit": true,
          "distance_from_max": 0.0
        }
      },
      {
        "coord": [
          6,
          178
        ],
        "element_error": 0.0009035468101501465,
        "x_original": 24.849681854248047,
        "y_ref": 0.6635012030601501,
        "y_mixed": 0.66259765625,
        "storage_error": 0.005931854248046875,
        "demote_error": 0.0001716017723083496,
        "logit_analysis": {
          "softmax_position": 178,
          "softmax_dim_size": 512,
          "is_max_logit": true,
          "distance_from_max": 0.0
        }
      },
      {
        "coord": [
          0,
          466
        ],
        "element_error": 0.000868678092956543,
        "x_original": 32.503501892089844,
        "y_ref": 0.8997944593429565,
        "y_mixed": 0.89892578125,
        "storage_error": 0.00350189208984375,
        "demote_error": 0.00016194581985473633,
        "logit_analysis": {
          "softmax_position": 466,
          "softmax_dim_size": 512,
          "is_max_logit": true,
          "distance_from_max": 0.0
        }
      },
      {
        "coord": [
          0,
          365
        ],
        "element_error": 0.0007229819893836975,
        "x_original": 30.308185577392578,
        "y_ref": 0.1001681312918663,
        "y_mixed": 0.10089111328125,
        "storage_error": 0.004314422607421875,
        "demote_error": 1.6264617443084717e-05,
        "logit_analysis": {
          "softmax_position": 365,
          "softmax_dim_size": 512,
          "is_max_logit": true,
          "distance_from_max": 0.0
        }
      }
    ]
  }
}