{
  "detector": {
    "detected_exceeded": false,
    "actual_err": 0.00012142956256866455,
    "predicted_bound": 0.00022461156186182055,
    "elapsed_sec": 3.7858338356018066
  },
  "analyzer_report": {
    "component_estimates": {
      "input_storage_error": 0.00012142956256866455,
      "statistics_computation_error": 0.00012142956256866455,
      "output_storage_error": 0.00014451146125793457,
      "weight_storage_error": 0.00012142956256866455,
      "bias_storage_error": 0.00012142956256866455
    },
    "component_ratios": {
      "input_storage_error": 0.19267508393625574,
      "statistics_computation_error": 0.19267508393625574,
      "output_storage_error": 0.22929966425497705,
      "weight_storage_error": 0.19267508393625574,
      "bias_storage_error": 0.19267508393625574
    },
    "primary_source": "demote",
    "suggestion": "\u4e3b\u8981\u8bef\u5dee\u6765\u6e90\u4e3a\u8f93\u51fa\u964d\u7cbe\u5ea6\u3002\u5efa\u8bae\uff1a\u5ef6\u8fdf\u964d\u7cbe\u5ea6\u6216\u63d0\u9ad8\u8f93\u51fa\u7cbe\u5ea6\uff1b\u68c0\u67e5LayerNorm\u8f93\u51fa\u7684\u6570\u503c\u8303\u56f4\u3002",
    "statistics_errors": {
      "mean_error": 3.1602667149854824e-09,
      "var_error": 1.0169642905566434e-12,
      "std_error": 2.3283064365386963e-10
    },
    "norm_behavior_stats": {
      "normal": 10
    },
    "top_elements_summary": [
      {
        "coord": [
          7,
          49,
          734
        ],
        "element_error": 0.00012142956256866455,
        "x_original": -0.0005443140980787575,
        "y_ref": -0.17089907824993134,
        "y_mixed": -0.1710205078125,
        "norm_behavior": "normal",
        "storage_error": 2.339365892112255e-07,
        "weight_error": 0.0,
        "bias_error": 0.0,
        "demote_error": 4.772841930389404e-05,
        "local_mean_error": 7.491962605854496e-10,
        "local_std_error": 0.0
      },
      {
        "coord": [
          5,
          193,
          211
        ],
        "element_error": 8.764863014221191e-05,
        "x_original": 0.00039925286546349525,
        "y_ref": 0.1272316873073578,
        "y_mixed": 0.1273193359375,
        "norm_behavior": "normal",
        "storage_error": 9.825453162193298e-08,
        "weight_error": 0.0,
        "bias_error": 0.0,
        "demote_error": 5.6862831115722656e-05,
        "local_mean_error": 8.346887625521049e-10,
        "local_std_error": 0.0
      },
      {
        "coord": [
          6,
          117,
          665
        ],
        "element_error": 8.668005466461182e-05,
        "x_original": -0.00044163339771330357,
        "y_ref": -0.1399792581796646,
        "y_mixed": -0.139892578125,
        "norm_behavior": "normal",
        "storage_error": 8.218921720981598e-08,
        "weight_error": 0.0,
        "bias_error": 0.0,
        "demote_error": 6.052851676940918e-05,
        "local_mean_error": 5.828724169987254e-10,
        "local_std_error": 0.0
      },
      {
        "coord": [
          2,
          438,
          86
        ],
        "element_error": 8.296966552734375e-05,
        "x_original": -0.00039427453884854913,
        "y_ref": -0.12528324127197266,
        "y_mixed": -0.1253662109375,
        "norm_behavior": "normal",
        "storage_error": 6.979098543524742e-08,
        "weight_error": 0.0,
        "bias_error": 0.0,
        "demote_error": 6.0886144638061523e-05,
        "local_mean_error": 6.866684998385608e-11,
        "local_std_error": 2.3283064365386963e-10
      },
      {
        "coord": [
          1,
          54,
          218
        ],
        "element_error": 8.051097393035889e-05,
        "x_original": -0.00040785837336443365,
        "y_ref": -0.12736089527606964,
        "y_mixed": -0.12744140625,
        "norm_behavior": "normal",
        "storage_error": 7.58154783397913e-08,
        "weight_error": 0.0,
        "bias_error": 0.0,
        "demote_error": 5.602836608886719e-05,
        "local_mean_error": 1.5957084542606026e-09,
        "local_std_error": 0.0
      },
      {
        "coord": [
          7,
          83,
          214
        ],
        "element_error": 8.036196231842041e-05,
        "x_original": -0.00042092884541489184,
        "y_ref": -0.13285420835018158,
        "y_mixed": -0.1329345703125,
        "norm_behavior": "normal",
        "storage_error": 1.1836527846753597e-07,
        "weight_error": 0.0,
        "bias_error": 0.0,
        "demote_error": 4.340708255767822e-05,
        "local_mean_error": 1.4210854715202004e-09,
        "local_std_error": 2.3283064365386963e-10
      },
      {
        "coord": [
          3,
          16,
          214
        ],
        "element_error": 7.963180541992188e-05,
        "x_original": 0.0004881850618403405,
        "y_ref": 0.15177583694458008,
        "y_mixed": 0.15185546875,
        "norm_behavior": "normal",
        "storage_error": 9.618815965950489e-08,
        "weight_error": 0.0,
        "bias_error": 0.0,
        "demote_error": 4.9114227294921875e-05,
        "local_mean_error": 3.446984919719398e-10,
        "local_std_error": 0.0
      },
      {
        "coord": [
          5,
          267,
          727
        ],
        "element_error": 7.714331150054932e-05,
        "x_original": 0.0004119289224036038,
        "y_ref": 0.12943945825099945,
        "y_mixed": 0.1295166015625,
        "norm_behavior": "normal",
        "storage_error": 5.838228389620781e-08,
        "weight_error": 0.0,
        "bias_error": 0.0,
        "demote_error": 5.8144330978393555e-05,
        "local_mean_error": 1.6896137822186574e-09,
        "local_std_error": 0.0
      },
      {
        "coord": [
          0,
          146,
          622
        ],
        "element_error": 7.671117782592773e-05,
        "x_original": -0.00040157430339604616,
        "y_ref": -0.12666362524032593,
        "y_mixed": -0.1265869140625,
        "norm_behavior": "normal",
        "storage_error": 7.741618901491165e-08,
        "weight_error": 0.0,
        "bias_error": 0.0,
        "demote_error": 5.2347779273986816e-05,
        "local_mean_error": 3.271338755439501e-10,
        "local_std_error": 2.3283064365386963e-10
      },
      {
        "coord": [
          6,
          0,
          187
        ],
        "element_error": 7.647275924682617e-05,
        "x_original": -0.00043521373299881816,
        "y_ref": -0.13826006650924683,
        "y_mixed": -0.13818359375,
        "norm_behavior": "normal",
        "storage_error": 9.98261384665966e-08,
        "weight_error": 0.0,
        "bias_error": 0.0,
        "demote_error": 4.482269287109375e-05,
        "local_mean_error": 3.4515323932282627e-10,
        "local_std_error": 0.0
      }
    ]
  }
}