{
  "detector": {
    "detected_exceeded": false,
    "actual_err": 6.619095802307129e-05,
    "predicted_bound": 0.00014177617704262959,
    "elapsed_sec": 3.934197425842285
  },
  "meta": {
    "distribution": "adversarial_sum",
    "bias": true,
    "batch_size": 32,
    "in_features": 1024,
    "out_features": 4096
  },
  "analyzer_report": {
    "component_estimates": {
      "input_storage_error": 6.619095802307129e-05,
      "weight_storage_error": 6.619095802307129e-05,
      "accumulation_error": 6.619095802307129e-05,
      "output_storage_error": 0.00011104345321655273,
      "bias_storage_error": 6.619095802307129e-05
    },
    "component_ratios": {
      "input_storage_error": 0.17613005551149882,
      "weight_storage_error": 0.17613005551149882,
      "accumulation_error": 0.17613005551149882,
      "output_storage_error": 0.29547977795400476,
      "bias_storage_error": 0.17613005551149882
    },
    "primary_source": "input_storage",
    "suggestion": "\u4e3b\u8981\u8bef\u5dee\u6765\u6e90\u4e3a\u8f93\u5165\u5b58\u50a8\u7cbe\u5ea6\u3002\u5efa\u8bae\uff1a\u63d0\u5347\u8f93\u5165\u5b58\u50a8\u7cbe\u5ea6\u6216\u8fdb\u884c\u8f93\u5165\u5f52\u4e00\u5316/\u6807\u51c6\u5316\u4ee5\u964d\u4f4e\u6570\u503c\u8303\u56f4\u3002",
    "aggregated_ratios": {
      "input_storage": 0.9703299821540097,
      "weight_storage": 0.0,
      "bias_storage": 0.0,
      "accumulation": 0.0001261840809478273,
      "demote": 0.02954383376504247
    },
    "top_neurons_summary": [
      {
        "coord": [
          19,
          3812
        ],
        "neuron_error": 6.619095802307129e-05,
        "y_ref": 0.12909451127052307,
        "y_mixed": 0.1290283203125,
        "input_storage_error": 0.001433948171325028,
        "weight_storage_error": 0.0,
        "bias_storage_error": 0.0,
        "accumulation_estimate": 2.384185791015625e-07,
        "demote_error": 5.7831406593322754e-05,
        "in_features": 1024,
        "neuron_idx": 3812,
        "batch_idx": 19
      },
      {
        "coord": [
          3,
          1514
        ],
        "neuron_error": 6.38812780380249e-05,
        "y_ref": -0.13006876409053802,
        "y_mixed": -0.1300048828125,
        "input_storage_error": 0.001416066661477089,
        "weight_storage_error": 0.0,
        "bias_storage_error": 0.0,
        "accumulation_estimate": 2.384185791015625e-07,
        "demote_error": 5.804002285003662e-05,
        "in_features": 1024,
        "neuron_idx": 1514,
        "batch_idx": 3
      },
      {
        "coord": [
          12,
          497
        ],
        "neuron_error": 6.0170888900756836e-05,
        "y_ref": -0.12994471192359924,
        "y_mixed": -0.1300048828125,
        "input_storage_error": 0.0014652919489890337,
        "weight_storage_error": 0.0,
        "bias_storage_error": 0.0,
        "accumulation_estimate": 2.384185791015625e-07,
        "demote_error": 5.233287811279297e-05,
        "in_features": 1024,
        "neuron_idx": 497,
        "batch_idx": 12
      },
      {
        "coord": [
          27,
          3273
        ],
        "neuron_error": 5.6862831115722656e-05,
        "y_ref": -0.14129221439361572,
        "y_mixed": -0.1412353515625,
        "input_storage_error": 0.0015551605029031634,
        "weight_storage_error": 0.0,
        "bias_storage_error": 0.0,
        "accumulation_estimate": 2.384185791015625e-07,
        "demote_error": 6.082653999328613e-05,
        "in_features": 1024,
        "neuron_idx": 3273,
        "batch_idx": 27
      },
      {
        "coord": [
          28,
          1625
        ],
        "neuron_error": 5.353987216949463e-05,
        "y_ref": 0.1272657960653305,
        "y_mixed": 0.1273193359375,
        "input_storage_error": 0.001411317614838481,
        "weight_storage_error": 0.0,
        "bias_storage_error": 0.0,
        "accumulation_estimate": 2.384185791015625e-07,
        "demote_error": 5.21540641784668e-05,
        "in_features": 1024,
        "neuron_idx": 1625,
        "batch_idx": 28
      },
      {
        "coord": [
          31,
          3137
        ],
        "neuron_error": 5.002319812774658e-05,
        "y_ref": -0.06440310180187225,
        "y_mixed": -0.064453125,
        "input_storage_error": 0.001513441908173263,
        "weight_storage_error": 0.0,
        "bias_storage_error": 0.0,
        "accumulation_estimate": 1.1920928955078125e-07,
        "demote_error": 2.915412187576294e-05,
        "in_features": 1024,
        "neuron_idx": 3137,
        "batch_idx": 31
      },
      {
        "coord": [
          6,
          1287
        ],
        "neuron_error": 4.947185516357422e-05,
        "y_ref": -0.06633365154266357,
        "y_mixed": -0.0662841796875,
        "input_storage_error": 0.0014798392076045275,
        "weight_storage_error": 0.0,
        "bias_storage_error": 0.0,
        "accumulation_estimate": 1.1920928955078125e-07,
        "demote_error": 2.8602778911590576e-05,
        "in_features": 1024,
        "neuron_idx": 1287,
        "batch_idx": 6
      },
      {
        "coord": [
          19,
          1946
        ],
        "neuron_error": 4.8041343688964844e-05,
        "y_ref": -0.14213788509368896,
        "y_mixed": -0.14208984375,
        "input_storage_error": 0.001433948171325028,
        "weight_storage_error": 0.0,
        "bias_storage_error": 0.0,
        "accumulation_estimate": 2.384185791015625e-07,
        "demote_error": 4.954636096954346e-05,
        "in_features": 1024,
        "neuron_idx": 1946,
        "batch_idx": 19
      },
      {
        "coord": [
          7,
          217
        ],
        "neuron_error": 4.773586988449097e-05,
        "y_ref": 0.06306261569261551,
        "y_mixed": 0.0631103515625,
        "input_storage_error": 0.0014541964046657085,
        "weight_storage_error": 0.0,
        "bias_storage_error": 0.0,
        "accumulation_estimate": 1.1920928955078125e-07,
        "demote_error": 2.946704626083374e-05,
        "in_features": 1024,
        "neuron_idx": 217,
        "batch_idx": 7
      },
      {
        "coord": [
          16,
          3836
        ],
        "neuron_error": 4.704296588897705e-05,
        "y_ref": 0.06663639843463898,
        "y_mixed": 0.06658935546875,
        "input_storage_error": 0.0015039134304970503,
        "weight_storage_error": 0.0,
        "bias_storage_error": 0.0,
        "accumulation_estimate": 1.1920928955078125e-07,
        "demote_error": 2.8617680072784424e-05,
        "in_features": 1024,
        "neuron_idx": 3836,
        "batch_idx": 16
      }
    ]
  }
}