{
  "detector": {
    "detected_exceeded": false,
    "actual_err": 7.179379463195801e-05,
    "predicted_bound": 0.00015552125551039354,
    "elapsed_sec": 3.96516752243042
  },
  "meta": {
    "distribution": "adversarial_sum",
    "bias": true,
    "batch_size": 32,
    "in_features": 1024,
    "out_features": 4096
  },
  "analyzer_report": {
    "component_estimates": {
      "input_storage_error": 7.179379463195801e-05,
      "weight_storage_error": 7.179379463195801e-05,
      "accumulation_error": 7.179379463195801e-05,
      "output_storage_error": 0.00011283159255981445,
      "bias_storage_error": 7.179379463195801e-05
    },
    "component_ratios": {
      "input_storage_error": 0.17948144836835048,
      "weight_storage_error": 0.17948144836835048,
      "accumulation_error": 0.17948144836835048,
      "output_storage_error": 0.28207420652659815,
      "bias_storage_error": 0.17948144836835048
    },
    "primary_source": "input_storage",
    "suggestion": "\u4e3b\u8981\u8bef\u5dee\u6765\u6e90\u4e3a\u8f93\u5165\u5b58\u50a8\u7cbe\u5ea6\u3002\u5efa\u8bae\uff1a\u63d0\u5347\u8f93\u5165\u5b58\u50a8\u7cbe\u5ea6\u6216\u8fdb\u884c\u8f93\u5165\u5f52\u4e00\u5316/\u6807\u51c6\u5316\u4ee5\u964d\u4f4e\u6570\u503c\u8303\u56f4\u3002",
    "aggregated_ratios": {
      "input_storage": 0.965979486362018,
      "weight_storage": 0.0,
      "bias_storage": 0.0,
      "accumulation": 0.00014805291168773182,
      "demote": 0.0338724607262942
    },
    "top_neurons_summary": [
      {
        "coord": [
          30,
          3070
        ],
        "neuron_error": 7.179379463195801e-05,
        "y_ref": 0.14348289370536804,
        "y_mixed": 0.1435546875,
        "input_storage_error": 0.0015383618883788586,
        "weight_storage_error": 0.0,
        "bias_storage_error": 0.0,
        "accumulation_estimate": 2.384185791015625e-07,
        "demote_error": 5.698204040527344e-05,
        "in_features": 1024,
        "neuron_idx": 3070,
        "batch_idx": 30
      },
      {
        "coord": [
          6,
          2076
        ],
        "neuron_error": 6.811320781707764e-05,
        "y_ref": -0.12567846477031708,
        "y_mixed": -0.1256103515625,
        "input_storage_error": 0.0015144494827836752,
        "weight_storage_error": 0.0,
        "bias_storage_error": 0.0,
        "accumulation_estimate": 2.384185791015625e-07,
        "demote_error": 5.462765693664551e-05,
        "in_features": 1024,
        "neuron_idx": 2076,
        "batch_idx": 6
      },
      {
        "coord": [
          29,
          2817
        ],
        "neuron_error": 6.179511547088623e-05,
        "y_ref": -0.1321403533220291,
        "y_mixed": -0.1322021484375,
        "input_storage_error": 0.0014106826856732368,
        "weight_storage_error": 0.0,
        "bias_storage_error": 0.0,
        "accumulation_estimate": 2.384185791015625e-07,
        "demote_error": 5.8785080909729004e-05,
        "in_features": 1024,
        "neuron_idx": 2817,
        "batch_idx": 29
      },
      {
        "coord": [
          15,
          3831
        ],
        "neuron_error": 5.586445331573486e-05,
        "y_ref": 0.13409940898418427,
        "y_mixed": 0.1341552734375,
        "input_storage_error": 0.0015273801982402802,
        "weight_storage_error": 0.0,
        "bias_storage_error": 0.0,
        "accumulation_estimate": 2.384185791015625e-07,
        "demote_error": 5.717575550079346e-05,
        "in_features": 1024,
        "neuron_idx": 3831,
        "batch_idx": 15
      },
      {
        "coord": [
          12,
          544
        ],
        "neuron_error": 5.4463744163513184e-05,
        "y_ref": 0.1317683309316635,
        "y_mixed": 0.1317138671875,
        "input_storage_error": 0.0014962938148528337,
        "weight_storage_error": 0.0,
        "bias_storage_error": 0.0,
        "accumulation_estimate": 2.384185791015625e-07,
        "demote_error": 5.5536627769470215e-05,
        "in_features": 1024,
        "neuron_idx": 544,
        "batch_idx": 12
      },
      {
        "coord": [
          21,
          204
        ],
        "neuron_error": 5.3122639656066895e-05,
        "y_ref": -0.13140077888965607,
        "y_mixed": -0.13134765625,
        "input_storage_error": 0.001420963671989739,
        "weight_storage_error": 0.0,
        "bias_storage_error": 0.0,
        "accumulation_estimate": 2.384185791015625e-07,
        "demote_error": 5.942583084106445e-05,
        "in_features": 1024,
        "neuron_idx": 204,
        "batch_idx": 21
      },
      {
        "coord": [
          16,
          2529
        ],
        "neuron_error": 5.2675604820251465e-05,
        "y_ref": 0.12616802752017975,
        "y_mixed": 0.126220703125,
        "input_storage_error": 0.0014227826613932848,
        "weight_storage_error": 0.0,
        "bias_storage_error": 0.0,
        "accumulation_estimate": 2.384185791015625e-07,
        "demote_error": 5.505979061126709e-05,
        "in_features": 1024,
        "neuron_idx": 2529,
        "batch_idx": 16
      },
      {
        "coord": [
          20,
          2758
        ],
        "neuron_error": 5.196034908294678e-05,
        "y_ref": 0.12761543691158295,
        "y_mixed": 0.1275634765625,
        "input_storage_error": 0.0014642286114394665,
        "weight_storage_error": 0.0,
        "bias_storage_error": 0.0,
        "accumulation_estimate": 2.384185791015625e-07,
        "demote_error": 4.340708255767822e-05,
        "in_features": 1024,
        "neuron_idx": 2758,
        "batch_idx": 20
      },
      {
        "coord": [
          23,
          3367
        ],
        "neuron_error": 5.1721930503845215e-05,
        "y_ref": 0.12775589525699615,
        "y_mixed": 0.1278076171875,
        "input_storage_error": 0.0015299285296350718,
        "weight_storage_error": 0.0,
        "bias_storage_error": 0.0,
        "accumulation_estimate": 2.384185791015625e-07,
        "demote_error": 5.206465721130371e-05,
        "in_features": 1024,
        "neuron_idx": 3367,
        "batch_idx": 23
      },
      {
        "coord": [
          11,
          1736
        ],
        "neuron_error": 5.1081180572509766e-05,
        "y_ref": 0.08210223913192749,
        "y_mixed": 0.0821533203125,
        "input_storage_error": 0.0014528940664604306,
        "weight_storage_error": 0.0,
        "bias_storage_error": 0.0,
        "accumulation_estimate": 1.1920928955078125e-07,
        "demote_error": 2.5130808353424072e-05,
        "in_features": 1024,
        "neuron_idx": 1736,
        "batch_idx": 11
      }
    ]
  }
}