{
  "detector": {
    "detected_exceeded": false,
    "actual_err": 9.256601333618164e-05,
    "predicted_bound": 0.0001830319335567765,
    "elapsed_sec": 3.6159658432006836
  },
  "analyzer_report": {
    "component_estimates": {
      "input_storage_error": 9.256601333618164e-05,
      "statistics_computation_error": 9.256601333618164e-05,
      "output_storage_error": 0.00014556944370269775,
      "weight_storage_error": 9.256601333618164e-05,
      "bias_storage_error": 9.256601333618164e-05
    },
    "component_ratios": {
      "input_storage_error": 0.17944940347228241,
      "statistics_computation_error": 0.17944940347228241,
      "output_storage_error": 0.2822023861108704,
      "weight_storage_error": 0.17944940347228241,
      "bias_storage_error": 0.17944940347228241
    },
    "primary_source": "demote",
    "suggestion": "\u4e3b\u8981\u8bef\u5dee\u6765\u6e90\u4e3a\u8f93\u51fa\u964d\u7cbe\u5ea6\u3002\u5efa\u8bae\uff1a\u5ef6\u8fdf\u964d\u7cbe\u5ea6\u6216\u63d0\u9ad8\u8f93\u51fa\u7cbe\u5ea6\uff1b\u68c0\u67e5LayerNorm\u8f93\u51fa\u7684\u6570\u503c\u8303\u56f4\u3002",
    "statistics_errors": {
      "mean_error": 3.0065621103858575e-09,
      "var_error": 9.130474154517287e-13,
      "std_error": 2.3283064365386963e-10
    },
    "norm_behavior_stats": {
      "normal": 10
    },
    "top_elements_summary": [
      {
        "coord": [
          1,
          330,
          93
        ],
        "element_error": 9.256601333618164e-05,
        "x_original": 0.0003928036894649267,
        "y_ref": 0.12527364492416382,
        "y_mixed": 0.1253662109375,
        "norm_behavior": "normal",
        "storage_error": 1.1012889444828033e-07,
        "weight_error": 0.0,
        "bias_error": 0.0,
        "demote_error": 5.7563185691833496e-05,
        "local_mean_error": 6.302798283286393e-10,
        "local_std_error": 0.0
      },
      {
        "coord": [
          0,
          386,
          389
        ],
        "element_error": 9.159743785858154e-05,
        "x_original": 0.00044213951332494617,
        "y_ref": 0.13912968337535858,
        "y_mixed": 0.1390380859375,
        "norm_behavior": "normal",
        "storage_error": 1.1146767064929008e-07,
        "weight_error": 0.0,
        "bias_error": 0.0,
        "demote_error": 5.622208118438721e-05,
        "local_mean_error": 4.545199772110209e-10,
        "local_std_error": 0.0
      },
      {
        "coord": [
          3,
          373,
          169
        ],
        "element_error": 8.897483348846436e-05,
        "x_original": -0.0004011264245491475,
        "y_ref": -0.12801866233348846,
        "y_mixed": -0.1279296875,
        "norm_behavior": "normal",
        "storage_error": 1.0637450031936169e-07,
        "weight_error": 0.0,
        "bias_error": 0.0,
        "demote_error": 5.59389591217041e-05,
        "local_mean_error": 1.830358087318018e-09,
        "local_std_error": 0.0
      },
      {
        "coord": [
          5,
          152,
          270
        ],
        "element_error": 8.890032768249512e-05,
        "x_original": 0.0005038857343606651,
        "y_ref": 0.1595790684223175,
        "y_mixed": 0.15966796875,
        "norm_behavior": "normal",
        "storage_error": 1.3114186003804207e-07,
        "weight_error": 0.0,
        "bias_error": 0.0,
        "demote_error": 4.719197750091553e-05,
        "local_mean_error": 8.09791345091071e-10,
        "local_std_error": 0.0
      },
      {
        "coord": [
          0,
          502,
          133
        ],
        "element_error": 8.881092071533203e-05,
        "x_original": -0.00042877235682681203,
        "y_ref": -0.13644134998321533,
        "y_mixed": -0.1363525390625,
        "norm_behavior": "normal",
        "storage_error": 9.575160220265388e-08,
        "weight_error": 0.0,
        "bias_error": 0.0,
        "demote_error": 5.885958671569824e-05,
        "local_mean_error": 9.677023626863956e-10,
        "local_std_error": 0.0
      },
      {
        "coord": [
          6,
          18,
          567
        ],
        "element_error": 8.83936882019043e-05,
        "x_original": 0.00041021674405783415,
        "y_ref": 0.1294282078742981,
        "y_mixed": 0.1295166015625,
        "norm_behavior": "normal",
        "storage_error": 1.0163057595491409e-07,
        "weight_error": 0.0,
        "bias_error": 0.0,
        "demote_error": 5.6609511375427246e-05,
        "local_mean_error": 1.083662937162444e-09,
        "local_std_error": 0.0
      },
      {
        "coord": [
          7,
          393,
          273
        ],
        "element_error": 8.77082347869873e-05,
        "x_original": 0.0003980330948252231,
        "y_ref": 0.125942200422287,
        "y_mixed": 0.1258544921875,
        "norm_behavior": "normal",
        "storage_error": 1.1248630471527576e-07,
        "weight_error": 0.0,
        "bias_error": 0.0,
        "demote_error": 5.219876766204834e-05,
        "local_mean_error": 1.1863221516250633e-10,
        "local_std_error": 0.0
      },
      {
        "coord": [
          7,
          272,
          109
        ],
        "element_error": 8.608400821685791e-05,
        "x_original": -0.00040232541505247355,
        "y_ref": -0.12728334963321686,
        "y_mixed": -0.127197265625,
        "norm_behavior": "normal",
        "storage_error": 1.1327210813760757e-07,
        "weight_error": 0.0,
        "bias_error": 0.0,
        "demote_error": 5.061924457550049e-05,
        "local_mean_error": 1.0546443718340015e-09,
        "local_std_error": 0.0
      },
      {
        "coord": [
          0,
          413,
          745
        ],
        "element_error": 8.527934551239014e-05,
        "x_original": 0.0003954122948925942,
        "y_ref": 0.1254514902830124,
        "y_mixed": 0.1253662109375,
        "norm_behavior": "normal",
        "storage_error": 1.1429074220359325e-07,
        "weight_error": 0.0,
        "bias_error": 0.0,
        "demote_error": 4.9367547035217285e-05,
        "local_mean_error": 6.258460416574962e-10,
        "local_std_error": 2.3283064365386963e-10
      },
      {
        "coord": [
          6,
          243,
          247
        ],
        "element_error": 8.353590965270996e-05,
        "x_original": -0.00045502567081712186,
        "y_ref": -0.1445697844028473,
        "y_mixed": -0.1446533203125,
        "norm_behavior": "normal",
        "storage_error": 1.1539668776094913e-07,
        "weight_error": 0.0,
        "bias_error": 0.0,
        "demote_error": 4.6119093894958496e-05,
        "local_mean_error": 3.0065621103858575e-09,
        "local_std_error": 0.0
      }
    ]
  }
}