{
  "detector": {
    "detected_exceeded": false,
    "actual_err": 5.529262125492096e-06,
    "predicted_bound": 3.955896318075247e-05,
    "elapsed_sec": 2.705203056335449
  },
  "matrix_info": {
    "input_shape": [
      256,
      1024
    ],
    "weight_shape": [
      1024,
      512
    ],
    "output_shape": [
      256,
      512
    ],
    "accumulation_dim": 1024
  },
  "analyzer_report": {
    "component_estimates": {
      "input_storage_error": 5.529262125492096e-06,
      "weight_storage_error": 5.529262125492096e-06,
      "accumulation_error": 5.529262125492096e-06,
      "demote_error": 3.443751484155655e-05
    },
    "component_ratios": {
      "input_storage_error": 0.1083631452142805,
      "weight_storage_error": 0.1083631452142805,
      "accumulation_error": 0.1083631452142805,
      "demote_error": 0.6749105643571585
    },
    "primary_source": "x_storage",
    "suggestion": "\u4e3b\u8981\u8bef\u5dee\u6765\u6e90\u4e3a\u8f93\u5165\u5b58\u50a8\u7cbe\u5ea6\u3002\u5efa\u8bae\uff1a\u63d0\u5347\u8f93\u5165\u5b58\u50a8\u7cbe\u5ea6\uff1b\u8fdb\u884c\u8f93\u5165\u5f52\u4e00\u5316\u6216\u6743\u91cd\u7f29\u653e\u4ee5\u6539\u5584\u6570\u503c\u8303\u56f4\u3002",
    "numerical_stability": {
      "average_condition_indicator": 3.8197057868889908,
      "accumulation_dimension": 1024,
      "stability_assessment": "good"
    },
    "top_elements_summary": [
      {
        "coord": [
          237,
          395
        ],
        "element_error": 5.529262125492096e-06,
        "y_ref": -0.008371545933187008,
        "y_mixed": -0.0083770751953125,
        "x_storage_error": 0.00013758480781689286,
        "w_storage_error": 0.0,
        "accumulation_error_estimate": 1.4901161193847656e-08,
        "demote_error": 3.6461278796195984e-06,
        "condition_indicator": 3.599858769767276,
        "product_stats": {
          "min": -0.0007231779745779932,
          "max": 0.0005053168279118836,
          "mean": -8.177179552149028e-06,
          "std": 0.00010532519809203222
        }
      },
      {
        "coord": [
          246,
          399
        ],
        "element_error": 5.434267222881317e-06,
        "y_ref": 0.007829953916370869,
        "y_mixed": 0.00783538818359375,
        "x_storage_error": 0.00014618411660194397,
        "w_storage_error": 0.0,
        "accumulation_error_estimate": 1.4901161193847656e-08,
        "demote_error": 3.7904828786849976e-06,
        "condition_indicator": 3.624698391306238,
        "product_stats": {
          "min": -0.0004321294545661658,
          "max": 0.0005014608614146709,
          "mean": 7.648044629604556e-06,
          "std": 9.855622192844748e-05
        }
      },
      {
        "coord": [
          138,
          494
        ],
        "element_error": 5.3299590945243835e-06,
        "y_ref": -0.008287821896374226,
        "y_mixed": -0.00829315185546875,
        "x_storage_error": 0.00015271200390998274,
        "w_storage_error": 0.0,
        "accumulation_error_estimate": 1.4901161193847656e-08,
        "demote_error": 3.641471266746521e-06,
        "condition_indicator": 4.344282600208786,
        "product_stats": {
          "min": -0.0006327477749437094,
          "max": 0.0007471040589734912,
          "mean": -8.095224984572269e-06,
          "std": 0.0001049103302648291
        }
      },
      {
        "coord": [
          30,
          72
        ],
        "element_error": 5.134381353855133e-06,
        "y_ref": 0.008168586529791355,
        "y_mixed": 0.0081634521484375,
        "x_storage_error": 0.00014157585974317044,
        "w_storage_error": 0.0,
        "accumulation_error_estimate": 1.4901161193847656e-08,
        "demote_error": 2.853572368621826e-06,
        "condition_indicator": 3.5920565636235597,
        "product_stats": {
          "min": -0.0006324314745143056,
          "max": 0.0005777223268523812,
          "mean": 7.974907930474728e-06,
          "std": 0.00010285413736710325
        }
      },
      {
        "coord": [
          119,
          357
        ],
        "element_error": 5.00120222568512e-06,
        "y_ref": 0.009836917743086815,
        "y_mixed": 0.0098419189453125,
        "x_storage_error": 0.0001459341583540663,
        "w_storage_error": 0.0,
        "accumulation_error_estimate": 1.4901161193847656e-08,
        "demote_error": 3.7923455238342285e-06,
        "condition_indicator": 4.40559991672671,
        "product_stats": {
          "min": -0.0006796846864745021,
          "max": 0.0005590124637819827,
          "mean": 9.607543688616715e-06,
          "std": 0.00010708737681852654
        }
      },
      {
        "coord": [
          209,
          491
        ],
        "element_error": 4.957430064678192e-06,
        "y_ref": 0.008082200773060322,
        "y_mixed": 0.008087158203125,
        "x_storage_error": 0.0001480819919379428,
        "w_storage_error": 0.0,
        "accumulation_error_estimate": 1.4901161193847656e-08,
        "demote_error": 3.713183104991913e-06,
        "condition_indicator": 3.1483807801837584,
        "product_stats": {
          "min": -0.0006590953562408686,
          "max": 0.0005351932486519217,
          "mean": 7.893991096352693e-06,
          "std": 0.00010369037045165896
        }
      },
      {
        "coord": [
          169,
          428
        ],
        "element_error": 4.9173831939697266e-06,
        "y_ref": -0.00868496298789978,
        "y_mixed": -0.00868988037109375,
        "x_storage_error": 0.00014107872266322374,
        "w_storage_error": 0.0,
        "accumulation_error_estimate": 1.4901161193847656e-08,
        "demote_error": 3.6563724279403687e-06,
        "condition_indicator": 4.074057008755326,
        "product_stats": {
          "min": -0.0005623177858069539,
          "max": 0.0005290174158290029,
          "mean": -8.48264062369708e-06,
          "std": 9.761712135514244e-05
        }
      },
      {
        "coord": [
          193,
          115
        ],
        "element_error": 4.906207323074341e-06,
        "y_ref": -0.008298058062791824,
        "y_mixed": -0.00829315185546875,
        "x_storage_error": 0.00014221803576219827,
        "w_storage_error": 0.0,
        "accumulation_error_estimate": 1.4901161193847656e-08,
        "demote_error": 3.7029385566711426e-06,
        "condition_indicator": 3.3786735120007685,
        "product_stats": {
          "min": -0.0005230968818068504,
          "max": 0.0008473341586068273,
          "mean": -8.102399078779854e-06,
          "std": 0.0001028484184644185
        }
      },
      {
        "coord": [
          249,
          201
        ],
        "element_error": 4.8996880650520325e-06,
        "y_ref": -0.010319841094315052,
        "y_mixed": -0.01031494140625,
        "x_storage_error": 0.0001467456459067762,
        "w_storage_error": 0.0,
        "accumulation_error_estimate": 1.4901161193847656e-08,
        "demote_error": 3.6479905247688293e-06,
        "condition_indicator": 4.028757224824816,
        "product_stats": {
          "min": -0.0006237101042643189,
          "max": 0.0005698341992683709,
          "mean": -1.0076746548293158e-05,
          "std": 0.00010432555427541956
        }
      },
      {
        "coord": [
          27,
          375
        ],
        "element_error": 4.868023097515106e-06,
        "y_ref": 0.008824448101222515,
        "y_mixed": 0.008819580078125,
        "x_storage_error": 0.00014626557822339237,
        "w_storage_error": 0.0,
        "accumulation_error_estimate": 1.4901161193847656e-08,
        "demote_error": 3.7066638469696045e-06,
        "condition_indicator": 4.000693101492664,
        "product_stats": {
          "min": -0.00039305476821027696,
          "max": 0.0008462328696623445,
          "mean": 8.6164900494623e-06,
          "std": 0.00010724157618824393
        }
      }
    ]
  }
}