{
  "detector": {
    "detected_exceeded": false,
    "actual_err": 9.462237358093262e-05,
    "predicted_bound": 0.0001746950802044012,
    "elapsed_sec": 3.9572250843048096
  },
  "analyzer_report": {
    "component_estimates": {
      "input_storage_error": 9.462237358093262e-05,
      "statistics_computation_error": 9.462237358093262e-05,
      "output_storage_error": 0.00014500319957733154,
      "weight_storage_error": 9.462237358093262e-05,
      "bias_storage_error": 9.462237358093262e-05
    },
    "component_ratios": {
      "input_storage_error": 0.18075204235575418,
      "statistics_computation_error": 0.18075204235575418,
      "output_storage_error": 0.2769918305769833,
      "weight_storage_error": 0.18075204235575418,
      "bias_storage_error": 0.18075204235575418
    },
    "primary_source": "demote",
    "suggestion": "\u4e3b\u8981\u8bef\u5dee\u6765\u6e90\u4e3a\u8f93\u51fa\u964d\u7cbe\u5ea6\u3002\u5efa\u8bae\uff1a\u5ef6\u8fdf\u964d\u7cbe\u5ea6\u6216\u63d0\u9ad8\u8f93\u51fa\u7cbe\u5ea6\uff1b\u68c0\u67e5LayerNorm\u8f93\u51fa\u7684\u6570\u503c\u8303\u56f4\u3002",
    "statistics_errors": {
      "mean_error": 3.229615685995668e-09,
      "var_error": 1.1812772982011666e-12,
      "std_error": 2.3283064365386963e-10
    },
    "norm_behavior_stats": {
      "normal": 10
    },
    "top_elements_summary": [
      {
        "coord": [
          2,
          245,
          378
        ],
        "element_error": 9.462237358093262e-05,
        "x_original": -0.00040304139838553965,
        "y_ref": -0.12765809893608093,
        "y_mixed": -0.1275634765625,
        "norm_behavior": "normal",
        "storage_error": 1.1399970389902592e-07,
        "weight_error": 0.0,
        "bias_error": 0.0,
        "demote_error": 5.8904290199279785e-05,
        "local_mean_error": 9.952145774150267e-10,
        "local_std_error": 0.0
      },
      {
        "coord": [
          0,
          364,
          549
        ],
        "element_error": 9.180605411529541e-05,
        "x_original": -0.00044738411088474095,
        "y_ref": -0.1383974701166153,
        "y_mixed": -0.1383056640625,
        "norm_behavior": "normal",
        "storage_error": 1.1085649020969868e-07,
        "weight_error": 0.0,
        "bias_error": 0.0,
        "demote_error": 5.695223808288574e-05,
        "local_mean_error": 5.356923793442547e-10,
        "local_std_error": 0.0
      },
      {
        "coord": [
          5,
          201,
          477
        ],
        "element_error": 9.138882160186768e-05,
        "x_original": -0.0004128248547203839,
        "y_ref": -0.13089005649089813,
        "y_mixed": -0.1309814453125,
        "norm_behavior": "normal",
        "storage_error": 1.1612428352236748e-07,
        "weight_error": 0.0,
        "bias_error": 0.0,
        "demote_error": 5.43445348739624e-05,
        "local_mean_error": 1.0950316209346056e-09,
        "local_std_error": 0.0
      },
      {
        "coord": [
          7,
          311,
          299
        ],
        "element_error": 9.055435657501221e-05,
        "x_original": 0.0004492829320952296,
        "y_ref": 0.139372780919075,
        "y_mixed": 0.1392822265625,
        "norm_behavior": "normal",
        "storage_error": 1.023290678858757e-07,
        "weight_error": 0.0,
        "bias_error": 0.0,
        "demote_error": 5.793571472167969e-05,
        "local_mean_error": 8.431015885435045e-10,
        "local_std_error": 0.0
      },
      {
        "coord": [
          0,
          301,
          651
        ],
        "element_error": 8.830428123474121e-05,
        "x_original": 0.0003987433447036892,
        "y_ref": 0.12533244490623474,
        "y_mixed": 0.125244140625,
        "norm_behavior": "normal",
        "storage_error": 1.0748044587671757e-07,
        "weight_error": 0.0,
        "bias_error": 0.0,
        "demote_error": 5.397200584411621e-05,
        "local_mean_error": 1.1359588825143874e-09,
        "local_std_error": 0.0
      },
      {
        "coord": [
          6,
          96,
          316
        ],
        "element_error": 8.647143840789795e-05,
        "x_original": -0.0004087685374543071,
        "y_ref": -0.1281382292509079,
        "y_mixed": -0.1280517578125,
        "norm_behavior": "normal",
        "storage_error": 1.1909287422895432e-07,
        "weight_error": 0.0,
        "bias_error": 0.0,
        "demote_error": 4.8801302909851074e-05,
        "local_mean_error": 7.639755494892597e-11,
        "local_std_error": 0.0
      },
      {
        "coord": [
          0,
          279,
          507
        ],
        "element_error": 8.578598499298096e-05,
        "x_original": -0.0004400117904879153,
        "y_ref": -0.14005093276500702,
        "y_mixed": -0.14013671875,
        "norm_behavior": "normal",
        "storage_error": 1.0890653356909752e-07,
        "weight_error": 0.0,
        "bias_error": 0.0,
        "demote_error": 5.143880844116211e-05,
        "local_mean_error": 2.362412487855181e-10,
        "local_std_error": 0.0
      },
      {
        "coord": [
          2,
          7,
          522
        ],
        "element_error": 8.498132228851318e-05,
        "x_original": 0.00041899466305039823,
        "y_ref": 0.1311884969472885,
        "y_mixed": 0.131103515625,
        "norm_behavior": "normal",
        "storage_error": 9.321956895291805e-08,
        "weight_error": 0.0,
        "bias_error": 0.0,
        "demote_error": 5.537271499633789e-05,
        "local_mean_error": 4.6293280320242047e-10,
        "local_std_error": 0.0
      },
      {
        "coord": [
          1,
          391,
          726
        ],
        "element_error": 8.413195610046387e-05,
        "x_original": -0.0004104647960048169,
        "y_ref": -0.13028696179389954,
        "y_mixed": -0.13037109375,
        "norm_behavior": "normal",
        "storage_error": 9.199720807373524e-08,
        "weight_error": 0.0,
        "bias_error": 0.0,
        "demote_error": 5.5164098739624023e-05,
        "local_mean_error": 3.5015546018257737e-10,
        "local_std_error": 0.0
      },
      {
        "coord": [
          4,
          85,
          692
        ],
        "element_error": 8.38935375213623e-05,
        "x_original": -0.00040921824984252453,
        "y_ref": -0.12984463572502136,
        "y_mixed": -0.1297607421875,
        "norm_behavior": "normal",
        "storage_error": 9.19681042432785e-08,
        "weight_error": 0.0,
        "bias_error": 0.0,
        "demote_error": 5.4582953453063965e-05,
        "local_mean_error": 7.944436219986528e-10,
        "local_std_error": 0.0
      }
    ]
  }
}