{
  "detector": {
    "detected_exceeded": false,
    "actual_err": 6.110966205596924e-05,
    "predicted_bound": 0.00013611038157250734,
    "elapsed_sec": 3.904001235961914
  },
  "meta": {
    "distribution": "adversarial_sum",
    "bias": true,
    "batch_size": 32,
    "in_features": 1024,
    "out_features": 4096
  },
  "analyzer_report": {
    "component_estimates": {
      "input_storage_error": 6.110966205596924e-05,
      "weight_storage_error": 6.110966205596924e-05,
      "accumulation_error": 6.110966205596924e-05,
      "output_storage_error": 9.85562801361084e-05,
      "bias_storage_error": 6.110966205596924e-05
    },
    "component_ratios": {
      "input_storage_error": 0.1781649144148058,
      "weight_storage_error": 0.1781649144148058,
      "accumulation_error": 0.1781649144148058,
      "output_storage_error": 0.28734034234077677,
      "bias_storage_error": 0.1781649144148058
    },
    "primary_source": "input_storage",
    "suggestion": "\u4e3b\u8981\u8bef\u5dee\u6765\u6e90\u4e3a\u8f93\u5165\u5b58\u50a8\u7cbe\u5ea6\u3002\u5efa\u8bae\uff1a\u63d0\u5347\u8f93\u5165\u5b58\u50a8\u7cbe\u5ea6\u6216\u8fdb\u884c\u8f93\u5165\u5f52\u4e00\u5316/\u6807\u51c6\u5316\u4ee5\u964d\u4f4e\u6570\u503c\u8303\u56f4\u3002",
    "aggregated_ratios": {
      "input_storage": 0.9740471030829442,
      "weight_storage": 0.0,
      "bias_storage": 0.0,
      "accumulation": 0.0001158588379022361,
      "demote": 0.02583703807915357
    },
    "top_neurons_summary": [
      {
        "coord": [
          25,
          355
        ],
        "neuron_error": 6.110966205596924e-05,
        "y_ref": -0.12994377315044403,
        "y_mixed": -0.1300048828125,
        "input_storage_error": 0.0014220941811800003,
        "weight_storage_error": 0.0,
        "bias_storage_error": 0.0,
        "accumulation_estimate": 2.384185791015625e-07,
        "demote_error": 6.003677845001221e-05,
        "in_features": 1024,
        "neuron_idx": 355,
        "batch_idx": 25
      },
      {
        "coord": [
          15,
          2720
        ],
        "neuron_error": 5.4523348808288574e-05,
        "y_ref": 0.1327449530363083,
        "y_mixed": 0.1326904296875,
        "input_storage_error": 0.001420134212821722,
        "weight_storage_error": 0.0,
        "bias_storage_error": 0.0,
        "accumulation_estimate": 2.384185791015625e-07,
        "demote_error": 4.251301288604736e-05,
        "in_features": 1024,
        "neuron_idx": 2720,
        "batch_idx": 15
      },
      {
        "coord": [
          19,
          1042
        ],
        "neuron_error": 5.307793617248535e-05,
        "y_ref": -0.12555727362632751,
        "y_mixed": -0.1256103515625,
        "input_storage_error": 0.0013587588910013437,
        "weight_storage_error": 0.0,
        "bias_storage_error": 0.0,
        "accumulation_estimate": 2.384185791015625e-07,
        "demote_error": 5.027651786804199e-05,
        "in_features": 1024,
        "neuron_idx": 1042,
        "batch_idx": 19
      },
      {
        "coord": [
          12,
          2832
        ],
        "neuron_error": 5.266070365905762e-05,
        "y_ref": 0.10950544476509094,
        "y_mixed": 0.10955810546875,
        "input_storage_error": 0.001389011857099831,
        "weight_storage_error": 0.0,
        "bias_storage_error": 0.0,
        "accumulation_estimate": 1.1920928955078125e-07,
        "demote_error": 2.676248550415039e-05,
        "in_features": 1024,
        "neuron_idx": 2832,
        "batch_idx": 12
      },
      {
        "coord": [
          0,
          3336
        ],
        "neuron_error": 5.1155686378479004e-05,
        "y_ref": -0.06592784821987152,
        "y_mixed": -0.06597900390625,
        "input_storage_error": 0.0014223660109564662,
        "weight_storage_error": 0.0,
        "bias_storage_error": 0.0,
        "accumulation_estimate": 1.1920928955078125e-07,
        "demote_error": 2.863258123397827e-05,
        "in_features": 1024,
        "neuron_idx": 3336,
        "batch_idx": 0
      },
      {
        "coord": [
          19,
          2723
        ],
        "neuron_error": 4.8957765102386475e-05,
        "y_ref": -0.07158216089010239,
        "y_mixed": -0.071533203125,
        "input_storage_error": 0.0013587588910013437,
        "weight_storage_error": 0.0,
        "bias_storage_error": 0.0,
        "accumulation_estimate": 1.1920928955078125e-07,
        "demote_error": 2.9966235160827637e-05,
        "in_features": 1024,
        "neuron_idx": 2723,
        "batch_idx": 19
      },
      {
        "coord": [
          24,
          1190
        ],
        "neuron_error": 4.7832727432250977e-05,
        "y_ref": -0.06709083914756775,
        "y_mixed": -0.067138671875,
        "input_storage_error": 0.0014902182156220078,
        "weight_storage_error": 0.0,
        "bias_storage_error": 0.0,
        "accumulation_estimate": 1.1920928955078125e-07,
        "demote_error": 3.0510127544403076e-05,
        "in_features": 1024,
        "neuron_idx": 1190,
        "batch_idx": 24
      },
      {
        "coord": [
          26,
          2715
        ],
        "neuron_error": 4.763901233673096e-05,
        "y_ref": 0.13374142348766327,
        "y_mixed": 0.1337890625,
        "input_storage_error": 0.0014213583199307323,
        "weight_storage_error": 0.0,
        "bias_storage_error": 0.0,
        "accumulation_estimate": 2.384185791015625e-07,
        "demote_error": 4.380941390991211e-05,
        "in_features": 1024,
        "neuron_idx": 2715,
        "batch_idx": 26
      },
      {
        "coord": [
          10,
          2026
        ],
        "neuron_error": 4.5903027057647705e-05,
        "y_ref": 0.08418261259794235,
        "y_mixed": 0.084228515625,
        "input_storage_error": 0.001396105857565999,
        "weight_storage_error": 0.0,
        "bias_storage_error": 0.0,
        "accumulation_estimate": 1.1920928955078125e-07,
        "demote_error": 2.979487180709839e-05,
        "in_features": 1024,
        "neuron_idx": 2026,
        "batch_idx": 10
      },
      {
        "coord": [
          13,
          2980
        ],
        "neuron_error": 4.573911428451538e-05,
        "y_ref": -0.06486507505178452,
        "y_mixed": -0.0648193359375,
        "input_storage_error": 0.0013522033113986254,
        "weight_storage_error": 0.0,
        "bias_storage_error": 0.0,
        "accumulation_estimate": 1.1920928955078125e-07,
        "demote_error": 2.987682819366455e-05,
        "in_features": 1024,
        "neuron_idx": 2980,
        "batch_idx": 13
      }
    ]
  }
}