{
  "detector": {
    "detected_exceeded": false,
    "actual_err": 0.0020567774772644043,
    "predicted_bound": 0.0027163624763488774,
    "elapsed_sec": 2.505483388900757
  },
  "analyzer_report": {
    "component_estimates": {
      "input_storage_error": 0.0020567774772644043,
      "max_subtraction_error": 0.0020567774772644043,
      "exponential_error": 0.0020567774772644043,
      "sum_accumulation_error": 0.0020567774772644043,
      "output_storage_error": 0.0019811391830444336
    },
    "component_ratios": {
      "input_storage_error": 0.201481905340231,
      "max_subtraction_error": 0.201481905340231,
      "exponential_error": 0.201481905340231,
      "sum_accumulation_error": 0.201481905340231,
      "output_storage_error": 0.19407237863907606
    },
    "primary_source": "storage",
    "suggestion": "\u5206\u6790\u7ed3\u679c\u4e0d\u660e\u786e\uff1b\u8bf7\u68c0\u67e5\u8f93\u5165\u5206\u5e03\u6216\u589e\u52a0MC\u91c7\u6837\u3002 \u68c0\u6d4b\u5230\u6781\u5c0f\u7684exp\u503c\uff0c\u53ef\u80fd\u5bfc\u81f4\u4e0b\u6ea2\u548c\u7cbe\u5ea6\u635f\u5931\u3002 100.0%\u7684top\u8bef\u5dee\u6765\u81eamax logit\u4f4d\u7f6e\uff0c\u8fd9\u901a\u5e38\u5bf9softmax\u8f93\u51fa\u5f71\u54cd\u6700\u5927\u3002",
    "input_stats": {
      "min": -18.51029396057129,
      "max": 32.692752838134766,
      "mean": 0.9625601768493652,
      "std": 6.1154398918151855,
      "range": 51.20304870605469
    },
    "stability_stats": {
      "max_shifted_logit": 0.0,
      "min_shifted_logit": -51.20304870605469,
      "max_exp_val": 1.0,
      "min_exp_val": 5.791599040522828e-23,
      "exp_sum_max": 1.534326195716858,
      "exp_sum_min": 1.0001494884490967
    },
    "max_logit_error_ratio": 1.0,
    "top_elements_summary": [
      {
        "coord": [
          2,
          187
        ],
        "element_error": 0.0020567774772644043,
        "x_original": 23.68411636352539,
        "y_ref": 0.6517518162727356,
        "y_mixed": 0.65380859375,
        "storage_error": 0.003383636474609375,
        "demote_error": 0.00021976232528686523,
        "logit_analysis": {
          "softmax_position": 187,
          "softmax_dim_size": 512,
          "is_max_logit": true,
          "distance_from_max": 0.0
        }
      },
      {
        "coord": [
          3,
          298
        ],
        "element_error": 0.0019811391830444336,
        "x_original": 24.396263122558594,
        "y_ref": 0.7856725454330444,
        "y_mixed": 0.78369140625,
        "storage_error": 0.00563812255859375,
        "demote_error": 0.00012260675430297852,
        "logit_analysis": {
          "softmax_position": 298,
          "softmax_dim_size": 512,
          "is_max_logit": true,
          "distance_from_max": 0.0
        }
      },
      {
        "coord": [
          3,
          480
        ],
        "element_error": 0.001770511269569397,
        "x_original": 22.82062339782715,
        "y_ref": 0.1625361293554306,
        "y_mixed": 0.164306640625,
        "storage_error": 0.0075016021728515625,
        "demote_error": 1.029670238494873e-05,
        "logit_analysis": {
          "softmax_position": 480,
          "softmax_dim_size": 512,
          "is_max_logit": true,
          "distance_from_max": 0.0
        }
      },
      {
        "coord": [
          2,
          491
        ],
        "element_error": 0.001552283763885498,
        "x_original": 22.802366256713867,
        "y_ref": 0.2698628306388855,
        "y_mixed": 0.268310546875,
        "storage_error": 0.0054912567138671875,
        "demote_error": 7.82310962677002e-05,
        "logit_analysis": {
          "softmax_position": 491,
          "softmax_dim_size": 512,
          "is_max_logit": true,
          "distance_from_max": 0.0
        }
      },
      {
        "coord": [
          7,
          3
        ],
        "element_error": 0.001291707158088684,
        "x_original": 26.108562469482422,
        "y_ref": 0.21233133971691132,
        "y_mixed": 0.213623046875,
        "storage_error": 0.000812530517578125,
        "demote_error": 2.2798776626586914e-05,
        "logit_analysis": {
          "softmax_position": 3,
          "softmax_dim_size": 512,
          "is_max_logit": true,
          "distance_from_max": 0.0
        }
      },
      {
        "coord": [
          7,
          17
        ],
        "element_error": 0.0010812878608703613,
        "x_original": 27.319204330444336,
        "y_ref": 0.7125070691108704,
        "y_mixed": 0.71142578125,
        "storage_error": 0.0067043304443359375,
        "demote_error": 2.8371810913085938e-05,
        "logit_analysis": {
          "softmax_position": 17,
          "softmax_dim_size": 512,
          "is_max_logit": true,
          "distance_from_max": 0.0
        }
      },
      {
        "coord": [
          4,
          374
        ],
        "element_error": 0.0008794069290161133,
        "x_original": 25.31227684020996,
        "y_ref": 0.7940424680709839,
        "y_mixed": 0.794921875,
        "storage_error": 0.0002231597900390625,
        "demote_error": 0.00011920928955078125,
        "logit_analysis": {
          "softmax_position": 374,
          "softmax_dim_size": 512,
          "is_max_logit": true,
          "distance_from_max": 0.0
        }
      },
      {
        "coord": [
          4,
          203
        ],
        "element_error": 0.0006930381059646606,
        "x_original": 23.50615882873535,
        "y_ref": 0.13045378029346466,
        "y_mixed": 0.1297607421875,
        "storage_error": 0.0061588287353515625,
        "demote_error": 1.2770295143127441e-05,
        "logit_analysis": {
          "softmax_position": 203,
          "softmax_dim_size": 512,
          "is_max_logit": true,
          "distance_from_max": 0.0
        }
      },
      {
        "coord": [
          6,
          46
        ],
        "element_error": 0.0006455928087234497,
        "x_original": 24.60287857055664,
        "y_ref": 0.15047745406627655,
        "y_mixed": 0.151123046875,
        "storage_error": 0.006496429443359375,
        "demote_error": 2.1502375602722168e-05,
        "logit_analysis": {
          "softmax_position": 46,
          "softmax_dim_size": 512,
          "is_max_logit": true,
          "distance_from_max": 0.0
        }
      },
      {
        "coord": [
          1,
          498
        ],
        "element_error": 0.000614069402217865,
        "x_original": 23.58307647705078,
        "y_ref": 0.10309209674596786,
        "y_mixed": 0.10247802734375,
        "storage_error": 0.00495147705078125,
        "demote_error": 2.0265579223632812e-06,
        "logit_analysis": {
          "softmax_position": 498,
          "softmax_dim_size": 512,
          "is_max_logit": true,
          "distance_from_max": 0.0
        }
      }
    ]
  }
}