{
  "detector": {
    "detected_exceeded": false,
    "actual_err": 5.275942385196686e-06,
    "predicted_bound": 3.925656492356211e-05,
    "elapsed_sec": 2.62972354888916
  },
  "matrix_info": {
    "input_shape": [
      256,
      1024
    ],
    "weight_shape": [
      1024,
      512
    ],
    "output_shape": [
      256,
      512
    ],
    "accumulation_dim": 1024
  },
  "analyzer_report": {
    "component_estimates": {
      "input_storage_error": 5.275942385196686e-06,
      "weight_storage_error": 5.275942385196686e-06,
      "accumulation_error": 5.275942385196686e-06,
      "demote_error": 3.446359187364578e-05
    },
    "component_ratios": {
      "input_storage_error": 0.10490740740740741,
      "weight_storage_error": 0.10490740740740741,
      "accumulation_error": 0.10490740740740741,
      "demote_error": 0.6852777777777778
    },
    "primary_source": "x_storage",
    "suggestion": "\u4e3b\u8981\u8bef\u5dee\u6765\u6e90\u4e3a\u8f93\u5165\u5b58\u50a8\u7cbe\u5ea6\u3002\u5efa\u8bae\uff1a\u63d0\u5347\u8f93\u5165\u5b58\u50a8\u7cbe\u5ea6\uff1b\u8fdb\u884c\u8f93\u5165\u5f52\u4e00\u5316\u6216\u6743\u91cd\u7f29\u653e\u4ee5\u6539\u5584\u6570\u503c\u8303\u56f4\u3002",
    "numerical_stability": {
      "average_condition_indicator": 3.655636206901859,
      "accumulation_dimension": 1024,
      "stability_assessment": "good"
    },
    "top_elements_summary": [
      {
        "coord": [
          188,
          469
        ],
        "element_error": 5.275942385196686e-06,
        "y_ref": 0.007875888608396053,
        "y_mixed": 0.00788116455078125,
        "x_storage_error": 0.00014207618369255215,
        "w_storage_error": 0.0,
        "accumulation_error_estimate": 1.4901161193847656e-08,
        "demote_error": 3.812834620475769e-06,
        "condition_indicator": 3.4682539958557124,
        "product_stats": {
          "min": -0.0004444877558853477,
          "max": 0.000659116602037102,
          "mean": 7.692725375818554e-06,
          "std": 0.0001010591586236842
        }
      },
      {
        "coord": [
          114,
          11
        ],
        "element_error": 5.220063030719757e-06,
        "y_ref": -0.00807430874556303,
        "y_mixed": -0.00807952880859375,
        "x_storage_error": 0.00014646255294792354,
        "w_storage_error": 0.0,
        "accumulation_error_estimate": 1.4901161193847656e-08,
        "demote_error": 3.7318095564842224e-06,
        "condition_indicator": 3.890856904033986,
        "product_stats": {
          "min": -0.0005901902914047241,
          "max": 0.0006237579509615898,
          "mean": -7.886519597377628e-06,
          "std": 0.0001038406408042647
        }
      },
      {
        "coord": [
          191,
          279
        ],
        "element_error": 5.190260708332062e-06,
        "y_ref": 0.009473268873989582,
        "y_mixed": 0.00946807861328125,
        "x_storage_error": 0.00013613278861157596,
        "w_storage_error": 0.0,
        "accumulation_error_estimate": 1.4901161193847656e-08,
        "demote_error": 3.648921847343445e-06,
        "condition_indicator": 3.487043752308332,
        "product_stats": {
          "min": -0.0006188653642311692,
          "max": 0.0007543915417045355,
          "mean": 9.249733921024017e-06,
          "std": 0.00010346509225200862
        }
      },
      {
        "coord": [
          73,
          301
        ],
        "element_error": 5.1781535148620605e-06,
        "y_ref": 0.008153371512889862,
        "y_mixed": 0.008148193359375,
        "x_storage_error": 0.00014605524484068155,
        "w_storage_error": 0.0,
        "accumulation_error_estimate": 1.4901161193847656e-08,
        "demote_error": 3.691762685775757e-06,
        "condition_indicator": 3.6751664824761243,
        "product_stats": {
          "min": -0.0007034335867501795,
          "max": 0.000554144789930433,
          "mean": 7.960823495523073e-06,
          "std": 0.00010300078429281712
        }
      },
      {
        "coord": [
          188,
          319
        ],
        "element_error": 5.0300732254981995e-06,
        "y_ref": -0.009198450483381748,
        "y_mixed": -0.00919342041015625,
        "x_storage_error": 0.00014207618369255215,
        "w_storage_error": 0.0,
        "accumulation_error_estimate": 1.4901161193847656e-08,
        "demote_error": 3.5874545574188232e-06,
        "condition_indicator": 3.7362840317225787,
        "product_stats": {
          "min": -0.0006358696846291423,
          "max": 0.0007178211817517877,
          "mean": -8.981454811873846e-06,
          "std": 0.00010140859376406297
        }
      },
      {
        "coord": [
          108,
          325
        ],
        "element_error": 4.980713129043579e-06,
        "y_ref": 0.008997704833745956,
        "y_mixed": 0.009002685546875,
        "x_storage_error": 0.00014507892774417996,
        "w_storage_error": 0.0,
        "accumulation_error_estimate": 1.4901161193847656e-08,
        "demote_error": 3.22144478559494e-06,
        "condition_indicator": 3.5744033734771645,
        "product_stats": {
          "min": -0.0004260153800714761,
          "max": 0.0005895803333260119,
          "mean": 8.788538252701983e-06,
          "std": 0.00010013482824433595
        }
      },
      {
        "coord": [
          63,
          23
        ],
        "element_error": 4.980713129043579e-06,
        "y_ref": 0.008234765380620956,
        "y_mixed": 0.00823974609375,
        "x_storage_error": 0.0001500986545579508,
        "w_storage_error": 0.0,
        "accumulation_error_estimate": 1.4901161193847656e-08,
        "demote_error": 3.7122517824172974e-06,
        "condition_indicator": 3.9918153365721083,
        "product_stats": {
          "min": -0.0005836020573042333,
          "max": 0.0004964374238625169,
          "mean": 8.042999979807064e-06,
          "std": 9.506708738626912e-05
        }
      },
      {
        "coord": [
          128,
          454
        ],
        "element_error": 4.97233122587204e-06,
        "y_ref": -0.009297574870288372,
        "y_mixed": -0.0092926025390625,
        "x_storage_error": 0.0001441544300178066,
        "w_storage_error": 0.0,
        "accumulation_error_estimate": 1.4901161193847656e-08,
        "demote_error": 3.22144478559494e-06,
        "condition_indicator": 3.3360890221328177,
        "product_stats": {
          "min": -0.0007481845677830279,
          "max": 0.00037335552042350173,
          "mean": -9.077953109226655e-06,
          "std": 0.00010559345537330955
        }
      },
      {
        "coord": [
          171,
          285
        ],
        "element_error": 4.969537258148193e-06,
        "y_ref": 0.008143223822116852,
        "y_mixed": 0.008148193359375,
        "x_storage_error": 0.00013587187277153134,
        "w_storage_error": 0.0,
        "accumulation_error_estimate": 1.4901161193847656e-08,
        "demote_error": 3.732740879058838e-06,
        "condition_indicator": 3.485978270717159,
        "product_stats": {
          "min": -0.0004124358238186687,
          "max": 0.000515761727001518,
          "mean": 7.953576641739346e-06,
          "std": 9.502414468443021e-05
        }
      },
      {
        "coord": [
          173,
          378
        ],
        "element_error": 4.9229711294174194e-06,
        "y_ref": -0.008580362424254417,
        "y_mixed": -0.008575439453125,
        "x_storage_error": 0.00014684264897368848,
        "w_storage_error": 0.0,
        "accumulation_error_estimate": 1.4901161193847656e-08,
        "demote_error": 3.2819807529449463e-06,
        "condition_indicator": 3.9104708997226005,
        "product_stats": {
          "min": -0.0008269744575954974,
          "max": 0.00038623559521511197,
          "mean": -8.37765219330322e-06,
          "std": 9.69662141869776e-05
        }
      }
    ]
  }
}