{
  "detector": {
    "detected_exceeded": false,
    "actual_err": 0.0022050142288208008,
    "predicted_bound": 0.002962625026702881,
    "elapsed_sec": 2.3820137977600098
  },
  "analyzer_report": {
    "component_estimates": {
      "input_storage_error": 0.0022050142288208008,
      "max_subtraction_error": 0.0022050142288208008,
      "exponential_error": 0.0022050142288208008,
      "sum_accumulation_error": 0.0022050142288208008,
      "output_storage_error": 0.0022050142288208008
    },
    "component_ratios": {
      "input_storage_error": 0.2,
      "max_subtraction_error": 0.2,
      "exponential_error": 0.2,
      "sum_accumulation_error": 0.2,
      "output_storage_error": 0.2
    },
    "primary_source": "storage",
    "suggestion": "\u5206\u6790\u7ed3\u679c\u4e0d\u660e\u786e\uff1b\u8bf7\u68c0\u67e5\u8f93\u5165\u5206\u5e03\u6216\u589e\u52a0MC\u91c7\u6837\u3002 \u68c0\u6d4b\u5230\u6781\u5c0f\u7684exp\u503c\uff0c\u53ef\u80fd\u5bfc\u81f4\u4e0b\u6ea2\u548c\u7cbe\u5ea6\u635f\u5931\u3002 100.0%\u7684top\u8bef\u5dee\u6765\u81eamax logit\u4f4d\u7f6e\uff0c\u8fd9\u901a\u5e38\u5bf9softmax\u8f93\u51fa\u5f71\u54cd\u6700\u5927\u3002",
    "input_stats": {
      "min": -16.85407257080078,
      "max": 26.90787124633789,
      "mean": 0.9586737155914307,
      "std": 5.9210710525512695,
      "range": 43.76194381713867
    },
    "stability_stats": {
      "max_shifted_logit": 0.0,
      "min_shifted_logit": -43.091148376464844,
      "max_exp_val": 1.0,
      "min_exp_val": 1.9308656026505409e-19,
      "exp_sum_max": 1.9815855026245117,
      "exp_sum_min": 1.0137684345245361
    },
    "max_logit_error_ratio": 1.0,
    "top_elements_summary": [
      {
        "coord": [
          4,
          287
        ],
        "element_error": 0.0022050142288208008,
        "x_original": 25.382587432861328,
        "y_ref": 0.5046464204788208,
        "y_mixed": 0.50244140625,
        "storage_error": 0.007587432861328125,
        "demote_error": 0.00013047456741333008,
        "logit_analysis": {
          "softmax_position": 287,
          "softmax_dim_size": 512,
          "is_max_logit": true,
          "distance_from_max": 0.0
        }
      },
      {
        "coord": [
          3,
          164
        ],
        "element_error": 0.0021638870239257812,
        "x_original": 22.603628158569336,
        "y_ref": 0.5896329879760742,
        "y_mixed": 0.591796875,
        "storage_error": 0.0057468414306640625,
        "demote_error": 0.0001575946807861328,
        "logit_analysis": {
          "softmax_position": 164,
          "softmax_dim_size": 512,
          "is_max_logit": true,
          "distance_from_max": 0.0
        }
      },
      {
        "coord": [
          6,
          114
        ],
        "element_error": 0.0012472271919250488,
        "x_original": 26.23707389831543,
        "y_ref": 0.657008945941925,
        "y_mixed": 0.65576171875,
        "storage_error": 0.0026988983154296875,
        "demote_error": 6.67572021484375e-05,
        "logit_analysis": {
          "softmax_position": 114,
          "softmax_dim_size": 512,
          "is_max_logit": true,
          "distance_from_max": 0.0
        }
      },
      {
        "coord": [
          6,
          162
        ],
        "element_error": 0.0011309683322906494,
        "x_original": 25.371431350708008,
        "y_ref": 0.27645692229270935,
        "y_mixed": 0.277587890625,
        "storage_error": 0.0035686492919921875,
        "demote_error": 0.00010734796524047852,
        "logit_analysis": {
          "softmax_position": 162,
          "softmax_dim_size": 512,
          "is_max_logit": true,
          "distance_from_max": 0.0
        }
      },
      {
        "coord": [
          4,
          334
        ],
        "element_error": 0.0011226683855056763,
        "x_original": 24.654373168945312,
        "y_ref": 0.24362830817699432,
        "y_mixed": 0.2447509765625,
        "storage_error": 0.0018768310546875,
        "demote_error": 5.581974983215332e-05,
        "logit_analysis": {
          "softmax_position": 334,
          "softmax_dim_size": 512,
          "is_max_logit": true,
          "distance_from_max": 0.0
        }
      },
      {
        "coord": [
          3,
          6
        ],
        "element_error": 0.0007951930165290833,
        "x_original": 20.632736206054688,
        "y_ref": 0.08215505629777908,
        "y_mixed": 0.08135986328125,
        "storage_error": 0.0077362060546875,
        "demote_error": 1.405179500579834e-05,
        "logit_analysis": {
          "softmax_position": 6,
          "softmax_dim_size": 512,
          "is_max_logit": true,
          "distance_from_max": 0.0
        }
      },
      {
        "coord": [
          4,
          39
        ],
        "element_error": 0.0007237493991851807,
        "x_original": 23.824146270751953,
        "y_ref": 0.10620984435081482,
        "y_mixed": 0.10693359375,
        "storage_error": 0.003978729248046875,
        "demote_error": 1.4580786228179932e-05,
        "logit_analysis": {
          "softmax_position": 39,
          "softmax_dim_size": 512,
          "is_max_logit": true,
          "distance_from_max": 0.0
        }
      },
      {
        "coord": [
          7,
          99
        ],
        "element_error": 0.0006712675094604492,
        "x_original": 22.94173240661621,
        "y_ref": 0.7316282987594604,
        "y_mixed": 0.73095703125,
        "storage_error": 0.0042324066162109375,
        "demote_error": 8.58306884765625e-05,
        "logit_analysis": {
          "softmax_position": 99,
          "softmax_dim_size": 512,
          "is_max_logit": true,
          "distance_from_max": 0.0
        }
      },
      {
        "coord": [
          3,
          362
        ],
        "element_error": 0.000647418200969696,
        "x_original": 20.444976806640625,
        "y_ref": 0.0680912658572197,
        "y_mixed": 0.06744384765625,
        "storage_error": 0.007476806640625,
        "demote_error": 1.749396324157715e-05,
        "logit_analysis": {
          "softmax_position": 362,
          "softmax_dim_size": 512,
          "is_max_logit": true,
          "distance_from_max": 0.0
        }
      },
      {
        "coord": [
          3,
          385
        ],
        "element_error": 0.0004547685384750366,
        "x_original": 20.14798355102539,
        "y_ref": 0.05059514939785004,
        "y_mixed": 0.050140380859375,
        "storage_error": 0.007358551025390625,
        "demote_error": 7.364898920059204e-06,
        "logit_analysis": {
          "softmax_position": 385,
          "softmax_dim_size": 512,
          "is_max_logit": true,
          "distance_from_max": 0.0
        }
      }
    ]
  }
}