{
  "detector": {
    "detected_exceeded": false,
    "actual_err": 0.0016455650329589844,
    "predicted_bound": 0.002078676223754883,
    "elapsed_sec": 2.4083616733551025
  },
  "analyzer_report": {
    "component_estimates": {
      "input_storage_error": 0.0016455650329589844,
      "max_subtraction_error": 0.0016455650329589844,
      "exponential_error": 0.0016455650329589844,
      "sum_accumulation_error": 0.0016455650329589844,
      "output_storage_error": 0.0018477141857147217
    },
    "component_ratios": {
      "input_storage_error": 0.19520403870424904,
      "max_subtraction_error": 0.19520403870424904,
      "exponential_error": 0.19520403870424904,
      "sum_accumulation_error": 0.19520403870424904,
      "output_storage_error": 0.2191838451830038
    },
    "primary_source": "storage",
    "suggestion": "\u5206\u6790\u7ed3\u679c\u4e0d\u660e\u786e\uff1b\u8bf7\u68c0\u67e5\u8f93\u5165\u5206\u5e03\u6216\u589e\u52a0MC\u91c7\u6837\u3002 \u68c0\u6d4b\u5230\u6781\u5c0f\u7684exp\u503c\uff0c\u53ef\u80fd\u5bfc\u81f4\u4e0b\u6ea2\u548c\u7cbe\u5ea6\u635f\u5931\u3002 100.0%\u7684top\u8bef\u5dee\u6765\u81eamax logit\u4f4d\u7f6e\uff0c\u8fd9\u901a\u5e38\u5bf9softmax\u8f93\u51fa\u5f71\u54cd\u6700\u5927\u3002",
    "input_stats": {
      "min": -18.06894874572754,
      "max": 32.380714416503906,
      "mean": 1.0581133365631104,
      "std": 6.093560695648193,
      "range": 50.44966125488281
    },
    "stability_stats": {
      "max_shifted_logit": 0.0,
      "min_shifted_logit": -49.72457504272461,
      "max_exp_val": 1.0,
      "min_exp_val": 2.54033759730025e-22,
      "exp_sum_max": 2.469350814819336,
      "exp_sum_min": 1.001772403717041
    },
    "max_logit_error_ratio": 1.0,
    "top_elements_summary": [
      {
        "coord": [
          2,
          406
        ],
        "element_error": 0.0016455650329589844,
        "x_original": 22.415616989135742,
        "y_ref": 0.462709903717041,
        "y_mixed": 0.46435546875,
        "storage_error": 0.0062580108642578125,
        "demote_error": 2.3573637008666992e-05,
        "logit_analysis": {
          "softmax_position": 406,
          "softmax_dim_size": 512,
          "is_max_logit": true,
          "distance_from_max": 0.0
        }
      },
      {
        "coord": [
          6,
          383
        ],
        "element_error": 0.0016035735607147217,
        "x_original": 21.996734619140625,
        "y_ref": 0.3956132233142853,
        "y_mixed": 0.397216796875,
        "storage_error": 0.003265380859375,
        "demote_error": 8.401274681091309e-05,
        "logit_analysis": {
          "softmax_position": 383,
          "softmax_dim_size": 512,
          "is_max_logit": true,
          "distance_from_max": 0.0
        }
      },
      {
        "coord": [
          6,
          190
        ],
        "element_error": 0.0014003217220306396,
        "x_original": 22.020097732543945,
        "y_ref": 0.40496477484703064,
        "y_mixed": 0.403564453125,
        "storage_error": 0.0044727325439453125,
        "demote_error": 7.063150405883789e-06,
        "logit_analysis": {
          "softmax_position": 190,
          "softmax_dim_size": 512,
          "is_max_logit": true,
          "distance_from_max": 0.0
        }
      },
      {
        "coord": [
          4,
          295
        ],
        "element_error": 0.0012947320938110352,
        "x_original": 24.556808471679688,
        "y_ref": 0.579759955406189,
        "y_mixed": 0.5810546875,
        "storage_error": 0.0056915283203125,
        "demote_error": 0.00021260976791381836,
        "logit_analysis": {
          "softmax_position": 295,
          "softmax_dim_size": 512,
          "is_max_logit": true,
          "distance_from_max": 0.0
        }
      },
      {
        "coord": [
          6,
          59
        ],
        "element_error": 0.0006115362048149109,
        "x_original": 20.60088348388672,
        "y_ref": 0.09796261042356491,
        "y_mixed": 0.09735107421875,
        "storage_error": 0.00713348388671875,
        "demote_error": 1.1675059795379639e-05,
        "logit_analysis": {
          "softmax_position": 59,
          "softmax_dim_size": 512,
          "is_max_logit": true,
          "distance_from_max": 0.0
        }
      },
      {
        "coord": [
          2,
          104
        ],
        "element_error": 0.0005059465765953064,
        "x_original": 20.924287796020508,
        "y_ref": 0.1041436418890953,
        "y_mixed": 0.1036376953125,
        "storage_error": 0.0024127960205078125,
        "demote_error": 2.0720064640045166e-05,
        "logit_analysis": {
          "softmax_position": 104,
          "softmax_dim_size": 512,
          "is_max_logit": true,
          "distance_from_max": 0.0
        }
      },
      {
        "coord": [
          2,
          118
        ],
        "element_error": 0.00046372413635253906,
        "x_original": 21.93659210205078,
        "y_ref": 0.28659653663635254,
        "y_mixed": 0.2861328125,
        "storage_error": 0.00090789794921875,
        "demote_error": 3.719329833984375e-05,
        "logit_analysis": {
          "softmax_position": 118,
          "softmax_dim_size": 512,
          "is_max_logit": true,
          "distance_from_max": 0.0
        }
      },
      {
        "coord": [
          4,
          201
        ],
        "element_error": 0.00038602203130722046,
        "x_original": 21.89665985107422,
        "y_ref": 0.04054715484380722,
        "y_mixed": 0.0401611328125,
        "storage_error": 0.00603485107421875,
        "demote_error": 1.1876225471496582e-05,
        "logit_analysis": {
          "softmax_position": 201,
          "softmax_dim_size": 512,
          "is_max_logit": true,
          "distance_from_max": 0.0
        }
      },
      {
        "coord": [
          2,
          382
        ],
        "element_error": 0.0003131479024887085,
        "x_original": 20.470745086669922,
        "y_ref": 0.06617008149623871,
        "y_mixed": 0.06585693359375,
        "storage_error": 0.001995086669921875,
        "demote_error": 6.020069122314453e-06,
        "logit_analysis": {
          "softmax_position": 382,
          "softmax_dim_size": 512,
          "is_max_logit": true,
          "distance_from_max": 0.0
        }
      },
      {
        "coord": [
          4,
          232
        ],
        "element_error": 0.00028865039348602295,
        "x_original": 23.26374053955078,
        "y_ref": 0.15910212695598602,
        "y_mixed": 0.1588134765625,
        "storage_error": 0.00188446044921875,
        "demote_error": 2.008676528930664e-05,
        "logit_analysis": {
          "softmax_position": 232,
          "softmax_dim_size": 512,
          "is_max_logit": true,
          "distance_from_max": 0.0
        }
      }
    ]
  }
}