{
  "detector": {
    "detected_exceeded": false,
    "actual_err": 9.444355964660645e-05,
    "predicted_bound": 0.00017622883315198125,
    "elapsed_sec": 3.800609827041626
  },
  "analyzer_report": {
    "component_estimates": {
      "input_storage_error": 9.444355964660645e-05,
      "statistics_computation_error": 9.444355964660645e-05,
      "output_storage_error": 0.0001412034034729004,
      "weight_storage_error": 9.444355964660645e-05,
      "bias_storage_error": 9.444355964660645e-05
    },
    "component_ratios": {
      "input_storage_error": 0.18198001607901687,
      "statistics_computation_error": 0.18198001607901687,
      "output_storage_error": 0.27207993568393246,
      "weight_storage_error": 0.18198001607901687,
      "bias_storage_error": 0.18198001607901687
    },
    "primary_source": "demote",
    "suggestion": "\u4e3b\u8981\u8bef\u5dee\u6765\u6e90\u4e3a\u8f93\u51fa\u964d\u7cbe\u5ea6\u3002\u5efa\u8bae\uff1a\u5ef6\u8fdf\u964d\u7cbe\u5ea6\u6216\u63d0\u9ad8\u8f93\u51fa\u7cbe\u5ea6\uff1b\u68c0\u67e5LayerNorm\u8f93\u51fa\u7684\u6570\u503c\u8303\u56f4\u3002",
    "statistics_errors": {
      "mean_error": 3.643890522653237e-09,
      "var_error": 9.71667191151937e-13,
      "std_error": 2.3283064365386963e-10
    },
    "norm_behavior_stats": {
      "normal": 10
    },
    "top_elements_summary": [
      {
        "coord": [
          7,
          84,
          248
        ],
        "element_error": 9.444355964660645e-05,
        "x_original": 0.0004206888552289456,
        "y_ref": 0.1351042091846466,
        "y_mixed": 0.135009765625,
        "norm_behavior": "normal",
        "storage_error": 1.1848169378936291e-07,
        "weight_error": 0.0,
        "bias_error": 0.0,
        "demote_error": 5.7116150856018066e-05,
        "local_mean_error": 4.006324161309749e-10,
        "local_std_error": 0.0
      },
      {
        "coord": [
          7,
          39,
          354
        ],
        "element_error": 8.837878704071045e-05,
        "x_original": -0.00040828943019732833,
        "y_ref": -0.1271635740995407,
        "y_mixed": -0.1270751953125,
        "norm_behavior": "normal",
        "storage_error": 1.1682277545332909e-07,
        "weight_error": 0.0,
        "bias_error": 0.0,
        "demote_error": 5.1021575927734375e-05,
        "local_mean_error": 1.3469616533257067e-09,
        "local_std_error": 0.0
      },
      {
        "coord": [
          3,
          354,
          343
        ],
        "element_error": 8.834898471832275e-05,
        "x_original": -0.0004578887892421335,
        "y_ref": -0.14432083070278168,
        "y_mixed": -0.1444091796875,
        "norm_behavior": "normal",
        "storage_error": 1.1330121196806431e-07,
        "weight_error": 0.0,
        "bias_error": 0.0,
        "demote_error": 5.245208740234375e-05,
        "local_mean_error": 2.6068391889566556e-10,
        "local_std_error": 0.0
      },
      {
        "coord": [
          4,
          323,
          501
        ],
        "element_error": 8.825957775115967e-05,
        "x_original": 0.00040615079342387617,
        "y_ref": 0.12710900604724884,
        "y_mixed": 0.127197265625,
        "norm_behavior": "normal",
        "storage_error": 1.1446536518633366e-07,
        "weight_error": 0.0,
        "bias_error": 0.0,
        "demote_error": 5.21242618560791e-05,
        "local_mean_error": 1.4597389963455498e-10,
        "local_std_error": 0.0
      },
      {
        "coord": [
          1,
          107,
          445
        ],
        "element_error": 8.48919153213501e-05,
        "x_original": 0.0003971048863604665,
        "y_ref": 0.12564752995967865,
        "y_mixed": 0.125732421875,
        "norm_behavior": "normal",
        "storage_error": 1.0046642273664474e-07,
        "weight_error": 0.0,
        "bias_error": 0.0,
        "demote_error": 5.300343036651611e-05,
        "local_mean_error": 4.1512748794048093e-10,
        "local_std_error": 0.0
      },
      {
        "coord": [
          7,
          20,
          6
        ],
        "element_error": 8.45193862915039e-05,
        "x_original": -0.0004096876655239612,
        "y_ref": -0.1299673318862915,
        "y_mixed": -0.1298828125,
        "norm_behavior": "normal",
        "storage_error": 8.454662747681141e-08,
        "weight_error": 0.0,
        "bias_error": 0.0,
        "demote_error": 5.7309865951538086e-05,
        "local_mean_error": 1.5373871065094136e-09,
        "local_std_error": 0.0
      },
      {
        "coord": [
          0,
          359,
          233
        ],
        "element_error": 8.441507816314697e-05,
        "x_original": 0.00047769531374797225,
        "y_ref": 0.15030620992183685,
        "y_mixed": 0.150390625,
        "norm_behavior": "normal",
        "storage_error": 9.551877155900002e-08,
        "weight_error": 0.0,
        "bias_error": 0.0,
        "demote_error": 5.3822994232177734e-05,
        "local_mean_error": 1.2553300621220842e-09,
        "local_std_error": 0.0
      },
      {
        "coord": [
          2,
          78,
          572
        ],
        "element_error": 8.180737495422363e-05,
        "x_original": -0.00041829893598333,
        "y_ref": -0.13130739331245422,
        "y_mixed": -0.1312255859375,
        "norm_behavior": "normal",
        "storage_error": 1.1274823918938637e-07,
        "weight_error": 0.0,
        "bias_error": 0.0,
        "demote_error": 4.626810550689697e-05,
        "local_mean_error": 2.8967406251467764e-10,
        "local_std_error": 2.3283064365386963e-10
      },
      {
        "coord": [
          5,
          170,
          431
        ],
        "element_error": 8.13901424407959e-05,
        "x_original": -0.0004242930735927075,
        "y_ref": -0.1324869692325592,
        "y_mixed": -0.132568359375,
        "norm_behavior": "normal",
        "storage_error": 9.199720807373524e-08,
        "weight_error": 0.0,
        "bias_error": 0.0,
        "demote_error": 5.2094459533691406e-05,
        "local_mean_error": 6.798472895752639e-10,
        "local_std_error": 0.0
      },
      {
        "coord": [
          5,
          16,
          23
        ],
        "element_error": 8.133053779602051e-05,
        "x_original": 0.0003989968099631369,
        "y_ref": 0.12589523196220398,
        "y_mixed": 0.1259765625,
        "norm_behavior": "normal",
        "storage_error": 1.1589145287871361e-07,
        "weight_error": 0.0,
        "bias_error": 0.0,
        "demote_error": 4.488229751586914e-05,
        "local_mean_error": 5.474021236295812e-10,
        "local_std_error": 0.0
      }
    ]
  }
}