{
  "detector": {
    "detected_exceeded": false,
    "actual_err": 5.905330181121826e-05,
    "predicted_bound": 0.0001424726622644812,
    "elapsed_sec": 2.9858238697052
  },
  "analyzer_report": {
    "component_estimates": {
      "input_storage_error": 5.905330181121826e-05,
      "matmul1_accumulation_error": 5.905330181121826e-05,
      "scaling_error": 5.905330181121826e-05,
      "softmax_numerical_error": 5.905330181121826e-05,
      "matmul2_accumulation_error": 5.905330181121826e-05,
      "output_demote_error": 7.692724466323853e-05
    },
    "component_ratios": {
      "input_storage_error": 0.15866279651686518,
      "matmul1_accumulation_error": 0.15866279651686518,
      "scaling_error": 0.15866279651686518,
      "softmax_numerical_error": 0.15866279651686518,
      "matmul2_accumulation_error": 0.15866279651686518,
      "output_demote_error": 0.2066860174156741
    },
    "primary_source": "storage_error",
    "suggestion": "\u4e3b\u8981\u8bef\u5dee\u6765\u6e90\u4e3a\u8f93\u5165\u5b58\u50a8\u7cbe\u5ea6\u3002\u5efa\u8bae\uff1a\u63d0\u5347Q/K/V\u7684\u5b58\u50a8\u7cbe\u5ea6\uff1b\u8fdb\u884c\u8f93\u5165\u5f52\u4e00\u5316\uff1b\u68c0\u67e5embedding\u5c42\u7684\u8f93\u51fa\u8303\u56f4\u3002 \u68c0\u6d4b\u5230\u5927\u91cf\u5c16\u9510\u7684attention\u6a21\u5f0f\uff08\u4f4e\u71b5\uff09\uff0c\u8fd9\u4f1a\u653e\u5927softmax\u7684\u6570\u503c\u8bef\u5dee\u3002\u8003\u8651\u4f7f\u7528attention dropout\u6216\u6e29\u5ea6\u7f29\u653e\u3002",
    "attention_pattern_stats": {
      "global_avg_entropy": 3.878161907196045,
      "global_sparsity": 0.6949005126953125,
      "max_attention_weight": 1.0,
      "min_attention_weight": 0.0
    },
    "attention_behavior_stats": {
      "high_entropy_tokens": 0,
      "low_entropy_tokens": 7,
      "total_analyzed": 8
    },
    "top_tokens_summary": [
      {
        "batch_idx": 0,
        "head_idx": 3,
        "token_idx": 1,
        "token_error": 1.1991003702860326e-05,
        "entropy_ref": 0.6931179761886597,
        "max_attention_weight_ref": 0.5038257241249084,
        "attention_weight_error": 8.344650268554688e-07,
        "stage_errors": {
          "storage_error": 2.157293283744366e-05,
          "matmul1_error": 1.1867793088157046e-09,
          "softmax_error": 7.731228834018112e-07,
          "matmul2_error": 7.057694347167854e-07,
          "demote_error": 7.731228834018111e-08
        }
      },
      {
        "batch_idx": 0,
        "head_idx": 3,
        "token_idx": 0,
        "token_error": 9.676929039414972e-06,
        "entropy_ref": -0.0,
        "max_attention_weight_ref": 1.0,
        "attention_weight_error": 0.0,
        "stage_errors": {
          "storage_error": 2.1659189314959804e-05,
          "matmul1_error": 1.2000200762234756e-09,
          "softmax_error": 7.817485311534257e-07,
          "matmul2_error": 7.057694347167854e-07,
          "demote_error": 7.817485311534256e-08
        }
      },
      {
        "batch_idx": 0,
        "head_idx": 7,
        "token_idx": 1,
        "token_error": 8.641607564641163e-06,
        "entropy_ref": 0.6931362152099609,
        "max_attention_weight_ref": 0.5023411512374878,
        "attention_weight_error": 2.384185791015625e-07,
        "stage_errors": {
          "storage_error": 1.9953851278842194e-05,
          "matmul1_error": 9.441413838499911e-10,
          "softmax_error": 5.845562554895878e-07,
          "matmul2_error": 6.970301910769195e-07,
          "demote_error": 5.845562554895878e-08
        }
      },
      {
        "batch_idx": 0,
        "head_idx": 3,
        "token_idx": 2,
        "token_error": 8.398332283832133e-06,
        "entropy_ref": 1.0985735654830933,
        "max_attention_weight_ref": 0.33739325404167175,
        "attention_weight_error": 8.344650268554688e-07,
        "stage_errors": {
          "storage_error": 2.1732465484092245e-05,
          "matmul1_error": 1.2112683063848981e-09,
          "softmax_error": 7.890761480666697e-07,
          "matmul2_error": 7.057694347167854e-07,
          "demote_error": 7.890761480666697e-08
        }
      },
      {
        "batch_idx": 0,
        "head_idx": 0,
        "token_idx": 0,
        "token_error": 7.967630153871141e-06,
        "entropy_ref": -0.0,
        "max_attention_weight_ref": 1.0,
        "attention_weight_error": 0.0,
        "stage_errors": {
          "storage_error": 1.894853267003782e-05,
          "matmul1_error": 7.656211954783582e-10,
          "softmax_error": 4.879904736299068e-07,
          "matmul2_error": 7.13488680048613e-07,
          "demote_error": 4.879904736299068e-08
        }
      },
      {
        "batch_idx": 0,
        "head_idx": 4,
        "token_idx": 1,
        "token_error": 7.913007721072063e-06,
        "entropy_ref": 0.6930876970291138,
        "max_attention_weight_ref": 0.5054515600204468,
        "attention_weight_error": 1.5497207641601562e-06,
        "stage_errors": {
          "storage_error": 2.0122538899158826e-05,
          "matmul1_error": 9.93389809123948e-10,
          "softmax_error": 6.284528353717179e-07,
          "matmul2_error": 6.852276783320122e-07,
          "demote_error": 6.284528353717178e-08
        }
      },
      {
        "batch_idx": 0,
        "head_idx": 7,
        "token_idx": 0,
        "token_error": 7.783433829899877e-06,
        "entropy_ref": -0.0,
        "max_attention_weight_ref": 1.0,
        "attention_weight_error": 0.0,
        "stage_errors": {
          "storage_error": 2.330541929040919e-05,
          "matmul1_error": 1.485467223885346e-09,
          "softmax_error": 9.197130566462875e-07,
          "matmul2_error": 6.970301910769195e-07,
          "demote_error": 9.197130566462875e-08
        }
      },
      {
        "batch_idx": 0,
        "head_idx": 0,
        "token_idx": 1,
        "token_error": 7.767153874738142e-06,
        "entropy_ref": 0.6931183934211731,
        "max_attention_weight_ref": 0.5037924647331238,
        "attention_weight_error": 1.4007091522216797e-06,
        "stage_errors": {
          "storage_error": 2.0172221411485225e-05,
          "matmul1_error": 9.576089673197614e-10,
          "softmax_error": 6.103593477746472e-07,
          "matmul2_error": 7.13488680048613e-07,
          "demote_error": 6.103593477746472e-08
        }
      }
    ],
    "head_analysis": [
      {
        "head_idx": 0,
        "avg_error": 1.942990138559253e-06,
        "avg_entropy": 3.8781614303588867,
        "avg_max_weight": 0.042874760925769806,
        "sparsity": 0.69500732421875
      },
      {
        "head_idx": 1,
        "avg_error": 1.677866066529532e-06,
        "avg_entropy": 3.878162384033203,
        "avg_max_weight": 0.042851246893405914,
        "sparsity": 0.6947021484375
      },
      {
        "head_idx": 2,
        "avg_error": 1.8720290881901747e-06,
        "avg_entropy": 3.878162145614624,
        "avg_max_weight": 0.042862605303525925,
        "sparsity": 0.69512939453125
      },
      {
        "head_idx": 3,
        "avg_error": 2.02821161110478e-06,
        "avg_entropy": 3.878161907196045,
        "avg_max_weight": 0.042861081659793854,
        "sparsity": 0.69512939453125
      },
      {
        "head_idx": 4,
        "avg_error": 1.7749796370480908e-06,
        "avg_entropy": 3.878161668777466,
        "avg_max_weight": 0.042880915105342865,
        "sparsity": 0.69482421875
      },
      {
        "head_idx": 5,
        "avg_error": 1.7757433852239046e-06,
        "avg_entropy": 3.8781614303588867,
        "avg_max_weight": 0.04288218915462494,
        "sparsity": 0.69476318359375
      },
      {
        "head_idx": 6,
        "avg_error": 1.8826355017154128e-06,
        "avg_entropy": 3.878162145614624,
        "avg_max_weight": 0.04285868629813194,
        "sparsity": 0.6949462890625
      },
      {
        "head_idx": 7,
        "avg_error": 1.8204378875452676e-06,
        "avg_entropy": 3.878161668777466,
        "avg_max_weight": 0.042870715260505676,