{
  "detector": {
    "detected_exceeded": false,
    "actual_err": 9.077787399291992e-05,
    "predicted_bound": 0.00018045787874143573,
    "elapsed_sec": 3.866056442260742
  },
  "analyzer_report": {
    "component_estimates": {
      "input_storage_error": 9.077787399291992e-05,
      "statistics_computation_error": 9.077787399291992e-05,
      "output_storage_error": 0.00014258921146392822,
      "weight_storage_error": 9.077787399291992e-05,
      "bias_storage_error": 9.077787399291992e-05
    },
    "component_ratios": {
      "input_storage_error": 0.17950909037333884,
      "statistics_computation_error": 0.17950909037333884,
      "output_storage_error": 0.2819636385066447,
      "weight_storage_error": 0.17950909037333884,
      "bias_storage_error": 0.17950909037333884
    },
    "primary_source": "demote",
    "suggestion": "\u4e3b\u8981\u8bef\u5dee\u6765\u6e90\u4e3a\u8f93\u51fa\u964d\u7cbe\u5ea6\u3002\u5efa\u8bae\uff1a\u5ef6\u8fdf\u964d\u7cbe\u5ea6\u6216\u63d0\u9ad8\u8f93\u51fa\u7cbe\u5ea6\uff1b\u68c0\u67e5LayerNorm\u8f93\u51fa\u7684\u6570\u503c\u8303\u56f4\u3002",
    "statistics_errors": {
      "mean_error": 3.4515323932282627e-09,
      "var_error": 9.157119507108291e-13,
      "std_error": 2.3283064365386963e-10
    },
    "norm_behavior_stats": {
      "normal": 10
    },
    "top_elements_summary": [
      {
        "coord": [
          3,
          121,
          45
        ],
        "element_error": 9.077787399291992e-05,
        "x_original": -0.0004838581953663379,
        "y_ref": -0.15158003568649292,
        "y_mixed": -0.1514892578125,
        "norm_behavior": "normal",
        "storage_error": 1.0689836926758289e-07,
        "weight_error": 0.0,
        "bias_error": 0.0,
        "demote_error": 5.6877732276916504e-05,
        "local_mean_error": 3.533386916387826e-10,
        "local_std_error": 0.0
      },
      {
        "coord": [
          4,
          352,
          538
        ],
        "element_error": 9.067356586456299e-05,
        "x_original": -0.00041521238745190203,
        "y_ref": -0.13162319362163544,
        "y_mixed": -0.1317138671875,
        "norm_behavior": "normal",
        "storage_error": 1.127773430198431e-07,
        "weight_error": 0.0,
        "bias_error": 0.0,
        "demote_error": 5.494058132171631e-05,
        "local_mean_error": 2.6489033189136535e-10,
        "local_std_error": 0.0
      },
      {
        "coord": [
          2,
          251,
          100
        ],
        "element_error": 9.046494960784912e-05,
        "x_original": 0.00040903029730543494,
        "y_ref": 0.12930406630039215,
        "y_mixed": 0.12939453125,
        "norm_behavior": "normal",
        "storage_error": 9.598443284630775e-08,
        "weight_error": 0.0,
        "bias_error": 0.0,
        "demote_error": 6.000697612762451e-05,
        "local_mean_error": 3.57587737198628e-10,
        "local_std_error": 0.0
      },
      {
        "coord": [
          3,
          454,
          215
        ],
        "element_error": 8.90195369720459e-05,
        "x_original": -0.0003982500347774476,
        "y_ref": -0.12667593359947205,
        "y_mixed": -0.1265869140625,
        "norm_behavior": "normal",
        "storage_error": 9.100767783820629e-08,
        "weight_error": 0.0,
        "bias_error": 0.0,
        "demote_error": 6.0230493545532227e-05,
        "local_mean_error": 1.3915268937125802e-10,
        "local_std_error": 0.0
      },
      {
        "coord": [
          2,
          112,
          406
        ],
        "element_error": 8.651614189147949e-05,
        "x_original": -0.00040735543007031083,
        "y_ref": -0.12906387448310852,
        "y_mixed": -0.129150390625,
        "norm_behavior": "normal",
        "storage_error": 1.0192161425948143e-07,
        "weight_error": 0.0,
        "bias_error": 0.0,
        "demote_error": 5.443394184112549e-05,
        "local_mean_error": 4.5133674575481564e-10,
        "local_std_error": 0.0
      },
      {
        "coord": [
          6,
          406,
          407
        ],
        "element_error": 8.58008861541748e-05,
        "x_original": 0.00042950338684022427,
        "y_ref": 0.13668248057365417,
        "y_mixed": 0.1365966796875,
        "norm_behavior": "normal",
        "storage_error": 1.1152587831020355e-07,
        "weight_error": 0.0,
        "bias_error": 0.0,
        "demote_error": 5.1587820053100586e-05,
        "local_mean_error": 3.309651219751686e-09,
        "local_std_error": 2.3283064365386963e-10
      },
      {
        "coord": [
          5,
          274,
          272
        ],
        "element_error": 8.571147918701172e-05,
        "x_original": -0.0004499922215472907,
        "y_ref": -0.143152117729187,
        "y_mixed": -0.14306640625,
        "norm_behavior": "normal",
        "storage_error": 9.636278264224529e-08,
        "weight_error": 0.0,
        "bias_error": 0.0,
        "demote_error": 5.4776668548583984e-05,
        "local_mean_error": 1.4558736438630149e-09,
        "local_std_error": 0.0
      },
      {
        "coord": [
          0,
          352,
          727
        ],
        "element_error": 8.419156074523926e-05,
        "x_original": 0.00040996167808771133,
        "y_ref": 0.12857791781425476,
        "y_mixed": 0.128662109375,
        "norm_behavior": "normal",
        "storage_error": 1.1827796697616577e-07,
        "weight_error": 0.0,
        "bias_error": 0.0,
        "demote_error": 4.652142524719238e-05,
        "local_mean_error": 8.999450074043125e-10,
        "local_std_error": 0.0
      },
      {
        "coord": [
          2,
          52,
          360
        ],
        "element_error": 8.368492126464844e-05,
        "x_original": -0.0004521544324234128,
        "y_ref": -0.14315009117126465,
        "y_mixed": -0.14306640625,
        "norm_behavior": "normal",
        "storage_error": 1.1280644685029984e-07,
        "weight_error": 0.0,
        "bias_error": 0.0,
        "demote_error": 4.808604717254639e-05,
        "local_mean_error": 1.9196022549294867e-10,
        "local_std_error": 0.0
      },
      {
        "coord": [
          5,
          338,
          586
        ],
        "element_error": 8.291006088256836e-05,
        "x_original": 0.0003982614725828171,
        "y_ref": 0.12630361318588257,
        "y_mixed": 0.126220703125,
        "norm_behavior": "normal",
        "storage_error": 1.0244548320770264e-07,
        "weight_error": 0.0,
        "bias_error": 0.0,
        "demote_error": 5.017220973968506e-05,
        "local_mean_error": 1.1439169611549005e-09,
        "local_std_error": 2.3283064365386963e-10
      }
    ]
  }
}