{
  "detector": {
    "detected_exceeded": false,
    "actual_err": 2.9801611844959552e-08,
    "predicted_bound": 3.3601906397962015e-05,
    "elapsed_sec": 2.287811517715454
  },
  "analyzer_report": {
    "component_estimates": {
      "input_storage_error": 2.9801611844959552e-08,
      "output_storage_error": 3.054289481951855e-05
    },
    "component_ratios": {
      "input_storage_error": 0.0009747786529678512,
      "output_storage_error": 0.9990252213470322
    },
    "primary_source": "storage",
    "suggestion": "\u4e3b\u8981\u8bef\u5dee\u6765\u6e90\u4e3a\u8f93\u5165\u5b58\u50a8\u7cbe\u5ea6\u3002\u5efa\u8bae\uff1a\u63d0\u5347\u8f93\u5165\u5b58\u50a8\u7cbe\u5ea6\u6216\u8fdb\u884c\u8f93\u5165\u5f52\u4e00\u5316\uff0c\u7279\u522b\u6ce8\u610f\u63a5\u8fd1\u96f6\u7684\u503c\u3002 \u68c0\u6d4b\u5230\u63a5\u8fd1\u96f6\u7684\u8f93\u5165\u503c\uff0c\u8fd9\u4e9b\u5728ReLU\u4e2d\u6700\u5bb9\u6613\u4ea7\u751f\u7cbe\u5ea6\u8bef\u5dee\u3002\u8003\u8651\u6dfb\u52a0\u5c0f\u7684\u504f\u7f6e\u6216\u4f7f\u7528Leaky ReLU\u3002",
    "relu_behavior_stats": {
      "near_zero": 10
    },
    "top_elements_summary": [
      {
        "coord": [
          0,
          68,
          25,
          8
        ],
        "element_error": 2.9801611844959552e-08,
        "x_original": 1.4901232248121232e-07,
        "y_ref": 1.4901232248121232e-07,
        "y_mixed": 1.7881393432617188e-07,
        "relu_behavior": "near_zero",
        "storage_error": 2.9801611844959552e-08,
        "demote_error": 0.0
      },
      {
        "coord": [
          0,
          114,
          17,
          20
        ],
        "element_error": 2.9801071832480375e-08,
        "x_original": 2.980357294291025e-08,
        "y_ref": 2.980357294291025e-08,
        "y_mixed": 5.960464477539063e-08,
        "relu_behavior": "near_zero",
        "storage_error": 2.9801071832480375e-08,
        "demote_error": 0.0
      },
      {
        "coord": [
          0,
          58,
          0,
          8
        ],
        "element_error": 2.9800830247950216e-08,
        "x_original": 8.940547502334084e-08,
        "y_ref": 8.940547502334084e-08,
        "y_mixed": 5.960464477539063e-08,
        "relu_behavior": "near_zero",
        "storage_error": 2.9800830247950216e-08,
        "demote_error": 0.0
      },
      {
        "coord": [
          0,
          206,
          22,
          2
        ],
        "element_error": 2.980073077196721e-08,
        "x_original": 5.066378889750922e-07,
        "y_ref": 5.066378889750922e-07,
        "y_mixed": 4.76837158203125e-07,
        "relu_behavior": "near_zero",
        "storage_error": 2.980073077196721e-08,
        "demote_error": 0.0
      },
      {
        "coord": [
          0,
          67,
          6,
          17
        ],
        "element_error": 2.9800332868035184e-08,
        "x_original": 5.662421358465508e-07,
        "y_ref": 5.662421358465508e-07,
        "y_mixed": 5.364418029785156e-07,
        "relu_behavior": "near_zero",
        "storage_error": 2.9800332868035184e-08,
        "demote_error": 0.0
      },
      {
        "coord": [
          0,
          229,
          2,
          16
        ],
        "element_error": 2.980029023547104e-08,
        "x_original": 2.0861828886609146e-07,
        "y_ref": 2.0861828886609146e-07,
        "y_mixed": 2.384185791015625e-07,
        "relu_behavior": "near_zero",
        "storage_error": 2.980029023547104e-08,
        "demote_error": 0.0
      },
      {
        "coord": [
          0,
          147,
          29,
          21
        ],
        "element_error": 2.9800176548633317e-08,
        "x_original": 1.4900946609941457e-07,
        "y_ref": 1.4900946609941457e-07,
        "y_mixed": 1.1920928955078125e-07,
        "relu_behavior": "near_zero",
        "storage_error": 2.9800176548633317e-08,
        "demote_error": 0.0
      },
      {
        "coord": [
          0,
          69,
          16,
          7
        ],
        "element_error": 2.980010549435974e-08,
        "x_original": 9.238742109118903e-07,
        "y_ref": 9.238742109118903e-07,
        "y_mixed": 9.5367431640625e-07,
        "relu_behavior": "near_zero",
        "storage_error": 2.980010549435974e-08,
        "demote_error": 0.0
      },
      {
        "coord": [
          0,
          228,
          20,
          0
        ],
        "element_error": 2.9799537060171133e-08,
        "x_original": 8.046654897952976e-07,
        "y_ref": 8.046654897952976e-07,
        "y_mixed": 8.344650268554688e-07,
        "relu_behavior": "near_zero",
        "storage_error": 2.9799537060171133e-08,
        "demote_error": 0.0
      },
      {
        "coord": [
          0,
          88,
          10,
          16
        ],
        "element_error": 2.9799537060171133e-08,
        "x_original": 7.450552743648586e-07,
        "y_ref": 7.450552743648586e-07,
        "y_mixed": 7.152557373046875e-07,
        "relu_behavior": "near_zero",
        "storage_error": 2.9799537060171133e-08,
        "demote_error": 0.0
      }
    ]
  }
}