{
  "detector": {
    "detected_exceeded": false,
    "actual_err": 0.0024007856845855713,
    "predicted_bound": 0.0029094189405441287,
    "elapsed_sec": 2.45902419090271
  },
  "analyzer_report": {
    "component_estimates": {
      "input_storage_error": 0.0024007856845855713,
      "max_subtraction_error": 0.0024007856845855713,
      "exponential_error": 0.0024007856845855713,
      "sum_accumulation_error": 0.0024007856845855713,
      "output_storage_error": 0.0024007856845855713
    },
    "component_ratios": {
      "input_storage_error": 0.2,
      "max_subtraction_error": 0.2,
      "exponential_error": 0.2,
      "sum_accumulation_error": 0.2,
      "output_storage_error": 0.2
    },
    "primary_source": "storage",
    "suggestion": "\u5206\u6790\u7ed3\u679c\u4e0d\u660e\u786e\uff1b\u8bf7\u68c0\u67e5\u8f93\u5165\u5206\u5e03\u6216\u589e\u52a0MC\u91c7\u6837\u3002 \u68c0\u6d4b\u5230\u6781\u5c0f\u7684exp\u503c\uff0c\u53ef\u80fd\u5bfc\u81f4\u4e0b\u6ea2\u548c\u7cbe\u5ea6\u635f\u5931\u3002 86.2%\u7684top\u8bef\u5dee\u6765\u81eamax logit\u4f4d\u7f6e\uff0c\u8fd9\u901a\u5e38\u5bf9softmax\u8f93\u51fa\u5f71\u54cd\u6700\u5927\u3002",
    "input_stats": {
      "min": -18.164630889892578,
      "max": 28.166549682617188,
      "mean": 0.8868901133537292,
      "std": 6.144747257232666,
      "range": 46.331180572509766
    },
    "stability_stats": {
      "max_shifted_logit": 0.0,
      "min_shifted_logit": -46.269561767578125,
      "max_exp_val": 1.0,
      "min_exp_val": 8.042380635614019e-21,
      "exp_sum_max": 2.872034788131714,
      "exp_sum_min": 1.0094760656356812
    },
    "max_logit_error_ratio": 0.8617748657916717,
    "top_elements_summary": [
      {
        "coord": [
          1,
          430
        ],
        "element_error": 0.0024007856845855713,
        "x_original": 23.149194717407227,
        "y_ref": 0.34818515181541443,
        "y_mixed": 0.3505859375,
        "storage_error": 0.0070552825927734375,
        "demote_error": 4.2557716369628906e-05,
        "logit_analysis": {
          "softmax_position": 430,
          "softmax_dim_size": 512,
          "is_max_logit": true,
          "distance_from_max": 0.0
        }
      },
      {
        "coord": [
          3,
          281
        ],
        "element_error": 0.0015929341316223145,
        "x_original": 24.432174682617188,
        "y_ref": 0.5858094096183777,
        "y_mixed": 0.58740234375,
        "storage_error": 0.0053253173828125,
        "demote_error": 6.872415542602539e-05,
        "logit_analysis": {
          "softmax_position": 281,
          "softmax_dim_size": 512,
          "is_max_logit": true,
          "distance_from_max": 0.0
        }
      },
      {
        "coord": [
          3,
          239
        ],
        "element_error": 0.00150260329246521,
        "x_original": 23.410921096801758,
        "y_ref": 0.2109752595424652,
        "y_mixed": 0.20947265625,
        "storage_error": 0.0046710968017578125,
        "demote_error": 5.240738391876221e-05,
        "logit_analysis": {
          "softmax_position": 239,
          "softmax_dim_size": 512,
          "is_max_logit": true,
          "distance_from_max": 0.0
        }
      },
      {
        "coord": [
          1,
          446
        ],
        "element_error": 0.001472175121307373,
        "x_original": 22.895885467529297,
        "y_ref": 0.2702710032463074,
        "y_mixed": 0.268798828125,
        "storage_error": 0.005260467529296875,
        "demote_error": 2.7894973754882812e-05,
        "logit_analysis": {
          "softmax_position": 446,
          "softmax_dim_size": 512,
          "is_max_logit": false,
          "distance_from_max": -1.3231773376464844
        }
      },
      {
        "coord": [
          0,
          147
        ],
        "element_error": 0.0006594806909561157,
        "x_original": 24.298362731933594,
        "y_ref": 0.17609833180904388,
        "y_mixed": 0.1767578125,
        "storage_error": 0.00148773193359375,
        "demote_error": 4.604458808898926e-06,
        "logit_analysis": {
          "softmax_position": 147,
          "softmax_dim_size": 512,
          "is_max_logit": true,
          "distance_from_max": 0.0
        }
      },
      {
        "coord": [
          6,
          101
        ],
        "element_error": 0.0006588995456695557,
        "x_original": 22.466182708740234,
        "y_ref": 0.27717313170433044,
        "y_mixed": 0.27783203125,
        "storage_error": 0.002567291259765625,
        "demote_error": 0.00010985136032104492,
        "logit_analysis": {
          "softmax_position": 101,
          "softmax_dim_size": 512,
          "is_max_logit": true,
          "distance_from_max": 0.0
        }
      },
      {
        "coord": [
          6,
          127
        ],
        "element_error": 0.0006533265113830566,
        "x_original": 22.37723159790039,
        "y_ref": 0.25358301401138306,
        "y_mixed": 0.2529296875,
        "storage_error": 0.002231597900390625,
        "demote_error": 6.076693534851074e-05,
        "logit_analysis": {
          "softmax_position": 127,
          "softmax_dim_size": 512,
          "is_max_logit": true,
          "distance_from_max": 0.0
        }
      },
      {
        "coord": [
          0,
          265
        ],
        "element_error": 0.0006080269813537598,
        "x_original": 25.834171295166016,
        "y_ref": 0.8179908394813538,
        "y_mixed": 0.8173828125,
        "storage_error": 0.006046295166015625,
        "demote_error": 8.428096771240234e-05,
        "logit_analysis": {
          "softmax_position": 265,
          "softmax_dim_size": 512,
          "is_max_logit": true,
          "distance_from_max": 0.0
        }
      },
      {
        "coord": [
          6,
          249
        ],
        "element_error": 0.0005768537521362305,
        "x_original": 22.779239654541016,
        "y_ref": 0.37906181812286377,
        "y_mixed": 0.379638671875,
        "storage_error": 0.002010345458984375,
        "demote_error": 3.746151924133301e-05,
        "logit_analysis": {
          "softmax_position": 249,
          "softmax_dim_size": 512,
          "is_max_logit": true,
          "distance_from_max": 0.0
        }
      },
      {
        "coord": [
          4,
          338
        ],
        "element_error": 0.0005254745483398438,
        "x_original": 28.166549682617188,
        "y_ref": 0.9101190567016602,
        "y_mixed": 0.91064453125,
        "storage_error": 0.0053253173828125,
        "demote_error": 0.00020873546600341797,
        "logit_analysis": {
          "softmax_position": 338,
          "softmax_dim_size": 512,
          "is_max_logit": true,
          "distance_from_max": 0.0
        }
      }
    ]
  }
}