{
  "detector": {
    "detected_exceeded": false,
    "actual_err": 7.063150405883789e-05,
    "predicted_bound": 0.00014521032571792605,
    "elapsed_sec": 4.123210191726685
  },
  "meta": {
    "distribution": "adversarial_sum",
    "bias": true,
    "batch_size": 32,
    "in_features": 1024,
    "out_features": 4096
  },
  "analyzer_report": {
    "component_estimates": {
      "input_storage_error": 7.063150405883789e-05,
      "weight_storage_error": 7.063150405883789e-05,
      "accumulation_error": 7.063150405883789e-05,
      "output_storage_error": 0.00011107325553894043,
      "bias_storage_error": 7.063150405883789e-05
    },
    "component_ratios": {
      "input_storage_error": 0.17945029151207692,
      "weight_storage_error": 0.17945029151207692,
      "accumulation_error": 0.17945029151207692,
      "output_storage_error": 0.28219883395169226,
      "bias_storage_error": 0.17945029151207692
    },
    "primary_source": "input_storage",
    "suggestion": "\u4e3b\u8981\u8bef\u5dee\u6765\u6e90\u4e3a\u8f93\u5165\u5b58\u50a8\u7cbe\u5ea6\u3002\u5efa\u8bae\uff1a\u63d0\u5347\u8f93\u5165\u5b58\u50a8\u7cbe\u5ea6\u6216\u8fdb\u884c\u8f93\u5165\u5f52\u4e00\u5316/\u6807\u51c6\u5316\u4ee5\u964d\u4f4e\u6570\u503c\u8303\u56f4\u3002",
    "aggregated_ratios": {
      "input_storage": 0.9658341331196589,
      "weight_storage": 0.0,
      "bias_storage": 0.0,
      "accumulation": 0.00014994115102676011,
      "demote": 0.034015925729314264
    },
    "top_neurons_summary": [
      {
        "coord": [
          20,
          1512
        ],
        "neuron_error": 7.063150405883789e-05,
        "y_ref": 0.12566179037094116,
        "y_mixed": 0.125732421875,
        "input_storage_error": 0.0014145106542855501,
        "weight_storage_error": 0.0,
        "bias_storage_error": 0.0,
        "accumulation_estimate": 2.384185791015625e-07,
        "demote_error": 5.9604644775390625e-05,
        "in_features": 1024,
        "neuron_idx": 1512,
        "batch_idx": 20
      },
      {
        "coord": [
          8,
          3313
        ],
        "neuron_error": 6.079673767089844e-05,
        "y_ref": -0.1310427188873291,
        "y_mixed": -0.131103515625,
        "input_storage_error": 0.0014366109389811754,
        "weight_storage_error": 0.0,
        "bias_storage_error": 0.0,
        "accumulation_estimate": 2.384185791015625e-07,
        "demote_error": 5.53131103515625e-05,
        "in_features": 1024,
        "neuron_idx": 3313,
        "batch_idx": 8
      },
      {
        "coord": [
          7,
          1038
        ],
        "neuron_error": 5.78463077545166e-05,
        "y_ref": 0.13116773962974548,
        "y_mixed": 0.1312255859375,
        "input_storage_error": 0.001509706024080515,
        "weight_storage_error": 0.0,
        "bias_storage_error": 0.0,
        "accumulation_estimate": 2.384185791015625e-07,
        "demote_error": 4.900991916656494e-05,
        "in_features": 1024,
        "neuron_idx": 1038,
        "batch_idx": 7
      },
      {
        "coord": [
          23,
          2812
        ],
        "neuron_error": 5.576014518737793e-05,
        "y_ref": -0.13690713047981262,
        "y_mixed": -0.136962890625,
        "input_storage_error": 0.0014530959306284785,
        "weight_storage_error": 0.0,
        "bias_storage_error": 0.0,
        "accumulation_estimate": 2.384185791015625e-07,
        "demote_error": 5.8770179748535156e-05,
        "in_features": 1024,
        "neuron_idx": 2812,
        "batch_idx": 23
      },
      {
        "coord": [
          24,
          1355
        ],
        "neuron_error": 5.125999450683594e-05,
        "y_ref": -0.12665772438049316,
        "y_mixed": -0.126708984375,
        "input_storage_error": 0.0014348534168675542,
        "weight_storage_error": 0.0,
        "bias_storage_error": 0.0,
        "accumulation_estimate": 2.384185791015625e-07,
        "demote_error": 4.774332046508789e-05,
        "in_features": 1024,
        "neuron_idx": 1355,
        "batch_idx": 24
      },
      {
        "coord": [
          30,
          3375
        ],
        "neuron_error": 5.1140785217285156e-05,
        "y_ref": 0.12749254703521729,
        "y_mixed": 0.12744140625,
        "input_storage_error": 0.0014261917676776648,
        "weight_storage_error": 0.0,
        "bias_storage_error": 0.0,
        "accumulation_estimate": 2.384185791015625e-07,
        "demote_error": 5.227327346801758e-05,
        "in_features": 1024,
        "neuron_idx": 3375,
        "batch_idx": 30
      },
      {
        "coord": [
          12,
          928
        ],
        "neuron_error": 4.978477954864502e-05,
        "y_ref": 0.13605861365795135,
        "y_mixed": 0.1361083984375,
        "input_storage_error": 0.001488403882831335,
        "weight_storage_error": 0.0,
        "bias_storage_error": 0.0,
        "accumulation_estimate": 2.384185791015625e-07,
        "demote_error": 4.547834396362305e-05,
        "in_features": 1024,
        "neuron_idx": 928,
        "batch_idx": 12
      },
      {
        "coord": [
          30,
          175
        ],
        "neuron_error": 4.9740076065063477e-05,
        "y_ref": -0.16118255257606506,
        "y_mixed": -0.1611328125,
        "input_storage_error": 0.0014261917676776648,
        "weight_storage_error": 0.0,
        "bias_storage_error": 0.0,
        "accumulation_estimate": 2.384185791015625e-07,
        "demote_error": 5.9351325035095215e-05,
        "in_features": 1024,
        "neuron_idx": 175,
        "batch_idx": 30
      },
      {
        "coord": [
          11,
          1569
        ],
        "neuron_error": 4.906952381134033e-05,
        "y_ref": 0.13017602264881134,
        "y_mixed": 0.130126953125,
        "input_storage_error": 0.0015291728777810931,
        "weight_storage_error": 0.0,
        "bias_storage_error": 0.0,
        "accumulation_estimate": 2.384185791015625e-07,
        "demote_error": 5.760788917541504e-05,
        "in_features": 1024,
        "neuron_idx": 1569,
        "batch_idx": 11
      },
      {
        "coord": [
          1,
          522
        ],
        "neuron_error": 4.8629939556121826e-05,
        "y_ref": -0.07030009478330612,
        "y_mixed": -0.07025146484375,
        "input_storage_error": 0.001470930757932365,
        "weight_storage_error": 0.0,
        "bias_storage_error": 0.0,
        "accumulation_estimate": 1.1920928955078125e-07,
        "demote_error": 2.8684735298156738e-05,
        "in_features": 1024,
        "neuron_idx": 522,
        "batch_idx": 1
      }
    ]
  }
}