{
  "detector": {
    "detected_exceeded": false,
    "actual_err": 2.980220870085759e-08,
    "predicted_bound": 3.360175032867119e-05,
    "elapsed_sec": 2.278215169906616
  },
  "analyzer_report": {
    "component_estimates": {
      "input_storage_error": 2.980220870085759e-08,
      "output_storage_error": 3.054299304494634e-05
    },
    "component_ratios": {
      "input_storage_error": 0.0009747950245832467,
      "output_storage_error": 0.9990252049754168
    },
    "primary_source": "storage",
    "suggestion": "\u4e3b\u8981\u8bef\u5dee\u6765\u6e90\u4e3a\u8f93\u5165\u5b58\u50a8\u7cbe\u5ea6\u3002\u5efa\u8bae\uff1a\u63d0\u5347\u8f93\u5165\u5b58\u50a8\u7cbe\u5ea6\u6216\u8fdb\u884c\u8f93\u5165\u5f52\u4e00\u5316\uff0c\u7279\u522b\u6ce8\u610f\u63a5\u8fd1\u96f6\u7684\u503c\u3002 \u68c0\u6d4b\u5230\u63a5\u8fd1\u96f6\u7684\u8f93\u5165\u503c\uff0c\u8fd9\u4e9b\u5728ReLU\u4e2d\u6700\u5bb9\u6613\u4ea7\u751f\u7cbe\u5ea6\u8bef\u5dee\u3002\u8003\u8651\u6dfb\u52a0\u5c0f\u7684\u504f\u7f6e\u6216\u4f7f\u7528Leaky ReLU\u3002",
    "relu_behavior_stats": {
      "near_zero": 10
    },
    "top_elements_summary": [
      {
        "coord": [
          0,
          55,
          14,
          28
        ],
        "element_error": 2.980220870085759e-08,
        "x_original": 3.278254325778107e-07,
        "y_ref": 3.278254325778107e-07,
        "y_mixed": 2.980232238769531e-07,
        "relu_behavior": "near_zero",
        "storage_error": 2.980220870085759e-08,
        "demote_error": 0.0
      },
      {
        "coord": [
          0,
          163,
          23,
          16
        ],
        "element_error": 2.9802201595430233e-08,
        "x_original": 8.940684637082086e-08,
        "y_ref": 8.940684637082086e-08,
        "y_mixed": 5.960464477539063e-08,
        "relu_behavior": "near_zero",
        "storage_error": 2.9802201595430233e-08,
        "demote_error": 0.0
      },
      {
        "coord": [
          0,
          75,
          15,
          9
        ],
        "element_error": 2.9801242362736957e-08,
        "x_original": 3.278244662396901e-07,
        "y_ref": 3.278244662396901e-07,
        "y_mixed": 2.980232238769531e-07,
        "relu_behavior": "near_zero",
        "storage_error": 2.9801242362736957e-08,
        "demote_error": 0.0
      },
      {
        "coord": [
          0,
          55,
          4,
          31
        ],
        "element_error": 2.9801185519318096e-08,
        "x_original": 6.85452278048615e-07,
        "y_ref": 6.85452278048615e-07,
        "y_mixed": 6.556510925292969e-07,
        "relu_behavior": "near_zero",
        "storage_error": 2.9801185519318096e-08,
        "demote_error": 0.0
      },
      {
        "coord": [
          0,
          102,
          4,
          2
        ],
        "element_error": 2.9801071832480375e-08,
        "x_original": 9.238732445737696e-07,
        "y_ref": 9.238732445737696e-07,
        "y_mixed": 9.5367431640625e-07,
        "relu_behavior": "near_zero",
        "storage_error": 2.9801071832480375e-08,
        "demote_error": 0.0
      },
      {
        "coord": [
          0,
          109,
          29,
          29
        ],
        "element_error": 2.9800332868035184e-08,
        "x_original": 9.238739835382148e-07,
        "y_ref": 9.238739835382148e-07,
        "y_mixed": 9.5367431640625e-07,
        "relu_behavior": "near_zero",
        "storage_error": 2.9800332868035184e-08,
        "demote_error": 0.0
      },
      {
        "coord": [
          0,
          89,
          7,
          1
        ],
        "element_error": 2.9799821277265437e-08,
        "x_original": 9.834741376835154e-07,
        "y_ref": 9.834741376835154e-07,
        "y_mixed": 9.5367431640625e-07,
        "relu_behavior": "near_zero",
        "storage_error": 2.9799821277265437e-08,
        "demote_error": 0.0
      },
      {
        "coord": [
          0,
          171,
          10,
          2
        ],
        "element_error": 2.9799707590427715e-08,
        "x_original": 6.854508001197246e-07,
        "y_ref": 6.854508001197246e-07,
        "y_mixed": 6.556510925292969e-07,
        "relu_behavior": "near_zero",
        "storage_error": 2.9799707590427715e-08,
        "demote_error": 0.0
      },
      {
        "coord": [
          0,
          239,
          7,
          29
        ],
        "element_error": 2.9799593903589994e-08,
        "x_original": 6.258514986257069e-07,
        "y_ref": 6.258514986257069e-07,
        "y_mixed": 6.556510925292969e-07,
        "relu_behavior": "near_zero",
        "storage_error": 2.9799593903589994e-08,
        "demote_error": 0.0
      },
      {
        "coord": [
          0,
          164,
          24,
          23
        ],
        "element_error": 2.9799593903589994e-08,
        "x_original": 6.258460416574962e-07,
        "y_ref": 6.258460416574962e-07,
        "y_mixed": 5.960464477539062e-07,
        "relu_behavior": "near_zero",
        "storage_error": 2.9799593903589994e-08,
        "demote_error": 0.0
      }
    ]
  }
}