{
  "detector": {
    "detected_exceeded": false,
    "actual_err": 6.0284510254859924e-06,
    "predicted_bound": 3.9976164407562466e-05,
    "elapsed_sec": 2.6532440185546875
  },
  "matrix_info": {
    "input_shape": [
      256,
      1024
    ],
    "weight_shape": [
      1024,
      512
    ],
    "output_shape": [
      256,
      512
    ],
    "accumulation_dim": 1024
  },
  "analyzer_report": {
    "component_estimates": {
      "input_storage_error": 6.0284510254859924e-06,
      "weight_storage_error": 6.0284510254859924e-06,
      "accumulation_error": 6.0284510254859924e-06,
      "demote_error": 3.461912274360657e-05
    },
    "component_ratios": {
      "input_storage_error": 0.11438214557085048,
      "weight_storage_error": 0.11438214557085048,
      "accumulation_error": 0.11438214557085048,
      "demote_error": 0.6568535632874485
    },
    "primary_source": "x_storage",
    "suggestion": "\u4e3b\u8981\u8bef\u5dee\u6765\u6e90\u4e3a\u8f93\u5165\u5b58\u50a8\u7cbe\u5ea6\u3002\u5efa\u8bae\uff1a\u63d0\u5347\u8f93\u5165\u5b58\u50a8\u7cbe\u5ea6\uff1b\u8fdb\u884c\u8f93\u5165\u5f52\u4e00\u5316\u6216\u6743\u91cd\u7f29\u653e\u4ee5\u6539\u5584\u6570\u503c\u8303\u56f4\u3002 \u68c0\u6d4b\u5230\u6570\u503c\u7a33\u5b9a\u6027\u95ee\u9898\uff08\u6761\u4ef6\u6570\u6307\u6807=5.80\uff09\u3002\u5efa\u8bae\uff1a(1)\u8f93\u5165/\u6743\u91cd\u9884\u5904\u7406\u548c\u5f52\u4e00\u5316\uff1b(2)\u68c0\u67e5\u662f\u5426\u5b58\u5728\u75c5\u6001\u77e9\u9635\u3002",
    "numerical_stability": {
      "average_condition_indicator": 5.801364199372415,
      "accumulation_dimension": 1024,
      "stability_assessment": "poor"
    },
    "top_elements_summary": [
      {
        "coord": [
          18,
          105
        ],
        "element_error": 6.0284510254859924e-06,
        "y_ref": -0.007989577017724514,
        "y_mixed": -0.00799560546875,
        "x_storage_error": 0.00015110526874195784,
        "w_storage_error": 0.0,
        "accumulation_error_estimate": 1.4901161193847656e-08,
        "demote_error": 3.691762685775757e-06,
        "condition_indicator": 4.456240892050684,
        "product_stats": {
          "min": -0.0005664402851834893,
          "max": 0.00034397048875689507,
          "mean": -7.804602319083642e-06,
          "std": 9.593681170372292e-05
        }
      },
      {
        "coord": [
          196,
          468
        ],
        "element_error": 5.501322448253632e-06,
        "y_ref": -0.008157950825989246,
        "y_mixed": -0.0081634521484375,
        "x_storage_error": 0.00015216917381621897,
        "w_storage_error": 0.0,
        "accumulation_error_estimate": 1.4901161193847656e-08,
        "demote_error": 3.723427653312683e-06,
        "condition_indicator": 9.58146007804834,
        "product_stats": {
          "min": -0.0006748412852175534,
          "max": 0.0005011094617657363,
          "mean": -7.968483259901404e-06,
          "std": 0.00010309464414604008
        }
      },
      {
        "coord": [
          229,
          425
        ],
        "element_error": 5.409121513366699e-06,
        "y_ref": 0.010854408144950867,
        "y_mixed": 0.0108489990234375,
        "x_storage_error": 0.00015246792463585734,
        "w_storage_error": 0.0,
        "accumulation_error_estimate": 1.4901161193847656e-08,
        "demote_error": 3.5176053643226624e-06,
        "condition_indicator": 9.542168629736896,
        "product_stats": {
          "min": -0.0005283938371576369,
          "max": 0.0006171546992845833,
          "mean": 1.059816077031428e-05,
          "std": 0.00010101179941557348
        }
      },
      {
        "coord": [
          173,
          219
        ],
        "element_error": 5.363486707210541e-06,
        "y_ref": -0.00908434297889471,
        "y_mixed": -0.0090789794921875,
        "x_storage_error": 0.00014151239884085953,
        "w_storage_error": 0.0,
        "accumulation_error_estimate": 1.4901161193847656e-08,
        "demote_error": 3.7103891372680664e-06,
        "condition_indicator": 3.9158056840567506,
        "product_stats": {
          "min": -0.0007068868144415319,
          "max": 0.00051552162040025,
          "mean": -8.869814337231219e-06,
          "std": 0.00010191104956902564
        }
      },
      {
        "coord": [
          44,
          478
        ],
        "element_error": 5.28339296579361e-06,
        "y_ref": -0.009462795220315456,
        "y_mixed": -0.00946807861328125,
        "x_storage_error": 0.00015777710359543562,
        "w_storage_error": 0.0,
        "accumulation_error_estimate": 1.4901161193847656e-08,
        "demote_error": 3.6889687180519104e-06,
        "condition_indicator": 5.001312720522166,
        "product_stats": {
          "min": -0.0005979308625683188,
          "max": 0.0005657228757627308,
          "mean": -9.242568012268748e-06,
          "std": 0.00010968265269184485
        }
      },
      {
        "coord": [
          206,
          79
        ],
        "element_error": 5.1083043217659e-06,
        "y_ref": -0.008481365628540516,
        "y_mixed": -0.00847625732421875,
        "x_storage_error": 0.0001426209491910413,
        "w_storage_error": 0.0,
        "accumulation_error_estimate": 1.4901161193847656e-08,
        "demote_error": 3.734603524208069e-06,
        "condition_indicator": 3.9533338898018164,
        "product_stats": {
          "min": -0.0004689556371886283,
          "max": 0.0004499186761677265,
          "mean": -8.281238478957675e-06,
          "std": 9.419402340427041e-05
        }
      },
      {
        "coord": [
          21,
          314
        ],
        "element_error": 5.106441676616669e-06,
        "y_ref": 0.008585591800510883,
        "y_mixed": 0.0085906982421875,
        "x_storage_error": 0.00014941539848223329,
        "w_storage_error": 0.0,
        "accumulation_error_estimate": 1.4901161193847656e-08,
        "demote_error": 3.330409526824951e-06,
        "condition_indicator": 4.033293599324991,
        "product_stats": {
          "min": -0.0006671732407994568,
          "max": 0.0005783598753623664,
          "mean": 8.386097761103883e-06,
          "std": 0.00010685221059247851
        }
      },
      {
        "coord": [
          170,
          89
        ],
        "element_error": 5.05056232213974e-06,
        "y_ref": 0.00919847097247839,
        "y_mixed": 0.00919342041015625,
        "x_storage_error": 0.00014572245709132403,
        "w_storage_error": 0.0,
        "accumulation_error_estimate": 1.4901161193847656e-08,
        "demote_error": 3.7178397178649902e-06,
        "condition_indicator": 4.556955194599365,
        "product_stats": {
          "min": -0.00045465363655239344,
          "max": 0.0006933386903256178,
          "mean": 8.981581231637392e-06,
          "std": 9.367883467348292e-05
        }
      },
      {
        "coord": [
          66,
          508
        ],
        "element_error": 4.996545612812042e-06,
        "y_ref": 0.009447823278605938,
        "y_mixed": 0.00945281982421875,
        "x_storage_error": 0.0001367622462566942,
        "w_storage_error": 0.0,
        "accumulation_error_estimate": 1.4901161193847656e-08,
        "demote_error": 3.810971975326538e-06,
        "condition_indicator": 9.512917948737343,
        "product_stats": {
          "min": -0.0004983835970051587,
          "max": 0.0005660596652887762,
          "mean": 9.227546797774266e-06,
          "std": 9.473901445744559e-05
        }
      },
      {
        "coord": [
          96,
          144
        ],
        "element_error": 4.991888999938965e-06,
        "y_ref": 0.007906690239906311,
        "y_mixed": 0.00791168212890625,
        "x_storage_error": 0.00015058765711728483,
        "w_storage_error": 0.0,
        "accumulation_error_estimate": 1.4901161193847656e-08,
        "demote_error": 3.46451997756958e-06,
        "condition_indicator": 3.460153356845792,
        "product_stats": {
          "min": -0.0005770527641288936,