{
  "detector": {
    "detected_exceeded": false,
    "actual_err": 2.980209501401987e-08,
    "predicted_bound": 3.3601962422835646e-05,
    "elapsed_sec": 2.306032419204712
  },
  "analyzer_report": {
    "component_estimates": {
      "input_storage_error": 2.980209501401987e-08,
      "output_storage_error": 3.054308763239533e-05
    },
    "component_ratios": {
      "input_storage_error": 0.0009747882938033679,
      "output_storage_error": 0.9990252117061966
    },
    "primary_source": "storage",
    "suggestion": "\u4e3b\u8981\u8bef\u5dee\u6765\u6e90\u4e3a\u8f93\u5165\u5b58\u50a8\u7cbe\u5ea6\u3002\u5efa\u8bae\uff1a\u63d0\u5347\u8f93\u5165\u5b58\u50a8\u7cbe\u5ea6\u6216\u8fdb\u884c\u8f93\u5165\u5f52\u4e00\u5316\uff0c\u7279\u522b\u6ce8\u610f\u63a5\u8fd1\u96f6\u7684\u503c\u3002 \u68c0\u6d4b\u5230\u63a5\u8fd1\u96f6\u7684\u8f93\u5165\u503c\uff0c\u8fd9\u4e9b\u5728ReLU\u4e2d\u6700\u5bb9\u6613\u4ea7\u751f\u7cbe\u5ea6\u8bef\u5dee\u3002\u8003\u8651\u6dfb\u52a0\u5c0f\u7684\u504f\u7f6e\u6216\u4f7f\u7528Leaky ReLU\u3002",
    "relu_behavior_stats": {
      "near_zero": 10
    },
    "top_elements_summary": [
      {
        "coord": [
          0,
          228,
          3,
          9
        ],
        "element_error": 2.980209501401987e-08,
        "x_original": 8.046629318414489e-07,
        "y_ref": 8.046629318414489e-07,
        "y_mixed": 8.344650268554688e-07,
        "relu_behavior": "near_zero",
        "storage_error": 2.980209501401987e-08,
        "demote_error": 0.0
      },
      {
        "coord": [
          0,
          42,
          29,
          14
        ],
        "element_error": 2.9801981327182148e-08,
        "x_original": 8.046630455282866e-07,
        "y_ref": 8.046630455282866e-07,
        "y_mixed": 8.344650268554688e-07,
        "relu_behavior": "near_zero",
        "storage_error": 2.9801981327182148e-08,
        "demote_error": 0.0
      },
      {
        "coord": [
          0,
          36,
          5,
          14
        ],
        "element_error": 2.9801981327182148e-08,
        "x_original": 9.834769798544585e-07,
        "y_ref": 9.834769798544585e-07,
        "y_mixed": 1.0132789611816406e-06,
        "relu_behavior": "near_zero",
        "storage_error": 2.9801981327182148e-08,
        "demote_error": 0.0
      },
      {
        "coord": [
          0,
          219,
          17,
          25
        ],
        "element_error": 2.980135604957468e-08,
        "x_original": 3.8742922470191843e-07,
        "y_ref": 3.8742922470191843e-07,
        "y_mixed": 3.5762786865234375e-07,
        "relu_behavior": "near_zero",
        "storage_error": 2.980135604957468e-08,
        "demote_error": 0.0
      },
      {
        "coord": [
          0,
          54,
          12,
          20
        ],
        "element_error": 2.9801299206155818e-08,
        "x_original": 5.066405037723598e-07,
        "y_ref": 5.066405037723598e-07,
        "y_mixed": 5.364418029785156e-07,
        "relu_behavior": "near_zero",
        "storage_error": 2.9801299206155818e-08,
        "demote_error": 0.0
      },
      {
        "coord": [
          0,
          251,
          9,
          24
        ],
        "element_error": 2.9800951040215296e-08,
        "x_original": 2.980369373517533e-08,
        "y_ref": 2.980369373517533e-08,
        "y_mixed": 5.960464477539063e-08,
        "relu_behavior": "near_zero",
        "storage_error": 2.9800951040215296e-08,
        "demote_error": 0.0
      },
      {
        "coord": [
          0,
          88,
          25,
          19
        ],
        "element_error": 2.9800901302223792e-08,
        "x_original": 9.238705729330832e-07,
        "y_ref": 9.238705729330832e-07,
        "y_mixed": 8.940696716308594e-07,
        "relu_behavior": "near_zero",
        "storage_error": 2.9800901302223792e-08,
        "demote_error": 0.0
      },
      {
        "coord": [
          0,
          7,
          4,
          21
        ],
        "element_error": 2.9800830247950216e-08,
        "x_original": 8.940547502334084e-08,
        "y_ref": 8.940547502334084e-08,
        "y_mixed": 5.960464477539063e-08,
        "relu_behavior": "near_zero",
        "storage_error": 2.9800830247950216e-08,
        "demote_error": 0.0
      },
      {
        "coord": [
          0,
          41,
          26,
          31
        ],
        "element_error": 2.980067392854835e-08,
        "x_original": 6.854550633761392e-07,
        "y_ref": 6.854550633761392e-07,
        "y_mixed": 7.152557373046875e-07,
        "relu_behavior": "near_zero",
        "storage_error": 2.980067392854835e-08,
        "demote_error": 0.0
      },
      {
        "coord": [
          0,
          0,
          23,
          24
        ],
        "element_error": 2.9800617085129488e-08,
        "x_original": 7.45056354389817e-07,
        "y_ref": 7.45056354389817e-07,
        "y_mixed": 7.152557373046875e-07,
        "relu_behavior": "near_zero",
        "storage_error": 2.9800617085129488e-08,
        "demote_error": 0.0
      }
    ]
  }
}