{
  "detector": {
    "detected_exceeded": false,
    "actual_err": 2.980209501401987e-08,
    "predicted_bound": 3.3601778341108e-05,
    "elapsed_sec": 2.350370168685913
  },
  "analyzer_report": {
    "component_estimates": {
      "input_storage_error": 2.980209501401987e-08,
      "output_storage_error": 3.054328408325091e-05
    },
    "component_ratios": {
      "input_storage_error": 0.0009747820301899004,
      "output_storage_error": 0.9990252179698101
    },
    "primary_source": "storage",
    "suggestion": "\u4e3b\u8981\u8bef\u5dee\u6765\u6e90\u4e3a\u8f93\u5165\u5b58\u50a8\u7cbe\u5ea6\u3002\u5efa\u8bae\uff1a\u63d0\u5347\u8f93\u5165\u5b58\u50a8\u7cbe\u5ea6\u6216\u8fdb\u884c\u8f93\u5165\u5f52\u4e00\u5316\uff0c\u7279\u522b\u6ce8\u610f\u63a5\u8fd1\u96f6\u7684\u503c\u3002 \u68c0\u6d4b\u5230\u63a5\u8fd1\u96f6\u7684\u8f93\u5165\u503c\uff0c\u8fd9\u4e9b\u5728ReLU\u4e2d\u6700\u5bb9\u6613\u4ea7\u751f\u7cbe\u5ea6\u8bef\u5dee\u3002\u8003\u8651\u6dfb\u52a0\u5c0f\u7684\u504f\u7f6e\u6216\u4f7f\u7528Leaky ReLU\u3002",
    "relu_behavior_stats": {
      "near_zero": 10
    },
    "top_elements_summary": [
      {
        "coord": [
          0,
          101,
          17,
          19
        ],
        "element_error": 2.980209501401987e-08,
        "x_original": 5.066392532171449e-07,
        "y_ref": 5.066392532171449e-07,
        "y_mixed": 4.76837158203125e-07,
        "relu_behavior": "near_zero",
        "storage_error": 2.980209501401987e-08,
        "demote_error": 0.0
      },
      {
        "coord": [
          0,
          6,
          29,
          3
        ],
        "element_error": 2.9801785927929814e-08,
        "x_original": 2.9801785927929814e-08,
        "y_ref": 2.9801785927929814e-08,
        "y_mixed": 0.0,
        "relu_behavior": "near_zero",
        "storage_error": 2.9801785927929814e-08,
        "demote_error": 0.0
      },
      {
        "coord": [
          0,
          250,
          17,
          12
        ],
        "element_error": 2.9801666912021574e-08,
        "x_original": 2.9801666912021574e-08,
        "y_ref": 2.9801666912021574e-08,
        "y_mixed": 0.0,
        "relu_behavior": "near_zero",
        "storage_error": 2.9801666912021574e-08,
        "demote_error": 0.0
      },
      {
        "coord": [
          0,
          208,
          5,
          20
        ],
        "element_error": 2.980141289299354e-08,
        "x_original": 9.834757292992435e-07,
        "y_ref": 9.834757292992435e-07,
        "y_mixed": 9.5367431640625e-07,
        "relu_behavior": "near_zero",
        "storage_error": 2.980141289299354e-08,
        "demote_error": 0.0
      },
      {
        "coord": [
          0,
          183,
          14,
          26
        ],
        "element_error": 2.9800219181197463e-08,
        "x_original": 8.046606012612756e-07,
        "y_ref": 8.046606012612756e-07,
        "y_mixed": 7.748603820800781e-07,
        "relu_behavior": "near_zero",
        "storage_error": 2.9800219181197463e-08,
        "demote_error": 0.0
      },
      {
        "coord": [
          0,
          215,
          28,
          27
        ],
        "element_error": 2.9800219181197463e-08,
        "x_original": 5.066415837973182e-07,
        "y_ref": 5.066415837973182e-07,
        "y_mixed": 5.364418029785156e-07,
        "relu_behavior": "near_zero",
        "storage_error": 2.9800219181197463e-08,
        "demote_error": 0.0
      },
      {
        "coord": [
          0,
          140,
          13,
          25
        ],
        "element_error": 2.9799650747008855e-08,
        "x_original": 5.066421522315068e-07,
        "y_ref": 5.066421522315068e-07,
        "y_mixed": 5.364418029785156e-07,
        "relu_behavior": "near_zero",
        "storage_error": 2.9799650747008855e-08,
        "demote_error": 0.0
      },
      {
        "coord": [
          0,
          250,
          15,
          30
        ],
        "element_error": 2.9799593903589994e-08,
        "x_original": 9.238692655344494e-07,
        "y_ref": 9.238692655344494e-07,
        "y_mixed": 8.940696716308594e-07,
        "relu_behavior": "near_zero",
        "storage_error": 2.9799593903589994e-08,
        "demote_error": 0.0
      },
      {
        "coord": [
          0,
          113,
          31,
          28
        ],
        "element_error": 2.9799537060171133e-08,
        "x_original": 8.642645639156399e-07,
        "y_ref": 8.642645639156399e-07,
        "y_mixed": 8.344650268554688e-07,
        "relu_behavior": "near_zero",
        "storage_error": 2.9799537060171133e-08,
        "demote_error": 0.0
      },
      {
        "coord": [
          0,
          4,
          0,
          24
        ],
        "element_error": 2.9799522849316418e-08,
        "x_original": 2.086134571754883e-07,
        "y_ref": 2.086134571754883e-07,
        "y_mixed": 1.7881393432617188e-07,
        "relu_behavior": "near_zero",
        "storage_error": 2.9799522849316418e-08,
        "demote_error": 0.0
      }
    ]
  }
}