{
  "detector": {
    "detected_exceeded": false,
    "actual_err": 0.0011098682880401611,
    "predicted_bound": 0.0014894098043441773,
    "elapsed_sec": 2.4846441745758057
  },
  "analyzer_report": {
    "component_estimates": {
      "input_storage_error": 0.0011098682880401611,
      "max_subtraction_error": 0.0011098682880401611,
      "exponential_error": 0.0011098682880401611,
      "sum_accumulation_error": 0.0011098682880401611,
      "output_storage_error": 0.0011098682880401611
    },
    "component_ratios": {
      "input_storage_error": 0.2,
      "max_subtraction_error": 0.2,
      "exponential_error": 0.2,
      "sum_accumulation_error": 0.2,
      "output_storage_error": 0.2
    },
    "primary_source": "storage",
    "suggestion": "\u5206\u6790\u7ed3\u679c\u4e0d\u660e\u786e\uff1b\u8bf7\u68c0\u67e5\u8f93\u5165\u5206\u5e03\u6216\u589e\u52a0MC\u91c7\u6837\u3002 \u68c0\u6d4b\u5230\u6781\u5c0f\u7684exp\u503c\uff0c\u53ef\u80fd\u5bfc\u81f4\u4e0b\u6ea2\u548c\u7cbe\u5ea6\u635f\u5931\u3002 89.4%\u7684top\u8bef\u5dee\u6765\u81eamax logit\u4f4d\u7f6e\uff0c\u8fd9\u901a\u5e38\u5bf9softmax\u8f93\u51fa\u5f71\u54cd\u6700\u5927\u3002",
    "input_stats": {
      "min": -18.68497085571289,
      "max": 29.843414306640625,
      "mean": 0.9373613595962524,
      "std": 6.265682697296143,
      "range": 48.528385162353516
    },
    "stability_stats": {
      "max_shifted_logit": 0.0,
      "min_shifted_logit": -45.88625717163086,
      "max_exp_val": 1.0,
      "min_exp_val": 1.1799177291682015e-20,
      "exp_sum_max": 3.5415802001953125,
      "exp_sum_min": 1.0478092432022095
    },
    "max_logit_error_ratio": 0.8938045840337857,
    "top_elements_summary": [
      {
        "coord": [
          2,
          455
        ],
        "element_error": 0.0011098682880401611,
        "x_original": 20.708202362060547,
        "y_ref": 0.28235986828804016,
        "y_mixed": 0.28125,
        "storage_error": 0.005077362060546875,
        "demote_error": 7.18235969543457e-06,
        "logit_analysis": {
          "softmax_position": 455,
          "softmax_dim_size": 512,
          "is_max_logit": true,
          "distance_from_max": 0.0
        }
      },
      {
        "coord": [
          2,
          354
        ],
        "element_error": 0.00106753408908844,
        "x_original": 20.166200637817383,
        "y_ref": 0.16421566903591156,
        "y_mixed": 0.165283203125,
        "storage_error": 0.0056743621826171875,
        "demote_error": 5.091726779937744e-05,
        "logit_analysis": {
          "softmax_position": 354,
          "softmax_dim_size": 512,
          "is_max_logit": true,
          "distance_from_max": 0.0
        }
      },
      {
        "coord": [
          3,
          178
        ],
        "element_error": 0.0009893476963043213,
        "x_original": 23.559099197387695,
        "y_ref": 0.4357782304286957,
        "y_mixed": 0.436767578125,
        "storage_error": 0.0034008026123046875,
        "demote_error": 4.050135612487793e-05,
        "logit_analysis": {
          "softmax_position": 178,
          "softmax_dim_size": 512,
          "is_max_logit": true,
          "distance_from_max": 0.0
        }
      },
      {
        "coord": [
          7,
          129
        ],
        "element_error": 0.0008490681648254395,
        "x_original": 28.067588806152344,
        "y_ref": 0.8963568806648254,
        "y_mixed": 0.8955078125,
        "storage_error": 0.00508880615234375,
        "demote_error": 7.671117782592773e-05,
        "logit_analysis": {
          "softmax_position": 129,
          "softmax_dim_size": 512,
          "is_max_logit": false,
          "distance_from_max": -1.7758255004882812
        }
      },
      {
        "coord": [
          4,
          376
        ],
        "element_error": 0.0007940977811813354,
        "x_original": 23.064788818359375,
        "y_ref": 0.09570376574993134,
        "y_mixed": 0.09490966796875,
        "storage_error": 0.002288818359375,
        "demote_error": 1.3723969459533691e-05,
        "logit_analysis": {
          "softmax_position": 376,
          "softmax_dim_size": 512,
          "is_max_logit": true,
          "distance_from_max": 0.0
        }
      },
      {
        "coord": [
          6,
          108
        ],
        "element_error": 0.0007746517658233643,
        "x_original": 22.160621643066406,
        "y_ref": 0.35697582364082336,
        "y_mixed": 0.356201171875,
        "storage_error": 0.00437164306640625,
        "demote_error": 2.586841583251953e-05,
        "logit_analysis": {
          "softmax_position": 108,
          "softmax_dim_size": 512,
          "is_max_logit": true,
          "distance_from_max": 0.0
        }
      },
      {
        "coord": [
          1,
          510
        ],
        "element_error": 0.0006828904151916504,
        "x_original": 21.55057144165039,
        "y_ref": 0.15131765604019165,
        "y_mixed": 0.150634765625,
        "storage_error": 0.003696441650390625,
        "demote_error": 3.384053707122803e-05,
        "logit_analysis": {
          "softmax_position": 510,
          "softmax_dim_size": 512,
          "is_max_logit": true,
          "distance_from_max": 0.0
        }
      },
      {
        "coord": [
          6,
          253
        ],
        "element_error": 0.0005893558263778687,
        "x_original": 20.367385864257812,
        "y_ref": 0.05940820276737213,
        "y_mixed": 0.05999755859375,
        "storage_error": 0.0076141357421875,
        "demote_error": 8.642673492431641e-07,
        "logit_analysis": {
          "softmax_position": 253,
          "softmax_dim_size": 512,
          "is_max_logit": true,
          "distance_from_max": 0.0
        }
      },
      {
        "coord": [
          1,
          5
        ],
        "element_error": 0.0005722790956497192,
        "x_original": 21.02423858642578,
        "y_ref": 0.08939354121685028,
        "y_mixed": 0.0899658203125,
        "storage_error": 0.00701141357421875,
        "demote_error": 2.518296241760254e-06,
        "logit_analysis": {
          "softmax_position": 5,
          "softmax_dim_size": 512,
          "is_max_logit": true,
          "distance_from_max": 0.0
        }
      },
      {
        "coord": [
          4,
          68
        ],
        "element_error": 0.0005662441253662109,
        "x_original": 25.30573081970215,
        "y_ref": 0.8998243808746338,
        "y_mixed": 0.900390625,
        "storage_error": 0.0067691802978515625,
        "demote_error": 0.0002174973487854004,
        "logit_analysis": {
          "softmax_position": 68,
          "softmax_dim_size": 512,
          "is_max_logit": true,
          "distance_from_max": 0.0
        }
      }
    ]
  }
}