{
  "detector": {
    "detected_exceeded": false,
    "actual_err": 2.9802023959746293e-08,
    "predicted_bound": 3.360169030202087e-05,
    "elapsed_sec": 2.2760212421417236
  },
  "analyzer_report": {
    "component_estimates": {
      "input_storage_error": 2.9802023959746293e-08,
      "output_storage_error": 3.054344779229723e-05
    },
    "component_ratios": {
      "input_storage_error": 0.0009747744887721883,
      "output_storage_error": 0.9990252255112279
    },
    "primary_source": "storage",
    "suggestion": "\u4e3b\u8981\u8bef\u5dee\u6765\u6e90\u4e3a\u8f93\u5165\u5b58\u50a8\u7cbe\u5ea6\u3002\u5efa\u8bae\uff1a\u63d0\u5347\u8f93\u5165\u5b58\u50a8\u7cbe\u5ea6\u6216\u8fdb\u884c\u8f93\u5165\u5f52\u4e00\u5316\uff0c\u7279\u522b\u6ce8\u610f\u63a5\u8fd1\u96f6\u7684\u503c\u3002 \u68c0\u6d4b\u5230\u63a5\u8fd1\u96f6\u7684\u8f93\u5165\u503c\uff0c\u8fd9\u4e9b\u5728ReLU\u4e2d\u6700\u5bb9\u6613\u4ea7\u751f\u7cbe\u5ea6\u8bef\u5dee\u3002\u8003\u8651\u6dfb\u52a0\u5c0f\u7684\u504f\u7f6e\u6216\u4f7f\u7528Leaky ReLU\u3002",
    "relu_behavior_stats": {
      "near_zero": 10
    },
    "top_elements_summary": [
      {
        "coord": [
          0,
          81,
          24,
          28
        ],
        "element_error": 2.9802023959746293e-08,
        "x_original": 2.9802023959746293e-08,
        "y_ref": 2.9802023959746293e-08,
        "y_mixed": 0.0,
        "relu_behavior": "near_zero",
        "storage_error": 2.9802023959746293e-08,
        "demote_error": 0.0
      },
      {
        "coord": [
          0,
          46,
          30,
          0
        ],
        "element_error": 2.9801867640344426e-08,
        "x_original": 8.046631592151243e-07,
        "y_ref": 8.046631592151243e-07,
        "y_mixed": 8.344650268554688e-07,
        "relu_behavior": "near_zero",
        "storage_error": 2.9801867640344426e-08,
        "demote_error": 0.0
      },
      {
        "coord": [
          0,
          21,
          31,
          5
        ],
        "element_error": 2.9801697110087844e-08,
        "x_original": 8.642679745207715e-07,
        "y_ref": 8.642679745207715e-07,
        "y_mixed": 8.940696716308594e-07,
        "relu_behavior": "near_zero",
        "storage_error": 2.9801697110087844e-08,
        "demote_error": 0.0
      },
      {
        "coord": [
          0,
          212,
          21,
          17
        ],
        "element_error": 2.9801540790685976e-08,
        "x_original": 1.4901083034146723e-07,
        "y_ref": 1.4901083034146723e-07,
        "y_mixed": 1.1920928955078125e-07,
        "relu_behavior": "near_zero",
        "storage_error": 2.9801540790685976e-08,
        "demote_error": 0.0
      },
      {
        "coord": [
          0,
          88,
          2,
          3
        ],
        "element_error": 2.980084445880493e-08,
        "x_original": 9.834781167228357e-07,
        "y_ref": 9.834781167228357e-07,
        "y_mixed": 1.0132789611816406e-06,
        "relu_behavior": "near_zero",
        "storage_error": 2.980084445880493e-08,
        "demote_error": 0.0
      },
      {
        "coord": [
          0,
          196,
          8,
          18
        ],
        "element_error": 2.9799537060171133e-08,
        "x_original": 7.45060845019907e-07,
        "y_ref": 7.45060845019907e-07,
        "y_mixed": 7.748603820800781e-07,
        "relu_behavior": "near_zero",
        "storage_error": 2.9799537060171133e-08,
        "demote_error": 0.0
      },
      {
        "coord": [
          0,
          3,
          19,
          21
        ],
        "element_error": 2.9799480216752272e-08,
        "x_original": 5.066423227617634e-07,
        "y_ref": 5.066423227617634e-07,
        "y_mixed": 5.364418029785156e-07,
        "relu_behavior": "near_zero",
        "storage_error": 2.9799480216752272e-08,
        "demote_error": 0.0
      },
      {
        "coord": [
          0,
          217,
          28,
          17
        ],
        "element_error": 2.979928126478626e-08,
        "x_original": 2.6821786036634876e-07,
        "y_ref": 2.6821786036634876e-07,
        "y_mixed": 2.384185791015625e-07,
        "relu_behavior": "near_zero",
        "storage_error": 2.979928126478626e-08,
        "demote_error": 0.0
      },
      {
        "coord": [
          0,
          39,
          12,
          28
        ],
        "element_error": 2.9799110734529677e-08,
        "x_original": 4.4703162416226405e-07,
        "y_ref": 4.4703162416226405e-07,
        "y_mixed": 4.172325134277344e-07,
        "relu_behavior": "near_zero",
        "storage_error": 2.9799110734529677e-08,
        "demote_error": 0.0
      },
      {
        "coord": [
          0,
          255,
          19,
          12
        ],
        "element_error": 2.9798229661537334e-08,
        "x_original": 9.834807315201033e-07,
        "y_ref": 9.834807315201033e-07,
        "y_mixed": 1.0132789611816406e-06,
        "relu_behavior": "near_zero",
        "storage_error": 2.9798229661537334e-08,
        "demote_error": 0.0
      }
    ]
  }
}