{
  "detector": {
    "detected_exceeded": false,
    "actual_err": 4.9054622650146484e-05,
    "predicted_bound": 0.0001341030343610328,
    "elapsed_sec": 3.0050816535949707
  },
  "analyzer_report": {
    "component_estimates": {
      "input_storage_error": 5.827099084854126e-05,
      "matmul1_accumulation_error": 5.827099084854126e-05,
      "scaling_error": 5.827099084854126e-05,
      "softmax_numerical_error": 5.827099084854126e-05,
      "matmul2_accumulation_error": 5.827099084854126e-05,
      "output_demote_error": 9.080767631530762e-05
    },
    "component_ratios": {
      "input_storage_error": 0.15247694617199228,
      "matmul1_accumulation_error": 0.15247694617199228,
      "scaling_error": 0.15247694617199228,
      "softmax_numerical_error": 0.15247694617199228,
      "matmul2_accumulation_error": 0.15247694617199228,
      "output_demote_error": 0.2376152691400386
    },
    "primary_source": "storage_error",
    "suggestion": "\u4e3b\u8981\u8bef\u5dee\u6765\u6e90\u4e3a\u8f93\u5165\u5b58\u50a8\u7cbe\u5ea6\u3002\u5efa\u8bae\uff1a\u63d0\u5347Q/K/V\u7684\u5b58\u50a8\u7cbe\u5ea6\uff1b\u8fdb\u884c\u8f93\u5165\u5f52\u4e00\u5316\uff1b\u68c0\u67e5embedding\u5c42\u7684\u8f93\u51fa\u8303\u56f4\u3002 \u68c0\u6d4b\u5230\u5927\u91cf\u5c16\u9510\u7684attention\u6a21\u5f0f\uff08\u4f4e\u71b5\uff09\uff0c\u8fd9\u4f1a\u653e\u5927softmax\u7684\u6570\u503c\u8bef\u5dee\u3002\u8003\u8651\u4f7f\u7528attention dropout\u6216\u6e29\u5ea6\u7f29\u653e\u3002",
    "attention_pattern_stats": {
      "global_avg_entropy": 3.878162145614624,
      "global_sparsity": 0.6948471069335938,
      "max_attention_weight": 1.0,
      "min_attention_weight": 0.0
    },
    "attention_behavior_stats": {
      "high_entropy_tokens": 0,
      "low_entropy_tokens": 8,
      "total_analyzed": 8
    },
    "top_tokens_summary": [
      {
        "batch_idx": 0,
        "head_idx": 1,
        "token_idx": 1,
        "token_error": 9.247471098206006e-06,
        "entropy_ref": 0.6931226253509521,
        "max_attention_weight_ref": 0.5035025477409363,
        "attention_weight_error": 2.384185791015625e-07,
        "stage_errors": {
          "storage_error": 1.993588421100867e-05,
          "matmul1_error": 9.491667285617503e-10,
          "softmax_error": 5.972534381726292e-07,
          "matmul2_error": 6.939926151972032e-07,
          "demote_error": 5.972534381726292e-08
        }
      },
      {
        "batch_idx": 0,
        "head_idx": 4,
        "token_idx": 0,
        "token_error": 9.24408777791541e-06,
        "entropy_ref": -0.0,
        "max_attention_weight_ref": 1.0,
        "attention_weight_error": 0.0,
        "stage_errors": {
          "storage_error": 2.1992305391904665e-05,
          "matmul1_error": 1.2675835065827353e-09,
          "softmax_error": 8.034912752918899e-07,
          "matmul2_error": 6.985343588894466e-07,
          "demote_error": 8.034912752918899e-08
        }
      },
      {
        "batch_idx": 0,
        "head_idx": 3,
        "token_idx": 0,
        "token_error": 8.820628863759339e-06,
        "entropy_ref": -0.0,
        "max_attention_weight_ref": 1.0,
        "attention_weight_error": 0.0,
        "stage_errors": {
          "storage_error": 2.005219448619755e-05,
          "matmul1_error": 9.587054705380404e-10,
          "softmax_error": 6.029369615134784e-07,
          "matmul2_error": 6.995689545874485e-07,
          "demote_error": 6.029369615134783e-08
        }
      },
      {
        "batch_idx": 0,
        "head_idx": 2,
        "token_idx": 1,
        "token_error": 8.713395800441504e-06,
        "entropy_ref": 0.6930949687957764,
        "max_attention_weight_ref": 0.5051076412200928,
        "attention_weight_error": 1.1920928955078125e-07,
        "stage_errors": {
          "storage_error": 2.2408202767110197e-05,
          "matmul1_error": 1.3327261719110545e-09,
          "softmax_error": 8.24002199806273e-07,
          "matmul2_error": 7.0202954702836e-07,
          "demote_error": 8.24002199806273e-08
        }
      },
      {
        "batch_idx": 0,
        "head_idx": 6,
        "token_idx": 1,
        "token_error": 8.627343049738556e-06,
        "entropy_ref": 0.6931391954421997,
        "max_attention_weight_ref": 0.5019998550415039,
        "attention_weight_error": 2.086162567138672e-07,
        "stage_errors": {
          "storage_error": 2.0938921807100996e-05,
          "matmul1_error": 1.0870508611002275e-09,
          "softmax_error": 6.750982720404864e-07,
          "matmul2_error": 7.07174331182614e-07,
          "demote_error": 6.750982720404863e-08
        }
      },
      {
        "batch_idx": 0,
        "head_idx": 2,
        "token_idx": 0,
        "token_error": 8.45239992486313e-06,
        "entropy_ref": -0.0,
        "max_attention_weight_ref": 1.0,
        "attention_weight_error": 0.0,
        "stage_errors": {
          "storage_error": 2.040355639110203e-05,
          "matmul1_error": 1.0084983128882447e-09,
          "softmax_error": 6.235375622054562e-07,
          "matmul2_error": 7.0202954702836e-07,
          "demote_error": 6.235375622054563e-08
        }
      },
      {
        "batch_idx": 0,
        "head_idx": 4,
        "token_idx": 1,
        "token_error": 8.320494089275599e-06,
        "entropy_ref": 0.6931283473968506,
        "max_attention_weight_ref": 0.5030705332756042,
        "attention_weight_error": 5.066394805908203e-07,
        "stage_errors": {
          "storage_error": 1.8777587229124038e-05,
          "matmul1_error": 7.604313013553232e-10,
          "softmax_error": 4.820194590138271e-07,
          "matmul2_error": 6.985343588894466e-07,
          "demote_error": 4.820194590138271e-08
        }
      },
      {
        "batch_idx": 0,
        "head_idx": 1,
        "token_idx": 0,
        "token_error": 8.272882041637786e-06,
        "entropy_ref": -0.0,
        "max_attention_weight_ref": 1.0,
        "attention_weight_error": 0.0,
        "stage_errors": {
          "storage_error": 2.3815185613784706e-05,
          "matmul1_error": 1.5656728189818895e-09,
          "softmax_error": 9.851835784502328e-07,
          "matmul2_error": 6.939926151972032e-07,
          "demote_error": 9.851835784502328e-08
        }
      }
    ],
    "head_analysis": [
      {
        "head_idx": 0,
        "avg_error": 1.852311925176764e-06,
        "avg_entropy": 3.8781611919403076,
        "avg_max_weight": 0.04288308694958687,
        "sparsity": 0.69482421875
      },
      {
        "head_idx": 1,
        "avg_error": 1.8232700540465885e-06,
        "avg_entropy": 3.878162145614624,
        "avg_max_weight": 0.042861953377723694,
        "sparsity": 0.69476318359375
      },
      {
        "head_idx": 2,
        "avg_error": 1.8811508653016062e-06,
        "avg_entropy": 3.8781614303588867,
        "avg_max_weight": 0.042861275374889374,
        "sparsity": 0.695068359375
      },
      {
        "head_idx": 3,
        "avg_error": 1.7895903283715597e-06,
        "avg_entropy": 3.8781626224517822,
        "avg_max_weight": 0.042828112840652466,
        "sparsity": 0.695068359375
      },
      {
        "head_idx": 4,
        "avg_error": 1.96318251255434e-06,
        "avg_entropy": 3.878162145614624,
        "avg_max_weight": 0.04284535348415375,
        "sparsity": 0.69482421875
      },
      {
        "head_idx": 5,
        "avg_error": 1.8701549606703338e-06,
        "avg_entropy": 3.878161668777466,
        "avg_max_weight": 0.04287649691104889,
        "sparsity": 0.69476318359375
      },
      {
        "head_idx": 6,
        "avg_error": 1.8495305766919046e-06,
        "avg_entropy": 3.878161668777466,
        "avg_max_weight": 0.04286272078752518,
        "sparsity": 0.69482421875
      },
      {
        "head_idx": 7,
        "avg_error": 1.7661092215348617e-06,
        "avg_entropy": 3.878162145614624,
        "avg_max_weight": 0.04286215081810951,
        "sparsity": 0.69464111328125
      }
    ]
  }
}