{
  "detector": {
    "detected_exceeded": false,
    "actual_err": 0.0023818612098693848,
    "predicted_bound": 0.0026200473308563236,
    "elapsed_sec": 2.5184872150421143
  },
  "analyzer_report": {
    "component_estimates": {
      "input_storage_error": 0.0023818612098693848,
      "max_subtraction_error": 0.0023818612098693848,
      "exponential_error": 0.0023818612098693848,
      "sum_accumulation_error": 0.0023818612098693848,
      "output_storage_error": 0.0020952224731445312
    },
    "component_ratios": {
      "input_storage_error": 0.20493240886992553,
      "max_subtraction_error": 0.20493240886992553,
      "exponential_error": 0.20493240886992553,
      "sum_accumulation_error": 0.20493240886992553,
      "output_storage_error": 0.18027036452029785
    },
    "primary_source": "storage",
    "suggestion": "\u5206\u6790\u7ed3\u679c\u4e0d\u660e\u786e\uff1b\u8bf7\u68c0\u67e5\u8f93\u5165\u5206\u5e03\u6216\u589e\u52a0MC\u91c7\u6837\u3002 \u68c0\u6d4b\u5230\u6781\u5c0f\u7684exp\u503c\uff0c\u53ef\u80fd\u5bfc\u81f4\u4e0b\u6ea2\u548c\u7cbe\u5ea6\u635f\u5931\u3002 100.0%\u7684top\u8bef\u5dee\u6765\u81eamax logit\u4f4d\u7f6e\uff0c\u8fd9\u901a\u5e38\u5bf9softmax\u8f93\u51fa\u5f71\u54cd\u6700\u5927\u3002",
    "input_stats": {
      "min": -17.77593231201172,
      "max": 30.518692016601562,
      "mean": 1.0575590133666992,
      "std": 6.1025166511535645,
      "range": 48.29462432861328
    },
    "stability_stats": {
      "max_shifted_logit": 0.0,
      "min_shifted_logit": -45.41175842285156,
      "max_exp_val": 1.0,
      "min_exp_val": 1.8963735928237574e-20,
      "exp_sum_max": 2.298632860183716,
      "exp_sum_min": 1.0033683776855469
    },
    "max_logit_error_ratio": 1.0,
    "top_elements_summary": [
      {
        "coord": [
          0,
          400
        ],
        "element_error": 0.0023818612098693848,
        "x_original": 27.823118209838867,
        "y_ref": 0.7373642325401306,
        "y_mixed": 0.73974609375,
        "storage_error": 0.0050067901611328125,
        "demote_error": 0.00023555755615234375,
        "logit_analysis": {
          "softmax_position": 400,
          "softmax_dim_size": 512,
          "is_max_logit": true,
          "distance_from_max": 0.0
        }
      },
      {
        "coord": [
          6,
          388
        ],
        "element_error": 0.001898050308227539,
        "x_original": 28.87888526916504,
        "y_ref": 0.37811875343322754,
        "y_mixed": 0.376220703125,
        "storage_error": 0.0038852691650390625,
        "demote_error": 4.735589027404785e-05,
        "logit_analysis": {
          "softmax_position": 388,
          "softmax_dim_size": 512,
          "is_max_logit": true,
          "distance_from_max": 0.0
        }
      },
      {
        "coord": [
          6,
          363
        ],
        "element_error": 0.0016069412231445312,
        "x_original": 29.370990753173828,
        "y_ref": 0.6185102462768555,
        "y_mixed": 0.6201171875,
        "storage_error": 0.004009246826171875,
        "demote_error": 0.00024396181106567383,
        "logit_analysis": {
          "softmax_position": 363,
          "softmax_dim_size": 512,
          "is_max_logit": true,
          "distance_from_max": 0.0
        }
      },
      {
        "coord": [
          4,
          90
        ],
        "element_error": 0.0015202462673187256,
        "x_original": 26.93079376220703,
        "y_ref": 0.2836360037326813,
        "y_mixed": 0.28515625,
        "storage_error": 0.00670623779296875,
        "demote_error": 0.00011608004570007324,
        "logit_analysis": {
          "softmax_position": 90,
          "softmax_dim_size": 512,
          "is_max_logit": true,
          "distance_from_max": 0.0
        }
      },
      {
        "coord": [
          7,
          357
        ],
        "element_error": 0.0013952851295471191,
        "x_original": 30.518692016601562,
        "y_ref": 0.6356726288795471,
        "y_mixed": 0.63427734375,
        "storage_error": 0.0030670166015625,
        "demote_error": 4.6133995056152344e-05,
        "logit_analysis": {
          "softmax_position": 357,
          "softmax_dim_size": 512,
          "is_max_logit": true,
          "distance_from_max": 0.0
        }
      },
      {
        "coord": [
          7,
          493
        ],
        "element_error": 0.0012268424034118652,
        "x_original": 29.950393676757812,
        "y_ref": 0.36010128259658813,
        "y_mixed": 0.361328125,
        "storage_error": 0.0027313232421875,
        "demote_error": 9.85264778137207e-05,
        "logit_analysis": {
          "softmax_position": 493,
          "softmax_dim_size": 512,
          "is_max_logit": true,
          "distance_from_max": 0.0
        }
      },
      {
        "coord": [
          2,
          393
        ],
        "element_error": 0.0012080967426300049,
        "x_original": 23.62849235534668,
        "y_ref": 0.41038778424263,
        "y_mixed": 0.4091796875,
        "storage_error": 0.0034923553466796875,
        "demote_error": 0.00011143088340759277,
        "logit_analysis": {
          "softmax_position": 393,
          "softmax_dim_size": 512,
          "is_max_logit": true,
          "distance_from_max": 0.0
        }
      },
      {
        "coord": [
          0,
          479
        ],
        "element_error": 0.0010959059000015259,
        "x_original": 26.038021087646484,
        "y_ref": 0.12371553480625153,
        "y_mixed": 0.12261962890625,
        "storage_error": 0.006771087646484375,
        "demote_error": 3.2335519790649414e-06,
        "logit_analysis": {
          "softmax_position": 479,
          "softmax_dim_size": 512,
          "is_max_logit": true,
          "distance_from_max": 0.0
        }
      },
      {
        "coord": [
          4,
          269
        ],
        "element_error": 0.0010510683059692383,
        "x_original": 27.734935760498047,
        "y_ref": 0.6338635683059692,
        "y_mixed": 0.6328125,
        "storage_error": 0.000560760498046875,
        "demote_error": 9.179115295410156e-05,
        "logit_analysis": {
          "softmax_position": 269,
          "softmax_dim_size": 512,
          "is_max_logit": true,
          "distance_from_max": 0.0
        }
      },
      {
        "coord": [
          3,
          338
        ],
        "element_error": 0.0010446906089782715,
        "x_original": 25.099903106689453,
        "y_ref": 0.7852243781089783,
        "y_mixed": 0.7841796875,
        "storage_error": 0.006153106689453125,
        "demote_error": 0.00024324655532836914,
        "logit_analysis": {
          "softmax_position": 338,
          "softmax_dim_size": 512,
          "is_max_logit": true,
          "distance_from_max": 0.0
        }
      }
    ]
  }
}