{
  "detector": {
    "detected_exceeded": false,
    "actual_err": 7.463991641998291e-05,
    "predicted_bound": 0.0001512547372840345,
    "elapsed_sec": 3.741971254348755
  },
  "meta": {
    "distribution": "adversarial_sum",
    "bias": true,
    "batch_size": 32,
    "in_features": 1024,
    "out_features": 4096
  },
  "analyzer_report": {
    "component_estimates": {
      "input_storage_error": 7.463991641998291e-05,
      "weight_storage_error": 7.463991641998291e-05,
      "accumulation_error": 7.463991641998291e-05,
      "output_storage_error": 0.0001157224178314209,
      "bias_storage_error": 7.463991641998291e-05
    },
    "component_ratios": {
      "input_storage_error": 0.1801668944680239,
      "weight_storage_error": 0.1801668944680239,
      "accumulation_error": 0.1801668944680239,
      "output_storage_error": 0.2793324221279045,
      "bias_storage_error": 0.1801668944680239
    },
    "primary_source": "input_storage",
    "suggestion": "\u4e3b\u8981\u8bef\u5dee\u6765\u6e90\u4e3a\u8f93\u5165\u5b58\u50a8\u7cbe\u5ea6\u3002\u5efa\u8bae\uff1a\u63d0\u5347\u8f93\u5165\u5b58\u50a8\u7cbe\u5ea6\u6216\u8fdb\u884c\u8f93\u5165\u5f52\u4e00\u5316/\u6807\u51c6\u5316\u4ee5\u964d\u4f4e\u6570\u503c\u8303\u56f4\u3002",
    "aggregated_ratios": {
      "input_storage": 0.9669138946206254,
      "weight_storage": 0.0,
      "bias_storage": 0.0,
      "accumulation": 0.00013754903423953243,
      "demote": 0.032948556345135056
    },
    "top_neurons_summary": [
      {
        "coord": [
          10,
          3005
        ],
        "neuron_error": 7.463991641998291e-05,
        "y_ref": -0.13056780397891998,
        "y_mixed": -0.1304931640625,
        "input_storage_error": 0.001405823277309537,
        "weight_storage_error": 0.0,
        "bias_storage_error": 0.0,
        "accumulation_estimate": 2.384185791015625e-07,
        "demote_error": 6.078183650970459e-05,
        "in_features": 1024,
        "neuron_idx": 3005,
        "batch_idx": 10
      },
      {
        "coord": [
          15,
          111
        ],
        "neuron_error": 6.99758529663086e-05,
        "y_ref": 0.1287142038345337,
        "y_mixed": 0.1287841796875,
        "input_storage_error": 0.0013611989561468363,
        "weight_storage_error": 0.0,
        "bias_storage_error": 0.0,
        "accumulation_estimate": 2.384185791015625e-07,
        "demote_error": 5.626678466796875e-05,
        "in_features": 1024,
        "neuron_idx": 111,
        "batch_idx": 15
      },
      {
        "coord": [
          21,
          1643
        ],
        "neuron_error": 6.744265556335449e-05,
        "y_ref": -0.12897369265556335,
        "y_mixed": -0.12890625,
        "input_storage_error": 0.0014111136551946402,
        "weight_storage_error": 0.0,
        "bias_storage_error": 0.0,
        "accumulation_estimate": 2.384185791015625e-07,
        "demote_error": 6.027519702911377e-05,
        "in_features": 1024,
        "neuron_idx": 1643,
        "batch_idx": 21
      },
      {
        "coord": [
          18,
          4032
        ],
        "neuron_error": 6.48796558380127e-05,
        "y_ref": -0.134456604719162,
        "y_mixed": -0.134521484375,
        "input_storage_error": 0.0014182082377374172,
        "weight_storage_error": 0.0,
        "bias_storage_error": 0.0,
        "accumulation_estimate": 2.384185791015625e-07,
        "demote_error": 5.78761100769043e-05,
        "in_features": 1024,
        "neuron_idx": 4032,
        "batch_idx": 18
      },
      {
        "coord": [
          16,
          2987
        ],
        "neuron_error": 6.362795829772949e-05,
        "y_ref": 0.13128921389579773,
        "y_mixed": 0.1312255859375,
        "input_storage_error": 0.001431632786989212,
        "weight_storage_error": 0.0,
        "bias_storage_error": 0.0,
        "accumulation_estimate": 2.384185791015625e-07,
        "demote_error": 5.4210424423217773e-05,
        "in_features": 1024,
        "neuron_idx": 2987,
        "batch_idx": 16
      },
      {
        "coord": [
          24,
          2031
        ],
        "neuron_error": 5.78761100769043e-05,
        "y_ref": 0.1323820948600769,
        "y_mixed": 0.13232421875,
        "input_storage_error": 0.001399066997691989,
        "weight_storage_error": 0.0,
        "bias_storage_error": 0.0,
        "accumulation_estimate": 2.384185791015625e-07,
        "demote_error": 5.412101745605469e-05,
        "in_features": 1024,
        "neuron_idx": 2031,
        "batch_idx": 24
      },
      {
        "coord": [
          23,
          2530
        ],
        "neuron_error": 5.59687614440918e-05,
        "y_ref": -0.1314137578010559,
        "y_mixed": -0.1314697265625,
        "input_storage_error": 0.0014755219453945756,
        "weight_storage_error": 0.0,
        "bias_storage_error": 0.0,
        "accumulation_estimate": 2.384185791015625e-07,
        "demote_error": 5.59687614440918e-05,
        "in_features": 1024,
        "neuron_idx": 2530,
        "batch_idx": 23
      },
      {
        "coord": [
          9,
          2010
        ],
        "neuron_error": 5.0380825996398926e-05,
        "y_ref": 0.0634048730134964,
        "y_mixed": 0.0633544921875,
        "input_storage_error": 0.0014500522520393133,
        "weight_storage_error": 0.0,
        "bias_storage_error": 0.0,
        "accumulation_estimate": 1.1920928955078125e-07,
        "demote_error": 2.954155206680298e-05,
        "in_features": 1024,
        "neuron_idx": 2010,
        "batch_idx": 9
      },
      {
        "coord": [
          10,
          626
        ],
        "neuron_error": 4.839897155761719e-05,
        "y_ref": -0.08778119087219238,
        "y_mixed": -0.08782958984375,
        "input_storage_error": 0.001405823277309537,
        "weight_storage_error": 0.0,
        "bias_storage_error": 0.0,
        "accumulation_estimate": 1.1920928955078125e-07,
        "demote_error": 2.602487802505493e-05,
        "in_features": 1024,
        "neuron_idx": 626,
        "batch_idx": 10
      },
      {
        "coord": [
          27,
          1766
        ],
        "neuron_error": 4.803389310836792e-05,
        "y_ref": 0.07359539717435837,
        "y_mixed": 0.07354736328125,
        "input_storage_error": 0.0014874384505674243,
        "weight_storage_error": 0.0,
        "bias_storage_error": 0.0,
        "accumulation_estimate": 1.1920928955078125e-07,
        "demote_error": 3.0376017093658447e-05,
        "in_features": 1024,
        "neuron_idx": 1766,
        "batch_idx": 27
      }
    ]
  }
}