{
  "detector": {
    "detected_exceeded": false,
    "actual_err": 2.980209501401987e-08,
    "predicted_bound": 3.3601850373088385e-05,
    "elapsed_sec": 2.3845720291137695
  },
  "analyzer_report": {
    "component_estimates": {
      "input_storage_error": 2.980209501401987e-08,
      "output_storage_error": 3.054260741919279e-05
    },
    "component_ratios": {
      "input_storage_error": 0.0009748036051973927,
      "output_storage_error": 0.9990251963948026
    },
    "primary_source": "storage",
    "suggestion": "\u4e3b\u8981\u8bef\u5dee\u6765\u6e90\u4e3a\u8f93\u5165\u5b58\u50a8\u7cbe\u5ea6\u3002\u5efa\u8bae\uff1a\u63d0\u5347\u8f93\u5165\u5b58\u50a8\u7cbe\u5ea6\u6216\u8fdb\u884c\u8f93\u5165\u5f52\u4e00\u5316\uff0c\u7279\u522b\u6ce8\u610f\u63a5\u8fd1\u96f6\u7684\u503c\u3002 \u68c0\u6d4b\u5230\u63a5\u8fd1\u96f6\u7684\u8f93\u5165\u503c\uff0c\u8fd9\u4e9b\u5728ReLU\u4e2d\u6700\u5bb9\u6613\u4ea7\u751f\u7cbe\u5ea6\u8bef\u5dee\u3002\u8003\u8651\u6dfb\u52a0\u5c0f\u7684\u504f\u7f6e\u6216\u4f7f\u7528Leaky ReLU\u3002",
    "relu_behavior_stats": {
      "near_zero": 10
    },
    "top_elements_summary": [
      {
        "coord": [
          0,
          193,
          31,
          3
        ],
        "element_error": 2.980209501401987e-08,
        "x_original": 6.854531875433167e-07,
        "y_ref": 6.854531875433167e-07,
        "y_mixed": 6.556510925292969e-07,
        "relu_behavior": "near_zero",
        "storage_error": 2.980209501401987e-08,
        "demote_error": 0.0
      },
      {
        "coord": [
          0,
          13,
          22,
          20
        ],
        "element_error": 2.9802084355878833e-08,
        "x_original": 2.980256041951179e-08,
        "y_ref": 2.980256041951179e-08,
        "y_mixed": 5.960464477539063e-08,
        "relu_behavior": "near_zero",
        "storage_error": 2.9802084355878833e-08,
        "demote_error": 0.0
      },
      {
        "coord": [
          0,
          222,
          10,
          28
        ],
        "element_error": 2.9801867640344426e-08,
        "x_original": 5.066390258434694e-07,
        "y_ref": 5.066390258434694e-07,
        "y_mixed": 4.76837158203125e-07,
        "relu_behavior": "near_zero",
        "storage_error": 2.9801867640344426e-08,
        "demote_error": 0.0
      },
      {
        "coord": [
          0,
          57,
          21,
          24
        ],
        "element_error": 2.9801242362736957e-08,
        "x_original": 8.642684292681224e-07,
        "y_ref": 8.642684292681224e-07,
        "y_mixed": 8.940696716308594e-07,
        "relu_behavior": "near_zero",
        "storage_error": 2.9801242362736957e-08,
        "demote_error": 0.0
      },
      {
        "coord": [
          0,
          83,
          18,
          4
        ],
        "element_error": 2.9801014989061514e-08,
        "x_original": 6.258474627429678e-07,
        "y_ref": 6.258474627429678e-07,
        "y_mixed": 5.960464477539062e-07,
        "relu_behavior": "near_zero",
        "storage_error": 2.9801014989061514e-08,
        "demote_error": 0.0
      },
      {
        "coord": [
          0,
          191,
          7,
          26
        ],
        "element_error": 2.9801014989061514e-08,
        "x_original": 3.8743149843867286e-07,
        "y_ref": 3.8743149843867286e-07,
        "y_mixed": 4.172325134277344e-07,
        "relu_behavior": "near_zero",
        "storage_error": 2.9801014989061514e-08,
        "demote_error": 0.0
      },
      {
        "coord": [
          0,
          116,
          27,
          26
        ],
        "element_error": 2.9800951040215296e-08,
        "x_original": 8.940833851056595e-08,
        "y_ref": 8.940833851056595e-08,
        "y_mixed": 1.1920928955078125e-07,
        "relu_behavior": "near_zero",
        "storage_error": 2.9800951040215296e-08,
        "demote_error": 0.0
      },
      {
        "coord": [
          0,
          36,
          4,
          4
        ],
        "element_error": 2.980084445880493e-08,
        "x_original": 4.470333578865393e-07,
        "y_ref": 4.470333578865393e-07,
        "y_mixed": 4.172325134277344e-07,
        "relu_behavior": "near_zero",
        "storage_error": 2.980084445880493e-08,
        "demote_error": 0.0
      },
      {
        "coord": [
          0,
          67,
          16,
          4
        ],
        "element_error": 2.9800617085129488e-08,
        "x_original": 9.238736993211205e-07,
        "y_ref": 9.238736993211205e-07,
        "y_mixed": 9.5367431640625e-07,
        "relu_behavior": "near_zero",
        "storage_error": 2.9800617085129488e-08,
        "demote_error": 0.0
      },
      {
        "coord": [
          0,
          101,
          30,
          27
        ],
        "element_error": 2.9800592216133737e-08,
        "x_original": 2.980405255925689e-08,
        "y_ref": 2.980405255925689e-08,
        "y_mixed": 5.960464477539063e-08,
        "relu_behavior": "near_zero",
        "storage_error": 2.9800592216133737e-08,
        "demote_error": 0.0
      }
    ]
  }
}