{
  "detector": {
    "detected_exceeded": false,
    "actual_err": 5.350448191165924e-06,
    "predicted_bound": 3.936839057132602e-05,
    "elapsed_sec": 2.686309814453125
  },
  "matrix_info": {
    "input_shape": [
      256,
      1024
    ],
    "weight_shape": [
      1024,
      512
    ],
    "output_shape": [
      256,
      512
    ],
    "accumulation_dim": 1024
  },
  "analyzer_report": {
    "component_estimates": {
      "input_storage_error": 5.350448191165924e-06,
      "weight_storage_error": 5.350448191165924e-06,
      "accumulation_error": 5.350448191165924e-06,
      "demote_error": 3.4370459616184235e-05
    },
    "component_ratios": {
      "input_storage_error": 0.10611377909124492,
      "weight_storage_error": 0.10611377909124492,
      "accumulation_error": 0.10611377909124492,
      "demote_error": 0.6816586627262652
    },
    "primary_source": "x_storage",
    "suggestion": "\u4e3b\u8981\u8bef\u5dee\u6765\u6e90\u4e3a\u8f93\u5165\u5b58\u50a8\u7cbe\u5ea6\u3002\u5efa\u8bae\uff1a\u63d0\u5347\u8f93\u5165\u5b58\u50a8\u7cbe\u5ea6\uff1b\u8fdb\u884c\u8f93\u5165\u5f52\u4e00\u5316\u6216\u6743\u91cd\u7f29\u653e\u4ee5\u6539\u5584\u6570\u503c\u8303\u56f4\u3002 \u68c0\u6d4b\u5230\u6570\u503c\u7a33\u5b9a\u6027\u95ee\u9898\uff08\u6761\u4ef6\u6570\u6307\u6807=4.25\uff09\u3002\u5efa\u8bae\uff1a(1)\u8f93\u5165/\u6743\u91cd\u9884\u5904\u7406\u548c\u5f52\u4e00\u5316\uff1b(2)\u68c0\u67e5\u662f\u5426\u5b58\u5728\u75c5\u6001\u77e9\u9635\u3002",
    "numerical_stability": {
      "average_condition_indicator": 4.245827986465231,
      "accumulation_dimension": 1024,
      "stability_assessment": "good"
    },
    "top_elements_summary": [
      {
        "coord": [
          193,
          22
        ],
        "element_error": 5.350448191165924e-06,
        "y_ref": 0.008115396834909916,
        "y_mixed": 0.00811004638671875,
        "x_storage_error": 0.0001408086682204157,
        "w_storage_error": 0.0,
        "accumulation_error_estimate": 1.4901161193847656e-08,
        "demote_error": 3.807246685028076e-06,
        "condition_indicator": 3.83859634203607,
        "product_stats": {
          "min": -0.00044371001422405243,
          "max": 0.00042968057096004486,
          "mean": 7.923682460386772e-06,
          "std": 9.882083395496011e-05
        }
      },
      {
        "coord": [
          171,
          436
        ],
        "element_error": 5.093403160572052e-06,
        "y_ref": 0.008555087260901928,
        "y_mixed": 0.0085601806640625,
        "x_storage_error": 0.0001456650934414938,
        "w_storage_error": 0.0,
        "accumulation_error_estimate": 1.4901161193847656e-08,
        "demote_error": 3.634020686149597e-06,
        "condition_indicator": 4.976289533108685,
        "product_stats": {
          "min": -0.0005023888079449534,
          "max": 0.0011916386429220438,
          "mean": 8.35600440041162e-06,
          "std": 0.00010366718925070018
        }
      },
      {
        "coord": [
          15,
          118
        ],
        "element_error": 5.043111741542816e-06,
        "y_ref": -0.010729514993727207,
        "y_mixed": -0.01073455810546875,
        "x_storage_error": 0.00014151082723401487,
        "w_storage_error": 0.0,
        "accumulation_error_estimate": 1.4901161193847656e-08,
        "demote_error": 3.332272171974182e-06,
        "condition_indicator": 4.69842709314171,
        "product_stats": {
          "min": -0.0006128145032562315,
          "max": 0.00045294815208762884,
          "mean": -1.0479712727828883e-05,
          "std": 9.965924255084246e-05
        }
      },
      {
        "coord": [
          98,
          186
        ],
        "element_error": 5.01144677400589e-06,
        "y_ref": 0.008257622830569744,
        "y_mixed": 0.00826263427734375,
        "x_storage_error": 0.00014915534120518714,
        "w_storage_error": 0.0,
        "accumulation_error_estimate": 1.4901161193847656e-08,
        "demote_error": 3.689900040626526e-06,
        "condition_indicator": 4.037393164698467,
        "product_stats": {
          "min": -0.0005064391298219562,
          "max": 0.0005066806334070861,
          "mean": 8.065375368460082e-06,
          "std": 9.544278145767748e-05
        }
      },
      {
        "coord": [
          197,
          223
        ],
        "element_error": 4.9835070967674255e-06,
        "y_ref": -0.008768820203840733,
        "y_mixed": -0.0087738037109375,
        "x_storage_error": 0.0001459610357414931,
        "w_storage_error": 0.0,
        "accumulation_error_estimate": 1.4901161193847656e-08,
        "demote_error": 3.734603524208069e-06,
        "condition_indicator": 4.173161492713716,
        "product_stats": {
          "min": -0.0006038749706931412,
          "max": 0.000552229699678719,
          "mean": -8.5645242506871e-06,
          "std": 9.840267011895776e-05
        }
      },
      {
        "coord": [
          123,
          336
        ],
        "element_error": 4.958361387252808e-06,
        "y_ref": 0.007998276501893997,
        "y_mixed": 0.00800323486328125,
        "x_storage_error": 0.00014441029634326696,
        "w_storage_error": 0.0,
        "accumulation_error_estimate": 1.4901161193847656e-08,
        "demote_error": 3.5651028156280518e-06,
        "condition_indicator": 3.8988494601276233,
        "product_stats": {
          "min": -0.0005020236130803823,
          "max": 0.0005049668252468109,
          "mean": 7.812179319444112e-06,
          "std": 0.000101964789791964
        }
      },
      {
        "coord": [
          70,
          10
        ],
        "element_error": 4.925765097141266e-06,
        "y_ref": 0.009137311019003391,
        "y_mixed": 0.00913238525390625,
        "x_storage_error": 0.00014685261703561991,
        "w_storage_error": 0.0,
        "accumulation_error_estimate": 1.4901161193847656e-08,
        "demote_error": 2.54996120929718e-06,
        "condition_indicator": 3.9863043918999197,
        "product_stats": {
          "min": -0.0004681935824919492,
          "max": 0.0005231063696555793,
          "mean": 8.920832442527171e-06,
          "std": 0.00010403925261925906
        }
      },
      {
        "coord": [
          154,
          262
        ],
        "element_error": 4.912726581096649e-06,
        "y_ref": -0.008349274285137653,
        "y_mixed": -0.00835418701171875,
        "x_storage_error": 0.00014040892710909247,
        "w_storage_error": 0.0,
        "accumulation_error_estimate": 1.4901161193847656e-08,
        "demote_error": 3.339722752571106e-06,
        "condition_indicator": 4.095098122397593,
        "product_stats": {
          "min": -0.0007141762762330472,
          "max": 0.00037191782030276954,
          "mean": -8.155123396136332e-06,
          "std": 0.00010004684008890763
        }
      },
      {
        "coord": [
          38,
          303
        ],
        "element_error": 4.902482032775879e-06,
        "y_ref": -0.008433207869529724,
        "y_mixed": -0.0084381103515625,
        "x_storage_error": 0.00013358866272028536,
        "w_storage_error": 0.0,
        "accumulation_error_estimate": 1.4901161193847656e-08,
        "demote_error": 3.4580007195472717e-06,
        "condition_indicator": 3.9191667415987728,
        "product_stats": {
          "min": -0.0006453870446421206,
          "max": 0.0005268629756756127,
          "mean": -8.236962457885966e-06,
          "std": 8.91017189132981e-05
        }
      },
      {
        "coord": [
          14,
          1
        ],
        "element_error": 4.842877388000488e-06,
        "y_ref": 0.0081072598695755,
        "y_mixed": 0.0081024169921875,
        "x_storage_error": 0.00014271127292886376,
        "w_storage_error": 0.0,
        "accumulation_error_estimate": 1.4901161193847656e-08,
        "demote_error": 3.129243850708008e-06,
        "condition_indicator": 4.834993522929743,
        "product_stats": {
          "min": -0.00045412982581183314,