{
  "detector": {
    "detected_exceeded": false,
    "actual_err": 9.876489639282227e-05,
    "predicted_bound": 0.00018176873272750528,
    "elapsed_sec": 3.8148884773254395
  },
  "analyzer_report": {
    "component_estimates": {
      "input_storage_error": 9.876489639282227e-05,
      "statistics_computation_error": 9.876489639282227e-05,
      "output_storage_error": 0.00014442205429077148,
      "weight_storage_error": 9.876489639282227e-05,
      "bias_storage_error": 9.876489639282227e-05
    },
    "component_ratios": {
      "input_storage_error": 0.1830736935145288,
      "statistics_computation_error": 0.1830736935145288,
      "output_storage_error": 0.2677052259418849,
      "weight_storage_error": 0.1830736935145288,
      "bias_storage_error": 0.1830736935145288
    },
    "primary_source": "demote",
    "suggestion": "\u4e3b\u8981\u8bef\u5dee\u6765\u6e90\u4e3a\u8f93\u51fa\u964d\u7cbe\u5ea6\u3002\u5efa\u8bae\uff1a\u5ef6\u8fdf\u964d\u7cbe\u5ea6\u6216\u63d0\u9ad8\u8f93\u51fa\u7cbe\u5ea6\uff1b\u68c0\u67e5LayerNorm\u8f93\u51fa\u7684\u6570\u503c\u8303\u56f4\u3002",
    "statistics_errors": {
      "mean_error": 3.189143171766773e-09,
      "var_error": 8.917311333789257e-13,
      "std_error": 2.3283064365386963e-10
    },
    "norm_behavior_stats": {
      "normal": 10
    },
    "top_elements_summary": [
      {
        "coord": [
          4,
          269,
          33
        ],
        "element_error": 9.876489639282227e-05,
        "x_original": -0.00043404169264249504,
        "y_ref": -0.13442271947860718,
        "y_mixed": -0.134521484375,
        "norm_behavior": "normal",
        "storage_error": 1.1853990145027637e-07,
        "weight_error": 0.0,
        "bias_error": 0.0,
        "demote_error": 6.082653999328613e-05,
        "local_mean_error": 1.5024852473288774e-09,
        "local_std_error": 0.0
      },
      {
        "coord": [
          1,
          143,
          17
        ],
        "element_error": 9.75579023361206e-05,
        "x_original": 0.00044023917871527374,
        "y_ref": 0.13974599540233612,
        "y_mixed": 0.1396484375,
        "norm_behavior": "normal",
        "storage_error": 1.1848169378936291e-07,
        "weight_error": 0.0,
        "bias_error": 0.0,
        "demote_error": 6.034970283508301e-05,
        "local_mean_error": 7.499920684495009e-10,
        "local_std_error": 0.0
      },
      {
        "coord": [
          4,
          80,
          392
        ],
        "element_error": 9.395182132720947e-05,
        "x_original": -0.00040256508509628475,
        "y_ref": -0.1258263736963272,
        "y_mixed": -0.125732421875,
        "norm_behavior": "normal",
        "storage_error": 1.1452357284724712e-07,
        "weight_error": 0.0,
        "bias_error": 0.0,
        "demote_error": 5.772709846496582e-05,
        "local_mean_error": 1.1641532182693481e-10,
        "local_std_error": 0.0
      },
      {
        "coord": [
          6,
          460,
          13
        ],
        "element_error": 9.21487808227539e-05,
        "x_original": 0.0003985032963100821,
        "y_ref": 0.12802183628082275,
        "y_mixed": 0.1279296875,
        "norm_behavior": "normal",
        "storage_error": 1.0585063137114048e-07,
        "weight_error": 0.0,
        "bias_error": 0.0,
        "demote_error": 5.933642387390137e-05,
        "local_mean_error": 2.082288119709119e-09,
        "local_std_error": 0.0
      },
      {
        "coord": [
          6,
          194,
          53
        ],
        "element_error": 9.08970832824707e-05,
        "x_original": 0.0004085460095666349,
        "y_ref": 0.12966984510421753,
        "y_mixed": 0.1297607421875,
        "norm_behavior": "normal",
        "storage_error": 1.0343501344323158e-07,
        "weight_error": 0.0,
        "bias_error": 0.0,
        "demote_error": 5.854666233062744e-05,
        "local_mean_error": 1.1347083272994496e-09,
        "local_std_error": 2.3283064365386963e-10
      },
      {
        "coord": [
          0,
          101,
          205
        ],
        "element_error": 8.928775787353516e-05,
        "x_original": -0.00046053261030465364,
        "y_ref": -0.14554059505462646,
        "y_mixed": -0.1456298828125,
        "norm_behavior": "normal",
        "storage_error": 9.208451956510544e-08,
        "weight_error": 0.0,
        "bias_error": 0.0,
        "demote_error": 6.039440631866455e-05,
        "local_mean_error": 6.424372145374946e-10,
        "local_std_error": 0.0
      },
      {
        "coord": [
          2,
          33,
          700
        ],
        "element_error": 8.718669414520264e-05,
        "x_original": -0.00040451300446875393,
        "y_ref": -0.1283307820558548,
        "y_mixed": -0.12841796875,
        "norm_behavior": "normal",
        "storage_error": 8.33242665976286e-08,
        "weight_error": 0.0,
        "bias_error": 0.0,
        "demote_error": 6.0930848121643066e-05,
        "local_mean_error": 2.7557689463719726e-10,
        "local_std_error": 0.0
      },
      {
        "coord": [
          7,
          364,
          128
        ],
        "element_error": 8.52346420288086e-05,
        "x_original": -0.0004397674056235701,
        "y_ref": -0.1395632028579712,
        "y_mixed": -0.1396484375,
        "norm_behavior": "normal",
        "storage_error": 1.1487281881272793e-07,
        "weight_error": 0.0,
        "bias_error": 0.0,
        "demote_error": 4.89354133605957e-05,
        "local_mean_error": 7.02584657119587e-11,
        "local_std_error": 0.0
      },
      {
        "coord": [
          1,
          139,
          85
        ],
        "element_error": 8.508563041687012e-05,
        "x_original": 0.00040065974462777376,
        "y_ref": 0.12716028094291687,
        "y_mixed": 0.1270751953125,
        "norm_behavior": "normal",
        "storage_error": 1.1653173714876175e-07,
        "weight_error": 0.0,
        "bias_error": 0.0,
        "demote_error": 4.839897155761719e-05,
        "local_mean_error": 4.657749741454609e-10,
        "local_std_error": 0.0
      },
      {
        "coord": [
          3,
          222,
          0
        ],
        "element_error": 8.228421211242676e-05,
        "x_original": 0.00042852023034356534,
        "y_ref": 0.13509204983711243,
        "y_mixed": 0.135009765625,
        "norm_behavior": "normal",
        "storage_error": 8.204369805753231e-08,
        "weight_error": 0.0,
        "bias_error": 0.0,
        "demote_error": 5.6356191635131836e-05,
        "local_mean_error": 4.263256414560601e-11,
        "local_std_error": 0.0
      }
    ]
  }
}