{
  "detector": {
    "detected_exceeded": false,
    "actual_err": 2.9802265544276452e-08,
    "predicted_bound": 3.3601782342884695e-05,
    "elapsed_sec": 2.3043158054351807
  },
  "analyzer_report": {
    "component_estimates": {
      "input_storage_error": 2.9802265544276452e-08,
      "output_storage_error": 3.054289481951855e-05
    },
    "component_ratios": {
      "input_storage_error": 0.0009748000139260598,
      "output_storage_error": 0.999025199986074
    },
    "primary_source": "storage",
    "suggestion": "\u4e3b\u8981\u8bef\u5dee\u6765\u6e90\u4e3a\u8f93\u5165\u5b58\u50a8\u7cbe\u5ea6\u3002\u5efa\u8bae\uff1a\u63d0\u5347\u8f93\u5165\u5b58\u50a8\u7cbe\u5ea6\u6216\u8fdb\u884c\u8f93\u5165\u5f52\u4e00\u5316\uff0c\u7279\u522b\u6ce8\u610f\u63a5\u8fd1\u96f6\u7684\u503c\u3002 \u68c0\u6d4b\u5230\u63a5\u8fd1\u96f6\u7684\u8f93\u5165\u503c\uff0c\u8fd9\u4e9b\u5728ReLU\u4e2d\u6700\u5bb9\u6613\u4ea7\u751f\u7cbe\u5ea6\u8bef\u5dee\u3002\u8003\u8651\u6dfb\u52a0\u5c0f\u7684\u504f\u7f6e\u6216\u4f7f\u7528Leaky ReLU\u3002",
    "relu_behavior_stats": {
      "near_zero": 10
    },
    "top_elements_summary": [
      {
        "coord": [
          0,
          163,
          11,
          5
        ],
        "element_error": 2.9802265544276452e-08,
        "x_original": 8.642672923997452e-07,
        "y_ref": 8.642672923997452e-07,
        "y_mixed": 8.344650268554688e-07,
        "relu_behavior": "near_zero",
        "storage_error": 2.9802265544276452e-08,
        "demote_error": 0.0
      },
      {
        "coord": [
          0,
          241,
          7,
          4
        ],
        "element_error": 2.980220870085759e-08,
        "x_original": 8.642672355563263e-07,
        "y_ref": 8.642672355563263e-07,
        "y_mixed": 8.344650268554688e-07,
        "relu_behavior": "near_zero",
        "storage_error": 2.980220870085759e-08,
        "demote_error": 0.0
      },
      {
        "coord": [
          0,
          74,
          0,
          19
        ],
        "element_error": 2.980215185743873e-08,
        "x_original": 4.4703500634568627e-07,
        "y_ref": 4.4703500634568627e-07,
        "y_mixed": 4.76837158203125e-07,
        "relu_behavior": "near_zero",
        "storage_error": 2.980215185743873e-08,
        "demote_error": 0.0
      },
      {
        "coord": [
          0,
          117,
          31,
          9
        ],
        "element_error": 2.9801867640344426e-08,
        "x_original": 9.834770935412962e-07,
        "y_ref": 9.834770935412962e-07,
        "y_mixed": 1.0132789611816406e-06,
        "relu_behavior": "near_zero",
        "storage_error": 2.9801867640344426e-08,
        "demote_error": 0.0
      },
      {
        "coord": [
          0,
          18,
          3,
          17
        ],
        "element_error": 2.9800901302223792e-08,
        "x_original": 2.682194804037863e-07,
        "y_ref": 2.682194804037863e-07,
        "y_mixed": 2.384185791015625e-07,
        "relu_behavior": "near_zero",
        "storage_error": 2.9800901302223792e-08,
        "demote_error": 0.0
      },
      {
        "coord": [
          0,
          28,
          15,
          17
        ],
        "element_error": 2.980070235025778e-08,
        "x_original": 4.4703321577799215e-07,
        "y_ref": 4.4703321577799215e-07,
        "y_mixed": 4.172325134277344e-07,
        "relu_behavior": "near_zero",
        "storage_error": 2.980070235025778e-08,
        "demote_error": 0.0
      },
      {
        "coord": [
          0,
          179,
          0,
          21
        ],
        "element_error": 2.980067392854835e-08,
        "x_original": 7.450597081515298e-07,
        "y_ref": 7.450597081515298e-07,
        "y_mixed": 7.748603820800781e-07,
        "relu_behavior": "near_zero",
        "storage_error": 2.980067392854835e-08,
        "demote_error": 0.0
      },
      {
        "coord": [
          0,
          107,
          2,
          12
        ],
        "element_error": 2.9800503398291767e-08,
        "x_original": 9.834748198045418e-07,
        "y_ref": 9.834748198045418e-07,
        "y_mixed": 9.5367431640625e-07,
        "relu_behavior": "near_zero",
        "storage_error": 2.9800503398291767e-08,
        "demote_error": 0.0
      },
      {
        "coord": [
          0,
          107,
          23,
          9
        ],
        "element_error": 2.9800276024616323e-08,
        "x_original": 7.450560133293038e-07,
        "y_ref": 7.450560133293038e-07,
        "y_mixed": 7.152557373046875e-07,
        "relu_behavior": "near_zero",
        "storage_error": 2.9800276024616323e-08,
        "demote_error": 0.0
      },
      {
        "coord": [
          0,
          201,
          21,
          22
        ],
        "element_error": 2.9800247602906893e-08,
        "x_original": 3.874322658248275e-07,
        "y_ref": 3.874322658248275e-07,
        "y_mixed": 4.172325134277344e-07,
        "relu_behavior": "near_zero",
        "storage_error": 2.9800247602906893e-08,
        "demote_error": 0.0
      }
    ]
  }
}