{
  "detector": {
    "detected_exceeded": false,
    "actual_err": 6.824731826782227e-05,
    "predicted_bound": 0.00015188085526460782,
    "elapsed_sec": 3.815453290939331
  },
  "meta": {
    "distribution": "adversarial_sum",
    "bias": true,
    "batch_size": 32,
    "in_features": 1024,
    "out_features": 4096
  },
  "analyzer_report": {
    "component_estimates": {
      "input_storage_error": 6.824731826782227e-05,
      "weight_storage_error": 6.824731826782227e-05,
      "accumulation_error": 6.824731826782227e-05,
      "output_storage_error": 0.0001049041748046875,
      "bias_storage_error": 6.824731826782227e-05
    },
    "component_ratios": {
      "input_storage_error": 0.1805993690851735,
      "weight_storage_error": 0.1805993690851735,
      "accumulation_error": 0.1805993690851735,
      "output_storage_error": 0.277602523659306,
      "bias_storage_error": 0.1805993690851735
    },
    "primary_source": "input_storage",
    "suggestion": "\u4e3b\u8981\u8bef\u5dee\u6765\u6e90\u4e3a\u8f93\u5165\u5b58\u50a8\u7cbe\u5ea6\u3002\u5efa\u8bae\uff1a\u63d0\u5347\u8f93\u5165\u5b58\u50a8\u7cbe\u5ea6\u6216\u8fdb\u884c\u8f93\u5165\u5f52\u4e00\u5316/\u6807\u51c6\u5316\u4ee5\u964d\u4f4e\u6570\u503c\u8303\u56f4\u3002",
    "aggregated_ratios": {
      "input_storage": 0.9713436377122188,
      "weight_storage": 0.0,
      "bias_storage": 0.0,
      "accumulation": 0.00012926239574422496,
      "demote": 0.028527099892037024
    },
    "top_neurons_summary": [
      {
        "coord": [
          2,
          1034
        ],
        "neuron_error": 6.824731826782227e-05,
        "y_ref": -0.13042491674423218,
        "y_mixed": -0.1304931640625,
        "input_storage_error": 0.0014480282552540302,
        "weight_storage_error": 0.0,
        "bias_storage_error": 0.0,
        "accumulation_estimate": 2.384185791015625e-07,
        "demote_error": 5.225837230682373e-05,
        "in_features": 1024,
        "neuron_idx": 1034,
        "batch_idx": 2
      },
      {
        "coord": [
          4,
          658
        ],
        "neuron_error": 6.645917892456055e-05,
        "y_ref": -0.14703911542892456,
        "y_mixed": -0.14697265625,
        "input_storage_error": 0.0014556265668943524,
        "weight_storage_error": 0.0,
        "bias_storage_error": 0.0,
        "accumulation_estimate": 2.384185791015625e-07,
        "demote_error": 5.587935447692871e-05,
        "in_features": 1024,
        "neuron_idx": 658,
        "batch_idx": 4
      },
      {
        "coord": [
          28,
          671
        ],
        "neuron_error": 6.16610050201416e-05,
        "y_ref": 0.12847837805747986,
        "y_mixed": 0.1285400390625,
        "input_storage_error": 0.0013586204731836915,
        "weight_storage_error": 0.0,
        "bias_storage_error": 0.0,
        "accumulation_estimate": 2.384185791015625e-07,
        "demote_error": 5.4210424423217773e-05,
        "in_features": 1024,
        "neuron_idx": 671,
        "batch_idx": 28
      },
      {
        "coord": [
          15,
          3982
        ],
        "neuron_error": 5.7891011238098145e-05,
        "y_ref": -0.1299407035112381,
        "y_mixed": -0.1298828125,
        "input_storage_error": 0.0014574818778783083,
        "weight_storage_error": 0.0,
        "bias_storage_error": 0.0,
        "accumulation_estimate": 2.384185791015625e-07,
        "demote_error": 4.845857620239258e-05,
        "in_features": 1024,
        "neuron_idx": 3982,
        "batch_idx": 15
      },
      {
        "coord": [
          11,
          275
        ],
        "neuron_error": 5.5149197578430176e-05,
        "y_ref": 0.12518899142742157,
        "y_mixed": 0.125244140625,
        "input_storage_error": 0.0014261638280004263,
        "weight_storage_error": 0.0,
        "bias_storage_error": 0.0,
        "accumulation_estimate": 2.384185791015625e-07,
        "demote_error": 4.050135612487793e-05,
        "in_features": 1024,
        "neuron_idx": 275,
        "batch_idx": 11
      },
      {
        "coord": [
          16,
          2324
        ],
        "neuron_error": 5.151331424713135e-05,
        "y_ref": 0.12602807581424713,
        "y_mixed": 0.1259765625,
        "input_storage_error": 0.001469493261538446,
        "weight_storage_error": 0.0,
        "bias_storage_error": 0.0,
        "accumulation_estimate": 2.384185791015625e-07,
        "demote_error": 5.504488945007324e-05,
        "in_features": 1024,
        "neuron_idx": 2324,
        "batch_idx": 16
      },
      {
        "coord": [
          26,
          2592
        ],
        "neuron_error": 4.764646291732788e-05,
        "y_ref": 0.08006473630666733,
        "y_mixed": 0.08001708984375,
        "input_storage_error": 0.0013735027750954032,
        "weight_storage_error": 0.0,
        "bias_storage_error": 0.0,
        "accumulation_estimate": 1.1920928955078125e-07,
        "demote_error": 2.905726432800293e-05,
        "in_features": 1024,
        "neuron_idx": 2592,
        "batch_idx": 26
      },
      {
        "coord": [
          9,
          2653
        ],
        "neuron_error": 4.6506524085998535e-05,
        "y_ref": -0.078049436211586,
        "y_mixed": -0.0780029296875,
        "input_storage_error": 0.0014482173137366772,
        "weight_storage_error": 0.0,
        "bias_storage_error": 0.0,
        "accumulation_estimate": 1.1920928955078125e-07,
        "demote_error": 2.6360154151916504e-05,
        "in_features": 1024,
        "neuron_idx": 2653,
        "batch_idx": 9
      },
      {
        "coord": [
          11,
          1284
        ],
        "neuron_error": 4.6193599700927734e-05,
        "y_ref": -0.10328632593154907,
        "y_mixed": -0.10333251953125,
        "input_storage_error": 0.0014261638280004263,
        "weight_storage_error": 0.0,
        "bias_storage_error": 0.0,
        "accumulation_estimate": 1.1920928955078125e-07,
        "demote_error": 3.042072057723999e-05,
        "in_features": 1024,
        "neuron_idx": 1284,
        "batch_idx": 11
      },
      {
        "coord": [
          16,
          788
        ],
        "neuron_error": 4.60892915725708e-05,
        "y_ref": -0.07936064898967743,
        "y_mixed": -0.07940673828125,
        "input_storage_error": 0.001469493261538446,
        "weight_storage_error": 0.0,
        "bias_storage_error": 0.0,
        "accumulation_estimate": 1.1920928955078125e-07,
        "demote_error": 2.874433994293213e-05,
        "in_features": 1024,
        "neuron_idx": 788,
        "batch_idx": 16
      }
    ]
  }
}